{"type": "FeatureCollection", "features": [{"type": "Feature", "properties": {"fid": 1, "area_name": "01", "area_syskey": 4776, "area_type": null}, "geometry": {"type": "Polygon", "coordinates": [[[-92.10897651809701, 37.79601693335822], [-92.10907544123825, 37.79571511924821], [-92.10907815500275, 37.795488240176894], [-92.108986469631, 37.79518504344527], [-92.10900365864427, 37.79374814268657], [-92.10891107110282, 37.79352057234661], [-92.10893188108071, 37.7917811661968], [-92.10864960325456, 37.79147658707297], [-92.10846353161276, 37.791097072864844], [-92.1090371319859, 37.79094996752488], [-92.11056190489911, 37.790961027137925], [-92.11085050836097, 37.790736221669434], [-92.11123711518795, 37.79028522823107], [-92.1116228152985, 37.789909861119405], [-92.11219820298507, 37.789611502752905], [-92.11220541492537, 37.78900649154229], [-92.11240141430348, 37.78855411549752], [-92.1125947080431, 37.788328618640136], [-92.11269000296433, 37.78832930981758], [-92.11288779932974, 37.78772568088447], [-92.11308108949005, 37.78750018397596], [-92.11317998544776, 37.787198369477615], [-92.11337327338308, 37.78697287253731], [-92.11356746029574, 37.78667174915976], [-92.11366545321309, 37.78644556104063], [-92.11385963761056, 37.786144437627144], [-92.11386143730653, 37.7859931847775], [-92.11376884521835, 37.785765614372586], [-92.11357916209231, 37.78568860569099], [-92.11348657126173, 37.78546103530403], [-92.11348927196654, 37.78523415604616], [-92.1135890636125, 37.784856715063576], [-92.11378234438916, 37.784631218021005], [-92.11444937565643, 37.78463605578911], [-92.11454736334991, 37.78440986759536], [-92.11455185920398, 37.784031735422886], [-92.11484222182834, 37.783655676525704], [-92.11580409019486, 37.78290632291874], [-92.11647200312326, 37.78283553400222], [-92.1167605575387, 37.78261072783306], [-92.11685584510779, 37.782611418905475], [-92.11752823512299, 37.78216249754837], [-92.11753002746683, 37.782011244593704], [-92.11791027886264, 37.782089635322], [-92.11829142643035, 37.782092399572974], [-92.11943218642205, 37.782327571840796], [-92.11971536612768, 37.782556524568825], [-92.12018554924683, 37.78308936553621], [-92.12065752509673, 37.78347095355445], [-92.12122122530404, 37.78415573886125], [-92.12150441748894, 37.784384691767556], [-92.1218802263336, 37.7848412154298], [-92.1221643145937, 37.78499454185739], [-92.12272804033996, 37.785679327529024], [-92.12301124297264, 37.78590828058458], [-92.12357498351989, 37.78659306646766], [-92.12385908193752, 37.78674639304035], [-92.12442283670535, 37.787431179126585], [-92.12470605123687, 37.78766013235213], [-92.1252698208057, 37.78834491864981], [-92.12555392938087, 37.788498245367606], [-92.12611771317026, 37.78918303186844], [-92.12640093960061, 37.78941198526396], [-92.12696473819098, 37.79009677197623], [-92.12724885692371, 37.79025009883914], [-92.12781266973467, 37.79093488575457], [-92.12809590806384, 37.79116383932007], [-92.1284717919776, 37.79162036405472], [-92.12894386456605, 37.79200195345495], [-92.1291318106827, 37.79223021588171], [-92.12932152611941, 37.79230722502488], [-92.12960742568407, 37.792309298768664], [-92.12998188960212, 37.79311647792316], [-92.1323487470998, 37.79550275545525], [-92.13299156419983, 37.79634239900498], [-92.1331821741639, 37.79634378164732], [-92.13346544964068, 37.79657273574351], [-92.13032037565644, 37.79654992200802], [-92.12994003796986, 37.796471530046986], [-92.12555599989635, 37.796439729145945], [-92.12517566743367, 37.79636133725954], [-92.12107754904643, 37.79633161038972], [-92.12069722151742, 37.7962532185738], [-92.11488361761332, 37.79621104798231], [-92.11450329675925, 37.796132656261754], [-92.11145354042979, 37.79611053402847], [-92.11107322344527, 37.79603214236318], [-92.10897651809701, 37.79601693335822]]]}}, {"type": "Feature", "properties": {"fid": 2, "area_name": "02", "area_syskey": 4777, "area_type": null}, "geometry": {"type": "Polygon", "coordinates": [[[-92.10888121330845, 37.7960162420398], [-92.1036394499378, 37.79597821952736], [-92.10335444596461, 37.79590051929796], [-92.09668311753731, 37.79585212710614], [-92.09639812091625, 37.79577442698176], [-92.09601690253592, 37.795771661719186], [-92.09630556897456, 37.79554685715036], [-92.09640270818822, 37.795396296115264], [-92.09678759290352, 37.79509655663488], [-92.09708175507186, 37.794417994897735], [-92.09728061003317, 37.79373874180763], [-92.09718989145246, 37.79335991960752], [-92.09700570657131, 37.792829153793534], [-92.09681785612908, 37.79260089273355], [-92.09663367589137, 37.792070126985905], [-92.09644399363599, 37.79199311831675], [-92.09588137543533, 37.7912327091874], [-92.0956962872236, 37.790777569748485], [-92.0956064989635, 37.79032312155887], [-92.0956129272388, 37.78979373843284], [-92.09591167058457, 37.788737045742124], [-92.0963047824005, 37.78775667027363], [-92.09640558204808, 37.78730360441128], [-92.09640925225263, 37.78700109972361], [-92.0965082154436, 37.786699286185744], [-92.09642026286623, 37.786093585660595], [-92.09623793814261, 37.7854115678607], [-92.09586687222222, 37.784576915555554], [-92.09549305925925, 37.78396914184633], [-92.09540052560115, 37.78374157227612], [-92.09521270360005, 37.78351331162244], [-92.09502947777086, 37.782906920229415], [-92.09493878511607, 37.782528098399666], [-92.09495257160033, 37.78139370615257], [-92.09505061482173, 37.78116751875208], [-92.09505337182836, 37.78094064029851], [-92.09515233308457, 37.780638826733004], [-92.09563335143034, 37.780264151131846], [-92.09582667564261, 37.780038654709784], [-92.09611528287726, 37.779813849295195], [-92.09649733716141, 37.77974098721946], [-92.09717532825456, 37.778838310199006], [-92.09717899575041, 37.77853580547264], [-92.09708554715311, 37.77838386211166], [-92.09689681679103, 37.7782312277612], [-92.09689773395522, 37.778155601583755], [-92.09680336916114, 37.77807928441405], [-92.09652302859314, 37.77762345440575], [-92.09642866486318, 37.77754713725125], [-92.0964314178068, 37.777320258739636], [-92.09633705456054, 37.77724394159204], [-92.09634256102818, 37.776790184577116], [-92.09624819855583, 37.77671386744058], [-92.09625186992122, 37.77641136276949], [-92.09606406436566, 37.77618310235075], [-92.09568661989357, 37.77587783388198], [-92.09549881743366, 37.775649573507465], [-92.09521573756219, 37.775420622205644], [-92.09512229699419, 37.77526867895937], [-92.09512781100746, 37.77481492205224], [-92.09522492661691, 37.774664360679935], [-92.09695643246268, 37.7733155262272], [-92.09724409380182, 37.7731663465796], [-92.0975335871476, 37.77286591454395], [-92.0976288624309, 37.77286660544085], [-92.09762611296986, 37.77309348400221], [-92.09771680659205, 37.77347230584577], [-92.0979027777225, 37.77385181861803], [-92.09799347376313, 37.774230640496135], [-92.09799072546296, 37.774457519074076], [-92.09808325476781, 37.77468508858209], [-92.09845612464068, 37.775368488098394], [-92.09902230527915, 37.77582639100056], [-92.0991148395177, 37.776053960579056], [-92.09910934988253, 37.77650771783444], [-92.09920371496683, 37.7765840350083], [-92.09996595515477, 37.77658956272526], [-92.10034798893035, 37.77651670035655], [-92.10072819534273, 37.776595090442235], [-92.10206211567164, 37.776604763946935], [-92.10234704409203, 37.77668246309702], [-92.10244141265893, 37.77675878032062], [-92.10282071119403, 37.776912796716424], [-92.10319818971807, 37.77721806567164], [-92.10347856917495, 37.77767389623549], [-92.10357111937535, 37.77790146604202], [-92.10394496600331, 37.778509240232175], [-92.10413007201493, 37.77896437992537], [-92.1043169995854, 37.779268267081264], [-92.1045021098535, 37.779723406835274], [-92.10478341614842, 37.78010361135987], [-92.10516001030265, 37.78048450696103], [-92.105443139801, 37.78071345897181], [-92.10591321021973, 37.78124629832919], [-92.10610196650774, 37.781398933050035], [-92.10610015094665, 37.78155018567303], [-92.10628437046019, 37.782080951981754], [-92.1063778424682, 37.782232895677176], [-92.10637149003593, 37.78276227988668], [-92.10617365284688, 37.7833659082366], [-92.10616729906025, 37.783895292426756], [-92.10625714284825, 37.78434974140962], [-92.1068179981136, 37.785261403913765], [-92.10700404615119, 37.78564091778469], [-92.10709389738805, 37.786095366873965], [-92.10708029664178, 37.78722976177446], [-92.10698137582227, 37.78753157591763], [-92.10812490326838, 37.78753986988115], [-92.108216575, 37.78784306641791], [-92.10811675239772, 37.78822050695827], [-92.10811222413625, 37.78859863866777], [-92.10782180849917, 37.78897469680763], [-92.10772198251105, 37.789352137299616], [-92.10752957749446, 37.78950200757325], [-92.10771564023632, 37.78988152165423], [-92.10780731341902, 37.79018471821172], [-92.10808958282891, 37.790489297215316], [-92.10818125833333, 37.790792493805974], [-92.10836913847429, 37.79102075529022], [-92.10874309228855, 37.79162853101161], [-92.10893097629905, 37.79185679255114], [-92.10891016632117, 37.79359619870094], [-92.10900275395936, 37.79382376904229], [-92.108986469631, 37.79518504344527], [-92.10907815500275, 37.795488240176894], [-92.10907453665008, 37.79579074560531], [-92.10888121330845, 37.7960162420398]]]}}, {"type": "Feature", "properties": {"fid": 3, "area_name": "03", "area_syskey": 4781, "area_type": null}, "geometry": {"type": "Polygon", "coordinates": [[[-92.08971176875345, 37.77356552172195], [-92.08942686480789, 37.7734878229215], [-92.08656858018932, 37.77346709564124], [-92.08618840366915, 37.77338870598259], [-92.0844734346393, 37.77337626963931], [-92.08447808382394, 37.772998139657275], [-92.08477134691817, 37.772395204356], [-92.0844911015409, 37.771939375707575], [-92.08450411925787, 37.770880611757875], [-92.08403333685737, 37.77042340150912], [-92.08403519749862, 37.77027214953013], [-92.08294169007412, 37.77026034109036], [-92.08174959995854, 37.77017994314262], [-92.08146285104338, 37.77025349654505], [-92.08108176267964, 37.77025073313986], [-92.08079688001658, 37.77017303464345], [-92.07946307209784, 37.77016336274461], [-92.07947709655886, 37.769028973897186], [-92.07938650131979, 37.7686501534591], [-92.07940987783996, 37.7667595054146], [-92.07922401882945, 37.766379994244055], [-92.07922588933803, 37.76622874240603], [-92.07894102399115, 37.76615104415699], [-92.07579721737838, 37.76612824852681], [-92.07560762257462, 37.766051241106965], [-92.07541521078635, 37.76620111128386], [-92.07427388779021, 37.7660415702529], [-92.07236855238392, 37.7660277547471], [-92.07198842790906, 37.76594936583195], [-92.06893989435461, 37.76592726106689], [-92.0685597737493, 37.76584887220702], [-92.06551124329049, 37.76582676748619], [-92.06513112655472, 37.76574837868159], [-92.06208259919154, 37.765726274004976], [-92.06170248632532, 37.76564788525567], [-92.05855869567439, 37.76562508985351], [-92.05827385306108, 37.765547391929246], [-92.06057169452045, 37.76465646259259], [-92.06095370885157, 37.76458359994611], [-92.0609575241639, 37.7642810973314], [-92.06124808577943, 37.76390504127695], [-92.06153959774046, 37.763453359519076], [-92.06135860499585, 37.76269572146766], [-92.0612662029989, 37.762468153778336], [-92.06098423135019, 37.76216357902847], [-92.06089183119126, 37.76193601136539], [-92.06070417025981, 37.761707753012715], [-92.06023263650498, 37.76132617131012], [-92.05985636797263, 37.7609452803607], [-92.05947723718215, 37.76079126636125], [-92.05910001946518, 37.760486001131845], [-92.05890949985489, 37.760484619780264], [-92.05843788113314, 37.759834463614084], [-92.06085704264233, 37.756783411099676], [-92.06144155437396, 37.75611628911692], [-92.06192259013265, 37.75574161376451], [-92.06259888890962, 37.754990191127696], [-92.06346567769485, 37.75424014941957], [-92.06375523749999, 37.753939718333335], [-92.06462105223879, 37.75326530199005], [-92.06490870371061, 37.75311612220149], [-92.06529350329602, 37.75281638150498], [-92.06577165116086, 37.75266858273632], [-92.06615265013819, 37.75267134486457], [-92.06624695127833, 37.75274766112493], [-92.06643745096046, 37.75274904219182], [-92.06672035612216, 37.752977990997785], [-92.06690801260365, 37.753206249286904], [-92.06699947170398, 37.75350944278607], [-92.06774916643863, 37.75449810191957], [-92.06812733469458, 37.75472774144831], [-92.0683140535033, 37.75503162562189], [-92.06850739783721, 37.754806129487285], [-92.06908174966141, 37.754583395602545], [-92.0695617913488, 37.75428434532891], [-92.06994846744057, 37.753833352880044], [-92.07043416689469, 37.75308054775291], [-92.0708189436498, 37.752780806730236], [-92.07101227463377, 37.75255531040492], [-92.07178181498756, 37.751955828171646], [-92.07264564883913, 37.751432662089556], [-92.07312377261607, 37.75128486297678], [-92.07398288530955, 37.75113982584853], [-92.07446194472776, 37.750916400822284], [-92.07570391733, 37.750622873847426], [-92.07627633799059, 37.75055139093422], [-92.07656301696379, 37.75047783653262], [-92.07703925117467, 37.750481288985625], [-92.07713074771281, 37.75078448301962], [-92.07712699740878, 37.75108698656302], [-92.07731093096324, 37.75161774878663], [-92.07730718143311, 37.75192025234107], [-92.07739961825595, 37.752147820527924], [-92.07739211996959, 37.752752827647875], [-92.07720068300165, 37.752827072470986], [-92.0765329959577, 37.75289786461443], [-92.07538999670398, 37.752889578196516], [-92.07529380735212, 37.752964513521285], [-92.07519479927446, 37.753266326417915], [-92.075188222699, 37.753795707425375], [-92.0752815949696, 37.75394764969597], [-92.07537121035793, 37.754402095415976], [-92.07527126141514, 37.75477953415147], [-92.07526562493089, 37.75523328930901], [-92.07516661395108, 37.75553510216418], [-92.07516285590795, 37.755837605597016], [-92.07554199250276, 37.75599161967938], [-92.07592206938224, 37.756070007914595], [-92.07754138739634, 37.75608174799336], [-92.07811572093698, 37.755859013847434], [-92.07849954415423, 37.75563489848259], [-92.07878811191956, 37.75541009250414], [-92.07898142510365, 37.75518459592455], [-92.0796547397319, 37.75466004849641], [-92.07994236556799, 37.754510868341626], [-92.08013567294776, 37.7542853716791], [-92.08042423055555, 37.754060565555555], [-92.08080990512714, 37.75368519807905], [-92.08119370899668, 37.75346108243781], [-92.08157937660309, 37.753085714861804], [-92.08167929139718, 37.752708275638476], [-92.0818735216487, 37.752407152880046], [-92.08225545104338, 37.752334289020176], [-92.08263458376865, 37.752488303047265], [-92.08310989907407, 37.752567381652845], [-92.08320328575871, 37.75271932412936], [-92.0839634217178, 37.752876100345496], [-92.08424824092039, 37.75295379793533], [-92.0846273808043, 37.75310781206468], [-92.08567234563985, 37.753342286008845], [-92.08605149036069, 37.753496300207296], [-92.08624013501245, 37.75364893333334], [-92.08642692424682, 37.75395281851299], [-92.08661464293118, 37.75418107769072], [-92.08689854216418, 37.754334401417914], [-92.08717966059287, 37.754714603258705], [-92.08803137135158, 37.755174574626864], [-92.08841238232448, 37.75517733692648], [-92.08879431897456, 37.75510447317026], [-92.08917532956052, 37.755107235464344], [-92.08946016249999, 37.75518493325042], [-92.08974684543946, 37.755111378905475], [-92.09069198196518, 37.755723293308456], [-92.09078815903123, 37.755648357808184], [-92.09136244816888, 37.75542562302792], [-92.09259520675786, 37.755888357222226], [-92.09259428495025, 37.75596398333334], [-92.0929752997927, 37.75596674568823], [-92.09306963217938, 37.756043062394966], [-92.09305949761608, 37.7568749496932], [-92.0929614784826, 37.757101137437814], [-92.0923668974848, 37.75898764648978], [-92.09236413148147, 37.759214524814816], [-92.09207282412244, 37.759666209495585], [-92.09064394736042, 37.75965584964898], [-92.09063655742123, 37.760260858316755], [-92.0907281220633, 37.76056405332366], [-92.09091679438225, 37.760716686844944], [-92.09081876393034, 37.76094287442786], [-92.0908169168325, 37.761094126600334], [-92.09042756025428, 37.76177199859591], [-92.09042478844664, 37.761998876838035], [-92.09070872550441, 37.762152201105586], [-92.09080121650084, 37.76237977006634], [-92.09051358302239, 37.76252895011194], [-92.09003080212824, 37.763054879093424], [-92.0899327660655, 37.763281066596186], [-92.08973299374654, 37.764035945860975], [-92.08963588026533, 37.76418650726369], [-92.08915308263542, 37.76471243600608], [-92.08886266042012, 37.765088494051966], [-92.08876461826286, 37.765314681467665], [-92.0889514481274, 37.76561856722775], [-92.0890430130597, 37.76592176223881], [-92.08941852956052, 37.76637828172471], [-92.08950732297541, 37.766908354982036], [-92.08950547336235, 37.767059607118576], [-92.0894074307214, 37.76728579452736], [-92.08921504408512, 37.76743566506357], [-92.08911607489635, 37.767737478515755], [-92.08920856840795, 37.76796504751244], [-92.0893972567855, 37.76811768126313], [-92.08958687064676, 37.76819468895523], [-92.08986990553483, 37.76842363961443], [-92.0899624022388, 37.76865120865672], [-92.09014924564677, 37.76895509461029], [-92.09005027839275, 37.76925690809011], [-92.09004011190575, 37.770088794932285], [-92.08955450580432, 37.77084160139304], [-92.08955080696518, 37.771144105671645], [-92.0894509097775, 37.77152154514649], [-92.08944351132531, 37.77212655369265], [-92.08953601160862, 37.77235412278607], [-92.08971639133499, 37.77318739135987], [-92.08971176875345, 37.77356552172195]]]}}, {"type": "Feature", "properties": {"fid": 4, "area_name": "04", "area_syskey": 4782, "area_type": null}, "geometry": {"type": "Polygon", "coordinates": [[[-92.075610548542, 37.75047093162659], [-92.07522674264096, 37.75069504723881], [-92.07484481421365, 37.75076791111249], [-92.07369714217108, 37.75113775433941], [-92.07283708696794, 37.75135841728303], [-92.07207038942785, 37.75173102228855], [-92.07130179719456, 37.75225487878662], [-92.07101227463377, 37.75255531040492], [-92.07081988761055, 37.7527051809356], [-92.07033702777777, 37.753231108789386], [-92.06985132638889, 37.75398391388889], [-92.0695617913488, 37.75428434532891], [-92.06917794742951, 37.754508460398014], [-92.06869884883221, 37.75473188486457], [-92.06831689293118, 37.75480474834578], [-92.06793872370784, 37.75457510880321], [-92.06747004166665, 37.75396665], [-92.06709851344665, 37.753207630370376], [-92.0667232004837, 37.75275111379215], [-92.06643934778192, 37.75259779072969], [-92.06605834919154, 37.75259502860697], [-92.06529350329602, 37.75281638150498], [-92.06490965366915, 37.75304049649254], [-92.06375523749999, 37.753939718333335], [-92.06356188078358, 37.75416521429105], [-92.06298465934908, 37.75461482502073], [-92.06279129856965, 37.7548403209204], [-92.06259888890962, 37.754990191127696], [-92.06163396925787, 37.755966418984244], [-92.06073741377647, 37.75675100921952], [-92.05826065318375, 37.75972237259634], [-92.0576580781558, 37.759484178619715], [-92.05721500828233, 37.759161914959925], [-92.05664787884429, 37.758251162244235], [-92.05585035307205, 37.75787284628157], [-92.05521233245425, 37.757718717001374], [-92.05460975742633, 37.75746650475929], [-92.05409579637308, 37.75720027979314], [-92.05296008287728, 37.75635732825042], [-92.05258195186566, 37.75612768925373], [-92.05230100263266, 37.755747489830014], [-92.05201909328358, 37.75544291597015], [-92.0506047590174, 37.75429817467662], [-92.05022664570896, 37.75406853593284], [-92.04975521401327, 37.753686955688224], [-92.04947139168739, 37.7535336330597], [-92.04928378715451, 37.75330537551272], [-92.04890664915008, 37.75300011142206], [-92.0486218646766, 37.75292241432836], [-92.04843329760917, 37.752769782310665], [-92.04824279754007, 37.75276840123826], [-92.04739425705499, 37.752081557320345], [-92.04654282635433, 37.75162158995301], [-92.04616280103647, 37.75154320245439], [-92.04578374589552, 37.75138918953566], [-92.04512088816335, 37.75108185427032], [-92.04483805555556, 37.75085290650083], [-92.04407995920397, 37.75054488086236], [-92.04379421751658, 37.75054280937396], [-92.04303612851713, 37.75023478384052], [-92.0427562229823, 37.74977896004699], [-92.0425686485351, 37.749550702929795], [-92.04238204813433, 37.749246820447766], [-92.04210020408374, 37.74894224752073], [-92.04191360716555, 37.748638365088446], [-92.04191750064261, 37.748335863590384], [-92.04182517661691, 37.74810829701492], [-92.04163858298783, 37.747804414629634], [-92.04154723426616, 37.7475012227073], [-92.04155599807213, 37.7468205943864], [-92.04146562484799, 37.746441777119955], [-92.0415647618781, 37.746139966065506], [-92.04160663339552, 37.742888075199005], [-92.04190208043119, 37.74213389253732], [-92.04181171175374, 37.741755075335824], [-92.04181852669292, 37.741225697733555], [-92.04191668242123, 37.7409995119403], [-92.04192057628524, 37.74069701044776], [-92.04221698517827, 37.7398672022471], [-92.0422218510572, 37.739489075360694], [-92.042419128144, 37.73896107828911], [-92.04261348415561, 37.73865995732725], [-92.04271260696517, 37.73835814606965], [-92.04290793276672, 37.73798139968215], [-92.04300802594665, 37.73760396300719], [-92.04301288795605, 37.73722583606551], [-92.04340838899253, 37.73609421616916], [-92.04379513376865, 37.73564322470149], [-92.04417896017827, 37.735419109382256], [-92.04447046952735, 37.734967427587065], [-92.04466383640133, 37.734741931774465], [-92.04476294605445, 37.73444012032891], [-92.04495728117053, 37.73413899906855], [-92.04505638888888, 37.733837187595356], [-92.04525072129628, 37.733536066296296], [-92.04582692205639, 37.733162080265345], [-92.04736020221115, 37.73241686861249], [-92.04803160715174, 37.732043572462686], [-92.04841443523355, 37.731895082161415], [-92.04879629516998, 37.731822217309286], [-92.04927434358761, 37.731674417119955], [-92.04975335570066, 37.731450991417915], [-92.05089892216003, 37.73123239667082], [-92.05137310650912, 37.73138709839967], [-92.0521310349226, 37.73169512163903], [-92.0524138152916, 37.731924068662245], [-92.05269756003315, 37.732077390182425], [-92.0528851197761, 37.732305647089554], [-92.05316790478857, 37.73253459417911], [-92.05345165339966, 37.73268791575456], [-92.05363921701215, 37.732916172716976], [-92.05392296804173, 37.733069494326976], [-92.05467708152985, 37.73368002018657], [-92.05637963530265, 37.73459995052653], [-92.05666243975952, 37.73482889789386], [-92.05704143144001, 37.73498290990602], [-92.05789273241432, 37.73544287542013], [-92.05827172970564, 37.735596887512436], [-92.0588392722015, 37.735903531310115], [-92.05921922970563, 37.73598191783997], [-92.05959823241432, 37.73613593000968], [-92.06026292321724, 37.736292012902155], [-92.06064192960199, 37.73644602512438], [-92.06092666251381, 37.73652372148148], [-92.06130567141376, 37.73667773373964], [-92.06187323441817, 37.73698437783029], [-92.06263316722637, 37.73714115114428], [-92.06291790478164, 37.73721884756772], [-92.06329692122719, 37.73737285993367], [-92.06396163041045, 37.73752894308872], [-92.06472157289248, 37.73768571654091], [-92.06510249525289, 37.73768847757463], [-92.06566818252487, 37.73814637342869], [-92.06633100591486, 37.73845370820343], [-92.06680621548507, 37.73853278529851], [-92.06756522638888, 37.738765184722226], [-92.0687051708748, 37.739000345339974], [-92.06908609981343, 37.73900310646766], [-92.07003558737563, 37.73923688662936], [-92.07127172285792, 37.73939711194583], [-92.07174882963653, 37.7393249375843], [-92.07298591178828, 37.73940953714484], [-92.07327255158236, 37.73933598218353], [-92.07365348206882, 37.739338743333334], [-92.07480191407545, 37.73889327168325], [-92.0752799534964, 37.7387454713654], [-92.07585228360972, 37.73867398715865], [-92.07613704012576, 37.73875168385296], [-92.07613328517826, 37.73905418733001], [-92.07622476285239, 37.73935738109453], [-92.0762134991708, 37.74026489154229], [-92.07601552093698, 37.74086851787728], [-92.07629653188916, 37.741248718182696], [-92.07638707469596, 37.74162753787175], [-92.07638332090934, 37.74193004136539], [-92.0760901032822, 37.742532977316195], [-92.07589681312189, 37.74275847422471], [-92.0757968810116, 37.74313591320066], [-92.07578655171365, 37.74396779771697], [-92.07616375124378, 37.74427306268657], [-92.07625617452321, 37.74450063067994], [-92.07644289952322, 37.74480451494196], [-92.07643914612355, 37.745107018441125], [-92.07614779436152, 37.745558702487564], [-92.07595074141791, 37.7460867027612], [-92.0757555638198, 37.746463451265896], [-92.07565656560944, 37.746765264303484], [-92.07536708164731, 37.74706569647319], [-92.07526714160447, 37.74744313533582], [-92.07507101743366, 37.747895509597846], [-92.07524929089966, 37.74888002664179], [-92.07563027014234, 37.74888278848812], [-92.07620267754974, 37.74881130538557], [-92.07638941357794, 37.749115189805146], [-92.07647996741294, 37.74949400965174], [-92.07618953794221, 37.749870067593974], [-92.075610548542, 37.75047093162659]]]}}, {"type": "Feature", "properties": {"fid": 5, "area_name": "05", "area_syskey": 4783, "area_type": null}, "geometry": {"type": "MultiPolygon", "coordinates": [[[[-92.06036006165698, 37.736141451856], [-92.05940968662934, 37.73598329829602], [-92.05893545681316, 37.73582859591764], [-92.05827364355306, 37.735445636293534], [-92.05723188584852, 37.73498429032615], [-92.05571880547264, 37.73414136567165], [-92.05533982075733, 37.733987353758984], [-92.05505702355583, 37.733758406495305], [-92.0546790027294, 37.73352876907269], [-92.0542057591487, 37.7332984415036], [-92.05392392941542, 37.732993868781094], [-92.05345261525704, 37.732612290215584], [-92.05298323061774, 37.73207946065506], [-92.05269948529573, 37.731926139126585], [-92.05213296134605, 37.73154387059978], [-92.05156258803206, 37.731464104201216], [-92.05089988662935, 37.731156771169154], [-92.05042280983969, 37.731228945959096], [-92.04975335570066, 37.731450991417915], [-92.04946575559701, 37.7316001719403], [-92.04812779795466, 37.73196863715865], [-92.04774400124377, 37.73219275290216], [-92.04582692205639, 37.733162080265345], [-92.04544311218905, 37.73338619582089], [-92.04525072129628, 37.733536066296296], [-92.04467063170259, 37.73421255389165], [-92.04466771943062, 37.73443943012714], [-92.04456763853648, 37.73481686697761], [-92.04427613034825, 37.735268548789385], [-92.04379610539662, 37.7355675993021], [-92.04360467742538, 37.735641844253735], [-92.04341033302238, 37.735942965381426], [-92.04312075812604, 37.73624339625207], [-92.04311686890547, 37.73654589781095], [-92.04301872236734, 37.736772083735495], [-92.04301483275981, 37.73707458528884], [-92.04271552504146, 37.73813126991708], [-92.04252117077114, 37.73843239090382], [-92.04242204709094, 37.738734202148976], [-92.04222769011194, 37.73903532309702], [-92.04183020944582, 37.74031819327253], [-92.0418253416321, 37.740696320131285], [-92.04172621234108, 37.7409981312963], [-92.04172329136263, 37.74122500740741], [-92.04162416100745, 37.74152681855721], [-92.04162123973879, 37.741753694664176], [-92.04180976462824, 37.74190632607933], [-92.04190208043119, 37.74213389253732], [-92.04160663339552, 37.742888075199005], [-92.04114505970149, 37.74175024298508], [-92.04114700818131, 37.74159899226092], [-92.04124516642482, 37.7413728065036], [-92.04125393371338, 37.74069217823245], [-92.04135306455224, 37.74039036708955], [-92.04135696073797, 37.74008786563018], [-92.04165337369403, 37.73925805748757], [-92.04175347480653, 37.73888062092593], [-92.04194880679934, 37.738503874626865], [-92.04234530345494, 37.73729662967385], [-92.04264461339828, 37.73623994507739], [-92.04283798907545, 37.73601444939055], [-92.04303233599364, 37.735713328298786], [-92.04332579769208, 37.73511039583472], [-92.0435191684356, 37.73488490007739], [-92.04361731110419, 37.73465871409756], [-92.0441021877142, 37.73398153649531], [-92.04411675778053, 37.73284715544223], [-92.04421489609591, 37.73262096940022], [-92.04424014836235, 37.73065470887231], [-92.04433828358209, 37.73042852278607], [-92.04437324477612, 37.7277060081592], [-92.04447234698037, 37.727404196607246], [-92.04453546507048, 37.722488545107794], [-92.044633589262, 37.722262358864015], [-92.04464038591763, 37.72173298100056], [-92.0454972792634, 37.72173919072692], [-92.04635320339966, 37.72182102588723], [-92.04654459335268, 37.721746780392486], [-92.04721106595494, 37.72175161017965], [-92.04759093949005, 37.72182999550995], [-92.0501616221393, 37.72184862472637], [-92.05092041218906, 37.72208102099503], [-92.05139839414731, 37.72193321985627], [-92.05197062104064, 37.721861734174965], [-92.05311314666253, 37.7218700138267], [-92.05358727529021, 37.722024714759534], [-92.05424990520315, 37.72233204677032], [-92.05481925029713, 37.72248743775982], [-92.05520009526671, 37.72249019768795], [-92.05557998041044, 37.722568583184085], [-92.05634167112355, 37.722574103051414], [-92.05681676925096, 37.72265317855445], [-92.05700719212273, 37.72265455852405], [-92.05815547263681, 37.72220908470979], [-92.05882577477198, 37.721911412085404], [-92.05892098524046, 37.721912102056386], [-92.05997498802515, 37.721390312316196], [-92.05997594340104, 37.721314686684636], [-92.06083760317854, 37.720942768103924], [-92.06131555727612, 37.72079496656716], [-92.06179255590104, 37.72072279066059], [-92.06207722941542, 37.72080048616916], [-92.06245615976367, 37.720954497305144], [-92.06331113868158, 37.721111958242126], [-92.06463741589276, 37.72165099751797], [-92.06501445522387, 37.72195626019901], [-92.06520107593974, 37.72226014297126], [-92.06538864806522, 37.72248840005528], [-92.06538294889441, 37.7229421543173], [-92.06604848179241, 37.72302260995992], [-92.06709296748204, 37.72325707705915], [-92.06775850483001, 37.72333753276534], [-92.06842593706467, 37.723266736981756], [-92.06890389019485, 37.72311893543118], [-92.06919141793809, 37.72296975387507], [-92.0697645791183, 37.72282264226092], [-92.07005021371613, 37.72282471221946], [-92.07071102777778, 37.72328329684909], [-92.07108715594251, 37.723664185793254], [-92.07117859269624, 37.72396737897319], [-92.07136524359453, 37.72427126217662], [-92.07154906531923, 37.724802022802656], [-92.07173477651327, 37.72518153186153], [-92.07201759083748, 37.72541047936982], [-92.07267938252488, 37.72579343868574], [-92.07296220207297, 37.72602238626866], [-92.0735297294776, 37.726329029850746], [-92.07466950012437, 37.726564187985076], [-92.07542747187672, 37.72687221184356], [-92.07590167692786, 37.72702691386816], [-92.07656350266721, 37.72740987367054], [-92.07797770778745, 37.72855461311913], [-92.07816533495715, 37.7287828709895], [-92.07844911916804, 37.72893619307352], [-92.07863674875621, 37.729164450978445], [-92.07939102089551, 37.72977497910448], [-92.0802461345702, 37.729932441966554], [-92.08052899300718, 37.73016139010503], [-92.08090520630182, 37.73054228026534], [-92.08099389030542, 37.73107235195965], [-92.08098268350608, 37.73197986322001], [-92.08107323763129, 37.73235868307076], [-92.08125621600331, 37.73296507092869], [-92.08153815592178, 37.73326964522526], [-92.08172487298921, 37.73357352937396], [-92.08181636604476, 37.73387672335821], [-92.08181263392758, 37.73417922716141], [-92.081904128144, 37.73448242116225], [-92.0818042366639, 37.73485986071863], [-92.08189573175098, 37.7351630547319], [-92.08131596690852, 37.73583954696656], [-92.08112177593283, 37.73614067028607], [-92.0808332885572, 37.73636547741293], [-92.08064002848258, 37.736590974751245], [-92.0805419965796, 37.736817162313436], [-92.08025350485075, 37.73704196937811], [-92.07940392182836, 37.736430749846605], [-92.0791191710199, 37.736353053233834], [-92.07902581393725, 37.73620111118021], [-92.07855528905473, 37.73574390461029], [-92.0777990877833, 37.7352846274848], [-92.07732482594665, 37.73512992464898], [-92.07656676171227, 37.734821899469324], [-92.07562012944307, 37.73436124225816], [-92.07486207991293, 37.734053217288555], [-92.0735345666874, 37.733589799635155], [-92.07315649110696, 37.73336016143035], [-92.07239846169846, 37.733052136748206], [-92.07202039230928, 37.73282249863184], [-92.07116714904643, 37.73251378393035], [-92.07040535772525, 37.73250826262576], [-92.06821142022525, 37.732794891887785], [-92.06802002456467, 37.732869137300995], [-92.06687638356135, 37.73293648099502], [-92.06554324062327, 37.732926818595914], [-92.06487856965174, 37.73277073598673], [-92.06345877041873, 37.732079752301], [-92.0630797808665, 37.73192574031924], [-92.06279506352958, 37.73184804418463], [-92.06184759883912, 37.73146301436152], [-92.06137530086373, 37.731157061021285], [-92.06109249640686, 37.73092811365395], [-92.06041925897595, 37.73145266218491], [-92.06003645798093, 37.73160115287313], [-92.05955938805968, 37.73167332776119], [-92.05936894216417, 37.73167194746269], [-92.05917945232171, 37.73159494154228], [-92.05898709412659, 37.731744812484806], [-92.05869472923575, 37.73227212133776], [-92.05869090308872, 37.732574623797674], [-92.05878325787727, 37.7328021908126], [-92.05897370667496, 37.73280357115257], [-92.06001448878523, 37.733340542462685], [-92.06020302895936, 37.73349317409618], [-92.06029634444444, 37.733645115555554], [-92.06067533728579, 37.733799127584305], [-92.06095815161, 37.734028075092596], [-92.06171614541873, 37.734336099266166], [-92.06189611236181, 37.735169361943065], [-92.06188848638058, 37.735774367238804], [-92.06150566642482, 37.73592285765617], [-92.06036006165698, 37.736141451856]]], [[[-92.04160663339552, 37.742888075199005], [-92.04158618451493, 37.74447620794776], [-92.04139180973604, 37.74477732864152], [-92.04137135679242, 37.74636546133223], [-92.0414627032891, 37.74666865322278], [-92.0414490693477, 37.747727408369265], [-92.04135090384881, 37.747953594022945], [-92.04116431254145, 37.74764971167082], [-92.0408912495163, 37.746664510668886], [-92.04089417281646, 37.74643763459093], [-92.04080282893172, 37.7461344427377], [-92.04081452329325, 37.745226938442514], [-92.04072415597014, 37.74484812126037], [-92.04074267388059, 37.7434112394859], [-92.04160663339552, 37.742888075199005]]]]}}, {"type": "Feature", "properties": {"fid": 6, "area_name": "06", "area_syskey": 4784, "area_type": null}, "geometry": {"type": "Polygon", "coordinates": [[[-92.074101966335, 37.72625754431178], [-92.07429427964344, 37.72610767272803], [-92.0746779635572, 37.72588355537314], [-92.0749664300373, 37.72565874794776], [-92.07506352513819, 37.72550818628248], [-92.0754472036346, 37.72528406885019], [-92.07563951171917, 37.72513419719182], [-92.07582712292702, 37.72536245483416], [-92.07611088924129, 37.72551577666252], [-92.0762985028676, 37.725744034339414], [-92.07658133315367, 37.72597298207573], [-92.07676894939192, 37.726201239789944], [-92.07705178287037, 37.726430187571864], [-92.07762307934632, 37.726434327878664], [-92.07791060176893, 37.726285146246546], [-92.07857898580016, 37.72613872478026], [-92.0787666085199, 37.726366982587066], [-92.07905225646766, 37.72636905273632], [-92.07961513420398, 37.727053826293535], [-92.07951898190298, 37.72712876214759], [-92.07970754529435, 37.72728139411277], [-92.07999506665284, 37.72713221246545], [-92.08085575557628, 37.72683591929519], [-92.08152600518243, 37.7265382459204], [-92.0817183039801, 37.72638837412935], [-92.08181538621476, 37.72623781228027], [-92.08134584253732, 37.725704980447766], [-92.08134677614704, 37.72562935450525], [-92.0810667345011, 37.72517352876728], [-92.08068961390961, 37.72486826492538], [-92.08031062706605, 37.72471425298231], [-92.0794621222775, 37.72402740957435], [-92.07927450352403, 37.72379915182422], [-92.07870884527362, 37.72334125638474], [-92.07852123058319, 37.72311299869265], [-92.078238405521, 37.72288405103096], [-92.0780507934425, 37.72265579337618], [-92.07786224533582, 37.722503161629355], [-92.07776984614428, 37.7222755939801], [-92.07767932229822, 37.72189677456191], [-92.07740306820065, 37.721138445812606], [-92.07731254774046, 37.720759626442785], [-92.07759817421227, 37.720761696285244], [-92.0789376506219, 37.72024197420398], [-92.07893671449696, 37.72031760011056], [-92.0792185958886, 37.72062217357103], [-92.07978423614566, 37.72108006875346], [-92.0800679938502, 37.72123339045882], [-92.08025654311774, 37.72138602222223], [-92.08111342949834, 37.72139223184909], [-92.08187697253317, 37.72124649961857], [-92.08225967562879, 37.721098007531786], [-92.0824528916874, 37.72087250956468], [-92.08274131521559, 37.72064770152571], [-92.08293452866224, 37.72042220352128], [-92.08341522825457, 37.7200475233665], [-92.08417689110696, 37.72005304283582], [-92.08474720802239, 37.720132808428694], [-92.08531938538557, 37.720061322039804], [-92.08608104823797, 37.72006684150912], [-92.08636481464897, 37.720220163338865], [-92.08664951050994, 37.720297859166664], [-92.08693235095356, 37.720526807048095], [-92.08731040186566, 37.7207564449005], [-92.08749896448313, 37.72090907685462], [-92.08778088273216, 37.72121365084163], [-92.0881598664801, 37.72136766274047], [-92.08844456853234, 37.721445358656716], [-92.08911288726506, 37.7212989362576], [-92.08930608281509, 37.72107343799751], [-92.08949742643034, 37.7209991918408], [-92.0897858287728, 37.720774383499176], [-92.09007330456744, 37.72062520120094], [-92.09055396885019, 37.72025052054174], [-92.09084144106549, 37.72010133819237], [-92.09112983586235, 37.719876529742955], [-92.09160772021144, 37.719728727209784], [-92.09246458656716, 37.71973493655058], [-92.09265315692372, 37.71988756861526], [-92.09340928893035, 37.72034684475125], [-92.09369214997926, 37.72057579292703], [-92.09463963353372, 37.720960823019624], [-92.09492434042288, 37.72103851900498], [-92.09520812830984, 37.72119184114152], [-92.09558804595771, 37.72127022710199], [-92.09587183606965, 37.72142354927031], [-92.09625175555556, 37.72150193525705], [-92.09653554789247, 37.72165525745716], [-92.09691546921641, 37.72173364347015], [-92.09719926377832, 37.72188696570205], [-92.0975791869403, 37.7219653517413], [-92.09814678167496, 37.722271996285244], [-92.0983344536346, 37.72250025479547], [-92.10032108057628, 37.72357351134743], [-92.1005078483347, 37.72387739622029], [-92.10069553161277, 37.724105654892206], [-92.10097842922885, 37.72433460359038], [-92.1013538021697, 37.724791121025426], [-92.10154057728026, 37.725095006003315], [-92.101729179754, 37.72524763852681], [-92.10477330913488, 37.725496598214484], [-92.10486761404782, 37.72557291452875], [-92.10515234879767, 37.725650610912105], [-92.10562569608209, 37.72588093996269], [-92.10609813781095, 37.72618689535655], [-92.10628675228025, 37.72633952805141], [-92.10628402748756, 37.726566406965176], [-92.10637833530265, 37.7266427233209], [-92.1064708271697, 37.72687029229409], [-92.10665762839966, 37.72717417764511], [-92.10684533886125, 37.72740243670536], [-92.10703214299336, 37.727706322097845], [-92.10731507369402, 37.72793527126866], [-92.10750278812189, 37.72816353038557], [-92.10768959689744, 37.72846741584439], [-92.10806503194443, 37.72892393416667], [-92.10834797048092, 37.72915288344942], [-92.10853478525428, 37.72945676899392], [-92.10872250732449, 37.72968502822001], [-92.10900545079464, 37.72991397757325], [-92.10919227021144, 37.73021786318408], [-92.10928658566887, 37.73029417964898], [-92.10937999624792, 37.73044612246684], [-92.1093781861042, 37.73059737516722], [-92.11002031521558, 37.73264411774461], [-92.11011553893725, 37.73264480790492], [-92.1101146346393, 37.73272043426617], [-92.11020895425649, 37.73279675079049], [-92.11039849807904, 37.73287375748204], [-92.11058894610281, 37.73287513781095], [-92.11096713186843, 37.73310477758983], [-92.10971745503731, 37.734078948022386], [-92.10923408589, 37.73468050788004], [-92.10894297413626, 37.73513219535517], [-92.10903729568821, 37.73520851190713], [-92.10797801502902, 37.736184061927865], [-92.10788369328358, 37.73610774537313], [-92.1075036875069, 37.73602935815367], [-92.10712186791045, 37.73610222358209], [-92.1061714027225, 37.73594406873411], [-92.10607799146628, 37.73579212590658], [-92.10578958215865, 37.7360169341487], [-92.1053098052446, 37.73631598820481], [-92.10492525330983, 37.7366157324392], [-92.10454160818821, 37.73683985034826], [-92.10434568929657, 37.73729222754284], [-92.10424590858209, 37.7376696686816], [-92.1040490754284, 37.73819767209508], [-92.10404725464345, 37.738348924643454], [-92.10394747112355, 37.738726365742124], [-92.10384950780818, 37.73895255428414], [-92.10317923982173, 37.739250227396354], [-92.10155664020178, 37.73954099755667], [-92.10041384874239, 37.73953271410724], [-92.09974904988253, 37.73937662967109], [-92.09946518266997, 37.73922330640133], [-92.09918223194444, 37.738994356944445], [-92.0986135879975, 37.73876333669154], [-92.0978572348466, 37.738304057396356], [-92.09785998488805, 37.738077178843284], [-92.09701483600055, 37.7370878262576], [-92.09663667171088, 37.73685818678552], [-92.09587943138474, 37.73647453409619], [-92.09417451838031, 37.7357058486125], [-92.09340808996683, 37.73607845746269], [-92.09302533366501, 37.736226948789394], [-92.09273964827943, 37.73622487810531], [-92.09226166119403, 37.73637267917081], [-92.09197412987146, 37.736521860675786], [-92.09149336981758, 37.736896539966835], [-92.09130014108624, 37.737122037752904], [-92.09081475458126, 37.737874847350746], [-92.09062336936843, 37.73794909291321], [-92.0902415222015, 37.73802195794776], [-92.08976536828358, 37.738018506641794], [-92.08957583181315, 37.73794150005528], [-92.08919490906578, 37.73793873901603], [-92.08900259633775, 37.738088610608074], [-92.08890736545743, 37.73808792034549], [-92.08881028283581, 37.738238482189054], [-92.0886188946241, 37.73831272770868], [-92.08824260219734, 37.737931836417914], [-92.08739387191127, 37.73724498978856], [-92.0866348176686, 37.73701258974572], [-92.0861586700387, 37.73700913852957], [-92.08568438053481, 37.73685443529851], [-92.08454348899254, 37.73669490043118], [-92.08425873208955, 37.73661720373135], [-92.0838778159204, 37.73661444278607], [-92.0834026020937, 37.73653536563019], [-92.0826444991639, 37.73622733989774], [-92.08207499329049, 37.73607194661138], [-92.08160351757877, 37.73569036573798], [-92.08160445080154, 37.73561473978994], [-92.08170247796434, 37.73538855216004], [-92.08189479881841, 37.73523868068408], [-92.08190692694167, 37.73425554330569], [-92.0817220736111, 37.733800407222226], [-92.08172487298921, 37.73357352937396], [-92.08153815592178, 37.73326964522526], [-92.08135050688917, 37.73304138704257], [-92.08125995044223, 37.732662567158656], [-92.08107043622167, 37.732585560889994], [-92.08107323763129, 37.73235868307076], [-92.08098174960614, 37.73205548915838], [-92.08107977425372, 37.73182930149254], [-92.08098922080569, 37.731450481651464], [-92.08099295640547, 37.73114797789801], [-92.08109097989221, 37.73092179021559], [-92.08099669200524, 37.73084547414456], [-92.08090520630182, 37.73054228026534], [-92.08071850045604, 37.73023839627695], [-92.08024706924405, 37.72985681603925], [-92.07939195644002, 37.72969935318961], [-92.07816627175926, 37.72870724509259], [-92.07797864478302, 37.72847898722499], [-92.07741295809149, 37.72802109137922], [-92.07722533517827, 37.72779283356965], [-92.07694155783581, 37.727639511583746], [-92.07637588391376, 37.7271816159204], [-92.07609211063432, 37.72702829399254], [-92.07504942522111, 37.726642574051965], [-92.07476565668186, 37.72648925219182], [-92.07438573264925, 37.726410866140135], [-92.074101966335, 37.72625754431178]]]}}, {"type": "Feature", "properties": {"fid": 7, "area_name": "07", "area_syskey": 4785, "area_type": null}, "geometry": {"type": "MultiPolygon", "coordinates": [[[[-92.08505329042288, 37.71847110634329], [-92.08503562168325, 37.71990800024876], [-92.08465293038971, 37.72005649250415], [-92.08427302967108, 37.71997810678552], [-92.0836065753524, 37.719973277259534], [-92.08341522825457, 37.7200475233665], [-92.08283838816334, 37.72049713954395], [-92.08225967562879, 37.721098007531786], [-92.08111436339829, 37.72131660591073], [-92.08054310639164, 37.721312466167774], [-92.08016413812189, 37.72115845449005], [-92.07988131567164, 37.72092950686567], [-92.07940901314953, 37.72062355346048], [-92.0789376506219, 37.72024197420398], [-92.07759817421227, 37.720761696285244], [-92.07731254774046, 37.720759626442785], [-92.07715855149964, 37.719666009915684], [-92.07697118098689, 37.71947333325707], [-92.07599183281508, 37.719766830949425], [-92.07614675073074, 37.71904351428971], [-92.0760343284231, 37.71886565743583], [-92.0761092766282, 37.71865815723324], [-92.07758950367901, 37.718584049877194], [-92.078132878166, 37.71846547795331], [-92.07963184226809, 37.71828761971165], [-92.08084975060098, 37.71828761971165], [-92.08264850752346, 37.71822833353623], [-92.08381840827114, 37.71823525965174], [-92.08495343444582, 37.71884854640685], [-92.08505329042288, 37.71847110634329]]], [[[-92.08505329042288, 37.71847110634329], [-92.08477604496268, 37.71778840271144], [-92.08381840827114, 37.71823525965174], [-92.08440080881012, 37.717331887230515], [-92.0837427597844, 37.716646424262024], [-92.08273282425421, 37.71697590188539], [-92.08240492585688, 37.71684991658236], [-92.08135333513681, 37.7173854368864], [-92.0806869038419, 37.717380607689336], [-92.07965057931935, 37.71684497596841], [-92.07927583829382, 37.71686473840644], [-92.07843267098642, 37.71705742184962], [-92.07625917303842, 37.71738350038106], [-92.0751911611157, 37.71748725234008], [-92.07498505355164, 37.717264926535684], [-92.07466652367998, 37.71646454811554], [-92.07462904957742, 37.716079177644204], [-92.07434799380826, 37.715249142128556], [-92.07313008547537, 37.714908231990755], [-92.07082542816842, 37.71493787641282], [-92.0701508943225, 37.71518985352161], [-92.06979489034823, 37.71545665187925], [-92.06957004573295, 37.71588649165685], [-92.07022291728856, 37.71662408829187], [-92.06927025291253, 37.71674616373078], [-92.0687456154768, 37.71729457001481], [-92.06855824496405, 37.71765029083931], [-92.06872687842555, 37.71794672355497], [-92.06919530470743, 37.71830244124811], [-92.0699073126559, 37.71870262161131], [-92.07193840901422, 37.719606724362954], [-92.07313560582503, 37.71974613306385], [-92.07307387432154, 37.72054045922172], [-92.07360788028288, 37.721274098194286], [-92.0745439672471, 37.721344624709786], [-92.07431051970572, 37.722081836253984], [-92.07473438644278, 37.72134600462687], [-92.07511522483416, 37.72134876446103], [-92.0754628483592, 37.72210406741773], [-92.07584695791036, 37.72211147780565], [-92.07616253041044, 37.721356354004975], [-92.07655147103833, 37.72215890424088], [-92.07758317454395, 37.72197171048093], [-92.07777078343007, 37.72219996809011], [-92.07804891945135, 37.72280704516446], [-92.07842508215174, 37.72318793460199], [-92.07899073749999, 37.72364583], [-92.07917835499585, 37.72387408773217], [-92.0803096923922, 37.72478987890962], [-92.08078482795743, 37.72486895494749], [-92.08116008132946, 37.725325470674406], [-92.08115727991985, 37.72555234849364], [-92.08134584253732, 37.725704980447766], [-92.08181538621476, 37.72623781228027], [-92.0817183039801, 37.72638837412935], [-92.08133463922056, 37.72661249175788], [-92.08028165217661, 37.72705865672886], [-92.07961513420398, 37.727053826293535], [-92.07905225646766, 37.72636905273632], [-92.07867513781095, 37.726063788922055], [-92.07857992221531, 37.72606309887783], [-92.07743264718766, 37.726432947776395], [-92.07714793681592, 37.726355251741296], [-92.07611088924129, 37.72551577666252], [-92.07573566547126, 37.72505926135849], [-92.07458180767689, 37.725958491176065], [-92.07391059340796, 37.726331790049755], [-92.0735306710199, 37.72625340402156], [-92.0730574176686, 37.72602307631288], [-92.07277459783029, 37.725794128725816], [-92.07249083712686, 37.725640806977616], [-92.07220802048093, 37.72541185943615], [-92.07182999104478, 37.72518222189055], [-92.0714585696241, 37.72442320378662], [-92.07136807489634, 37.72404438478441], [-92.07118048061774, 37.72381612738391], [-92.07099477580846, 37.72343661841625], [-92.07080623989081, 37.72328398684356], [-92.07061864928828, 37.72305572949558], [-92.07024063678136, 37.72282609219182], [-92.06995500218352, 37.722824022233276], [-92.0694779988184, 37.72289619807214], [-92.06928662966418, 37.722970443864014], [-92.06890483647733, 37.723043309669706], [-92.06852209584714, 37.72319180122029], [-92.06823551283858, 37.72326535699281], [-92.06718817959508, 37.723257767053624], [-92.06680922796434, 37.7231037556136], [-92.06652454090658, 37.723026059911554], [-92.06557432201492, 37.72286790858209], [-92.06539149765064, 37.72226152292427], [-92.06501445522387, 37.72195626019901], [-92.06473262597429, 37.721651687483416], [-92.06444984821724, 37.721422740497516], [-92.06416612108208, 37.72126941922886], [-92.06255136897457, 37.72095518725815], [-92.06179255590104, 37.72072279066059], [-92.06083760317854, 37.720942768103924], [-92.05997594340104, 37.721314686684636], [-92.05997498802515, 37.721390312316196], [-92.05892098524046, 37.721912102056386], [-92.05882577477198, 37.721911412085404], [-92.05700719212273, 37.72265455852405], [-92.05681676925096, 37.72265317855445], [-92.05653209380182, 37.72257548301824], [-92.0554847690713, 37.72256789320066], [-92.054440327301, 37.72233342672886], [-92.05406236722635, 37.722103790174124], [-92.05368344771281, 37.721949779192926], [-92.05273326751657, 37.72179162841625], [-92.05235242602957, 37.72178886853787], [-92.05206968512991, 37.7215599220785], [-92.05140610680624, 37.721328215798785], [-92.0512176157753, 37.72117558486733], [-92.05055500840243, 37.72086825317855], [-92.04998761527087, 37.720561611514654], [-92.04970295462272, 37.720483916189885], [-92.04866242683804, 37.71994694851299], [-92.04790463308457, 37.719638927197344], [-92.04762094599917, 37.71948560650083], [-92.04724108445964, 37.7194072213419], [-92.04667468481897, 37.719024954590935], [-92.04582655092592, 37.71833811648148], [-92.04516884300027, 37.71765265838585], [-92.0448890521006, 37.71719683622996], [-92.04470349771974, 37.716817329411285], [-92.04461217782614, 37.716514137900774], [-92.04508819631012, 37.71651758727197], [-92.04546998127418, 37.716444721348815], [-92.04652109732586, 37.716149808208954], [-92.04700098790768, 37.71585075577667], [-92.04748184276534, 37.715476077839966], [-92.04749539680071, 37.71441732155196], [-92.0476906385365, 37.714040573963516], [-92.04797720771144, 37.71396701799337], [-92.04835800934218, 37.71396977730238], [-92.04864457754974, 37.71389622131841], [-92.04969178097014, 37.713903809402986], [-92.05007354774736, 37.71383094322001], [-92.05035721790352, 37.71398426367468], [-92.05054472356964, 37.71421251980929], [-92.05111206987976, 37.71451916080431], [-92.05158325537589, 37.714900737531785], [-92.05186693269071, 37.715054058088725], [-92.05214964776118, 37.715283004179106], [-92.05243332768795, 37.71543632477336], [-92.05290452576008, 37.71581790168049], [-92.05347189393311, 37.716124542987835], [-92.0536594145937, 37.716352799336654], [-92.05385751471806, 37.71574917474295], [-92.05386809302101, 37.714917293783856], [-92.05406426498065, 37.714464920204534], [-92.05425658951079, 37.7143150487811], [-92.05645196209922, 37.71387716146075], [-92.05721643864703, 37.71365580328634], [-92.05759819623411, 37.71358293697208], [-92.05778859588861, 37.71358431661001], [-92.05855210835406, 37.71343858394279], [-92.05893481996269, 37.71329009197761], [-92.05922137453013, 37.713216535798786], [-92.06036949716695, 37.71277105972913], [-92.06103779732587, 37.71262463706468], [-92.06151665194858, 37.71240120911277], [-92.06285609585406, 37.711881486567165], [-92.06295224593006, 37.71180655068132], [-92.06343108942785, 37.71158312257048], [-92.06362338745163, 37.71143325076838], [-92.06391088152985, 37.711284068731345], [-92.06419932566335, 37.71105926098673], [-92.06448681712962, 37.710910078912384], [-92.06506369727059, 37.71046046330708], [-92.06544733020314, 37.71023634522388], [-92.06592805494748, 37.70986166542841], [-92.06650302046711, 37.709563301030954], [-92.06669530707573, 37.70941342906578], [-92.06707892965727, 37.70918931083472], [-92.06746539369817, 37.70873831535655], [-92.06775381722636, 37.70851350731758], [-92.06756627421917, 37.70828525064953], [-92.06728259158373, 37.708131930016584], [-92.06709505099502, 37.707903673383086], [-92.0720450597015, 37.70793953850746], [-92.07242488670535, 37.708017923173024], [-92.07451912328635, 37.708033096909894], [-92.07471327072969, 37.707731972968496], [-92.0747170330293, 37.70742946959646], [-92.07462654458955, 37.70705065068408], [-92.07464535802238, 37.705538133851576], [-92.07493186654229, 37.70546457701493], [-92.07845387000415, 37.705490094742956], [-92.07883369072, 37.705568479318686], [-92.0812134252073, 37.70558572106136], [-92.08187601758569, 37.705893052535934], [-92.08520765941128, 37.705917191169156], [-92.08539617946379, 37.706069822515204], [-92.08567989044361, 37.70622314355307], [-92.08624824475538, 37.706454159668326], [-92.0866252925995, 37.70675942247098], [-92.08690622412935, 37.707139621641794], [-92.08766219013268, 37.707598895406306], [-92.08784979224708, 37.70782715291874], [-92.08870652191128, 37.7078333603068], [-92.0894726872927, 37.707460747699], [-92.08937656991431, 37.70753568405196], [-92.08937471855998, 37.707686936163626], [-92.0890808088792, 37.70836550150774], [-92.08917414999999, 37.708517443333335], [-92.08964826450386, 37.7086721440644], [-92.08974253246268, 37.708748459850746], [-92.08993014386401, 37.70897671749586], [-92.0900216375, 37.709279911488395], [-92.0900197875, 37.7094311636194], [-92.08925638222084, 37.709576897817854], [-92.0889689468629, 37.709726080693756], [-92.0885798303897, 37.71040395611941], [-92.08848092872442, 37.71070577053621], [-92.08799289800994, 37.71168546019901], [-92.08751041981066, 37.7122113935047], [-92.08731631338446, 37.712512518032064], [-92.0871231333126, 37.71273801651327], [-92.08693088017552, 37.71288788895661], [-92.08616371762713, 37.713336126598946], [-92.08587719072692, 37.713409683173026], [-92.0855897337963, 37.713558865740744], [-92.08539747543531, 37.71370873810945], [-92.08501481645246, 37.71385723082643], [-92.08472642571863, 37.71408203933389], [-92.08443896385434, 37.71423122183112], [-92.08357377685185, 37.71490564714207], [-92.08337592089552, 37.71550927522388], [-92.08346553347843, 37.715963720903815], [-92.08365035043532, 37.71641885646766], [-92.08383796328772, 37.7166471141335], [-92.08412078109453, 37.71687606169154], [-92.08468363097015, 37.717560834850744], [-92.08505701015754, 37.718168602363185], [-92.08505329042288, 37.71847110634329]]]]}}, {"type": "Feature", "properties": {"fid": 8, "area_name": "08", "area_syskey": 4786, "area_type": null}, "geometry": {"type": "Polygon", "coordinates": [[[-92.115209153068, 37.72874881180763], [-92.11414734370508, 37.7299512435434], [-92.11404762180761, 37.730328685522394], [-92.1143278837272, 37.730784514407134], [-92.114228161733, 37.731161956384746], [-92.11422546131841, 37.73138883564677], [-92.11412663830154, 37.73169065118712], [-92.11393169123134, 37.73206740298508], [-92.113451071932, 37.7324420842869], [-92.11278090155473, 37.73273975879353], [-92.11211343255943, 37.732810554051966], [-92.11078029774737, 37.73280089176893], [-92.11020985845771, 37.73272112442786], [-92.10992870945964, 37.73234092215036], [-92.10937909117607, 37.730521748817026], [-92.10938180639164, 37.730294869766446], [-92.10919317547678, 37.73014223683665], [-92.10900545079464, 37.72991397757325], [-92.10872250732449, 37.72968502822001], [-92.10853569119679, 37.729381142656166], [-92.10844137767413, 37.72930482621891], [-92.10834797048092, 37.72915288344942], [-92.10806503194443, 37.72892393416667], [-92.10787731384052, 37.72869567499724], [-92.1076905037106, 37.72839178951907], [-92.10684533886125, 37.72740243670536], [-92.10656513556522, 37.726946608658096], [-92.10638015163764, 37.72649147070896], [-92.10628584401601, 37.726415154356], [-92.10609904626865, 37.72611126905473], [-92.10572000234936, 37.7259572562963], [-92.10553139000828, 37.725804623631845], [-92.10505713397595, 37.725649920878936], [-92.10486761404782, 37.72557291452875], [-92.10477330913488, 37.725496598214484], [-92.10287084006356, 37.72533154509674], [-92.10287175181038, 37.7252559188419], [-92.1027756256288, 37.7253308550691], [-92.10173009266168, 37.72517201228856], [-92.10173100556938, 37.7250963860503], [-92.10144718953151, 37.72494306351161], [-92.10088595738668, 37.72410703490326], [-92.10060306093145, 37.723878086221674], [-92.10041629278606, 37.72357420134328], [-92.10032108057628, 37.72357351134743], [-92.09965917028745, 37.72319055033721], [-92.09947057729408, 37.72303791794914], [-92.09928106965174, 37.722960911774464], [-92.09918585821586, 37.72296022178966], [-92.09824107575318, 37.72234831244472], [-92.0975791869403, 37.7219653517413], [-92.09653646612078, 37.721579631294915], [-92.09625175555556, 37.72150193525705], [-92.0955889651534, 37.72119460095357], [-92.09397685444998, 37.720653488877836], [-92.09265315692372, 37.71988756861526], [-92.09246458656716, 37.71973493655058], [-92.09208375707573, 37.719732176843564], [-92.09179905802239, 37.71965448097015], [-92.09141730546573, 37.719727347356276], [-92.09103462829601, 37.71987583981343], [-92.09074623320896, 37.72010064825871], [-92.09045876080016, 37.72024983060531], [-92.08988196249999, 37.72069944737977], [-92.08959448602819, 37.720848629668325], [-92.0890176778607, 37.72129824630183], [-92.08882633298784, 37.72137249244058], [-92.0883502854823, 37.721369042654786], [-92.0878760920398, 37.721214340796024], [-92.08740468307766, 37.72083276087618], [-92.08712091221669, 37.72067943898286], [-92.08683899870785, 37.72037486506357], [-92.08617625609452, 37.72006753144279], [-92.08503376181591, 37.720059252238805], [-92.0850579400912, 37.71809297636816], [-92.08496645487148, 37.717789782495856], [-92.08477697518657, 37.71771277672056], [-92.08468456129076, 37.71748520886125], [-92.08440173942094, 37.71725626124516], [-92.08412078109453, 37.71687606169154], [-92.08393223569651, 37.71672342998342], [-92.08383889447899, 37.71657148815644], [-92.08365035043532, 37.71641885646766], [-92.083463670322, 37.71611497284688], [-92.08346646505666, 37.71588809493228], [-92.08337312587065, 37.71573615313433], [-92.08337592089552, 37.71550927522388], [-92.08347205452597, 37.7154343391031], [-92.08347671241708, 37.71505620924544], [-92.08357377685185, 37.71490564714207], [-92.08424670143035, 37.71438109414179], [-92.08482162593283, 37.71408272915838], [-92.08511001637645, 37.71385792064677], [-92.08606851838032, 37.713335436788284], [-92.08625891687396, 37.713336816409615], [-92.08664342740464, 37.71303707158375], [-92.08693088017552, 37.71288788895661], [-92.08731631338446, 37.712512518032064], [-92.08760747244334, 37.712060831232726], [-92.08799289800994, 37.71168546019901], [-92.08818792643726, 37.7113087095633], [-92.08818885327528, 37.71123308352405], [-92.08848092872442, 37.71070577053621], [-92.0885798303897, 37.71040395611941], [-92.0889689468629, 37.709726080693756], [-92.08925638222084, 37.709576897817854], [-92.08944677104063, 37.709578277301], [-92.08963808524737, 37.70950403072416], [-92.08973235427031, 37.709580346525705], [-92.0898275486802, 37.709581036267274], [-92.08992366818684, 37.709506099944726], [-92.09002071249999, 37.7093555375539], [-92.0900253375, 37.70897740722637], [-92.08983680061498, 37.708824775639854], [-92.08983772580845, 37.708749149577116], [-92.08964918989082, 37.70859651800443], [-92.08926934305555, 37.708518133055556], [-92.0890808088792, 37.70836550150774], [-92.08937194152847, 37.70791381433112], [-92.08937286720564, 37.70783818827529], [-92.0894699105514, 37.70768762587065], [-92.0894726872927, 37.707460747699], [-92.08918526044775, 37.70760993069652], [-92.0890882166183, 37.70776049309425], [-92.08870652191128, 37.7078333603068], [-92.08832575317163, 37.70783060146766], [-92.08804110364842, 37.70775290630183], [-92.08766219013268, 37.707598895406306], [-92.08766311755113, 37.70752326937534], [-92.08728420597015, 37.70736925850746], [-92.08690715232173, 37.707063995621894], [-92.08681381768241, 37.70691205388889], [-92.0863425064262, 37.70653047536484], [-92.08624917362494, 37.706378533658096], [-92.08596453174405, 37.706300838601436], [-92.0858702707504, 37.706224522914596], [-92.08549136942372, 37.7060705121932], [-92.08530284917772, 37.70591788084439], [-92.09605929278607, 37.705995814145936], [-92.09624875360696, 37.706072819651745], [-92.09758049433388, 37.70615810129906], [-92.09767751881564, 37.70600753862493], [-92.10100916064124, 37.70603167725815], [-92.10110252285102, 37.70618361938502], [-92.10129838427999, 37.70573124136954], [-92.1025781869729, 37.70560595481934], [-92.10359113075593, 37.70506715708679], [-92.10416135112631, 37.70514692130045], [-92.10415952976092, 37.70529817384052], [-92.10425289738805, 37.70545011604478], [-92.10443781301824, 37.705905253018244], [-92.10481038126036, 37.70658864822554], [-92.10490193206881, 37.706891843034825], [-92.10508867486871, 37.70719572755114], [-92.10527723826009, 37.70734835951631], [-92.10603331706052, 37.707807634892205], [-92.10622279248894, 37.70788464060669], [-92.10650836875345, 37.707886709731895], [-92.10669966100055, 37.707812462841346], [-92.10746119693201, 37.707817980497516], [-92.10764976670812, 37.7079706125539], [-92.10783652343835, 37.70827449726921], [-92.1079280887576, 37.70857769228579], [-92.10820913501934, 37.708957893095636], [-92.10830160918324, 37.70918546181592], [-92.10867875995716, 37.709490726089], [-92.10896253081813, 37.70964404798231], [-92.10933968662243, 37.709949312327254], [-92.10962346057904, 37.710102634264786], [-92.11009762587065, 37.710257335721394], [-92.11038049823797, 37.710486284058874], [-92.11132612869679, 37.711022566238256], [-92.11179308050028, 37.71178227888336], [-92.11207415878246, 37.71216248015064], [-92.11273513004421, 37.712621067025985], [-92.11330451596186, 37.712776458598675], [-92.11406430114704, 37.71293322980376], [-92.11434989656578, 37.7129352992026], [-92.11529738495716, 37.713320329364294], [-92.11548598472221, 37.71347296184909], [-92.11586498394831, 37.71362697396904], [-92.11605358564815, 37.71377960648148], [-92.1163373878524, 37.71393292882256], [-92.11652599129353, 37.714085561359866], [-92.11671369769209, 37.71431382036208], [-92.11670831079326, 37.714767579085134], [-92.11661041625898, 37.71499376860973], [-92.11650982711441, 37.71544683747927], [-92.11650443905472, 37.71590059618574], [-92.11620625611525, 37.716957296882256], [-92.11620266291459, 37.717259802669986], [-92.11610117014925, 37.71778849791045], [-92.11600327000414, 37.718014687354895], [-92.11600057452321, 37.7182415666874], [-92.11589997773632, 37.71869463544776], [-92.1158954847844, 37.71907276766169], [-92.1157966837272, 37.71937458351576], [-92.11551376057214, 37.71914563445274], [-92.11513383431453, 37.71906724836927], [-92.1144673901534, 37.71906241898839], [-92.11351172303067, 37.719358025505805], [-92.11284527616087, 37.71935319608624], [-92.112467155597, 37.71912355723881], [-92.11209084227474, 37.71874266564953], [-92.11104990180348, 37.71820569207712], [-92.10953747875207, 37.71728713753317], [-92.10868426576837, 37.71697842326424], [-92.10792807649253, 37.71651914631012], [-92.10754907823383, 37.71636513420398], [-92.1070730636194, 37.716361684888064], [-92.10659795707573, 37.71628260926479], [-92.10602492281647, 37.7164297226921], [-92.10545097700387, 37.716652462377006], [-92.10506561567163, 37.717027834328356], [-92.10486610996406, 37.71778271740188], [-92.1048561020315, 37.71861460650912], [-92.10513626237562, 37.71907043394279], [-92.10551436059286, 37.71930007247098], [-92.10579725414593, 37.719529021111114], [-92.1060819665492, 37.71960671717524], [-92.10731784402985, 37.71976693880597], [-92.10779025315782, 37.72007289373411], [-92.10845308225538, 37.72038022859038], [-92.10940063691265, 37.72076525969873], [-92.11024937503454, 37.721452106440026], [-92.11033915923161, 37.72190655457159], [-92.11061936572, 37.72236238266446], [-92.11109270826422, 37.72259271164732], [-92.11156785959784, 37.72267178791045], [-92.1120457192786, 37.72252398502488], [-92.11281371715036, 37.72200012003593], [-92.11310385437396, 37.721624057918746], [-92.11329877958126, 37.72124730580846], [-92.11378203090105, 37.72064574426755], [-92.11378293161968, 37.72057011785517], [-92.11471191910856, 37.720479538947565], [-92.11569248919292, 37.720130157998895], [-92.11558739384327, 37.720961358893035], [-92.11568080500275, 37.721113301719186], [-92.11586942566335, 37.72126593450249], [-92.11624217828911, 37.72194933234384], [-92.11614607000415, 37.7220242688267], [-92.11614337510365, 37.722251148167494], [-92.11623858547539, 37.7222518381371], [-92.11651164580569, 37.723312678380324], [-92.11650715623963, 37.72369081064262], [-92.11659787936705, 37.724069632907685], [-92.11659428810115, 37.724372138723055], [-92.11668591030265, 37.72467533455224], [-92.11677753327805, 37.724978530392484], [-92.11696347383914, 37.725358042728026], [-92.11714582739083, 37.72604006093975], [-92.11732997851023, 37.72657082627142], [-92.11751682288556, 37.7268747122388], [-92.11788782689331, 37.72770936365948], [-92.11807467649254, 37.7280132497015], [-92.11778633364428, 37.72823805889304], [-92.11740456464206, 37.72831092504423], [-92.11702369219873, 37.72830816472361], [-92.11673714024322, 37.728381720939744], [-92.11663922887645, 37.728607910223886], [-92.1162565586719, 37.72875640278054], [-92.115209153068, 37.72874881180763]]]}}, {"type": "Feature", "properties": {"fid": 9, "area_name": "09", "area_syskey": 4787, "area_type": null}, "geometry": {"type": "Polygon", "coordinates": [[[-92.1329673773701, 37.71662495436429], [-92.13296473354754, 37.71685183443477], [-92.13276727518657, 37.71745546819652], [-92.13275317170397, 37.718665495194855], [-92.13293477022526, 37.71942314190022], [-92.1330299768242, 37.719423831815924], [-92.13311108613183, 37.72063454881841], [-92.13330062153814, 37.72071155538972], [-92.1326341638336, 37.72070672581537], [-92.13234765724847, 37.72078028267966], [-92.13196505940437, 37.72092877627004], [-92.13158334264097, 37.7210016431675], [-92.13120074208817, 37.72115013671919], [-92.1298642810738, 37.72144298403814], [-92.12967297808872, 37.72151723077529], [-92.12939000472636, 37.721288280995026], [-92.12929656560945, 37.72113633776949], [-92.12882052148977, 37.721132888032066], [-92.12843880037313, 37.72120575486733], [-92.12815051527778, 37.72143056488392], [-92.12719664901188, 37.72157491856827], [-92.12681581139441, 37.72157215874516], [-92.12633887642343, 37.72164433556108], [-92.12595626174681, 37.721792828911], [-92.12423803685738, 37.722158542454395], [-92.12328237089551, 37.72245414898839], [-92.12194585338585, 37.72274699550028], [-92.12089138520591, 37.72334441787176], [-92.12060306876728, 37.72356922744058], [-92.11983600547264, 37.72401746650083], [-92.1199285347775, 37.724245036008845], [-92.11830274709784, 37.72483831774461], [-92.11743775163764, 37.725512745791875], [-92.11724463115671, 37.725738245124376], [-92.11714941633498, 37.725737555091214], [-92.11715121080707, 37.725586302166946], [-92.11696347383914, 37.725358042728026], [-92.1169661661277, 37.725131163349914], [-92.11687274713239, 37.72497922041183], [-92.1168745421849, 37.724827967495855], [-92.11678381663903, 37.72444914519624], [-92.11669129662106, 37.7242215758209], [-92.11669398978026, 37.72399469645522], [-92.1166023684494, 37.72369150063847], [-92.11660595971532, 37.72338899482311], [-92.1165125437189, 37.72323705192786], [-92.11651523745854, 37.72301017257048], [-92.1164218221393, 37.72285822968491], [-92.11651793119817, 37.722783293213105], [-92.11661493788004, 37.72263273028469], [-92.11623948367883, 37.72217621168878], [-92.11624217828911, 37.72194933234384], [-92.1159646347775, 37.72126662445412], [-92.11577601392344, 37.721113991668055], [-92.11568260257047, 37.72096204883914], [-92.11569788189607, 37.71967639935876], [-92.1157966837272, 37.71937458351576], [-92.11589368760364, 37.719224020547266], [-92.11599338657408, 37.71884657824074], [-92.11609488137091, 37.7183178830293], [-92.11609937335544, 37.71793975080155], [-92.11619996801409, 37.71748668201078], [-92.11629696869818, 37.717336118996684], [-92.11630056151188, 37.71703361320343], [-92.11639845952874, 37.71680742372858], [-92.11640384816887, 37.716353665030404], [-92.11650084701492, 37.71620310199005], [-92.1168816575456, 37.716205861426204], [-92.11716636811083, 37.716283557464074], [-92.11783278721668, 37.71628838648701], [-92.11821270186567, 37.71636677240465], [-92.1188791216487, 37.71637160143726], [-92.11925903774875, 37.716449987375626], [-92.1314450118781, 37.71653828986319], [-92.1318249411346, 37.7166166759895], [-92.1329673773701, 37.71662495436429]]]}}, {"type": "Feature", "properties": {"fid": 10, "area_name": "10", "area_syskey": 4788, "area_type": null}, "geometry": {"type": "Polygon", "coordinates": [[[-92.15057820924544, 37.71690383320067], [-92.1474365032131, 37.716881067578775], [-92.14715176043394, 37.71680337108071], [-92.14229640149945, 37.71676818791736], [-92.14201166423437, 37.71669049149807], [-92.13715631023355, 37.7166553084052], [-92.13687157848258, 37.71657761206468], [-92.13544353463931, 37.71656726411692], [-92.13534745286069, 37.71664220097844], [-92.13430021964483, 37.71663461246821], [-92.13315866449005, 37.7165507074005], [-92.1329673773701, 37.71662495436429], [-92.13182582356964, 37.71654104931592], [-92.13173150317854, 37.716464732780544], [-92.1269713618712, 37.71643023969044], [-92.12659143832227, 37.71635185364566], [-92.12059366636953, 37.716308392439196], [-92.12021196121475, 37.71638125950249], [-92.11964074425788, 37.71637712033168], [-92.11916562542841, 37.71629804453289], [-92.11859440905195, 37.71629390537037], [-92.11821449440298, 37.71621551945274], [-92.1178336838723, 37.71621276001659], [-92.11735856784826, 37.716133684257876], [-92.11697775770453, 37.716130924827254], [-92.11650264303482, 37.7160518490879], [-92.11660143712686, 37.71575003313433], [-92.1166050287797, 37.71544752732449], [-92.11680351158789, 37.71476826891791], [-92.11681607966418, 37.71370949854478], [-92.11663376200248, 37.713027480845774], [-92.11663735365534, 37.71272497503593], [-92.11645683646351, 37.71189170449834], [-92.11626913712686, 37.71166344559702], [-92.11589733668463, 37.7109044220785], [-92.11570964160447, 37.71067616323798], [-92.11552284675925, 37.710372277978166], [-92.11515555793946, 37.70923512251244], [-92.11496876909203, 37.70893123733831], [-92.11487717475124, 37.70862804190713], [-92.11469128855721, 37.70824853034826], [-92.11403034496269, 37.707789943868164], [-92.11356159433387, 37.70718148408513], [-92.11319525373133, 37.70596870288557], [-92.11320246567163, 37.70536369167496], [-92.11339915236317, 37.704835686169154], [-92.11359223192372, 37.704610186252076], [-92.11388680357241, 37.70385599108485], [-92.11408077978855, 37.70355486469735], [-92.11437444220564, 37.7028762958209], [-92.11467079952321, 37.70197084760365], [-92.11486656750276, 37.701518468253184], [-92.11506413246958, 37.70091483601437], [-92.11554993880597, 37.70008639313433], [-92.11584537257463, 37.69925657100332], [-92.11603932924959, 37.698955444336654], [-92.11642005155473, 37.69895820251244], [-92.11680167177306, 37.69888533423576], [-92.11784865704809, 37.69889291920398], [-92.11822848250415, 37.69897130384743], [-92.12517666457296, 37.69902164055556], [-92.12555649786484, 37.69910002531095], [-92.13250468699557, 37.69915036211995], [-92.13317535807766, 37.69877705548646], [-92.13336924277915, 37.69847592779159], [-92.13404430543116, 37.697724487495854], [-92.13443294092039, 37.697046605199006], [-92.13443646098673, 37.6967440983665], [-92.1345351582435, 37.696442281029576], [-92.13472991125622, 37.69606552645937], [-92.1348294861111, 37.69568808237977], [-92.13492730093283, 37.69546189171642], [-92.13521546645937, 37.69523707999171], [-92.13597687160033, 37.69524259577944], [-92.13635845225262, 37.695169726937536], [-92.1385474898079, 37.69518558479547], [-92.13902249216417, 37.695264658930355], [-92.14035495116086, 37.695274311558876], [-92.14083170290905, 37.69520213212549], [-92.14206898500552, 37.69521109526258], [-92.14283126087616, 37.69514098420951], [-92.14302683963516, 37.694688602155885], [-92.1430460084577, 37.6930248118408], [-92.14295606415837, 37.69257036142206], [-92.14296042119264, 37.692192227266446], [-92.14752866165699, 37.69222531927308], [-92.14781331021281, 37.69230301442509], [-92.1520008682283, 37.69233334882532], [-92.15209259152154, 37.69263654609867], [-92.1520701764027, 37.69460284715727], [-92.15216276500828, 37.69483041751244], [-92.15215931691543, 37.69513292537314], [-92.15225104456191, 37.69543612270868], [-92.152247596856, 37.6957386305749], [-92.1523384638336, 37.69611745489497], [-92.1525245088723, 37.696496968723054], [-92.15261537826837, 37.696875793077666], [-92.15280056534688, 37.69733093392897], [-92.15279798130872, 37.69755781485351], [-92.15335269745025, 37.69899886461443], [-92.15344271372305, 37.699453316061366], [-92.1538105329602, 37.70059047910448], [-92.1539922967109, 37.70134812817027], [-92.154177503911, 37.70180326930901], [-92.15417148464621, 37.70233265827805], [-92.15426237019761, 37.702711482863464], [-92.15425807120647, 37.703089617848256], [-92.15415600653675, 37.703693944198456], [-92.15414998727198, 37.7042233331675], [-92.15405050035241, 37.70460077850332], [-92.15404534040216, 37.705054540468495], [-92.15394671202321, 37.70535635878939], [-92.15393897122719, 37.70603700172471], [-92.15384034120369, 37.70633882002211], [-92.15383173935184, 37.70709508993643], [-92.15373310758706, 37.707396908208956], [-92.15372880617744, 37.7077750431592], [-92.15363017315505, 37.708076861413765], [-92.15362329012575, 37.70868187732311], [-92.15352465555554, 37.70898369555555], [-92.15351777175235, 37.70958871145384], [-92.15341913563432, 37.70989052966418], [-92.15341311162935, 37.710419918565506], [-92.15262829613737, 37.71245632889857], [-92.15252879141791, 37.7128337739801], [-92.15214024299335, 37.713511657520726], [-92.1519429490879, 37.71411529363184], [-92.15174910095357, 37.71441642184909], [-92.1515500768104, 37.7151713118021], [-92.15125498414179, 37.71600113880597], [-92.15106112846186, 37.71630226691542], [-92.15057820924544, 37.71690383320067]]]}}, {"type": "Feature", "properties": {"fid": 11, "area_name": "10A", "area_syskey": 4828, "area_type": null}, "geometry": {"type": "Polygon", "coordinates": [[[-92.1010100745163, 37.70595605103372], [-92.10107952902156, 37.700208457976785], [-92.10117836645246, 37.69990664264235], [-92.10131908831536, 37.688260203866776], [-92.10141699639304, 37.68803401453566], [-92.10152846554726, 37.67880761481758], [-92.10209939519072, 37.67881174988391], [-92.10247910223879, 37.67889013283582], [-92.10285972238805, 37.67889288955224], [-92.10437855986733, 37.67920642149254], [-92.10475918156439, 37.67920917823107], [-92.10551860572139, 37.67936594427861], [-92.10637137128938, 37.67967465215588], [-92.10684624304864, 37.6797537244251], [-92.10741173355444, 37.68021161746822], [-92.10769538881289, 37.68036493771006], [-92.10807238828772, 37.680670199821726], [-92.10825544830706, 37.681276588846046], [-92.10844304452044, 37.68150484627418], [-92.10842491212686, 37.68301737283582], [-92.10851644629629, 37.68332056740741], [-92.1084965027916, 37.68498434665561], [-92.10858803986318, 37.685287541268664], [-92.10858441415837, 37.68559004659204], [-92.1087720225608, 37.68581830419431], [-92.10905479625484, 37.68604725112217], [-92.10962215959094, 37.68635389236042], [-92.1098097731205, 37.68658215003593], [-92.11056747400497, 37.68689017002488], [-92.11085025727611, 37.68711911708955], [-92.11123001549889, 37.68719750077253], [-92.11227142097843, 37.68765884170813], [-92.11255601710198, 37.68773653611111], [-92.11321857417082, 37.68804386708126], [-92.11350317271283, 37.6881215615188], [-92.11378687072967, 37.68827488237147], [-92.11425820230099, 37.688656461185744], [-92.11435066814539, 37.68888402978718], [-92.11434706604479, 37.68918653544777], [-92.11443863242813, 37.68948973047955], [-92.11433896131841, 37.68986717318408], [-92.11433625974296, 37.69009405242952], [-92.11423748799751, 37.690395868702325], [-92.11423478613183, 37.690622747943614], [-92.11413601332228, 37.69092456420122], [-92.11413241044777, 37.69122706985075], [-92.11403363647733, 37.69152888609177], [-92.11402913240049, 37.691907018146765], [-92.11393035717246, 37.69220883436982], [-92.11392585261193, 37.69258696641791], [-92.11420416498756, 37.69319404601161], [-92.11439090972222, 37.69349793055556], [-92.11457855623964, 37.69372618870232], [-92.11495205306109, 37.69433395789525], [-92.11504362873134, 37.6946371530597], [-92.11523038062465, 37.69494103770592], [-92.11541353660863, 37.695547428101165], [-92.11540993915146, 37.695849933828086], [-92.11521238946932, 37.69645356628524], [-92.11520519300718, 37.69705857771697], [-92.11529677332089, 37.69736177294776], [-92.11548263407269, 37.69774128414317], [-92.1155742164179, 37.69804447940298], [-92.11575648445275, 37.698726496393036], [-92.1157528885434, 37.69902900214207], [-92.11535957475124, 37.700085014004976], [-92.11516561246545, 37.70038614059148], [-92.11516291379215, 37.70061301987839], [-92.1149689493781, 37.70091414643449], [-92.1145756150774, 37.70197015800443], [-92.11438164485904, 37.70227128447762], [-92.11428375874101, 37.702497474122445], [-92.11349614288972, 37.70468512300995], [-92.1133021614497, 37.70498624932283], [-92.11320336716418, 37.705288065273635], [-92.11320066268657, 37.70551494447761], [-92.11310186733692, 37.705816760413214], [-92.11309735939054, 37.70619489241294], [-92.11328413353371, 37.70649877737701], [-92.11346730441542, 37.70710516798508], [-92.11384086198866, 37.70771293804588], [-92.11450090360697, 37.7082471509204], [-92.11468858872306, 37.70847540961857], [-92.11496696978303, 37.70908249019348], [-92.1151501611733, 37.70968888109453], [-92.11533785199696, 37.70991713987424], [-92.11561354705638, 37.71075109991708], [-92.11626734052653, 37.71181469849088], [-92.11654395149253, 37.71257303233831], [-92.11653676741292, 37.71317804394693], [-92.11662657869678, 37.71363249246545], [-92.11662208913073, 37.71401062472775], [-92.11633918425926, 37.71378167592593], [-92.11596018329188, 37.7136276637811], [-92.11567728190298, 37.71339871502902], [-92.11473069045744, 37.71293805840105], [-92.11406610219734, 37.71278197697347], [-92.11292552621613, 37.712622446614155], [-92.11264173591071, 37.71246912444307], [-92.1122654561567, 37.71208823333333], [-92.11198437719734, 37.711708032056386], [-92.11179849758153, 37.711328520591486], [-92.11151652080568, 37.71102394576838], [-92.11123364292426, 37.71079499735213], [-92.11009853045881, 37.71018170936429], [-92.10981385036622, 37.71010401376175], [-92.10953098119127, 37.70987506546987], [-92.10858537810945, 37.709338783681595], [-92.10830432846186, 37.708958582823385], [-92.10793262282337, 37.70819956065921], [-92.10774495889302, 37.70797130226368], [-92.10746210422886, 37.7077423541791], [-92.10708315201768, 37.707588342730794], [-92.10631889303482, 37.70780970401327], [-92.10603513455638, 37.70765638229685], [-92.10584656884328, 37.70750375029851], [-92.10546853041045, 37.707274112624376], [-92.10508958458402, 37.70712010126728], [-92.10499803271144, 37.70681690644279], [-92.10481038126036, 37.70658864822554], [-92.10444236498066, 37.70552712164732], [-92.10416226180901, 37.70507129503041], [-92.10359113075593, 37.70506715708679], [-92.10247002176966, 37.70560120044931], [-92.10129838427999, 37.70573124136954], [-92.10110252285102, 37.70618361938502], [-92.1010100745163, 37.70595605103372]]]}}, {"type": "Feature", "properties": {"fid": 12, "area_name": "11", "area_syskey": 4789, "area_type": null}, "geometry": {"type": "MultiPolygon", "coordinates": [[[[-92.1520994885, 37.6920315304], [-92.1519065588, 37.6922570324], [-92.1456252281, 37.6922115309], [-92.1453405821, 37.6921338358], [-92.1451502389, 37.692132457], [-92.1454348848, 37.6922101521], [-92.1450550674, 37.6921317676], [-92.1433419789, 37.6921193581], [-92.1430573355, 37.692041663], [-92.142675778, 37.6921145322], [-92.1389640863, 37.692087645], [-92.1384856005, 37.6923110782], [-92.1383904286, 37.6923103888], [-92.1381992086, 37.6923846367], [-92.1371593355, 37.6917720391], [-92.1365926978, 37.691389769], [-92.1356812031, 37.6909930945], [-92.1297503162, 37.6907066959], [-92.1286036743, 37.6908780994], [-92.1282229938, 37.6908753418], [-92.1268923875, 37.6907144371], [-92.1263195912, 37.6908615539], [-92.126203871, 37.6917149715], [-92.1263384766, 37.6927750431], [-92.1265307703, 37.6962899048], [-92.1283191017, 37.6961681808], [-92.1295690107, 37.6958790854], [-92.1334148846, 37.6954986951], [-92.1338187013, 37.6954986951], [-92.1348303657, 37.6956124557], [-92.1349264214, 37.6955375184], [-92.1347316707, 37.695914273], [-92.1342399444, 37.6972721063], [-92.1338521866, 37.6978743619], [-92.1336591861, 37.6980998629], [-92.1334653036, 37.6984009906], [-92.1331762394, 37.6987014288], [-92.1328880544, 37.6989262402], [-92.1324095063, 37.6991496726], [-92.1274601113, 37.6991138162], [-92.1270802761, 37.6990354314], [-92.1207031775, 37.698989232], [-92.1203233495, 37.6989108473], [-92.1199426276, 37.6989080891], [-92.1197522666, 37.6989067101], [-92.1192754688, 37.6989788888], [-92.1188956423, 37.6989005042], [-92.1159450475, 37.6988791284], [-92.1158507659, 37.6988028124], [-92.1157582824, 37.6985752435], [-92.1155769139, 37.6978176001], [-92.1153910525, 37.6974380889], [-92.1153012706, 37.6969836408], [-92.1153048685, 37.6966811351], [-92.115404543, 37.6963036924], [-92.1154081404, 37.6960011867], [-92.1155078136, 37.695623744], [-92.1155096121, 37.6954724911], [-92.1153228577, 37.6951686065], [-92.1153264555, 37.6948661007], [-92.1152348784, 37.6945629056], [-92.1150481275, 37.6942590209], [-92.1149565523, 37.6939558258], [-92.11467283, 37.6938025046], [-92.1145803567, 37.6935749359], [-92.1143927106, 37.6933466777], [-92.1142059662, 37.6930427932], [-92.1139303572, 37.6922088344], [-92.1141270061, 37.6916808283], [-92.1142266805, 37.6913033857], [-92.1142365874, 37.6904714951], [-92.1143344587, 37.6902453053], [-92.1143380608, 37.6899427996], [-92.1144368316, 37.6896409833], [-92.114345265, 37.6893377883], [-92.1143542702, 37.6885815241], [-92.1142618048, 37.6883539555], [-92.1135992408, 37.6880466245], [-92.1133146424, 37.68796893], [-92.1127472518, 37.6876622884], [-92.1123674897, 37.6875839047], [-92.1119886313, 37.6874298946], [-92.1117040369, 37.6873522002], [-92.1113260847, 37.6871225637], [-92.1104732133, 37.6868138543], [-92.1100952675, 37.686584218], [-92.1098124886, 37.686355271], [-92.1091499604, 37.6860479404], [-92.1089632563, 37.6857440565], [-92.108680484, 37.6855151096], [-92.108699517, 37.6839269566], [-92.1086079812, 37.683623762], [-92.1086206712, 37.6825649934], [-92.1085300441, 37.6821861725], [-92.1085345768, 37.6818080408], [-92.1083524198, 37.6811260254], [-92.1082599824, 37.6808984572], [-92.1080732953, 37.6805945735], [-92.1076962962, 37.6802893114], [-92.1072241438, 37.6799833601], [-92.1069413992, 37.6797544136], [-92.1065625919, 37.6796004042], [-92.1055186057, 37.6793659443], [-92.1051398033, 37.679211935], [-92.104760092, 37.679133552], [-92.104474626, 37.6791314844], [-92.1027654798, 37.6788165741], [-92.1021003083, 37.6787361236], [-92.1015293792, 37.6787319886], [-92.101555876, 37.676538828], [-92.1016546824, 37.6762370122], [-92.1017140654, 37.6713213074], [-92.1023809958, 37.6712505044], [-92.1024797924, 37.6709486885], [-92.1022940676, 37.6705691792], [-92.1017241148, 37.6704894189], [-92.1017323371, 37.6698087828], [-92.1021119976, 37.6698871651], [-92.1023974282, 37.6698892321], [-92.1027789148, 37.6698163619], [-92.1129592617, 37.6698900864], [-92.1132428882, 37.6700434062], [-92.1135256143, 37.6702723524], [-92.1148486267, 37.6710382629], [-92.1153198524, 37.6714198402], [-92.1155038462, 37.6719506033], [-92.1154930515, 37.6728581204], [-92.1156770503, 37.6733888836], [-92.1160558439, 37.6735428928], [-92.1233822455, 37.6735959519], [-92.1237619466, 37.6736743348], [-92.1272824289, 37.6736998308], [-92.1275669861, 37.6737775246], [-92.1279475792, 37.673780281], [-92.1290867012, 37.6740154298], [-92.1356519515, 37.6740629768], [-92.1360334244, 37.6739901064], [-92.1467852003, 37.674067973], [-92.1471649268, 37.6741463563], [-92.1544913656, 37.6741994159], [-92.1546756448, 37.6747301831], [-92.154479327, 37.6752581939], [-92.15445525, 37.6773757497], [-92.1546360985, 37.678209025], [-92.1545383654, 37.6784352168], [-92.1545306272, 37.6791158598], [-92.1546249224, 37.679192176], [-92.1549043713, 37.6797236325], [-92.1543274177, 37.6802488864], [-92.1539347472, 37.6813049074], [-92.153740129, 37.6816816639], [-92.153446046, 37.6824358661], [-92.1530559359, 37.6832650059], [-92.1529573303, 37.6835668245], [-92.1529556076, 37.6837180785], [-92.1526606474, 37.6845479074], [-92.1525654856, 37.6845472181], [-92.1526511694, 37.685379804], [-92.1523648189, 37.6854533631], [-92.1522679318, 37.6856039278], [-92.1522524154, 37.6869652131], [-92.152146043, 37.6879476743], [-92.152236899, 37.6883264985], [-92.1522343129, 37.6885533794], [-92.1521356975, 37.6888551979], [-92.1521098339, 37.6911240068], [-92.1522024181, 37.6913515771], [-92.152199832, 37.691578458], [-92.1520994885, 37.6920315304]]], [[[-92.1456252281, 37.6922115309], [-92.1457203998, 37.6922122204], [-92.1454348848, 37.6922101521], [-92.1456252281, 37.6922115309]]]]}}, {"type": "Feature", "properties": {"fid": 13, "area_name": "12", "area_syskey": null, "area_type": null}, "geometry": {"type": "Polygon", "coordinates": [[[-92.15842903162658, 37.65418512218629], [-92.15861756560945, 37.65433775373135], [-92.15908633761747, 37.65494621381979], [-92.15927487488943, 37.65509884541183], [-92.15983707266444, 37.6558592485351], [-92.16002134141792, 37.65639001554727], [-92.16001279664178, 37.65714628627695], [-92.15991425165146, 37.65744810578911], [-92.15991083335406, 37.65775061407546], [-92.1597145950456, 37.65827862598674], [-92.15971203074213, 37.658505507193205], [-92.15961348284964, 37.658807326663904], [-92.15961006339137, 37.659109834933666], [-92.15951151433802, 37.65941165438778], [-92.1595089494541, 37.65963853558596], [-92.15931184844527, 37.66024217445273], [-92.15930928298093, 37.66046905564262], [-92.15911217829603, 37.661072694456884], [-92.159108756903, 37.66137520269901], [-92.15891164834852, 37.66197884145799], [-92.15890822618158, 37.66228134968905], [-92.15880967035655, 37.662583169046435], [-92.1588045365257, 37.66303693138474], [-92.15840431098673, 37.664773598026535], [-92.15830831840104, 37.664848536162246], [-92.15830318166805, 37.665302298459096], [-92.15820718830844, 37.665377236583744], [-92.15820376343284, 37.66567974477612], [-92.15800663688502, 37.666283383278056], [-92.1580032112355, 37.66658589145938], [-92.15780608081812, 37.667189529906025], [-92.15780265439469, 37.66749203807629], [-92.15760552010781, 37.668095676467665], [-92.15760209291045, 37.66839818462687], [-92.15750352421918, 37.66870000380044], [-92.15750095353094, 37.6689268849157], [-92.15730209906717, 37.6696817772927], [-92.15729009981342, 37.67074055579187], [-92.15719409852127, 37.670815493803204], [-92.15650454998067, 37.6716417771747], [-92.15593728358132, 37.672648856431266], [-92.15573774181176, 37.67337647689884], [-92.15554744682835, 37.67337509875622], [-92.15535371574765, 37.67367622864566], [-92.15487453832228, 37.67397529126589], [-92.15477767084715, 37.674125856182975], [-92.14688034874239, 37.67406866211719], [-92.14650062292702, 37.67399027889718], [-92.13793727031509, 37.67392826135987], [-92.13755579975124, 37.67400113177446], [-92.12880214151464, 37.67393773594251], [-92.12823302394969, 37.67378234820343], [-92.12756787336235, 37.67370189802239], [-92.12718816834577, 37.6736235150995], [-92.12100354365671, 37.67357872492538], [-92.12062384570204, 37.673500342103374], [-92.11605674288282, 37.673467266348815], [-92.11586734610282, 37.67339026175787], [-92.11558460084993, 37.67316131523632], [-92.11559809276534, 37.67202691878109], [-92.1155074444168, 37.6716480975843], [-92.11513226147042, 37.67119158286346], [-92.11447074906717, 37.67080862753731], [-92.11418801803484, 37.6705796812189], [-92.11390438754145, 37.67042636133085], [-92.11362165970148, 37.67019741505804], [-92.11333803182008, 37.6700440952073], [-92.11305530717247, 37.6698151489801], [-92.10268468398976, 37.66974004668464], [-92.10230228465312, 37.66988854311083], [-92.10192353733417, 37.66973453458956], [-92.10193175785655, 37.669053898507464], [-92.10174330010364, 37.668901268051414], [-92.10194363194444, 37.6680707575], [-92.10196281316334, 37.66648260664179], [-92.10187132794361, 37.66617941276949], [-92.10196724419568, 37.658238658623546], [-92.10206602638888, 37.6579368425], [-92.1020925147388, 37.655743681791044], [-92.10228641840104, 37.65544255436705], [-92.10228915799475, 37.655215675664735], [-92.10258548716142, 37.65431022704533], [-92.10258913879214, 37.65400772209232], [-92.10268791324627, 37.65370590585821], [-92.10269156449004, 37.65340340089967], [-92.10279033778329, 37.65310158464897], [-92.10279398864013, 37.65279907968491], [-92.10299153213101, 37.652195447139306], [-92.1029942696932, 37.651968568407966], [-92.10329057825456, 37.6510631194942], [-92.1032933149461, 37.650836240750415], [-92.10368838103234, 37.6496289753607], [-92.10369294025014, 37.64925084409342], [-92.10360055895522, 37.649023276699836], [-92.10341306170537, 37.64879502068546], [-92.10265851977611, 37.648260127985075], [-92.1026594326838, 37.64818450174682], [-92.10219207439884, 37.64750042257463], [-92.10220029492122, 37.646819786492536], [-92.1022999754146, 37.646442343922054], [-92.10232646095909, 37.644249183173024], [-92.10299223607656, 37.64425400299613], [-92.1032766559425, 37.644331694881146], [-92.10413356484936, 37.644262265550026], [-92.11611751696378, 37.64434902236595], [-92.11621622437812, 37.64404720517413], [-92.11625578789386, 37.64071964205638], [-92.11834812182146, 37.64073478861249], [-92.11863254333196, 37.64081248052101], [-92.12652635663349, 37.64086962446103], [-92.12690589303482, 37.64094800497512], [-92.1344192892413, 37.641002395099505], [-92.13479883405887, 37.64108077573383], [-92.13926883381703, 37.64111313448038], [-92.13936744284825, 37.640811315883084], [-92.13939196142205, 37.63869376631426], [-92.1394905669707, 37.638391947667216], [-92.13950895386954, 37.63680378546158], [-92.13940483317943, 37.63592452126958], [-92.14413525806906, 37.63583315398823], [-92.14412953441126, 37.63199671127695], [-92.14422811238943, 37.63169489223604], [-92.14424030395936, 37.63063611648425], [-92.14462415744195, 37.630336362271976], [-92.14472186101436, 37.63011017001935], [-92.14671272016997, 37.63065401207297], [-92.14670924692508, 37.63095651957435], [-92.14651211225124, 37.6315601579602], [-92.14650950673715, 37.63178703857795], [-92.14631236838724, 37.63239067691128], [-92.14639704032615, 37.633298887689335], [-92.14620250371753, 37.633675645351026], [-92.14610306245854, 37.63405309133914], [-92.14600535820895, 37.63427928358209], [-92.14598102653399, 37.6363968358209], [-92.146074389034, 37.63654877795191], [-92.14626198389303, 37.636777035360694], [-92.1465455493781, 37.63693035432007], [-92.14711094817578, 37.637388246053064], [-92.14739538526119, 37.63746593818408], [-92.14758558853649, 37.637467315016586], [-92.14824263333334, 37.63822840291874], [-92.14833773593836, 37.63822909134881], [-92.14871641399253, 37.638383098880595], [-92.14918759948866, 37.63876467560807], [-92.14947117851713, 37.63891799476092], [-92.14975389358762, 37.6391469408513], [-92.15032105802929, 37.639453579248205], [-92.15079225851989, 37.63983515618988], [-92.15107584490049, 37.63998847544776], [-92.15135856896765, 37.64021742166666], [-92.1516421579602, 37.640370740961856], [-92.15192488521973, 37.64059968722637], [-92.15219985078774, 37.6415092761277], [-92.15210129322139, 37.6418110954602], [-92.15209784241983, 37.6421136032822], [-92.15199928369263, 37.64241542259812], [-92.15199238131564, 37.64302043823107], [-92.15189382104063, 37.64332225752487], [-92.15188346631425, 37.64422978095771], [-92.15178490410449, 37.644531600223885], [-92.15177195924545, 37.6456660044942], [-92.15186361975537, 37.645969200870645], [-92.15186016817992, 37.64627170868159], [-92.15083669332941, 37.646698981373305], [-92.14821188439673, 37.64672029729902], [-92.148346489983, 37.64874528222086], [-92.14788498511574, 37.64918681295489], [-92.1471350397064, 37.64956744079123], [-92.14592059521145, 37.6499347334204], [-92.14542362582354, 37.65069408775376], [-92.14481597774827, 37.65020689010975], [-92.14468928731343, 37.64947201995025], [-92.14357279901205, 37.64916016761976], [-92.14260805250137, 37.648473721315646], [-92.14184974556383, 37.64824133194859], [-92.14100157162106, 37.647554493267], [-92.14081396476645, 37.64732623568685], [-92.14053124505251, 37.64709728953013], [-92.14024940177585, 37.64679271661415], [-92.14006004939884, 37.646715712657546], [-92.13968047052929, 37.64663733153676], [-92.13915485137629, 37.64570778157475], [-92.13913562200683, 37.64509113401593], [-92.13880872272584, 37.64478661355063], [-92.13700116199566, 37.64451254406447], [-92.13463594955084, 37.64393394960618], [-92.13459749081188, 37.643553292899476], [-92.13434750900876, 37.64344670867204], [-92.13142464484932, 37.64343148234137], [-92.13048366065505, 37.64407485962686], [-92.13010321966556, 37.644072105469874], [-92.12990768772802, 37.64452448819237], [-92.1288671387098, 37.644877969821295], [-92.12846332195093, 37.64527384569586], [-92.12671344932917, 37.64676597425927], [-92.12646346752605, 37.64714661450222], [-92.12632886193975, 37.64758815474023], [-92.12621348572294, 37.64847122734153], [-92.12590581581141, 37.64955221571525], [-92.12550199905253, 37.65151622475025], [-92.12455975994848, 37.655641997037954], [-92.12452130120957, 37.65661631570405], [-92.12457898931795, 37.65809299305885], [-92.12475205364318, 37.65880848595644], [-92.12473282427374, 37.65995021566124], [-92.12492511796843, 37.66046779400993], [-92.12542508157463, 37.660985368750175], [-92.12594427455033, 37.66167038859313], [-92.12655961437338, 37.66255329373329], [-92.12744416536901, 37.664045075108746], [-92.12836717510355, 37.66520194614755], [-92.12956645315782, 37.66554800337342], [-92.12955848512298, 37.66622864306247], [-92.13002975381426, 37.66661022097844], [-92.13096588703479, 37.667198158521956], [-92.13248226017016, 37.667363420034555], [-92.13303991188478, 37.667363420034555], [-92.13425136216138, 37.66696766191768], [-92.13555895928536, 37.66649579371262], [-92.13686655640933, 37.666115252652375], [-92.13834721785854, 37.66559771367942], [-92.13953943876567, 37.6652780554522], [-92.14123162327903, 37.66473006671696], [-92.14261613788089, 37.66413640768841], [-92.14359683572386, 37.663923298161066], [-92.14451984545845, 37.663801521013596], [-92.1456673217247, 37.66369813432836], [-92.14672572884194, 37.66395591686794], [-92.14708284570354, 37.66399723405085], [-92.1481399706053, 37.66379167252073], [-92.14923584832098, 37.66423535116029], [-92.15275001559164, 37.66444084880898], [-92.15438451199658, 37.66457784690585], [-92.15573056785951, 37.66473006671695], [-92.15617284335733, 37.66473006671695], [-92.15649974263833, 37.66265985054005], [-92.15663434822463, 37.6613050454635], [-92.15738429363392, 37.65778852590465], [-92.15765350480652, 37.65631184249431], [-92.15784579850121, 37.65504826533148], [-92.15871097705914, 37.65448969656164], [-92.15842903162658, 37.65418512218629]]]}}, {"type": "Feature", "properties": {"fid": 14, "area_name": "13", "area_syskey": 4791, "area_type": null}, "geometry": {"type": "Polygon", "coordinates": [[[-92.20181609087894, 37.68006340192372], [-92.20180959712548, 37.68066842339414], [-92.2019023186498, 37.68089599564815], [-92.20189257918048, 37.68180352787037], [-92.20100934632393, 37.6842930380984], [-92.20062138626312, 37.68497093004423], [-92.20023829883914, 37.6851950559204], [-92.19985602274737, 37.68534355410724], [-92.1989979321932, 37.685488605837484], [-92.19852211927859, 37.68548515940299], [-92.19775918705086, 37.68563090035932], [-92.19747369872167, 37.68562883249033], [-92.19709223115672, 37.68570170294777], [-92.19671157966417, 37.685698945783585], [-92.19642527390823, 37.685772505516866], [-92.19347522184218, 37.68575113745163], [-92.19309539048507, 37.68567275272388], [-92.18881306119403, 37.68564173462686], [-92.18843323496407, 37.68556334997236], [-92.18481704946103, 37.68553715696518], [-92.18443722768104, 37.68545877237425], [-92.18082104585406, 37.68543257941957], [-92.18043872835821, 37.68558107701493], [-92.18015407341764, 37.6855033817717], [-92.17977509044361, 37.685349369883916], [-92.17625407487562, 37.68532386626866], [-92.175874262576, 37.68524548181316], [-92.17539845014511, 37.68524203538558], [-92.17546804695273, 37.67896496940299], [-92.17490215478854, 37.67850707062189], [-92.174618371932, 37.678353748557214], [-92.17405248963514, 37.67789584991708], [-92.17301337478578, 37.6772076238654], [-92.17282643521975, 37.67690373653815], [-92.17254350422886, 37.67667478736319], [-92.17292663383085, 37.67645066208956], [-92.17359269268243, 37.67645548596601], [-92.17397413780402, 37.676382615187954], [-92.17644806816612, 37.67640053240741], [-92.17682950999861, 37.67632766158236], [-92.17787617177997, 37.67633524192924], [-92.1780689816335, 37.676109738159205], [-92.17835610520316, 37.675960550829195], [-92.17854891263819, 37.6757350470246], [-92.17883603378937, 37.67558585966003], [-92.17864907487561, 37.67528197205638], [-92.17855643141928, 37.67505440091763], [-92.17818084855583, 37.674597880483695], [-92.17808904332504, 37.6742946820398], [-92.17790125469872, 37.674066421862904], [-92.17780861511194, 37.67383885077944], [-92.17762082851714, 37.67361059063157], [-92.17743387966418, 37.67330670317165], [-92.17734207917357, 37.67300350479547], [-92.1771542961581, 37.672775244698734], [-92.17678040812605, 37.672167469917085], [-92.17640485099501, 37.67171094985075], [-92.17631221905057, 37.67148337887645], [-92.17612444309702, 37.6712551188806], [-92.17574470306107, 37.671176735457436], [-92.1753641250898, 37.67117397934356], [-92.17507953061083, 37.67109628496407], [-92.17412640671641, 37.67124064925373], [-92.17374330729685, 37.671464774958544], [-92.17345535072553, 37.671689589668325], [-92.17306972385987, 37.672140597106136], [-92.17278176264512, 37.67236541174959], [-92.17258810450525, 37.67266654268104], [-92.1723952865257, 37.672892046334994], [-92.17210732037726, 37.67311686090796], [-92.17133603104615, 37.67401887527501], [-92.17104805735211, 37.67424368974019], [-92.17075839521144, 37.67461975864428], [-92.1704704174544, 37.67484457305141], [-92.16912058325042, 37.67642309708126], [-92.16883259359452, 37.67664791131841], [-92.16863975404229, 37.676873414664186], [-92.16854460219734, 37.676872725530686], [-92.1681690706053, 37.67641620582919], [-92.16732033074211, 37.67572935906302], [-92.16618530998478, 37.67511607238529], [-92.16523551171225, 37.674957927064675], [-92.1647614634743, 37.67480322728027], [-92.16410136971393, 37.67426901366087], [-92.1639161745094, 37.67381387269348], [-92.16391957578082, 37.67351136416391], [-92.16382782985075, 37.673208166567164], [-92.16401982469596, 37.67305829043394], [-92.16383718441128, 37.67237626812604], [-92.16355259670398, 37.672298573843285], [-92.16327056256219, 37.67199399820067], [-92.16279909168739, 37.671612417396354], [-92.16261220803621, 37.67130853086788], [-92.16242447406715, 37.67108027147181], [-92.16224014949557, 37.670549503662244], [-92.16214926645938, 37.67017067911277], [-92.16215437939469, 37.669716916475956], [-92.16225122626452, 37.669566351264514], [-92.16196920798782, 37.66926177584853], [-92.16159119751244, 37.6690321385738], [-92.16130918397594, 37.66872756322554], [-92.16036289300027, 37.66826691089], [-92.15979461124239, 37.66803589581122], [-92.15951175396629, 37.667806947689336], [-92.15885004934354, 37.66742398961719], [-92.1579020768864, 37.66711459182007], [-92.15809835002072, 37.6665865804063], [-92.15810177528331, 37.66628407221946], [-92.15829890105721, 37.66568043370647], [-92.15830232554586, 37.665377925508565], [-92.15849944745024, 37.6647742869403], [-92.15916882370092, 37.664476601089], [-92.16012018446655, 37.66448349017137], [-92.16250369757462, 37.66404695021559], [-92.16421613650498, 37.6640593504146], [-92.16459497901465, 37.66421336029575], [-92.1655437896006, 37.66444713078635], [-92.16649514939883, 37.664454019854894], [-92.16753910496129, 37.66468847938087], [-92.16791965004145, 37.664691235024875], [-92.16953274309701, 37.66508108257463], [-92.17010018711304, 37.66538772496545], [-92.17047904819651, 37.665541735111944], [-92.17066763577252, 37.66569436742261], [-92.17132938412107, 37.66607732611941], [-92.17170656623827, 37.66638259084025], [-92.1720871198314, 37.666385346605864], [-92.17322625780818, 37.66662049570205], [-92.17407494543255, 37.667307341721944], [-92.17445298463929, 37.66753697940713], [-92.1753058880597, 37.66784568925373], [-92.17625561474571, 37.66800383355169], [-92.17653936093836, 37.668157155092594], [-92.17691908627005, 37.668235538305694], [-92.17729797560115, 37.66838954885572], [-92.17777284387783, 37.668468621075185], [-92.1782468773148, 37.66862332064815], [-92.17890952522112, 37.668930652915975], [-92.17919244547402, 37.66915960193754], [-92.17957050963929, 37.66938923997927], [-92.18023316973465, 37.66969657242123], [-92.18052026437948, 37.669547384678005], [-92.18279453832918, 37.670395822097845], [-92.18345971184355, 37.67047627260641], [-92.18431268510918, 37.6707849834508], [-92.18497703461857, 37.670941061467666], [-92.18526080963932, 37.6710943834204], [-92.18564138683665, 37.67109713952322], [-92.18592599176341, 37.67117483405197], [-92.18649437596738, 37.671405850594255], [-92.18677732872443, 37.671634800080156], [-92.18706193684355, 37.67171249465451], [-92.18724974713929, 37.671940755140966], [-92.18800925836096, 37.67209752243228], [-92.18867280176202, 37.6723292282131], [-92.18895493980098, 37.67263380533997], [-92.1891435829049, 37.67278643844389], [-92.18923378182005, 37.673240892500004], [-92.18922388679518, 37.674148422500004], [-92.19035825400083, 37.67483733912106], [-92.1909242111733, 37.67529523883085], [-92.19149181983829, 37.6756018835738], [-92.19252943671917, 37.67644136678552], [-92.1928116062949, 37.67674594436291], [-92.19290429531509, 37.67697351615257], [-92.19346864394693, 37.677582671442785], [-92.19451204501796, 37.677892762327254], [-92.19489101909204, 37.678046774087896], [-92.19584009667633, 37.67828054839276], [-92.19621907539387, 37.67843456021974], [-92.19688351699833, 37.67859063955224], [-92.19716734541873, 37.67874396226783], [-92.1982115929381, 37.67897842596462], [-92.19849542551823, 37.679131748739636], [-92.19944452767413, 37.679365523395525], [-92.19982351916114, 37.67951953540492], [-92.20048797759812, 37.67967561497789], [-92.20077181743366, 37.679828937856556], [-92.20181609087894, 37.68006340192372]]]}}, {"type": "Feature", "properties": {"fid": 15, "area_name": "13A", "area_syskey": 4829, "area_type": null}, "geometry": {"type": "Polygon", "coordinates": [[[-92.17026220711028, 37.68497793228856], [-92.17027148824627, 37.68414603279851], [-92.16998684888058, 37.68406833777778], [-92.17009382497926, 37.68301024591211], [-92.16971740785655, 37.68262935283997], [-92.16944122097844, 37.681795385771146], [-92.16944459941956, 37.68149287691543], [-92.16926273196518, 37.680735226368164], [-92.16916757518656, 37.680734537164184], [-92.16907495339967, 37.680506966334995], [-92.16907833338861, 37.68020445750138], [-92.16898655766308, 37.679901259478996], [-92.16899923407269, 37.67876685137369], [-92.16872560666114, 37.6777060030293], [-92.16853868315367, 37.67740211593146], [-92.16844775900358, 37.67702329079464], [-92.16826168426617, 37.67664377654229], [-92.1680739193408, 37.67641551670398], [-92.16722518034825, 37.675728669950246], [-92.1669414236111, 37.67557534825871], [-92.16608846417911, 37.67526663761195], [-92.16523381378524, 37.675109181368164], [-92.16466546469735, 37.674878165327534], [-92.1643825662106, 37.67464921661691], [-92.16381847529021, 37.6740400650083], [-92.16372928060393, 37.67350998601852], [-92.16373268264925, 37.6732074775], [-92.16364689213651, 37.672374890022105], [-92.1634565998618, 37.67237351191819], [-92.16317371472499, 37.67214456339829], [-92.16260965301962, 37.67153541220702], [-92.16223588919985, 37.67092763919984], [-92.16214500567992, 37.67054881464345], [-92.16195897979547, 37.670169301089004], [-92.16215693586236, 37.66949003515755], [-92.16121318935876, 37.66880250133223], [-92.16083433001658, 37.66864849121061], [-92.15988889738806, 37.668112211857384], [-92.15951004423712, 37.667958201824206], [-92.15865891390962, 37.66749823874793], [-92.15809064317993, 37.6672672238267], [-92.15780094118297, 37.667643292161415], [-92.15779665815367, 37.66802142737424], [-92.15769723401742, 37.66839887360697], [-92.15769380720701, 37.6687013817717], [-92.15759523851575, 37.66900320094527], [-92.15759095451907, 37.66938133614428], [-92.15730209906717, 37.6696817772927], [-92.15729009981342, 37.67074055579187], [-92.15719409852127, 37.670815493803204], [-92.15696124750565, 37.67156441380224], [-92.15680741254988, 37.67189926620675], [-92.15643243984523, 37.67247764051493], [-92.15564087685185, 37.673527041851855], [-92.15477595163765, 37.67427711018242], [-92.15496195188639, 37.674656623370645], [-92.15496023306385, 37.67480787737562], [-92.15476735559011, 37.67503338017966], [-92.15466876716418, 37.67533519907131], [-92.15465931044776, 37.67616709605307], [-92.15475102309978, 37.676470293174404], [-92.15472093693339, 37.679117238164736], [-92.15500296420674, 37.67942181370924], [-92.15490437133084, 37.67972363253732], [-92.15432483770729, 37.68047576735489], [-92.15422366050304, 37.68100446710337], [-92.15403076513267, 37.681229969651746], [-92.15383700812603, 37.68153109917081], [-92.153738407898, 37.681832917893864], [-92.1535446481827, 37.68213404737424], [-92.15305335212825, 37.68349188678828], [-92.153049907131, 37.6837943946932], [-92.1528509710199, 37.68454928590381], [-92.15275494767135, 37.68462422360005], [-92.15294527148286, 37.684625602154505], [-92.15446356298368, 37.6850147655749], [-92.15455958507462, 37.684939827860696], [-92.15855640136814, 37.684968777736316], [-92.15860945095356, 37.680279900240464], [-92.15880917343836, 37.679449380983975], [-92.15862142989221, 37.67922112145108], [-92.15862399680762, 37.678994240281924], [-92.15881943877832, 37.67854185627419], [-92.15882114966833, 37.678390602155886], [-92.15873112904228, 37.677936150646765], [-92.15874481771004, 37.676726117722495], [-92.15987980364152, 37.67733940390271], [-92.16006840031093, 37.67749203634328], [-92.16073020176894, 37.67787499579879], [-92.16120170263267, 37.67825657703151], [-92.16148631094528, 37.678334271608634], [-92.16243188635987, 37.67887055300166], [-92.16262049212271, 37.67902318557214], [-92.16290595607379, 37.67902525309287], [-92.16319056902984, 37.67910294773632], [-92.16337066890547, 37.68001185159204], [-92.16335365287452, 37.68152439410172], [-92.16325509143863, 37.68182621337894], [-92.16323977526947, 37.683187501612764], [-92.1631412113184, 37.683489320854065], [-92.16313865833332, 37.68371620222222], [-92.16332727802654, 37.68386883499171], [-92.16331706840796, 37.684776360497516], [-92.16303073130874, 37.684849919783034], [-92.16302817803344, 37.68507680114705], [-92.163409678296, 37.685003931156714], [-92.16426528909618, 37.685085761840796], [-92.1675008103372, 37.68510919750138], [-92.16788061373688, 37.685187581829744], [-92.16959353848812, 37.685199988969046], [-92.17026220711028, 37.68497793228856]]]}}, {"type": "Feature", "properties": {"fid": 16, "area_name": "14", "area_syskey": 4792, "area_type": null}, "geometry": {"type": "Polygon", "coordinates": [[[-92.20191205811913, 37.67998846342593], [-92.20153224804449, 37.67991007900221], [-92.20124840637092, 37.6797567560973], [-92.20058394570894, 37.679600676492534], [-92.20020495228717, 37.679446664455504], [-92.19925584684216, 37.67921288975263], [-92.19897201242398, 37.67905956695135], [-92.19830756249999, 37.6789034875], [-92.19792857720425, 37.678749475579046], [-92.195650607898, 37.678203542487566], [-92.19527163150221, 37.678049530693755], [-92.19498699087893, 37.67797183565506], [-92.1943241972844, 37.67766450130597], [-92.19375492145521, 37.677509111305966], [-92.19347192487561, 37.677280161194034], [-92.19318810951492, 37.67712683866502], [-92.1929067577529, 37.67674663349088], [-92.19281488993227, 37.676443434152844], [-92.19224891244473, 37.67598553415285], [-92.1919651045329, 37.67583221173024], [-92.19168211985213, 37.67560326178828], [-92.19139831455223, 37.67544993940299], [-92.19111533306383, 37.675220989506634], [-92.19083153037589, 37.67506766715866], [-92.19054855207986, 37.67483871730791], [-92.19026475200386, 37.67468539499724], [-92.18979312779851, 37.67430381200249], [-92.18941418313294, 37.67414980066197], [-92.18941665630874, 37.67392291815368], [-92.1893256308734, 37.67354409156993], [-92.18932892882808, 37.673241581564405], [-92.18942902218767, 37.67278850561222], [-92.18933552473743, 37.67263656155335], [-92.18876794760918, 37.672329917260925], [-92.18848333542704, 37.67225222262853], [-92.1881044039179, 37.672098211475955], [-92.18753683588308, 37.671791567313434], [-92.18715708191681, 37.67171318369127], [-92.18621059727059, 37.671252528589], [-92.18592599176341, 37.67117483405197], [-92.1858333315713, 37.67094726267413], [-92.18507217872443, 37.6709417504906], [-92.18402974309011, 37.670556034118306], [-92.18336539890133, 37.67039995617745], [-92.18308163036207, 37.6702466343173], [-92.18232214777501, 37.67008986743505], [-92.18194323967661, 37.66993585661692], [-92.18156350070481, 37.66985747320896], [-92.18137404781649, 37.66978046781648], [-92.17985593615256, 37.669391306965174], [-92.1791932803137, 37.66908397458403], [-92.17891036035101, 37.66885502556661], [-92.17834285422884, 37.668548382288556], [-92.17729881237561, 37.66831392152985], [-92.17691992343146, 37.66815991098535], [-92.17654019848673, 37.66808152777778], [-92.17616131225125, 37.66792751727198], [-92.17511728558596, 37.66769305673024], [-92.17435952433664, 37.667385035878944], [-92.17407662555969, 37.66715608716418], [-92.17369858944859, 37.66692644952322], [-92.17350999258568, 37.66677381707988], [-92.1727530886194, 37.666390169195694], [-92.17170825120232, 37.66623133635158], [-92.17142536490464, 37.66600238781509], [-92.17114163728579, 37.66584906653953], [-92.17085875418047, 37.66562011804864], [-92.17000758264234, 37.66516015438364], [-92.16915388627004, 37.66492707248894], [-92.16887016735765, 37.66477375133776], [-92.16839448552378, 37.66477030677585], [-92.16659113308457, 37.66437908159204], [-92.16554463837065, 37.66437150363184], [-92.16478525039386, 37.664214738101165], [-92.16393158043118, 37.66398165658375], [-92.16298022643726, 37.66397476759813], [-92.161741760966, 37.66411706611526], [-92.16107410518242, 37.664263497985075], [-92.16078869782336, 37.6642614312728], [-92.16012103875069, 37.66440786309563], [-92.15916967895245, 37.66440097402709], [-92.15849944745024, 37.6647742869403], [-92.15860485389717, 37.66386745121061], [-92.15869998919983, 37.6638681401078], [-92.1588045365257, 37.66303693138474], [-92.15890052630596, 37.66296199320895], [-92.1589039484729, 37.66265948497789], [-92.15900250400773, 37.66235766561636], [-92.15900507034273, 37.66213078443892], [-92.15920217851021, 37.661527145674405], [-92.1592055995163, 37.661224637426756], [-92.15940184875622, 37.66069662567164], [-92.15940441393033, 37.66046974447761], [-92.15950296472498, 37.66016792504837], [-92.1595055296089, 37.659941043850196], [-92.15970262829602, 37.65933740495025], [-92.15970604736734, 37.65903489667496], [-92.16000083395522, 37.65820506529851], [-92.16000425186566, 37.657902557006636], [-92.16030159347014, 37.65684584429104], [-92.16145078638058, 37.65617346567164], [-92.16193067627141, 37.6557987739497], [-92.16221775563156, 37.655649585988115], [-92.16345948345771, 37.655204776956886], [-92.16327263985627, 37.65490089100055], [-92.16318092120646, 37.65459769379353], [-92.1629940803137, 37.654293807875895], [-92.16290321517413, 37.65391498358209], [-92.16262636623135, 37.653156646335], [-92.16243867927723, 37.652928387610565], [-92.16234696662521, 37.652625190489225], [-92.16244634780955, 37.652247743642896], [-92.16292365298507, 37.652099932835824], [-92.16387655631564, 37.65195556539524], [-92.16425703638751, 37.65195832011056], [-92.16473348621477, 37.65188613636402], [-92.1651131165492, 37.65196451822001], [-92.16549359662105, 37.65196727293532], [-92.16596834823108, 37.65204634348812], [-92.1665373731205, 37.65220172990326], [-92.16786905743504, 37.6522113714649], [-92.16824869250966, 37.652289753388615], [-92.16938929237146, 37.65237364480929], [-92.16938844737423, 37.65244927201769], [-92.17176646233416, 37.65246648919569], [-92.17224290742122, 37.65239430538143], [-92.17262338942786, 37.65239706012438], [-92.17328839190851, 37.65247750818961], [-92.17367055559009, 37.652329008396904], [-92.17405187746682, 37.65225613585821], [-92.17443403843974, 37.65210763602681], [-92.1754828761194, 37.65188832961858], [-92.17586503225539, 37.651739829718075], [-92.17615122927722, 37.651666268431455], [-92.17910661587892, 37.651082598466004], [-92.1794887604063, 37.650934098399674], [-92.17987006902985, 37.65086122567165], [-92.1806343511194, 37.65056422543947], [-92.18092137195275, 37.650415036641796], [-92.18149707555969, 37.64996540422885], [-92.18178409233, 37.649816215373136], [-92.18226383759675, 37.64944152158513], [-92.18379649877694, 37.648469383250415], [-92.18427622517966, 37.648094689192924], [-92.18457235485765, 37.647113598443894], [-92.18515215604616, 37.64628582816888], [-92.18601313815644, 37.64583826062742], [-92.18706185133361, 37.64561895244058], [-92.18753740982586, 37.645622395240466], [-92.18801379445135, 37.64555021056247], [-92.1883942408582, 37.64555296479685], [-92.18887062412935, 37.645480780099504], [-92.19105818874378, 37.64549661691542], [-92.19201259207435, 37.64520099234384], [-92.19229792542842, 37.6452030579989], [-92.19295877663764, 37.64566164315921], [-92.193244111733, 37.64566370883914], [-92.19371392792289, 37.64619654456468], [-92.1940919175995, 37.64642618154229], [-92.19437397699004, 37.646730757545605], [-92.19455846688778, 37.64726152771698], [-92.19453470259812, 37.64945472734107], [-92.19481841386815, 37.64960804838309], [-92.19595736059287, 37.6498431947471], [-92.19690689670398, 37.65000133632255], [-92.19719061484246, 37.650154657462686], [-92.19747515060116, 37.65023235100332], [-92.19775887077115, 37.650385672172476], [-92.1981385257739, 37.650464054380876], [-92.1987059717247, 37.65077069679934], [-92.19908481481482, 37.650924706688784], [-92.19936935541045, 37.65100240029851], [-92.19965308235213, 37.6511557215644], [-92.20003192931178, 37.65130973150913], [-92.20031647232587, 37.6513874251534], [-92.20097905348258, 37.65169475646766], [-92.20126278632533, 37.65184807781786], [-92.20144652622305, 37.65245447655473], [-92.20144327663763, 37.652756987251244], [-92.2016310814193, 37.65298524765893], [-92.20191400863736, 37.65321419677999], [-92.20210181603095, 37.65344245722499], [-92.20238474644141, 37.65367140639166], [-92.20408884297264, 37.654440080211444], [-92.20437097385295, 37.654744657236044], [-92.2050368363253, 37.654749478307075], [-92.20513115091211, 37.65482579475954], [-92.20588890597014, 37.65513381552239], [-92.2069312326769, 37.65551953033859], [-92.20721579871476, 37.65559722431178], [-92.20797357002486, 37.6559052453068], [-92.2083532633361, 37.655983628062465], [-92.20882727742537, 37.656138327359045], [-92.20911265228025, 37.65614039360697], [-92.20939722286484, 37.65621808764511], [-92.20977772305831, 37.65622084264787], [-92.2101574197554, 37.65629922545192], [-92.21111107879354, 37.656079229527364], [-92.2119655991708, 37.65623668391377], [-92.21224937157959, 37.656390005829195], [-92.21262907156579, 37.65646838868021], [-92.21300797173161, 37.65662239938503], [-92.21367385045606, 37.65662722068823], [-92.21472262786762, 37.65640791341902], [-92.21500800359314, 37.65640997967938], [-92.21538930273631, 37.656337106815926], [-92.21576980331676, 37.656339861824215], [-92.21662274194998, 37.65664857217386], [-92.21756922156578, 37.65710922720426], [-92.21794495263268, 37.65756574975539], [-92.21813202453703, 37.65786963897319], [-92.2183198931661, 37.65809790029298], [-92.21859891618297, 37.6587049900387], [-92.21869007037728, 37.65908381846186], [-92.21887714924682, 37.65938770777916], [-92.21963183078358, 37.65999824175373], [-92.21981970947346, 37.660226503217245], [-92.21991245895522, 37.660454075870646], [-92.22028980784964, 37.660759342974025], [-92.22104213781094, 37.66159676119403], [-92.22122923273906, 37.66190065074074], [-92.22179211000552, 37.662661063571036], [-92.22169381005389, 37.66296288658374], [-92.22111112456469, 37.66409317277364], [-92.22082175670259, 37.664469245881705], [-92.22043487110281, 37.66507151389718], [-92.22005035932835, 37.66544689798508], [-92.218615360123, 37.66619284347291], [-92.21785187166252, 37.666414215762856], [-92.21746972771557, 37.66656271583748], [-92.21708837855859, 37.66663558798646], [-92.21603866763405, 37.66693052119956], [-92.21565651730236, 37.66707902118297], [-92.21470273221392, 37.6672990153068], [-92.21441571660448, 37.66744820417911], [-92.21422224091349, 37.66774933771697], [-92.21420785459507, 37.66911063923438], [-92.21410951575456, 37.66941246169154], [-92.21410072305142, 37.67024436815921], [-92.21400158293946, 37.67062181844942], [-92.21399358860558, 37.67137809704256], [-92.21389604561912, 37.67160429158928], [-92.21389284749861, 37.67190680302101], [-92.21351226720563, 37.67190404687396], [-92.21313408782476, 37.671674407186295], [-92.21275350869264, 37.67167165105583], [-92.21199074749862, 37.6718173944555], [-92.21179965588723, 37.67189164421227], [-92.2098943436429, 37.672104746876734], [-92.20932105894141, 37.67232749600609], [-92.20903562198038, 37.67232542887093], [-92.20865342966417, 37.67247392825456], [-92.20798418662244, 37.672771616008845], [-92.20712303212409, 37.67321918108762], [-92.20664568428688, 37.67336699128524], [-92.20588289291044, 37.673512734253734], [-92.20492495190713, 37.674110865406305], [-92.20482980393173, 37.674110176328085], [-92.20463869906716, 37.674184425895525], [-92.20454031495301, 37.674486247705914], [-92.20434759042288, 37.67471175269486], [-92.20415162714205, 37.6752397685351], [-92.20395808992538, 37.67554090119403], [-92.20395566115256, 37.67576778433665], [-92.20375888266997, 37.67637142781095], [-92.20356534100331, 37.6766725604063], [-92.20356291106965, 37.67689944353234], [-92.20316933901326, 37.67810673026534], [-92.2025895, 37.678934500000004], [-92.20201045974295, 37.67968664186568], [-92.20191205811913, 37.67998846342593]]]}}, {"type": "Feature", "properties": {"fid": 17, "area_name": "15", "area_syskey": 4793, "area_type": null}, "geometry": {"type": "Polygon", "coordinates": [[[-92.19191748095632, 37.64520030379215], [-92.19192076962409, 37.64489779365395], [-92.19182977021144, 37.644518967441954], [-92.1918314147388, 37.64436771237562], [-92.1917395941266, 37.644064513712], [-92.19174288356827, 37.643762003584854], [-92.19165024165974, 37.643534432468215], [-92.19165353148838, 37.6432319223466], [-92.19156171310115, 37.64292872371476], [-92.19156418076285, 37.642701841127696], [-92.19147236343973, 37.642398642511054], [-92.19147565404228, 37.642096132400496], [-92.19138301513267, 37.6418685613267], [-92.18567660344112, 37.64182725187396], [-92.18529534705638, 37.641900125348265], [-92.18520189816888, 37.64174818198315], [-92.18530032068823, 37.641446360721396], [-92.18533596504975, 37.63819438089553], [-92.18543438263544, 37.6378925595633], [-92.18544598642205, 37.6368337754146], [-92.18535420169984, 37.636530577263684], [-92.18535751745439, 37.63622806751244], [-92.18526490485766, 37.63600049681454], [-92.18498209459646, 37.63577154936429], [-92.18431972075041, 37.63546422101161], [-92.18337122630598, 37.63523045503732], [-92.1825170039801, 37.63507300490879], [-92.18185464628938, 37.6347656767869], [-92.18137998996683, 37.634686607595356], [-92.18100126567163, 37.63453259940299], [-92.179667395398, 37.63474984445274], [-92.17928533367882, 37.63489834570204], [-92.17861797565644, 37.6350447818256], [-92.17833100870646, 37.635193971393036], [-92.17794977844112, 37.635266845240466], [-92.17728074000138, 37.63556453591763], [-92.17689950673716, 37.63563740972222], [-92.17661253398286, 37.635786599206746], [-92.17585006300442, 37.63593234675235], [-92.17489906887783, 37.635925462907686], [-92.17404485506495, 37.635768012900776], [-92.17376123888889, 37.63561469321725], [-92.17290703088032, 37.63545724329326], [-92.17242816833885, 37.63575631041183], [-92.17204608649807, 37.63590481137369], [-92.17138039060944, 37.635899992682425], [-92.17109424892206, 37.63597355475954], [-92.1708072629146, 37.63612274405473], [-92.17052280783581, 37.63604505166667], [-92.17014240941127, 37.636042298117744], [-92.16881439800994, 37.63573015190713], [-92.16853079247512, 37.63557683237562], [-92.16653880149255, 37.63510861343284], [-92.16615840771145, 37.63510585995026], [-92.1653993186567, 37.63494909868988], [-92.16501892564952, 37.63494634521835], [-92.1646376826147, 37.635019218883365], [-92.16321120738667, 37.63500889334439], [-92.16292335703427, 37.63523370957159], [-92.16272975190712, 37.635534841260366], [-92.16224828965589, 37.63606078907961], [-92.16205467969182, 37.63636192069929], [-92.16176596770315, 37.63666236389718], [-92.16099150462964, 37.63786689004422], [-92.16098808981482, 37.63816939838033], [-92.16079019991707, 37.63884866525704], [-92.1607842226368, 37.63937805482587], [-92.16068570270176, 37.639679874695965], [-92.16067972474433, 37.64020926425511], [-92.16058120335822, 37.64051108410448], [-92.16054447745992, 37.643763048479826], [-92.16044509695273, 37.64414049533582], [-92.16063190108486, 37.6444443807283], [-92.15986417941542, 37.64504388894279], [-92.15881966771697, 37.644885060751804], [-92.15805792294084, 37.64495517939193], [-92.1577717326907, 37.64502874077529], [-92.15776487752211, 37.64563375708264], [-92.15766633756219, 37.64593557666667], [-92.15763462882808, 37.64873377703704], [-92.15753608451493, 37.649035596558875], [-92.15749751548506, 37.65243881316335], [-92.15740068041735, 37.6525893785434], [-92.15749580130597, 37.65259006723466], [-92.15796369629629, 37.653274154074076], [-92.15805796154643, 37.653350469821724], [-92.1580571050373, 37.65342609686567], [-92.15871696788281, 37.653960307186296], [-92.15871611205084, 37.65403593423991], [-92.15880866757185, 37.65426350412244], [-92.16021671857379, 37.6559376306136], [-92.16020817573244, 37.65669390137093], [-92.16059038797678, 37.65654540227197], [-92.16173872089553, 37.65594865064677], [-92.16202665366916, 37.65572383559702], [-92.16279276254146, 37.655275582902156], [-92.16317496220978, 37.655127083623555], [-92.16318092120646, 37.65459769379353], [-92.16280724096876, 37.653989921980376], [-92.16262295876865, 37.65345915477612], [-92.16253209662796, 37.65308033052515], [-92.16234526231342, 37.652776444701495], [-92.1622561069997, 37.652246366274184], [-92.16263914421641, 37.65202223968076], [-92.16330668739636, 37.65187580620233], [-92.1638774069237, 37.651879938267], [-92.16444897647871, 37.65180844319514], [-92.16492457560115, 37.65181188657546], [-92.16682358165423, 37.6521281687811], [-92.16767966355721, 37.652134366915426], [-92.1680592980514, 37.65221274883084], [-92.16939013736871, 37.652298017600884], [-92.17157790668186, 37.65231385734107], [-92.17195754591624, 37.652392239324215], [-92.17309899193614, 37.65240050355307], [-92.17348115561775, 37.65225200376037], [-92.17414867809563, 37.65210556998618], [-92.17453083810116, 37.651957070140966], [-92.17481703734798, 37.65188350888613], [-92.17586587067441, 37.6516642024157], [-92.17634314421642, 37.65151639115672], [-92.17786839921918, 37.65122490053759], [-92.17815542827528, 37.65107571185738], [-92.17853673902708, 37.65100283915976], [-92.17882209501795, 37.6510049051382], [-92.17977661946517, 37.65070928229685], [-92.18015792663763, 37.65063640954809], [-92.18054006671503, 37.65048790941819], [-92.18092303853648, 37.65026378189055], [-92.18111494012575, 37.6501139044251], [-92.18178492475124, 37.64974058798508], [-92.18245573434908, 37.64929164405058], [-92.18312570475402, 37.64891832740741], [-92.18341354494886, 37.648693511035106], [-92.18389244444445, 37.64839444444445], [-92.18418111028883, 37.64809400058734], [-92.18428037470977, 37.64771655207297], [-92.18447475208679, 37.64733979213654], [-92.18457318447346, 37.647037971015756], [-92.18476672923576, 37.64673683846462], [-92.18515215604616, 37.64628582816888], [-92.18553592091625, 37.64598607269072], [-92.18629930199694, 37.64576469886678], [-92.18668057705223, 37.6456918256592], [-92.18706267843422, 37.64554332497651], [-92.18744395155471, 37.645470451741296], [-92.18849017810945, 37.645478025870645], [-92.1887763379837, 37.64540446405335], [-92.19105901178136, 37.645420989393315], [-92.19191748095632, 37.64520030379215]]]}}, {"type": "Feature", "properties": {"fid": 18, "area_name": "16", "area_syskey": 5932, "area_type": null}, "geometry": {"type": "Polygon", "coordinates": [[[-92.20480849782336, 37.60498093165423], [-92.20214683024462, 37.60496167283168], [-92.2016707197761, 37.60503386142621], [-92.20100530220424, 37.60502904671089], [-92.20062424984107, 37.60510192309978], [-92.19976871209231, 37.60509573273909], [-92.19929259823797, 37.60516792128524], [-92.19862717931179, 37.60516310655059], [-92.19824612375622, 37.605235982893866], [-92.19739058426616, 37.6052297925083], [-92.19691446702598, 37.605301981006086], [-92.19624904674544, 37.60529716625208], [-92.1958679879975, 37.60537004254975], [-92.19140016156715, 37.60533771485075], [-92.19102074454118, 37.60525933604201], [-92.18636280257738, 37.60522563276396], [-92.18588833112217, 37.60514656621338], [-92.1808501541252, 37.60511011172056], [-92.18056580845771, 37.605032420895526], [-92.17780907290631, 37.60501247413765], [-92.177427996165, 37.60508535017827], [-92.17676257656163, 37.60508053543394], [-92.17660418850193, 37.61937409662797], [-92.1765057577598, 37.61967591777225], [-92.17622052191817, 37.61967385351022], [-92.17584104626866, 37.61959547386402], [-92.17032649227473, 37.61955556487838], [-92.16994702300995, 37.61947718532338], [-92.16443247462686, 37.61943727641791], [-92.16414809007048, 37.619359585037316], [-92.15853846897458, 37.6193189881288], [-92.1582540907062, 37.619241296838034], [-92.1582472370854, 37.6198463131675], [-92.15814873088722, 37.62014813323383], [-92.15811788611111, 37.62287070666667], [-92.15773669744334, 37.622943581108345], [-92.15241205128525, 37.622905044734665], [-92.15203085642621, 37.622977919087894], [-92.15069969353233, 37.62296828497512], [-92.15050866286623, 37.62304253560254], [-92.14927431337065, 37.62288233580017], [-92.14898819838308, 37.6229558982587], [-92.14889051677031, 37.62318209082504], [-92.14916451022664, 37.62416730511885], [-92.14897260883085, 37.62431718258706], [-92.1488740592938, 37.62461900203427], [-92.1488142926686, 37.62983725853096], [-92.14862064342869, 37.630138389589554], [-92.14795499765063, 37.630133571614145], [-92.1478581710959, 37.63028413711581], [-92.14680781310116, 37.63065470036484], [-92.14671272016997, 37.63065401207297], [-92.14670924692508, 37.63095651957435], [-92.14661067997511, 37.6312583387728], [-92.14660807475124, 37.63148521939469], [-92.14641180655057, 37.63201323087894], [-92.14640833214483, 37.63231573836374], [-92.14631149968905, 37.632466303781094], [-92.14639704032615, 37.633298887689335], [-92.14620250371753, 37.633675645351026], [-92.14619989733276, 37.63390252595633], [-92.14600362023216, 37.634430537313435], [-92.14598450248756, 37.63609432835821], [-92.146074389034, 37.63654877795191], [-92.14635795326147, 37.636702096893316], [-92.14664065033858, 37.636931042726644], [-92.146924217178, 37.63708436170536], [-92.14720691744748, 37.6373133075843], [-92.14749048689883, 37.63746662660033], [-92.14758558853649, 37.637467315016586], [-92.14824263333334, 37.63822840291874], [-92.14862304375346, 37.63823115663903], [-92.14890661958955, 37.63838447574627], [-92.14918933088722, 37.63861342178276], [-92.14975648894415, 37.638920060088445], [-92.15022768314678, 37.6393016369403], [-92.15079485068408, 37.63960827538143], [-92.1510775724295, 37.63983722156716], [-92.15183323157822, 37.64029649094804], [-92.15211595912797, 37.640525437216695], [-92.15230099510087, 37.64098057590934], [-92.15228892000412, 37.64203935332504], [-92.15218949954394, 37.64241679961029], [-92.15217914830016, 37.64332432309287], [-92.1520805884121, 37.64362614239221], [-92.152073686809, 37.644231158036206], [-92.15197512537313, 37.64453297731343], [-92.15196822299612, 37.645137992946374], [-92.15186966001242, 37.64543981220149], [-92.15205211929933, 37.646121831923715], [-92.15195528103925, 37.64627239725816], [-92.15288187412527, 37.64740870630974], [-92.15345383305693, 37.648325342841346], [-92.15364320294361, 37.64840234704809], [-92.15383085149253, 37.64863060522388], [-92.15411361735075, 37.6488595520398], [-92.15448892083332, 37.649316068482584], [-92.15467743430764, 37.64946869973467], [-92.15542805907268, 37.650381732874514], [-92.15571083653951, 37.65061067985628], [-92.15721215339966, 37.652436747097845], [-92.15731070322691, 37.652134927654785], [-92.15732013334025, 37.65130303029298], [-92.15741782414317, 37.651076837857936], [-92.1574426825456, 37.64888365386401], [-92.15754122705222, 37.64858183434494], [-92.15757208227612, 37.64585926106136], [-92.15767062252625, 37.64555744148148], [-92.15767662147596, 37.64502805222222], [-92.1581547470771, 37.64480461385572], [-92.15986417941542, 37.64504388894279], [-92.1597707779298, 37.64489194625484], [-92.16044424276532, 37.644216122412935], [-92.16048609794775, 37.64051039563433], [-92.16058461972084, 37.640208575790496], [-92.16059059835544, 37.63967918624102], [-92.16068911867744, 37.63937736637645], [-92.1606916806592, 37.63915048513682], [-92.16079019991707, 37.63884866525704], [-92.16079617719734, 37.638319275688225], [-92.16089554880459, 37.63794182870509], [-92.16109002108209, 37.637565070124374], [-92.16186533234522, 37.63628491681454], [-92.16263550494057, 37.635458525773906], [-92.16292506057215, 37.63508245534827], [-92.16340310665421, 37.63485901584577], [-92.16587565868574, 37.6348769133748], [-92.16729874173576, 37.63518974757324], [-92.16758319033305, 37.63526743986871], [-92.16796189160448, 37.63542144773218], [-92.16843653960751, 37.63550051680487], [-92.16966944608208, 37.63581197455224], [-92.17004899883221, 37.63589035529989], [-92.17071385088447, 37.635970801216146], [-92.17128613445273, 37.63582367706468], [-92.1716682174544, 37.635675176119406], [-92.17204777146213, 37.63575355688503], [-92.17233391131151, 37.635679994781654], [-92.172715991411, 37.635531493794915], [-92.17309891138059, 37.635307365526536], [-92.17338252504146, 37.63546068517413], [-92.174046535966, 37.63561675835406], [-92.17433015272249, 37.63577007804589], [-92.17489990845772, 37.6358498356219], [-92.1752803057214, 37.63585258915423], [-92.17575664101022, 37.63578040377142], [-92.1763272363253, 37.635784534061635], [-92.17728241432421, 37.635413281276946], [-92.17861881146351, 37.63496915448591], [-92.17957229753316, 37.63474915609038], [-92.18100126567163, 37.63453259940299], [-92.18147592063985, 37.63461166857518], [-92.18289739698727, 37.63507575838032], [-92.18441564939191, 37.63538928196241], [-92.18536083320895, 37.63592555776119], [-92.1853641489635, 37.63562304800995], [-92.18546256326007, 37.63532122663073], [-92.1854658786277, 37.635018716873965], [-92.18575200164454, 37.63494515453013], [-92.18632258999448, 37.63494928472085], [-92.18642017167633, 37.63472309072692], [-92.18652023611111, 37.634270014361526], [-92.18653099722222, 37.633286857454394], [-92.18644004066472, 37.63290803185461], [-92.18615889514923, 37.63252782962686], [-92.18597284701494, 37.63214831575457], [-92.18569004952322, 37.631919368486734], [-92.18550234767136, 37.63169110954948], [-92.18521955337202, 37.63146216232725], [-92.18503185413212, 37.63123390342731], [-92.18465811855998, 37.630626130823664], [-92.18391315744884, 37.6291837036346], [-92.18429518047263, 37.62903520183251], [-92.18506088052791, 37.62858694329741], [-92.18544289813433, 37.62843844141791], [-92.18611266761332, 37.62806512190437], [-92.18640041929243, 37.62784030426755], [-92.1866873415492, 37.62769111406164], [-92.18716857578772, 37.62716516298507], [-92.1878399780887, 37.62664058823797], [-92.1881285452598, 37.62634014297125], [-92.18860810914178, 37.62596544659204], [-92.18898928068684, 37.62589257190575], [-92.18965488583471, 37.625897389300725], [-92.19012784548782, 37.626127712813705], [-92.18975574438224, 37.625368685], [-92.1891918310738, 37.62475953592869], [-92.18900743859176, 37.62422876714898], [-92.18863040429105, 37.6239235045398], [-92.1883484566335, 37.62361893013267], [-92.18750014686982, 37.62293208951078], [-92.1872182076285, 37.62262751522388], [-92.18665764722222, 37.621715856932006], [-92.18656504971669, 37.6214882864497], [-92.18647328076285, 37.62118508852405], [-92.18647659264788, 37.62088257871753], [-92.18619797854475, 37.620275494813434], [-92.18610704104476, 37.619896669485904], [-92.18563910658511, 37.61921258208264], [-92.18526377021144, 37.61875606516998], [-92.18507693318823, 37.61845217930763], [-92.18488926809701, 37.618223920895524], [-92.18375831726782, 37.617308135240464], [-92.18347475284686, 37.6171548162963], [-92.18309528300165, 37.617076436733], [-92.18214869282752, 37.61669141940298], [-92.18205361808319, 37.61669073137093], [-92.18225042616777, 37.61608708831952], [-92.18244390263266, 37.6157859547927], [-92.18273078706468, 37.61563676404644], [-92.18321197351436, 37.61511081228718], [-92.18359475727613, 37.61488668207297], [-92.18417017415008, 37.61443704556385], [-92.1851266985282, 37.61391453345357], [-92.18541522855168, 37.61361408765617], [-92.18560702798506, 37.61346420873134], [-92.1860848662728, 37.61324076626036], [-92.18656435760089, 37.61286606884467], [-92.18685122239498, 37.61271687781786], [-92.18780439870785, 37.61249687499724], [-92.18808960668878, 37.61249893886125], [-92.18856660520314, 37.6123511236733], [-92.18885428955224, 37.612126305074625], [-92.18885676650082, 37.61189942262023], [-92.18876500093283, 37.611596224742954], [-92.18876747817163, 37.611369342292704], [-92.18896421834576, 37.610765698271145], [-92.18878234160447, 37.610008047591215], [-92.18878647033583, 37.609629910174135], [-92.18888483858485, 37.60932808813709], [-92.18927417752901, 37.60849893733002], [-92.19080838416252, 37.60729990323383], [-92.19110015951492, 37.60669694667911], [-92.19129357619539, 37.606395812298224], [-92.19157958360972, 37.60632224830293], [-92.19195982918738, 37.606324999668324], [-92.19329397350745, 37.60603211925373], [-92.19357833562049, 37.606109810313704], [-92.1939585800373, 37.60611256166252], [-92.1943380043187, 37.606190940574905], [-92.19490837152433, 37.60619506760642], [-92.1954771007808, 37.60635044979823], [-92.1959524077529, 37.60635388900498], [-92.1963334714345, 37.60628101277778], [-92.19747420700664, 37.60628926685738], [-92.19823306504975, 37.60644602481758], [-92.19861412679657, 37.606373148562746], [-92.19889931097983, 37.606375212086796], [-92.199658172699, 37.6065319700995], [-92.19994172860696, 37.60668528892206], [-92.20041296779297, 37.60706686641653], [-92.20059983732034, 37.60737075274323], [-92.20097927456466, 37.607449131840795], [-92.20127015432558, 37.6069218017717], [-92.20146515574902, 37.60646941147043], [-92.20184783919292, 37.60624527982311], [-92.20222970820895, 37.606096775820895], [-92.20289594669015, 37.60602596298369], [-92.20346955554865, 37.605727579205364], [-92.20375554767828, 37.605654014991714], [-92.20461594964759, 37.60520643916252], [-92.20480849782336, 37.60498093165423]]]}}, {"type": "Feature", "properties": {"fid": 19, "area_name": "17", "area_syskey": 4795, "area_type": null}, "geometry": {"type": "Polygon", "coordinates": [[[-92.20390102696933, 37.65421181964346], [-92.20361727971253, 37.654058498087345], [-92.20285954477612, 37.65375047761194], [-92.20229368221392, 37.65329257925373], [-92.20191563246269, 37.653062941417915], [-92.201540021932, 37.652606420588725], [-92.20154327113046, 37.65230390988668], [-92.20145140060116, 37.65200071050995], [-92.2012652240948, 37.65162119480377], [-92.20069694814124, 37.65139017980791], [-92.20041321820065, 37.651236858499175], [-92.20012867567026, 37.6511591648618], [-92.19956122101298, 37.650852522318964], [-92.19918156262436, 37.65077414006219], [-92.19889783810116, 37.650620818830845], [-92.1986132994403, 37.65054312524876], [-92.19795073811497, 37.6502357942178], [-92.19766620187256, 37.650158100670254], [-92.19738248276671, 37.65000477951631], [-92.19652888013407, 37.64977169896076], [-92.19482005220425, 37.6494567932283], [-92.19463227721809, 37.64922853324627], [-92.1946560387023, 37.64703533358209], [-92.19456420309564, 37.64673213470426], [-92.19409437742536, 37.646199298843285], [-92.1934343351299, 37.645665085959095], [-92.19229792542842, 37.6452030579989], [-92.19210770319236, 37.64520168089552], [-92.19201423621476, 37.645049737271975], [-92.19201752449557, 37.64474722712825], [-92.19183388152985, 37.64414082977612], [-92.19183799284825, 37.643762692110286], [-92.19174535064953, 37.6435351209895], [-92.1917486400912, 37.643232610862356], [-92.19156500331674, 37.642626213598675], [-92.19156829353233, 37.64232370348258], [-92.19138383788004, 37.641792933800446], [-92.19109934062327, 37.641715240809845], [-92.18758039390546, 37.64168976674958], [-92.18719914022941, 37.641762640262584], [-92.18539211169843, 37.64174955896213], [-92.18545427484106, 37.63607750102266], [-92.18555434682143, 37.63562442476506], [-92.18556014803758, 37.63509503268104], [-92.18584627124793, 37.63502147033997], [-92.18641768805279, 37.63494997308596], [-92.18661616097982, 37.63419507525843], [-92.18662029938501, 37.63381693797955], [-92.18652934166666, 37.63343811236319], [-92.18653430833332, 37.632984347636814], [-92.18634660116086, 37.63275608862355], [-92.18625399011194, 37.63252851794776], [-92.18597367537313, 37.63207268830846], [-92.18569170682007, 37.63176811360282], [-92.18540891165007, 37.63153916636816], [-92.18522286990049, 37.631159652587066], [-92.18494090792565, 37.630855077975404], [-92.18475404072001, 37.630551191681874], [-92.18466226712272, 37.630247993689885], [-92.18447540262575, 37.629944107435044], [-92.18428770957712, 37.629715848623555], [-92.18410250856826, 37.629260707573245], [-92.18439027098535, 37.62903589008983], [-92.18477229226781, 37.628887388262854], [-92.18505922187673, 37.62873819816197], [-92.18534697936013, 37.62851338060807], [-92.18601592164178, 37.62821568855722], [-92.186591425, 37.62776605328359], [-92.18697426264511, 37.62754192383914], [-92.18726283678136, 37.62724147867192], [-92.18755058178553, 37.62701666093975], [-92.18803097924958, 37.626566337189054], [-92.18851054506634, 37.62619164083748], [-92.1888933687811, 37.625967511194034], [-92.18946388805969, 37.62597164039801], [-92.19003193445273, 37.62620265211443], [-92.19012784548782, 37.626127712813705], [-92.19013031808319, 37.62590083029713], [-92.18975656896765, 37.625293057499995], [-92.1891943065713, 37.624532653453564], [-92.18910252291322, 37.62422945531786], [-92.18872631387507, 37.62384856521835], [-92.18787799801686, 37.6231617245094], [-92.18769031222361, 37.62293346580155], [-92.18740754520454, 37.622704518969044], [-92.18684449914318, 37.62201974300719], [-92.1867527283513, 37.62171654505528], [-92.1865658775912, 37.62141265899668], [-92.1861086977612, 37.6197454145937], [-92.18517201015754, 37.618452867371474], [-92.18470243397594, 37.617920035074626], [-92.18441969539802, 37.61769108864843], [-92.18366407262299, 37.61723181978718], [-92.18319118958678, 37.61700149736871], [-92.18281338429381, 37.61677186302516], [-92.18214952524875, 37.616615792014926], [-92.18244390263266, 37.6157859547927], [-92.18273078706468, 37.61563676404644], [-92.1829225971393, 37.61548688527363], [-92.18311523789386, 37.61526137908789], [-92.18340211894002, 37.61511218829326], [-92.18436114803067, 37.614362794125206], [-92.1850307978441, 37.61398947290216], [-92.1852225990188, 37.61383959400222], [-92.18541522855168, 37.61361408765617], [-92.18627666338446, 37.61309088730238], [-92.18656435760089, 37.61286606884467], [-92.18685122239498, 37.61271687781786], [-92.18742329429934, 37.61256975064262], [-92.18837564080292, 37.61242537524737], [-92.18866167433664, 37.6123518116252], [-92.18885676650082, 37.61189942262023], [-92.18886749994472, 37.61091626531786], [-92.18896586945134, 37.610614443298786], [-92.18887410514095, 37.61031124543947], [-92.1888831872858, 37.60947934310669], [-92.18907992184909, 37.608875699004976], [-92.18927335226644, 37.608574564820344], [-92.1894659560669, 37.6083490581067], [-92.19052072419154, 37.60752472218076], [-92.1907116738875, 37.60745047039663], [-92.19109933609037, 37.60677257419569], [-92.19119686804864, 37.606546379491434], [-92.19148369917772, 37.606397187983696], [-92.19195982918738, 37.606324999668324], [-92.19243678029989, 37.60617718380321], [-92.19310303009951, 37.606106371127694], [-92.1939585800373, 37.60611256166252], [-92.19595158926201, 37.606429516592044], [-92.19633265333057, 37.60635664037037], [-92.19680796030265, 37.606360079577115], [-92.1971890231136, 37.60628720333748], [-92.19785281908513, 37.60644327344666], [-92.1991836799613, 37.606452903244886], [-92.19956311111112, 37.606531282255396], [-92.20003516172608, 37.606837232061906], [-92.20041133990463, 37.607218121720564], [-92.20078914906716, 37.607447756119406], [-92.20107352404644, 37.60752544736319], [-92.20117265274322, 37.6071479969099], [-92.20136684235074, 37.606771234291045], [-92.20165527873132, 37.606470787155885], [-92.20213383499862, 37.60617171566197], [-92.20318194056107, 37.60595239879491], [-92.2034687447001, 37.605803206901605], [-92.20404153922748, 37.605580450769764], [-92.20461513995991, 37.60528206687535], [-92.20490274798229, 37.60505724718629], [-92.20499942623687, 37.604906679566064], [-92.20566484245438, 37.60491149426202], [-92.20604588852957, 37.60483861778331], [-92.20946802559423, 37.60486337902708], [-92.2099441266791, 37.60479119029851], [-92.21469708998755, 37.60482558084577], [-92.21507812609867, 37.604752704224715], [-92.21983108457017, 37.60478709470287], [-92.22021211507047, 37.60471421800166], [-92.224679891487, 37.604746544986185], [-92.2249658576907, 37.60467298040216], [-92.22677197823383, 37.604686048731345], [-92.2271530008983, 37.604613171918196], [-92.22716008174405, 37.603932519555], [-92.22725671308042, 37.603781951264516], [-92.22925292719734, 37.60379639485904], [-92.22953888498479, 37.60372283015479], [-92.23362636687395, 37.60375240507463], [-92.23314873628384, 37.60397585051271], [-92.23314327162105, 37.604505247404646], [-92.23285575269485, 37.6047300683665], [-92.23227836500828, 37.605406594560534], [-92.23199083998756, 37.605631415435326], [-92.23179837365255, 37.60585692411277], [-92.23122566328773, 37.606079681446936], [-92.23055867171088, 37.60622612280542], [-92.2294179407822, 37.60621786879215], [-92.22884600527915, 37.606364997915975], [-92.22817979185322, 37.60643581111111], [-92.22760785209368, 37.60658294017413], [-92.22741615636401, 37.60673282058043], [-92.22750807245714, 37.60703602060807], [-92.2276942655058, 37.60741553655058], [-92.22750335421503, 37.60748978888336], [-92.22693297888335, 37.607485661735765], [-92.22664700397318, 37.60755922619541], [-92.22588650275705, 37.6075537233209], [-92.22550546374377, 37.6076265999005], [-92.22464989900497, 37.60762040915423], [-92.22426885834714, 37.60769328571034], [-92.22293797851022, 37.60768365564124], [-92.22246187278193, 37.60775584430348], [-92.2209440379008, 37.60744232668602], [-92.22018353745854, 37.60743682382255], [-92.21980011039938, 37.607736584126584], [-92.21827910332364, 37.60772557831122], [-92.21780458485351, 37.607646511089], [-92.2161885164801, 37.60763481743367], [-92.21580906337064, 37.607556438109455], [-92.21514202622996, 37.60770287881703], [-92.2146595166183, 37.60838009023356], [-92.21417779821725, 37.608981673673306], [-92.21369447127556, 37.60973451269348], [-92.21350033719597, 37.610111276105584], [-92.21321113466003, 37.61048735157546], [-92.21273099384328, 37.61093767899254], [-92.2127301924751, 37.61101330682421], [-92.21253364558457, 37.61161695360697], [-92.21271656921641, 37.61229897996269], [-92.21271015827114, 37.61290400261609], [-92.21289388810806, 37.61351040120923], [-92.21289148458402, 37.613737284712556], [-92.21298335095355, 37.61404048402985], [-92.21298094771973, 37.61426736753731], [-92.21316468336096, 37.61487376621338], [-92.21316228070758, 37.615100649729136], [-92.21325414997926, 37.6154038490879], [-92.21324293895105, 37.61646263884743], [-92.21314305948037, 37.61691571785517], [-92.21313344886677, 37.61782325191819], [-92.21274994016031, 37.61812301105583], [-92.21208280221808, 37.61826945032339], [-92.21170249627556, 37.61826669809563], [-92.21132379577804, 37.61811269024323], [-92.21066227873133, 37.61772973485075], [-92.21009664776119, 37.617271839801], [-92.20981624769901, 37.61681600894279], [-92.2098210733209, 37.6163622422015], [-92.20953987392205, 37.61598203920398], [-92.20925706772387, 37.615753091811776], [-92.20859477678275, 37.615445764643454], [-92.20774234622027, 37.61513706155196], [-92.20736286292842, 37.615058681796576], [-92.20659986086928, 37.61528006103511], [-92.20621795412521, 37.615428564498345], [-92.20593031069652, 37.61565338368159], [-92.20564185699972, 37.615953830569374], [-92.20506817906993, 37.61625221336097], [-92.20468626419982, 37.61640071670813], [-92.20430515766307, 37.6164735923231], [-92.20392242981619, 37.616697723336095], [-92.20353888899254, 37.61699748201493], [-92.20344219255112, 37.617148049375345], [-92.20315453403121, 37.617372868343004], [-92.20296194948176, 37.61759837533168], [-92.2029587045398, 37.61790088609453], [-92.20266536098674, 37.618655098805974], [-92.20218429159064, 37.61918105223742], [-92.20170484040906, 37.61955575022665], [-92.20141635459508, 37.61985619665562], [-92.20103278745854, 37.62015595495855], [-92.20074429661415, 37.62045640131564], [-92.2003607236733, 37.62075615953566], [-92.20026320206605, 37.620982354387785], [-92.20025913234521, 37.621360492647874], [-92.20035177135158, 37.62158806372305], [-92.20063213252486, 37.6220438940257], [-92.20119774317993, 37.62250178878524], [-92.20157319563985, 37.62295830735628], [-92.2017592988184, 37.623337822014925], [-92.20184950808456, 37.62379227621891], [-92.20230787817164, 37.625383898345774], [-92.20249480303343, 37.62568778546296], [-92.20268254087202, 37.62591604491432], [-92.20305639794776, 37.626523819253734], [-92.2030531537797, 37.62682633002764], [-92.20295482171089, 37.62712815258154], [-92.20266955800857, 37.62712608792151], [-92.20247775896213, 37.627275966851855], [-92.20238023571032, 37.62750216168048], [-92.2026565751451, 37.62833613092869], [-92.20415937905611, 37.630086580134055], [-92.20444222530404, 37.6303155280984], [-92.20556958555832, 37.63160945885849], [-92.2056630625, 37.63176140262438], [-92.205945111733, 37.63206597848259], [-92.20613368441127, 37.63221861058044], [-92.20632145020728, 37.63244687043118], [-92.20650840970148, 37.632750758043116], [-92.2066961780127, 37.6329790179298], [-92.20707010435322, 37.63358679325871], [-92.20716278012023, 37.63381436485904], [-92.20744564987562, 37.63404331315921], [-92.20791871536069, 37.634273638184084], [-92.20810568607655, 37.63457752595633], [-92.20848365930762, 37.634807162699005], [-92.20867304941265, 37.634884167194585], [-92.20905022108208, 37.63518943176617], [-92.20914129546709, 37.635568259049194], [-92.20913888120508, 37.63579514239912], [-92.20894224376727, 37.63639878788834], [-92.20903412406716, 37.63670198740465], [-92.20902768526118, 37.637307009660034], [-92.20921144973052, 37.63791340874793], [-92.21062592620231, 37.63905815207297], [-92.21080810225263, 37.63981580702875], [-92.21108618991846, 37.6404985226921], [-92.21108057086097, 37.64102791737839], [-92.21098225398009, 37.64132974014925], [-92.21097904270316, 37.64163225139304], [-92.21078320885849, 37.642160269082375], [-92.21049387117883, 37.64253634262162], [-92.21011183364428, 37.64268484421642], [-92.20963549080983, 37.642757029491435], [-92.2092550594942, 37.64275427547264], [-92.20830237014926, 37.64289864597015], [-92.2079195203151, 37.64312277524047], [-92.20753505555555, 37.64349816], [-92.20753263665009, 37.64372504328359], [-92.20771640595632, 37.644331442440574], [-92.20818389901189, 37.645091162817856], [-92.2085595108969, 37.64554768366639], [-92.20912374208817, 37.64615683727889], [-92.20940264369817, 37.646763925290216], [-92.20958482787452, 37.64752158036209], [-92.20958161118021, 37.64782409152847], [-92.209384947623, 37.64842773664455], [-92.2091923037728, 37.64865324278607], [-92.20861678067993, 37.649102877777786], [-92.20832821109036, 37.64940332300995], [-92.20804044490049, 37.649628140439475], [-92.207657560047, 37.64985226920951], [-92.20708201838032, 37.650301903935876], [-92.20650485521007, 37.650902794057494], [-92.20602603281509, 37.65120186174959], [-92.2049708305279, 37.65202619147319], [-92.20458549639304, 37.65247720309287], [-92.20400829626865, 37.65307809268657], [-92.20399938864013, 37.653909997512436], [-92.20390102696933, 37.65421181964346]]]}}, {"type": "Feature", "properties": {"fid": 20, "area_name": "18", "area_syskey": 4796, "area_type": null}, "geometry": {"type": "Polygon", "coordinates": [[[-92.24969987672746, 37.61241533490327], [-92.2497281349917, 37.609617085240465], [-92.24982625462272, 37.60931525965175], [-92.24985985478855, 37.60598761134328], [-92.24995796938917, 37.6056857856827], [-92.24996331419293, 37.6051563870785], [-92.24977701415148, 37.60477686960753], [-92.24977854162519, 37.604625612868986], [-92.24255408150911, 37.60457333986733], [-92.24217307529021, 37.60464621691543], [-92.23599425442924, 37.60460150965313], [-92.23599969877695, 37.60407211247098], [-92.23581269439607, 37.6037682242178], [-92.23476705949419, 37.60376065854063], [-92.23457616484245, 37.603834911111115], [-92.23323754973742, 37.604581563336104], [-92.23285106695688, 37.60518383710614], [-92.23246692201491, 37.605559226434494], [-92.23208433666389, 37.60578335948314], [-92.23160668837065, 37.606006804668326], [-92.23132072400497, 37.606080369278615], [-92.2310339762645, 37.606229561977614], [-92.23074801044775, 37.60630312656716], [-92.23008179963377, 37.60637393979962], [-92.22941637190436, 37.60636912493919], [-92.22903534266169, 37.60644200165839], [-92.22865509785792, 37.60643925030404], [-92.22808315906578, 37.60658637938088], [-92.2277013411277, 37.606734884112775], [-92.22760392070894, 37.60696108041045], [-92.22779168621476, 37.60718934025705], [-92.22778854188087, 37.60749185245716], [-92.22769269314539, 37.60756679264787], [-92.22702646772387, 37.60763760567164], [-92.22664621672885, 37.607634854228856], [-92.22617011525705, 37.60770704295191], [-92.22474417257462, 37.60769672502073], [-92.22436313162657, 37.60776960157269], [-92.22189149512853, 37.60775171712272], [-92.22141697298231, 37.607672649847984], [-92.22103672160033, 37.60766989839967], [-92.220277806288, 37.60751313962134], [-92.21970504745715, 37.60773589626313], [-92.21865776435185, 37.60787958559978], [-92.21818324452735, 37.60780051835821], [-92.21723261413764, 37.60779363970978], [-92.21685315919017, 37.60771526035932], [-92.21609265565229, 37.60770975745164], [-92.21571160551409, 37.607782633872304], [-92.21542641639718, 37.60778057027778], [-92.21523549146627, 37.6078548224157], [-92.215043767102, 37.60800470241294], [-92.21475537976784, 37.60830515024876], [-92.21456205421502, 37.60860628593145], [-92.21446459123133, 37.608832481621064], [-92.2142720629837, 37.60905798941404], [-92.21417459854891, 37.60928418508292], [-92.21398206826974, 37.60950969284688], [-92.21378873652571, 37.609810828441134], [-92.21369126967247, 37.61003702407546], [-92.21330620118158, 37.61048803949005], [-92.21320793112216, 37.6107898629298], [-92.2130153940713, 37.611015370597016], [-92.21281804823106, 37.61169464524599], [-92.21280923424544, 37.612526551409616], [-92.21290029750553, 37.612905378533725], [-92.21289308693339, 37.613586029043674], [-92.21316788689883, 37.61457125485904], [-92.21316468336096, 37.61487376621338], [-92.21325655234244, 37.61517696556799], [-92.21325334919153, 37.61547947692786], [-92.21343789084439, 37.61601024783859], [-92.21333961449695, 37.6163120711885], [-92.213336411733, 37.6166145825539], [-92.2132381342247, 37.61691640588723], [-92.21323493107379, 37.6172189172471], [-92.21313424975123, 37.617747624079605], [-92.21294089382253, 37.61804875932835], [-92.21227215343421, 37.6183464542634], [-92.21160661735765, 37.61834163785517], [-92.21122791666666, 37.61818763], [-92.21037785499585, 37.61765204291045], [-92.21000157253317, 37.617271151762026], [-92.20981463915837, 37.61696726452322], [-92.20963172965035, 37.61628523836927], [-92.20944480033859, 37.61598135118851], [-92.20906692113736, 37.61575171578911], [-92.20821448515755, 37.61544301262024], [-92.20773992702458, 37.615363944831394], [-92.20736124935738, 37.615209937305146], [-92.20679000629491, 37.61528143704118], [-92.2064072921849, 37.61550556825042], [-92.20554435754559, 37.616180025737975], [-92.20506736996269, 37.6163278410821], [-92.20420765346877, 37.61669978742399], [-92.20392080927998, 37.61684897874517], [-92.20363315337204, 37.617073797750145], [-92.20334630657132, 37.617222989034005], [-92.2031529119472, 37.617524123729964], [-92.20305540291598, 37.61775031876175], [-92.20305053608347, 37.61820408491432], [-92.20276124948175, 37.61858015918325], [-92.20218429159064, 37.61918105223742], [-92.20189662146213, 37.61940587103925], [-92.20093445538971, 37.62045777751244], [-92.20064677655473, 37.62068259618989], [-92.20045417594666, 37.62090810294915], [-92.20035584058873, 37.62120992545606], [-92.20035177135158, 37.62158806372305], [-92.20120018211027, 37.62227490578773], [-92.20157400822968, 37.62288267968491], [-92.20194540393173, 37.62371733670122], [-92.20194215512024, 37.624019847408796], [-92.20221604014648, 37.62508069943339], [-92.20240377556661, 37.6253089588502], [-92.2025907006219, 37.62561284597015], [-92.20268254087202, 37.62591604491432], [-92.20287027987148, 37.62614430438226], [-92.20305720898976, 37.62644819156025], [-92.20314905223879, 37.626751390547255], [-92.2031458084577, 37.627053901326704], [-92.20304909856964, 37.62720446849502], [-92.20276464590933, 37.627126776141516], [-92.20247775896213, 37.627275966851855], [-92.20238023571032, 37.62750216168048], [-92.20247288922747, 37.62772973296296], [-92.20265982086097, 37.62803362017689], [-92.20284513157131, 37.62848876279437], [-92.20322143589691, 37.62886965425512], [-92.20359855455362, 37.629174918069374], [-92.20387896506357, 37.62963074907684], [-92.2040667173162, 37.62985900873411], [-92.20434956240325, 37.63008795668186], [-92.20744806936152, 37.633816429883915], [-92.20763826218906, 37.633817806567166], [-92.20773497101298, 37.63366723938364], [-92.2073658784204, 37.632605697429526], [-92.20736910478857, 37.63230318640133], [-92.20672362516584, 37.63040767451908], [-92.20672604697347, 37.630180791276956], [-92.20663418466695, 37.62987759201769], [-92.20617326904366, 37.6285128513654], [-92.20598551388888, 37.62828459166667], [-92.20579856813156, 37.62798070425097], [-92.20570590416665, 37.62775313281924], [-92.20571398749999, 37.62699685549751], [-92.20581230815368, 37.626695032780546], [-92.20581554110005, 37.62639252184633], [-92.20591305245301, 37.62616632684771], [-92.20610484163211, 37.6260164477764], [-92.20658269626865, 37.62579300553897], [-92.20706135498202, 37.62549393550857], [-92.20735225912105, 37.624966605787726], [-92.20783171562327, 37.62459190787452], [-92.20859722510363, 37.624143646616915], [-92.20888489262023, 37.62391882777778], [-92.20926764184631, 37.6236946970702], [-92.20974386337065, 37.6236225100622], [-92.20984216341901, 37.623320687050864], [-92.20984779263406, 37.622791292509675], [-92.20994609123133, 37.622489469477614], [-92.20994850346186, 37.62226258609868], [-92.20985663854339, 37.621959386802104], [-92.2098767428828, 37.62006869201216], [-92.20997342984383, 37.6199181245163], [-92.21016439095494, 37.619843872895245], [-92.22918009438226, 37.61998149008707], [-92.22910007174544, 37.62769555344528], [-92.22976490657821, 37.627775999115535], [-92.23005017202183, 37.62777806380045], [-92.23033857057766, 37.627477616124935], [-92.23062931577527, 37.62695028413349], [-92.23072831764787, 37.62657283186844], [-92.23149135946655, 37.6263514531979], [-92.23339309233002, 37.62636521723881], [-92.23396595099503, 37.62614246202322], [-92.23444449923299, 37.625843390414595], [-92.23463545008983, 37.625769138647044], [-92.23520985702736, 37.62539512699005], [-92.23549744734659, 37.62517030704809], [-92.23654649135571, 37.62487536430763], [-92.23702269140408, 37.62480317699282], [-92.2375970787037, 37.62442916505528], [-92.23788465799474, 37.62420434495578], [-92.2382665438433, 37.624055841194036], [-92.2386468784204, 37.62405859383085], [-92.23922357453704, 37.62345769703704], [-92.23941683662935, 37.62315656044777], [-92.23971136965174, 37.62225108616916], [-92.23990462671365, 37.62194994950802], [-92.2405786954602, 37.62112285573384], [-92.24077194613736, 37.62082171898148], [-92.24115535346185, 37.62052195839552], [-92.2414436789801, 37.62022150967662], [-92.24173123041044, 37.619996689179104], [-92.2418278521697, 37.6198461207518], [-92.24230632804726, 37.61954704810945], [-92.24240294806522, 37.61939647965727], [-92.2428814187189, 37.6190974069403], [-92.24326634906717, 37.61864638955224], [-92.24345804247513, 37.618496509112774], [-92.2440308097222, 37.61827375259121], [-92.24431834577113, 37.618048931873965], [-92.24470018692647, 37.61790042747375], [-92.2451786386194, 37.617601354485906], [-92.24623290660587, 37.61677701141515], [-92.24652119710474, 37.61647656219596], [-92.24690992456468, 37.6156474026534], [-92.24739371525705, 37.614818930978444], [-92.24739677949142, 37.61451641763405], [-92.24749491469736, 37.61421459226783], [-92.24855293374793, 37.61301210638475], [-92.24912793619401, 37.61256246395523], [-92.24931807388059, 37.61256383985075], [-92.24969987672746, 37.61241533490327]]]}}, {"type": "Feature", "properties": {"fid": 21, "area_name": "19", "area_syskey": 4797, "area_type": null}, "geometry": {"type": "Polygon", "coordinates": [[[-92.24969834925373, 37.612566591641794], [-92.24968154704256, 37.61423041576562], [-92.2495841845702, 37.614456612891104], [-92.24952384171502, 37.62043125395384], [-92.24942570708956, 37.62073307932836], [-92.24936230087064, 37.62701023374793], [-92.24926415744194, 37.62731205899668], [-92.2492037993021, 37.63328669984108], [-92.24910641158097, 37.63351289660586], [-92.24904528167495, 37.639563165704814], [-92.24894788563432, 37.639789362350754], [-92.24891196726783, 37.64334389538143], [-92.24834055317164, 37.64341539267413], [-92.24786348103923, 37.64356320681039], [-92.2475758587963, 37.6437880262963], [-92.24728900067716, 37.64393721741847], [-92.24709495240464, 37.64431398205639], [-92.24680579224018, 37.644690058131566], [-92.2465173958126, 37.644990505837484], [-92.24632564145935, 37.6451403854063], [-92.24594366487008, 37.64528888787176], [-92.24575190858208, 37.64543876741294], [-92.24536916148423, 37.64566289815092], [-92.244032220398, 37.646182656451074], [-92.2433656673231, 37.646253464794086], [-92.24213152473742, 37.64601762866777], [-92.2412778353303, 37.645784546872584], [-92.24089893439054, 37.64563053615672], [-92.24051926226505, 37.645552153703704], [-92.23976146735073, 37.645244132371474], [-92.23890701952735, 37.64508667902155], [-92.238526577377, 37.64508392484799], [-92.2382420208195, 37.64500623101023], [-92.23786312994058, 37.64485222043809], [-92.23719891044776, 37.64469614427861], [-92.23758633225538, 37.64401824464345], [-92.2377843060116, 37.64326333968491], [-92.23778818370647, 37.64288519868159], [-92.23760184690435, 37.64250568068546], [-92.2369446366708, 37.64166895114013], [-92.23685263651187, 37.64136574991156], [-92.23657120310254, 37.640985543571034], [-92.2365781942717, 37.64030488992676], [-92.23648542050857, 37.64007731692649], [-92.2361065584577, 37.63992330676617], [-92.23562948313295, 37.64007112085683], [-92.23524906652155, 37.640068367048094], [-92.23496453250415, 37.639990673532346], [-92.2346807777985, 37.63983735186982], [-92.23430114146628, 37.63975896992814], [-92.23354343090796, 37.639450949800995], [-92.23212313097014, 37.638835598242125], [-92.23088914490741, 37.63859976435186], [-92.23050873564814, 37.63859701064815], [-92.22956084832089, 37.63828761406716], [-92.22899337489635, 37.63798097125622], [-92.2290726129975, 37.63034253597015], [-92.22898065975676, 37.63003933541183], [-92.22900341409618, 37.62784612135987], [-92.22985921129768, 37.627852315427035], [-92.23024113235903, 37.62770381216832], [-92.23062853278743, 37.62702591222775], [-92.23101357844803, 37.626574896487014], [-92.23120453472221, 37.62650064479685], [-92.23158488206882, 37.62650339761609], [-92.23196601104891, 37.626430522321726], [-92.23329722540767, 37.62644015716971], [-92.23377421869816, 37.62629234190713], [-92.23415690310947, 37.626068210273644], [-92.23453880617743, 37.62591970675788], [-92.23501735064262, 37.62562063509536], [-92.23520985702736, 37.62539512699005], [-92.23549666929242, 37.62524593521283], [-92.23578270263266, 37.625172371587894], [-92.23635554475538, 37.62494961613599], [-92.23711777601575, 37.624803865165845], [-92.23769293866086, 37.624354225024874], [-92.2381706848535, 37.62413078123825], [-92.2386468784204, 37.62405859383085], [-92.2389336784964, 37.62390940187949], [-92.23951346709507, 37.62300599214483], [-92.23970904825872, 37.62247797084577], [-92.23990307950524, 37.622101205964626], [-92.24048284256496, 37.62119779586512], [-92.24077040067026, 37.62097297546297], [-92.24096365018656, 37.62067183869403], [-92.24125120480927, 37.620447018242125], [-92.2414436789801, 37.62022150967662], [-92.24307311406164, 37.61894752652847], [-92.24326557884882, 37.618722017828915], [-92.24355311896073, 37.61849719716971], [-92.24450926654228, 37.61797467967662], [-92.24498695101575, 37.61775123500829], [-92.24642458917911, 37.6166271308209], [-92.24661703781094, 37.61640162189055], [-92.24681331847705, 37.61579797130459], [-92.24719974050579, 37.61519569666667], [-92.24739218313987, 37.61497018765064], [-92.24749108488805, 37.61459273395523], [-92.24749414873548, 37.61429022060531], [-92.24768735394555, 37.61398908320343], [-92.24874460200387, 37.612862225585964], [-92.2490321029367, 37.61263740436706], [-92.24931807388059, 37.61256383985075], [-92.24969834925373, 37.612566591641794]]]}}, {"type": "Feature", "properties": {"fid": 22, "area_name": "20", "area_syskey": 4798, "area_type": null}, "geometry": {"type": "Polygon", "coordinates": [[[-92.2371030241777, 37.64477108393311], [-92.23691047464759, 37.64499659142206], [-92.2368122581813, 37.645298415627416], [-92.23661970642618, 37.645523923084575], [-92.23623149108623, 37.646277450663355], [-92.23603893507462, 37.646502958059706], [-92.23594071319098, 37.64680478218767], [-92.2357481549544, 37.64703028955224], [-92.23564993123271, 37.64733211365395], [-92.23545737077113, 37.64755762098673], [-92.2350691333748, 37.64831114825042], [-92.23487656865672, 37.64853665552239], [-92.23477833951769, 37.64883847954671], [-92.23458577257463, 37.649063986786906], [-92.23419751873273, 37.64981751381565], [-92.23248932365256, 37.649426977844115], [-92.23211042155197, 37.64927296711167], [-92.23173073936567, 37.64919458451493], [-92.23144695563848, 37.64904126243781], [-92.23106727529021, 37.648962879867334], [-92.23040459826561, 37.64865554718353], [-92.22964524434079, 37.648498782139306], [-92.22936146748202, 37.648345460160314], [-92.22898100830568, 37.6483427057435], [-92.22869644865257, 37.648265011861525], [-92.22831598986318, 37.64826225745025], [-92.22793631657684, 37.64818387498066], [-92.22765097277501, 37.64818180917634], [-92.22727130055279, 37.64810342672195], [-92.22689084253732, 37.64810067232173], [-92.2249972259812, 37.64725499215036], [-92.2244297016722, 37.6469483486125], [-92.22329071576837, 37.64671320168878], [-92.2228111983209, 37.64708789873135], [-92.22242678976643, 37.647463284293806], [-92.22232851119402, 37.64776510761194], [-92.22204000283996, 37.64806555371891], [-92.2215636383361, 37.648137738684355], [-92.22127670998479, 37.64828692880321], [-92.22108410299197, 37.648512435471254], [-92.2208922875, 37.64866231416667], [-92.21965578888889, 37.64865336222223], [-92.21898839275151, 37.64879979780127], [-92.21822269675927, 37.64924805639442], [-92.21812360337202, 37.64962550735213], [-92.21811883056937, 37.65007927484798], [-92.21602625402156, 37.65006412482587], [-92.215644987576, 37.65013699815644], [-92.21250611956191, 37.65011427307767], [-92.21221996645936, 37.650187834991705], [-92.2090810952529, 37.65016510986734], [-92.20869982097152, 37.65023798308596], [-92.20765352950525, 37.6502304080293], [-92.206886135199, 37.6508299209204], [-92.20630896641791, 37.65143081096186], [-92.20506514153537, 37.65210250787452], [-92.20467980759396, 37.65255351949696], [-92.20439201818684, 37.65277833659481], [-92.20419853843283, 37.65307947007463], [-92.2040985592247, 37.65353254765755], [-92.20409451078635, 37.65391068622167], [-92.20418720415975, 37.65413825807352], [-92.20503845376588, 37.654598222853785], [-92.20513357678274, 37.654598911575455], [-92.20607996101437, 37.65505956524323], [-92.20645964813433, 37.65513794791045], [-92.20712228762439, 37.655445280058046], [-92.20788166863598, 37.655602045489225], [-92.20816543040354, 37.655755367252624], [-92.20892481663901, 37.65591213275843], [-92.20930370655057, 37.65606614331676], [-92.21101595393866, 37.65607854077945], [-92.21149077607103, 37.65615761233969], [-92.21187287938778, 37.65600911168463], [-92.21225177568408, 37.65616312233416], [-92.2126314745094, 37.6562415051686], [-92.21301037351436, 37.65639551585683], [-92.21339007427444, 37.6564738987189], [-92.21415107698313, 37.6564794087576], [-92.21443805128523, 37.65633021929519], [-92.215105524233, 37.656183784813436], [-92.21577219668325, 37.65611297817579], [-92.21690891517413, 37.656575010547265], [-92.21804326119403, 37.657263926865674], [-92.21822794689054, 37.65779469983416], [-92.21841581561635, 37.65802296115533], [-92.2186005059563, 37.65855373419016], [-92.21878758308458, 37.65885762348259], [-92.21897227826146, 37.659388396586515], [-92.2192560768864, 37.659541718876454], [-92.2195390827529, 37.659770669121066], [-92.21972696057213, 37.659998930572144], [-92.22000996963101, 37.66022788086236], [-92.22019785006218, 37.660456142350746], [-92.22029060099501, 37.660683715024874], [-92.2204776905058, 37.660987604494196], [-92.22076070565919, 37.66121655487147], [-92.2213243649461, 37.661901339593705], [-92.22160738619404, 37.66213029005805], [-92.22179527639581, 37.662358551686026], [-92.22198237635435, 37.6626624413046], [-92.22197921073797, 37.662964953200664], [-92.22188091117329, 37.663266776218904], [-92.22130297875208, 37.66394329463102], [-92.2212046752211, 37.66424511759259], [-92.22062593640133, 37.66499726376451], [-92.22052762880735, 37.66529908666805], [-92.22004877265063, 37.66559815387784], [-92.21976098092176, 37.66582297094251], [-92.21947398137092, 37.66597216004423], [-92.21804055694443, 37.66656684946932], [-92.21765920836789, 37.666639721626595], [-92.21727706287314, 37.666788221679106], [-92.21689571236179, 37.666861093808734], [-92.21651356415836, 37.667009593822556], [-92.21584599747098, 37.66715602696517], [-92.21546384559147, 37.66730452692648], [-92.21517762980237, 37.667378087944996], [-92.21479547540768, 37.66752658787037], [-92.21450766017136, 37.66775140459923], [-92.21431658152294, 37.66782565454118], [-92.21428621408235, 37.67069951335267], [-92.21418787359728, 37.67100133578634], [-92.2141822789179, 37.6715307308209], [-92.21552068625621, 37.6709353541874], [-92.2159020590174, 37.67086248237562], [-92.21628422811635, 37.67071398266031], [-92.2170469689953, 37.67056823897043], [-92.21733399108622, 37.670419050190716], [-92.2180967267413, 37.6702733064262], [-92.21886104830016, 37.66997630675788], [-92.21924400087065, 37.66975217895523], [-92.21953180914178, 37.66952736212687], [-92.21972447398426, 37.669301856285244], [-92.22059264054725, 37.6681736378607], [-92.2207876764096, 37.66772124805141], [-92.22098112520729, 37.66742011412936], [-92.2214694917565, 37.66621351142482], [-92.22166372567024, 37.66583674943892], [-92.22195388580708, 37.665385048369274], [-92.22214574154228, 37.665235170248756], [-92.22233838752072, 37.66500966413765], [-92.22262537749447, 37.66486047489912], [-92.2236750319237, 37.66456554087894], [-92.22386530310943, 37.664566918681594], [-92.22510443045189, 37.66434899033997], [-92.22606050694445, 37.66390211111111], [-92.2266336752695, 37.66367936031924], [-92.22845064738804, 37.662784912313434], [-92.22883274935047, 37.66263641163903], [-92.22921563381703, 37.662412282863464], [-92.22988469682835, 37.662114592537314], [-92.23017322636815, 37.661814146733], [-92.2305561025152, 37.661590017838584], [-92.23074793097014, 37.66144013932836], [-92.23094054096185, 37.66121463270315], [-92.23170784317303, 37.66061511849641], [-92.23190044813433, 37.66038961179934], [-92.23295546313571, 37.659565279400226], [-92.23314806161552, 37.659339772610565], [-92.23420304788557, 37.65851543980099], [-92.23439408222774, 37.65844118922609], [-92.23458433754836, 37.6584425668021], [-92.23525256504284, 37.65822050381979], [-92.2363005199005, 37.65807682407961], [-92.23668102860697, 37.658079579203985], [-92.23744359748478, 37.65793383305694], [-92.23830283978025, 37.657637519220565], [-92.23935232752902, 37.65734258281924], [-92.2397343791874, 37.657194081426205], [-92.24040180676478, 37.6570476462963], [-92.24135306498755, 37.657054533913765], [-92.242207655597, 37.65721198930348], [-92.24315891575455, 37.65721887694859], [-92.24506066807628, 37.65730828054727], [-92.24525168810115, 37.65723402976783], [-92.24610782224293, 37.657240228648426], [-92.24639396692923, 37.65716666661415], [-92.24687189499032, 37.65694322542566], [-92.24725469481066, 37.656719095440856], [-92.2475423672609, 37.6564942766722], [-92.24869074669708, 37.65582188643174], [-92.2489784113115, 37.655597067551135], [-92.2490059162866, 37.652874446406855], [-92.248913852377, 37.652571244267556], [-92.24896046393033, 37.647957914079605], [-92.24886764247512, 37.64773034039801], [-92.24890661772388, 37.64387329391791], [-92.24881380178275, 37.64364572031509], [-92.24814804156301, 37.64364090070481], [-92.24786118518517, 37.643790091851855], [-92.24757356207158, 37.64401491132532], [-92.24738028082503, 37.64431604764096], [-92.24661173961442, 37.6450668227073], [-92.24641921852542, 37.645292330602544], [-92.24603724135572, 37.6454408330597], [-92.24574960634328, 37.645665652363185], [-92.24527097868298, 37.645964722837206], [-92.24450701118711, 37.64626172756358], [-92.24393480075317, 37.64640885275981], [-92.24298367893172, 37.64640196709093], [-92.24241377663765, 37.64632220742123], [-92.24212921147043, 37.64624451346048], [-92.24175030646765, 37.64609050268657], [-92.2413706311498, 37.646012120187955], [-92.24042260548646, 37.645702721630734], [-92.24004370667494, 37.64554871094527], [-92.23795591415146, 37.64507979358762], [-92.23738680277779, 37.64492440593699], [-92.2371030241777, 37.64477108393311]]]}}, {"type": "Feature", "properties": {"fid": 23, "area_name": "21", "area_syskey": 4799, "area_type": null}, "geometry": {"type": "Polygon", "coordinates": [[[-92.24897535520313, 37.65589958101161], [-92.24897000701353, 37.656428979567444], [-92.24906207624377, 37.65673218178276], [-92.24899867002487, 37.66300933620233], [-92.2466203358278, 37.6629921144638], [-92.2462390356205, 37.663064987312055], [-92.24386069900497, 37.66304776553898], [-92.24357452916665, 37.66312132721393], [-92.24271986774461, 37.662963870812604], [-92.24243369703566, 37.663037432475136], [-92.23900889230929, 37.663012633121895], [-92.2386268095011, 37.66316113406993], [-92.23805833271835, 37.66293011620509], [-92.23758189033997, 37.66300230005805], [-92.2310176812811, 37.66295476796435], [-92.2309120824005, 37.67316456218077], [-92.23052210509259, 37.674069343148155], [-92.2299520021628, 37.67398958061222], [-92.22966499245439, 37.67413876956883], [-92.22947704788555, 37.67391050716417], [-92.22938738672607, 37.6733804215105], [-92.22881964320757, 37.67307377484108], [-92.22834155659204, 37.67329721376451], [-92.22786268176478, 37.67359628070757], [-92.22757488365119, 37.67382109768104], [-92.22690492050164, 37.67419441442786], [-92.22661711716418, 37.6744192313267], [-92.22594714376035, 37.674792547927034], [-92.22566012273356, 37.67494173672195], [-92.22441766618988, 37.67546217462272], [-92.22403627891791, 37.6755350462272], [-92.22365647000414, 37.67545666182007], [-92.22270497477196, 37.67544977081675], [-92.2223251675995, 37.67537138643449], [-92.22194456989358, 37.6753686300387], [-92.2214672391791, 37.67551644048093], [-92.22118020615672, 37.67566562910448], [-92.22041742193892, 37.67581137217524], [-92.22022712192509, 37.675809993960755], [-92.2197505783582, 37.67588217636816], [-92.21946433422471, 37.67595573698176], [-92.21898699461028, 37.67610354729685], [-92.2187951048231, 37.676253424930906], [-92.21831855690297, 37.67632560727613], [-92.21698644732587, 37.676315959639304], [-92.21660823476367, 37.67608631947761], [-92.2164203247305, 37.67585805756634], [-92.21594856122167, 37.67547647258154], [-92.21529049467246, 37.67471537008292], [-92.21482193847429, 37.67403127379768], [-92.21444534209508, 37.67365037816474], [-92.21435578812189, 37.67312029404229], [-92.2142638380735, 37.672817093529574], [-92.21426783378938, 37.67243895421227], [-92.21436697477198, 37.6720615039345], [-92.21437097000414, 37.67168336461028], [-92.21484908960751, 37.6714599261581], [-92.21523206210612, 37.67123579864013], [-92.2155182925995, 37.67116223783168], [-92.21580532010779, 37.67101304912936], [-92.21647292133085, 37.670866616480104], [-92.21675994574349, 37.67071742773355], [-92.21752268565506, 37.67057168402985], [-92.21780970677861, 37.67042249523632], [-92.21819107450939, 37.67034962335268], [-92.21886025380044, 37.67005193468768], [-92.21924161853234, 37.6699790627612], [-92.21981723507461, 37.66952942910448], [-92.22029928935184, 37.668927850462964], [-92.22059105503041, 37.66832489377004], [-92.2207845061498, 37.66802375988115], [-92.22097716334991, 37.66779825393035], [-92.22146632420535, 37.666516023293255], [-92.2218540001451, 37.66583812728856], [-92.22223929577805, 37.665387115118854], [-92.22252707822001, 37.66516229792151], [-92.22290999499724, 37.664938169607524], [-92.22338646533305, 37.664865986153956], [-92.22386372417081, 37.664718174684914], [-92.2242442673162, 37.66472093030127], [-92.22472073484658, 37.66464874680763], [-92.22529391303897, 37.66442599615672], [-92.22558089469318, 37.664276806799336], [-92.22624841523631, 37.66413037299752], [-92.22691829219181, 37.663757055019346], [-92.22730040228026, 37.66360855446103], [-92.22768329642066, 37.663384425823665], [-92.22806540302653, 37.66323592521559], [-92.22863934466555, 37.662937546191266], [-92.22892709808596, 37.662712728579336], [-92.2292140657131, 37.66256353902156], [-92.22950024841762, 37.662489977530406], [-92.22988234670397, 37.66234147680348], [-92.23084071527778, 37.66166771247927], [-92.23141776081398, 37.66106682067717], [-92.2319916720771, 37.660768441218906], [-92.23227940692371, 37.660543623341624], [-92.23247200995024, 37.66031811661692], [-92.2326653923853, 37.66001698174682], [-92.23324241044774, 37.65941608955224], [-92.23362526492537, 37.65919196034826], [-92.23391298874378, 37.658967142313436], [-92.23429505994334, 37.65881864119957], [-92.23467790813295, 37.658594511905754], [-92.23544281978302, 37.65822188138751], [-92.2358225518864, 37.658300264697345], [-92.23620383874378, 37.65822739165838], [-92.23686973033443, 37.65823221314538], [-92.23734691884329, 37.65808440067165], [-92.23782333007186, 37.65801221637369], [-92.23820538830846, 37.65786371507463], [-92.23868179721532, 37.65779153074351], [-92.23915897914594, 37.65764371817579], [-92.23992153834992, 37.65749797189055], [-92.24030358962135, 37.657349470491994], [-92.24068486690159, 37.6572765973162], [-92.24106537135157, 37.65727935237977], [-92.24182483768655, 37.65743611902985], [-92.24306147966418, 37.65744507302239], [-92.24315814582641, 37.65729450522941], [-92.24505913208955, 37.65745953716418], [-92.24610552145522, 37.657467113619404], [-92.24658268587616, 37.65731930080155], [-92.24753930534825, 37.656796790049754], [-92.24782697721807, 37.656571971272804], [-92.24840078651879, 37.65627359035794], [-92.24868845374516, 37.65604877151465], [-92.24897535520313, 37.65589958101161]]]}}, {"type": "Feature", "properties": {"fid": 24, "area_name": "22", "area_syskey": 4800, "area_type": null}, "geometry": {"type": "Polygon", "coordinates": [[[-92.23089538616638, 37.68398007049475], [-92.23079709695274, 37.68428189366087], [-92.23060364583334, 37.684583027549756], [-92.23012392571863, 37.684957721697074], [-92.22907479608207, 37.68517702393449], [-92.22822147823383, 37.6848683081675], [-92.2274696132808, 37.68395525731067], [-92.22737759570894, 37.683652055833335], [-92.22718963343698, 37.68342379317579], [-92.22681135354476, 37.68319415205224], [-92.22652823507462, 37.68296520019901], [-92.22586605759398, 37.682582235371754], [-92.22548699838998, 37.68242822239497], [-92.22425309444444, 37.68211675039801], [-92.22272740411829, 37.68240823479824], [-92.22168066146351, 37.68240065329602], [-92.2205363824005, 37.6826192664345], [-92.22005900254284, 37.682767076174684], [-92.21958479526671, 37.6826123741183], [-92.2191097958126, 37.68253330002488], [-92.21844050633636, 37.68283098711581], [-92.21815264408512, 37.68305580317302], [-92.21748334599917, 37.68335349014096], [-92.21729143473604, 37.68350336746822], [-92.21700515887231, 37.68357692762852], [-92.21662212910446, 37.683801054328356], [-92.21623989402985, 37.683949553101165], [-92.2156657409204, 37.68424792910448], [-92.21480530101574, 37.68461986511194], [-92.21404001421365, 37.68499249027087], [-92.2137537292565, 37.68506605030127], [-92.21289246970011, 37.685513613879216], [-92.21222312798507, 37.68581130022388], [-92.21184087356274, 37.68595979872029], [-92.21088683559977, 37.68617978923162], [-92.20984003867468, 37.686172206954126], [-92.2038593198314, 37.68476748232725], [-92.20347786339137, 37.68484035294362], [-92.20319237825456, 37.684838285120236], [-92.20080845932834, 37.685274819278604], [-92.20052134649667, 37.68542400676202], [-92.200618947623, 37.68519781304589], [-92.20090687198038, 37.6849729978759], [-92.20110531975538, 37.684218099689055], [-92.20139892363183, 37.683463890696515], [-92.20140217205638, 37.68316137998342], [-92.2014997676686, 37.6829351861885], [-92.2016933335199, 37.68263405393864], [-92.20198773702322, 37.68180421708956], [-92.20208695201076, 37.681426767868984], [-92.20210480344804, 37.67976295873411], [-92.20249029062327, 37.67931194930072], [-92.20268384331813, 37.67901081686291], [-92.20316609755389, 37.678409241077944], [-92.20336450624653, 37.67765434233279], [-92.20355805120232, 37.677353209784414], [-92.20356210109176, 37.67697507124102], [-92.20375969245438, 37.6762958000995], [-92.2039540419707, 37.67591903976507], [-92.20434111679104, 37.67531677445274], [-92.20472980305418, 37.67456325360144], [-92.20501929135571, 37.67418718221393], [-92.20588289291044, 37.673512734253734], [-92.20607237985075, 37.67358974013268], [-92.2065489233209, 37.67351755772388], [-92.20769391301133, 37.673223315457435], [-92.20817286842177, 37.67292424966556], [-92.20865262481344, 37.672549556036486], [-92.20932025476782, 37.67240312379768], [-92.20979759089967, 37.672255313432835], [-92.20989354004975, 37.67218037467662], [-92.21179805257049, 37.672042899867336], [-92.21179965588723, 37.67189164421227], [-92.21208589247513, 37.671818083490884], [-92.21322763219321, 37.67182635191543], [-92.21351146728854, 37.671979674726366], [-92.2137945039179, 37.67220862541045], [-92.21407514427861, 37.672664459701494], [-92.21444374419568, 37.67380163389718], [-92.21453489742262, 37.67418046230653], [-92.21519215331674, 37.67501719250414], [-92.21603892701077, 37.67593092902156], [-92.21660664131426, 37.67623757527364], [-92.21746060903814, 37.676470661044775], [-92.21822181605862, 37.67647617400222], [-92.21860321426202, 37.6764033025539], [-92.21936680226645, 37.67618193168602], [-92.21974899129353, 37.676033432255394], [-92.22156080541043, 37.675668385522386], [-92.22194140466416, 37.6756711419403], [-92.2223227948383, 37.67559827037728], [-92.22298805261194, 37.67567872208956], [-92.22336865186567, 37.675681478507464], [-92.22384361156026, 37.67576055203289], [-92.22422421120095, 37.67576330845634], [-92.22489341380597, 37.67546562012438], [-92.22537073707159, 37.67531780957573], [-92.22575369670398, 37.67509368187397], [-92.22613586696379, 37.674945182175236], [-92.22661475746268, 37.674646115456056], [-92.2269025616708, 37.674421298569655], [-92.22709521625897, 37.674195792581536], [-92.22872135902432, 37.67337559807905], [-92.22910116223052, 37.673453982404645], [-92.2292891044776, 37.673682244776124], [-92.22938033287036, 37.67406107425926], [-92.22947391322552, 37.67421301950249], [-92.22975935686152, 37.674215086733], [-92.230140731364, 37.6741422149461], [-92.23042617470978, 37.67414428217247], [-92.23089330926616, 37.67497963670813], [-92.23088705155473, 37.67558466155059], [-92.23117171849087, 37.67566235696518], [-92.23077478466448, 37.67643430186927], [-92.23086827842039, 37.677399736077945], [-92.23080804794775, 37.683223100186574], [-92.23090086098672, 37.68345067374793], [-92.23089538616638, 37.68398007049475]]]}}, {"type": "Feature", "properties": {"fid": 25, "area_name": "23", "area_syskey": 4801, "area_type": null}, "geometry": {"type": "Polygon", "coordinates": [[[-92.23118008541321, 37.68405776637093], [-92.23146478524046, 37.6841354622554], [-92.23717441832504, 37.68417681772803], [-92.23774228102543, 37.684483466100055], [-92.23793027802654, 37.684711729253735], [-92.23821421237562, 37.68486505348259], [-92.23896931259672, 37.68547559343837], [-92.23925325197624, 37.68562891773909], [-92.2395364192026, 37.68585787028884], [-92.23972442520038, 37.68608613357104], [-92.23972133271836, 37.68638864651189], [-92.23981031188502, 37.6869943617026], [-92.23971360151326, 37.687144928864015], [-92.23971050903123, 37.68744744180487], [-92.23961225145108, 37.68774926542289], [-92.23959601388887, 37.689337458333334], [-92.23949775350331, 37.68963928191128], [-92.23948074059562, 37.691303103025156], [-92.23814604156301, 37.69152033623549], [-92.23776536182282, 37.69151757866777], [-92.23719279094112, 37.69166469871476], [-92.23652427110282, 37.691886757520734], [-92.23633237725262, 37.69203663509674], [-92.23613892922884, 37.692337769029855], [-92.2360406510434, 37.692639592353515], [-92.23631607061913, 37.69362482702046], [-92.23649710015201, 37.694533744157], [-92.23649399490048, 37.69483625691542], [-92.23658451179519, 37.6952907155141], [-92.23657209233693, 37.69650076656993], [-92.23703478648424, 37.69778989334992], [-92.23721738702321, 37.698547554369824], [-92.23740386815919, 37.698927074427864], [-92.23758725062189, 37.69960910733832], [-92.23748819409204, 37.69998655882256], [-92.23748121685324, 37.70066721266585], [-92.23738293383084, 37.7009690359204], [-92.23738060779436, 37.70119592053069], [-92.23728232370784, 37.70149774377004], [-92.2372792219389, 37.701800256578224], [-92.23708187503455, 37.702479531212], [-92.23707877249171, 37.702782044009126], [-92.23688219716003, 37.70338569038557], [-92.23649291829048, 37.70421484205086], [-92.23600844365671, 37.70504330395523], [-92.23591092601575, 37.70526949886402], [-92.23543110190712, 37.70564419152571], [-92.2350495721393, 37.705717061094525], [-92.23485608445273, 37.70601819446103], [-92.23447533041735, 37.70601543583195], [-92.23380978978027, 37.70593498007878], [-92.23352578297403, 37.70578165481482], [-92.23314580970148, 37.70570326805971], [-92.23295855263957, 37.705399376196794], [-92.23277051713653, 37.7051711124931], [-92.23229848227611, 37.704789523631845], [-92.23191929615119, 37.70463550884191], [-92.23163451699834, 37.70455781182421], [-92.23087771517412, 37.7040985261194], [-92.23059450354478, 37.703869572935325], [-92.23031051115257, 37.70371624787729], [-92.23002730271558, 37.703487294738814], [-92.2295568590796, 37.70295445004975], [-92.22917925518242, 37.70264917930348], [-92.22889527033581, 37.70249585435324], [-92.22842091891928, 37.7023411502377], [-92.22756583474985, 37.702183687797124], [-92.2270914879768, 37.70202898374793], [-92.22481181318408, 37.70155866557214], [-92.22443108159204, 37.70155590726368], [-92.22395674507324, 37.70140120336098], [-92.22376874720149, 37.701172940194866], [-92.2234855683665, 37.70094398747927], [-92.22329757310668, 37.700715724350474], [-92.223110368864, 37.70041183324213], [-92.2228264048162, 37.70025850858901], [-92.22263841332918, 37.7000302455141], [-92.22054443213793, 37.700015075425654], [-92.22007011322553, 37.69986037177446], [-92.21988688999447, 37.699178341138754], [-92.21998524208817, 37.698876518870925], [-92.21999079342868, 37.698347123217246], [-92.22018987250551, 37.697516594769205], [-92.22047778351296, 37.69729177940851], [-92.22067130796019, 37.696990646567166], [-92.22086403868157, 37.69676514166667], [-92.22077203097706, 37.6964619403303], [-92.2203952886194, 37.696081042611944], [-92.22001537793669, 37.69600265675097], [-92.2197298504284, 37.69600058832228], [-92.21734408846739, 37.69658837471117], [-92.21715532714897, 37.69643573991846], [-92.21706253887507, 37.69620816671089], [-92.21687537158651, 37.69590427613046], [-92.21649546525704, 37.695825890331676], [-92.21621711059286, 37.69514317085407], [-92.21621950134741, 37.694916287168326], [-92.21557641024047, 37.69271825228856], [-92.21530286349503, 37.69158176581675], [-92.21530605503732, 37.69127925429105], [-92.21502214187396, 37.69112593036484], [-92.21550516932697, 37.690448726346055], [-92.2157026843629, 37.68976945411415], [-92.21589620939054, 37.6894683212811], [-92.21666153217937, 37.689095696636265], [-92.2170437925995, 37.68894719822554], [-92.21742684722912, 37.68872307188087], [-92.21752599208126, 37.68834562165838], [-92.2179146090796, 37.68759209981758], [-92.21791858544775, 37.68721396022388], [-92.21763468273217, 37.68706063644694], [-92.21706528849501, 37.686905244755394], [-92.21658946735765, 37.68690179820343], [-92.21611125488529, 37.687125235328914], [-92.21544031652847, 37.687574177424], [-92.21515482123411, 37.6875721094555], [-92.21468218999446, 37.68726615135434], [-92.21440069012576, 37.6868859440644], [-92.21402243093559, 37.686656303236596], [-92.2137393377142, 37.68642735174406], [-92.2136457733209, 37.68627540672886], [-92.21365616847014, 37.685292244593704], [-92.21384809172885, 37.685142367437805], [-92.21480530101574, 37.68461986511194], [-92.21518754247512, 37.68447136643035], [-92.21623989402985, 37.683949553101165], [-92.21662212910446, 37.683801054328356], [-92.21700515887231, 37.68357692762852], [-92.21729143473604, 37.68350336746822], [-92.21748334599917, 37.68335349014096], [-92.21815264408512, 37.68305580317302], [-92.21891868427308, 37.682607549496964], [-92.21948884282753, 37.68268731282753], [-92.21986789139025, 37.68284132565229], [-92.22015336840104, 37.68284339335959], [-92.2205355897388, 37.68269489439055], [-92.2218701870025, 37.68247765972637], [-92.22225082108207, 37.68248041664179], [-92.22272740411829, 37.68240823479824], [-92.22310803781095, 37.682410991708124], [-92.22377572551824, 37.682264560294364], [-92.22453699135572, 37.682270074092045], [-92.22491604785102, 37.68242408703013], [-92.22529589371891, 37.68250247196518], [-92.22624433148839, 37.68281187640962], [-92.22652744850747, 37.68304082824213], [-92.22680978099086, 37.683345408146764], [-92.22756163162659, 37.684258458799064], [-92.2277488118781, 37.68456234956468], [-92.22793677879352, 37.68479061228856], [-92.22840944737423, 37.685096570923164], [-92.22897806607241, 37.685327590815376], [-92.22954982213929, 37.68525609840796], [-92.23040941056523, 37.684959789516306], [-92.23118008541321, 37.68405776637093]]]}}, {"type": "Feature", "properties": {"fid": 26, "area_name": "24", "area_syskey": 4802, "area_type": null}, "geometry": {"type": "Polygon", "coordinates": [[[-92.1942348868781, 37.6859079069403], [-92.19419883497098, 37.68923552022389], [-92.19410120917635, 37.689461713587626], [-92.1940979313433, 37.68976422388061], [-92.19399948502625, 37.69006604480238], [-92.19399702636125, 37.69029292751797], [-92.1938985789801, 37.690594748424544], [-92.19388956281094, 37.691426651699835], [-92.19379111359176, 37.69172847258016], [-92.19378947409481, 37.69187972771836], [-92.1942563162106, 37.69271507807628], [-92.19453528002349, 37.69332216697623], [-92.19424812356273, 37.69347135383637], [-92.19423173826699, 37.69498390535655], [-92.19432363636676, 37.69528710512714], [-92.19427776295606, 37.69952224946103], [-92.19437294353234, 37.699522939004986], [-92.194361476534, 37.7005817251078], [-92.19416292002488, 37.7013366217413], [-92.19435246674959, 37.7014136284743], [-92.19433608532339, 37.70292618004976], [-92.19442799435461, 37.703229379976506], [-92.19440670101575, 37.70519569706053], [-92.19487527375622, 37.70587979358209], [-92.19525111994196, 37.70633631777778], [-92.19534385520315, 37.706563890228026], [-92.19590763580017, 37.70724867668326], [-92.1959995569237, 37.70755187678275], [-92.19675128489497, 37.7084649256827], [-92.19684402750829, 37.70869249823798], [-92.1970319632739, 37.70892076051686], [-92.19731590903814, 37.70907408490879], [-92.19759904027777, 37.70930303694445], [-92.19797818190297, 37.709457051098674], [-92.19816612308595, 37.70968531345495], [-92.19854608252487, 37.709763700012445], [-92.19920918181316, 37.710071038728586], [-92.19987391324626, 37.71022712220149], [-92.20006348850885, 37.710304129342184], [-92.20053864738804, 37.7103832057131], [-92.20463200701353, 37.71041286460061], [-92.20510878710613, 37.71034068557214], [-92.20710786768241, 37.71035517011609], [-92.20777744921227, 37.710057487197346], [-92.20825744309701, 37.70968279696103], [-92.2085446325456, 37.70953361057214], [-92.20883664645523, 37.70893065742538], [-92.20865189275152, 37.708399883485356], [-92.20865430614289, 37.708173000123], [-92.20856233287728, 37.70786979927861], [-92.20857681496682, 37.706508499129356], [-92.20848484421641, 37.7062052983209], [-92.20848725818823, 37.705978414966836], [-92.20839528850193, 37.70567521417358], [-92.20802178150912, 37.70499180555556], [-92.20783865462963, 37.7043097762963], [-92.20784187596738, 37.704007265196246], [-92.20775071693615, 37.70362843670398], [-92.20794753024461, 37.7030247937272], [-92.20842908817026, 37.70249884727474], [-92.2089154649461, 37.70151913398425], [-92.20901386463515, 37.70121731239636], [-92.20920664179104, 37.70099180815921], [-92.20940022157268, 37.70069067610835], [-92.20949781457297, 37.700464482276125], [-92.20978657309287, 37.70016403974295], [-92.2101681011194, 37.70009117014926], [-92.21054802312051, 37.70016955617192], [-92.2109271436567, 37.70032357002488], [-92.2112126879975, 37.70032563869403], [-92.21168939669707, 37.70025345864566], [-92.21244924611663, 37.700410230768384], [-92.21292675424958, 37.700262422860696], [-92.21321229830016, 37.70026449152571], [-92.21378578441127, 37.70004174527364], [-92.21435846828358, 37.6998946268408], [-92.2158845509812, 37.69960314804588], [-92.21626527289938, 37.69960590621614], [-92.2171203053137, 37.69976336791736], [-92.2175010280058, 37.69976612609868], [-92.21797613629077, 37.699845201746825], [-92.21844965635019, 37.70007553326562], [-92.21863842966418, 37.70022816822969], [-92.21920634189469, 37.70053481730929], [-92.2194895062189, 37.700763769817584], [-92.21996462282338, 37.70084284558458], [-92.22015815829879, 37.70054171290078], [-92.22016053686428, 37.700314829040906], [-92.22006932027362, 37.69993599972637], [-92.21978853712686, 37.69948016339553], [-92.21969653019623, 37.699176962070204], [-92.21979567630596, 37.69879951186567], [-92.21989323515753, 37.69857331754561], [-92.21989640773907, 37.69827080574903], [-92.21999713781786, 37.69774209961305], [-92.22009469473464, 37.69751590526534], [-92.2205761308665, 37.69698995707297], [-92.22048650172746, 37.696459871876726], [-92.2202985271697, 37.69623160904367], [-92.2198242330224, 37.696076905746274], [-92.21925158978026, 37.69622402475954], [-92.21839103117745, 37.69659595907132], [-92.21791355777363, 37.69674376747513], [-92.21734170119541, 37.696815258446655], [-92.21705696654227, 37.696737562064676], [-92.21705855863738, 37.696586306249316], [-92.21687218662244, 37.69620678775014], [-92.2163035203289, 37.695975767178], [-92.21611635671641, 37.69567187665009], [-92.2161219358209, 37.69514248139304], [-92.21603074660723, 37.6947636524696], [-92.21584438455638, 37.694384134112774], [-92.21584757377695, 37.6940816225539], [-92.21575638736871, 37.69370279367054], [-92.21547964317992, 37.692868818640136], [-92.21529249098259, 37.692564928275296], [-92.21529568252487, 37.69226241674959], [-92.21520370335821, 37.6919592158209], [-92.21520609730514, 37.69173233218077], [-92.21502054552238, 37.69127718611941], [-92.21502373822553, 37.69097467461028], [-92.21511970575594, 37.69089973611665], [-92.2154100005528, 37.69044803697071], [-92.21551075317164, 37.68991933115672], [-92.21560831405472, 37.68969313686567], [-92.21599217411553, 37.689393382747376], [-92.2162808640478, 37.689092939234385], [-92.21656795840242, 37.68894375148701], [-92.21685345892067, 37.68894581953013], [-92.21723890198312, 37.688494809466555], [-92.21762831822139, 37.68766565976369], [-92.21753633566888, 37.68736245878662], [-92.21715806457988, 37.687132817788836], [-92.21668303852266, 37.68705374331537], [-92.2163959516169, 37.68720293116915], [-92.2160144959508, 37.687275801796574], [-92.21582097692095, 37.68757693471532], [-92.215629051534, 37.6877268118408], [-92.21515162891791, 37.68787462097015], [-92.2148677292012, 37.68772129723604], [-92.21467979430625, 37.6874930349696], [-92.21430233009949, 37.687187766218905], [-92.21382970476091, 37.686881808202045], [-92.2135466112493, 37.686652856705365], [-92.21355220931454, 37.686123461719184], [-92.21346104515615, 37.68574463315368], [-92.21336828213101, 37.68551706030681], [-92.21327311964484, 37.685516371021286], [-92.2127957062189, 37.685664180281925], [-92.21250861660447, 37.685813368097016], [-92.21203119969596, 37.68596117730791], [-92.21155297909756, 37.686184614317305], [-92.21117152352818, 37.686257484946104], [-92.21050457653399, 37.686328287661695], [-92.21021908588307, 37.686326219759536], [-92.20983923517828, 37.6862478347554], [-92.20945858136402, 37.68624507755805], [-92.20376253884052, 37.68491804847983], [-92.20299962344527, 37.68506378967662], [-92.2027141374378, 37.685061721840796], [-92.20223670495439, 37.685209530829184], [-92.20118748389994, 37.685428831760646], [-92.20080683395523, 37.685426074618576], [-92.20052053351989, 37.68549963442786], [-92.20013988318821, 37.685496877280265], [-92.1992817914732, 37.685641928993924], [-92.1988059775912, 37.685638482545606], [-92.19851967425372, 37.68571204231343], [-92.19813902276118, 37.68570928514926], [-92.19775755548646, 37.68578215561084], [-92.19728174063708, 37.6857787091487], [-92.19690027210474, 37.68585157959232], [-92.1956631522388, 37.6858426187728], [-92.19537684483831, 37.68591617848259], [-92.1942348868781, 37.6859079069403]]]}}, {"type": "Feature", "properties": {"fid": 27, "area_name": "25", "area_syskey": 4803, "area_type": null}, "geometry": {"type": "Polygon", "coordinates": [[[-92.19599710493365, 37.7077787595937], [-92.19323656243091, 37.70775875845081], [-92.19285661847015, 37.70768037211443], [-92.18914416853234, 37.707653474079606], [-92.1887642291183, 37.70757508780819], [-92.18400468275289, 37.70754060321725], [-92.18362474894968, 37.707462217025984], [-92.1798171157269, 37.70743462940851], [-92.17953237730099, 37.70735693297264], [-92.17781894409204, 37.707344518569656], [-92.17743901735074, 37.70726613247927], [-92.17582077652017, 37.70725440778884], [-92.17572391001244, 37.707404972719736], [-92.17467848887506, 37.70724613153676], [-92.17363223193061, 37.70716291769348], [-92.17125246842178, 37.70714567553621], [-92.17087254912936, 37.70706728955224], [-92.17058697779851, 37.70706522049752], [-92.17062660628109, 37.703510740468495], [-92.1705356366639, 37.703131914682146], [-92.17054912875898, 37.7019218789497], [-92.1706476852612, 37.70162005960199], [-92.17070586324627, 37.696401780410454], [-92.1786144077781, 37.69649700426466], [-92.17965748716831, 37.69601282828773], [-92.1794163437049, 37.695049831928934], [-92.1786471689261, 37.69428904074804], [-92.17783953540837, 37.69355867387032], [-92.17683960819589, 37.69352824176096], [-92.17272452312932, 37.69361953805157], [-92.17159383620448, 37.69360127880094], [-92.17054334027776, 37.69390470277778], [-92.17045069701493, 37.69367713164179], [-92.17025950673023, 37.693751379988946], [-92.17026288130182, 37.69344887107795], [-92.16998748940712, 37.69253927608624], [-92.16999086513957, 37.69223676719182], [-92.16980727518657, 37.69163037059702], [-92.16990413395521, 37.69147980555555], [-92.16972139093421, 37.69079778177999], [-92.16972730049751, 37.690268391243784], [-92.1696355088101, 37.68996519299337], [-92.16964479633083, 37.68913329359452], [-92.16955300648148, 37.68883009537037], [-92.16956905040077, 37.687393178253174], [-92.16966674865256, 37.68716698592454], [-92.16967012593283, 37.68686447705224], [-92.16976866744056, 37.68656265749033], [-92.16977204433388, 37.6862601486125], [-92.16987058468077, 37.685958329034], [-92.17044747022527, 37.6854330742261], [-92.17092497023216, 37.68528526620232], [-92.17149594572969, 37.68528940192372], [-92.17168711318408, 37.68521515325042], [-92.17282822189054, 37.6852990519403], [-92.17282738076285, 37.68537467920398], [-92.17301770612217, 37.685376057780545], [-92.17311455047678, 37.68522549253317], [-92.17415965827804, 37.685384329239916], [-92.17701453866778, 37.685405007888335], [-92.17739435290216, 37.68548339237148], [-92.18015407341764, 37.6855033817717], [-92.18043872835821, 37.68558107701493], [-92.18082021285241, 37.68550820679934], [-92.1811057011816, 37.68551027466833], [-92.18148551996268, 37.68558865921642], [-92.18567268638058, 37.68561898802239], [-92.18576702128247, 37.68569530476506], [-92.18671782397733, 37.68577782515479], [-92.18700413989082, 37.68570426556661], [-92.18976386601712, 37.685724255046985], [-92.19014369437534, 37.6858026397319], [-92.1939502170398, 37.685830211484245], [-92.19385341447622, 37.68598077732864], [-92.19422915134743, 37.68643729996269], [-92.1941996543325, 37.68915989264926], [-92.19410120917635, 37.689461713587626], [-92.19409875080154, 37.689688596307356], [-92.19400030458127, 37.68999041723052], [-92.19380013082504, 37.69089656932007], [-92.1937976715796, 37.69112345202737], [-92.1936984025152, 37.691500900475404], [-92.19369512313433, 37.691803410746274], [-92.19378947409481, 37.69187972771836], [-92.19406679192925, 37.69263807166391], [-92.194152131364, 37.69354629197761], [-92.19412509243365, 37.6960420019403], [-92.19421699150081, 37.696345201724704], [-92.19411853754146, 37.69664702253731], [-92.19411607945688, 37.6968739052612], [-92.19420797958816, 37.69717710506081], [-92.1941727512023, 37.70042909082919], [-92.19426629460337, 37.7005810355445], [-92.19416292002488, 37.7013366217413], [-92.19412851090381, 37.70451297993367], [-92.19422124036069, 37.704740552301], [-92.19412277605029, 37.70504237296573], [-92.19430741782753, 37.7055731453068], [-92.19449533782476, 37.705801407360426], [-92.19486954432006, 37.706409186691545], [-92.19533976516722, 37.7069420281979], [-92.19571398443199, 37.707549807711445], [-92.19599710493365, 37.7077787595937]]]}}, {"type": "Feature", "properties": {"fid": 28, "area_name": "26", "area_syskey": 4804, "area_type": null}, "geometry": {"type": "Polygon", "coordinates": [[[-92.16959100523769, 37.685426870619125], [-92.16540384307629, 37.68539654187397], [-92.16436045148563, 37.68508645112493], [-92.16378352492399, 37.68561170534688], [-92.16368836185738, 37.68561101605307], [-92.16349548389994, 37.685836518850195], [-92.16320744113459, 37.686061332328634], [-92.16292024781646, 37.68621051866224], [-92.16263220185877, 37.68643533209509], [-92.1623450059287, 37.68658451839138], [-92.16224728600746, 37.68681071041045], [-92.1617646441404, 37.687412280657824], [-92.16166180673714, 37.68809223524875], [-92.16165669206053, 37.6885459978607], [-92.16156067267826, 37.6886209356136], [-92.16135072587065, 37.69035898016584], [-92.16144504239219, 37.69043529664593], [-92.16143310543808, 37.691494076035106], [-92.16133793482587, 37.6914933866335], [-92.16130723631841, 37.69421596215589], [-92.16140241041322, 37.69421665160724], [-92.16139132609868, 37.69519980389718], [-92.16148394382255, 37.69542737466833], [-92.16147712347981, 37.69603239147319], [-92.1612842124378, 37.696257893797686], [-92.16090265248755, 37.69633076293532], [-92.1606171220771, 37.69632869446518], [-92.15956761380596, 37.696547991293535], [-92.15918690543117, 37.69654523331675], [-92.15851895469181, 37.69669166097292], [-92.15813824554311, 37.69668890298508], [-92.15747029132116, 37.69683533059148], [-92.1571847588792, 37.69683326209231], [-92.15613523271143, 37.69705255866501], [-92.15575452162797, 37.69704980064953], [-92.15508655918326, 37.69719622813848], [-92.15470584732587, 37.69719347011195], [-92.15375148654644, 37.69741345601161], [-92.1533707735282, 37.69741069796849], [-92.15298919935736, 37.69748356690299], [-92.15436959104477, 37.7016533944942], [-92.15435927462687, 37.7025609184743], [-92.15445102104063, 37.70286411607795], [-92.15425807120647, 37.703089617848256], [-92.15425119282061, 37.703694633823936], [-92.154345519403, 37.70377095044776], [-92.1543317641791, 37.70498098242123], [-92.15423313705776, 37.70528280076009], [-92.15422969786482, 37.70558530874793], [-92.15413106958263, 37.705887127070206], [-92.15412763000276, 37.70618963505252], [-92.1540290005597, 37.70649145335821], [-92.15402556059287, 37.706793961334995], [-92.15392692998894, 37.7070957796241], [-92.1539243497236, 37.70732266060254], [-92.15382571805554, 37.70762447887645], [-92.15380163287037, 37.70974203463654], [-92.15350658557213, 37.71057186228855], [-92.15350314367053, 37.710874370237704], [-92.15340450590796, 37.711176188424545], [-92.15321067112355, 37.71147731683251], [-92.15291474970978, 37.71238277127695], [-92.15272177114427, 37.712608272636814], [-92.15252448420398, 37.71321190884743], [-92.15242670111249, 37.71343809996407], [-92.15223285665422, 37.713739228233834], [-92.15203556294223, 37.71434286434771], [-92.15184257673437, 37.714568365598396], [-92.15134932359038, 37.7160774556136], [-92.15096074807906, 37.71675533876728], [-92.1513406975539, 37.716833725182425], [-92.15181498889578, 37.71698842843975], [-92.15286480847153, 37.7167691360586], [-92.15334254471392, 37.71662133140962], [-92.15410244772664, 37.71677810429796], [-92.15448325980513, 37.71678086375622], [-92.15477316446932, 37.71640479831675], [-92.15497044096185, 37.71580116195688], [-92.15497301774461, 37.71557428092869], [-92.1550716545398, 37.71527246272803], [-92.15526463262161, 37.71504696136125], [-92.1556540183043, 37.71429345050166], [-92.15575265074625, 37.7139916322388], [-92.15575522520729, 37.71376475117745], [-92.15595077126865, 37.713312368656716], [-92.15642762159342, 37.713240190631566], [-92.15758456063432, 37.71196280843284], [-92.1577835155127, 37.71120791749033], [-92.15797647502072, 37.71098241585821], [-92.15807252642344, 37.710907478562746], [-92.15835896838722, 37.710833920775286], [-92.15959907114427, 37.71061600636816], [-92.1604609474088, 37.71016845160034], [-92.16047033495715, 37.709336553630465], [-92.16037855555555, 37.70903335555556], [-92.16038453012715, 37.70850396594804], [-92.1602927521766, 37.708200767893864], [-92.16029616660447, 37.70789825955224], [-92.16020524351852, 37.70751943443063], [-92.16021036574074, 37.707065671926486], [-92.16011944420259, 37.706686846826976], [-92.16012798220702, 37.705930576000554], [-92.16003620870646, 37.70562737800995], [-92.16004474767827, 37.70487110719735], [-92.16594638724433, 37.704913865262576], [-92.16593621245163, 37.70582139126589], [-92.16602801013681, 37.70612458960199], [-92.16601274968906, 37.70748587863184], [-92.16610539759535, 37.707713449834166], [-92.16609013888888, 37.70907473888889], [-92.16618194150773, 37.709377937295464], [-92.16617855107103, 37.70968044597982], [-92.16627204987562, 37.70983239005805], [-92.16741353179933, 37.709916294079605], [-92.1681793126451, 37.709543675978445], [-92.16895353378939, 37.708414785655066], [-92.1695331291321, 37.70766265171918], [-92.16982123458402, 37.70743783913626], [-92.17001414765754, 37.7072123368408], [-92.17049347386677, 37.70691327634605], [-92.17052720410447, 37.703888187014925], [-92.17043539113459, 37.70358498846048], [-92.17043792119264, 37.70335810676479], [-92.1703461092869, 37.70305490822554], [-92.17040093349917, 37.69813913824213], [-92.17050117264371, 37.697686064372576], [-92.17050454605445, 37.697383555445], [-92.17041274179105, 37.69708035701493], [-92.17051129287589, 37.69677853758983], [-92.17042033283582, 37.6963997119403], [-92.17052056975538, 37.69594663803897], [-92.17052731657682, 37.695341620183804], [-92.17043551492537, 37.69503842179105], [-92.17044141907131, 37.694509031177446], [-92.17034961887093, 37.69420583280542], [-92.16997651827667, 37.693522429993095], [-92.169979050076, 37.693295548322276], [-92.1698872533582, 37.692992350000004], [-92.1698906294776, 37.69268984111112], [-92.16979798979408, 37.69246227002626], [-92.16961524512851, 37.6917802462272], [-92.1696355088101, 37.68996519299337], [-92.16954287347983, 37.68973762197071], [-92.16954625114704, 37.689435113103926], [-92.16936267222222, 37.68882871666667], [-92.16936689527363, 37.68845058059702], [-92.16927510745576, 37.68814738240188], [-92.16927848628384, 37.68784487355169], [-92.16937618598674, 37.687618681243784], [-92.16937956442786, 37.687316172388066], [-92.1695758057352, 37.686788160519626], [-92.16957918340243, 37.68648565165285], [-92.16977204433388, 37.6862601486125], [-92.16987058468077, 37.685958329034], [-92.16987227293393, 37.68580707459232], [-92.16959100523769, 37.685426870619125]]]}}, {"type": "Feature", "properties": {"fid": 29, "area_name": "26A", "area_syskey": 4830, "area_type": null}, "geometry": {"type": "Polygon", "coordinates": [[[-92.16378352492399, 37.68561170534688], [-92.16359319879076, 37.68561032675926], [-92.16349718511609, 37.6856852645937], [-92.16234841300442, 37.686282009944726], [-92.16186662754973, 37.68680795314676], [-92.16176890588721, 37.68703414514096], [-92.16137289701493, 37.68839267562189], [-92.16137119154229, 37.688543929817584], [-92.16146550574211, 37.68862024626451], [-92.16136095870647, 37.68945145499171], [-92.16116038754836, 37.69035760140409], [-92.16124276421365, 37.6914926972319], [-92.16114674067163, 37.69156763492538], [-92.16114418188224, 37.691794516210614], [-92.16123423588309, 37.692248968196516], [-92.16122485471945, 37.6930808662576], [-92.16130723631841, 37.69421596215589], [-92.16128932885572, 37.695804131210615], [-92.16100124139717, 37.69602894405058], [-92.1599517385434, 37.696248240956336], [-92.15966620842316, 37.696246172490326], [-92.15861669831399, 37.696465469292434], [-92.15823599032615, 37.696462711321175], [-92.15718647267136, 37.69668200801548], [-92.15690094080983, 37.6966799395246], [-92.15585141589966, 37.69689923611526], [-92.1554707055901, 37.69689647811084], [-92.15442117313432, 37.697115774593705], [-92.15413563953152, 37.69711370607794], [-92.15308609982033, 37.69733300245716], [-92.15289918850192, 37.69702911553345], [-92.15280745611526, 37.696725918130184], [-92.15262054750553, 37.69642203124516], [-92.15234622030127, 37.69543681218353], [-92.15238069349087, 37.692411733466], [-92.15228896932697, 37.692108536180214], [-92.15230534593007, 37.690671623815646], [-92.15240396289386, 37.69036980533167], [-92.15244274523216, 37.68696659177446], [-92.15253963360281, 37.68681602715589], [-92.15254738919984, 37.686135384432006], [-92.15264686122167, 37.68575793888336], [-92.15265030776672, 37.685455431000555], [-92.15274633227612, 37.6853804933209], [-92.15446184338722, 37.685166019568825], [-92.15626993246269, 37.6851791160199], [-92.15655627788144, 37.685105556853244], [-92.15693864239219, 37.684957059929516], [-92.15741359705638, 37.685036133383086], [-92.15760392183526, 37.68503751195136], [-92.15798371517414, 37.68511589613599], [-92.1589344847844, 37.68519841605307], [-92.15912652006634, 37.68504854049751], [-92.15960318658789, 37.6849763598466], [-92.16131440219044, 37.68514002112908], [-92.16169590458126, 37.68506715116916], [-92.1624563520246, 37.68514829255528], [-92.16274269086512, 37.68507473329464], [-92.16331281440023, 37.68515449612494], [-92.16378352492399, 37.68561170534688]]]}}, {"type": "Feature", "properties": {"fid": 30, "area_name": "27", "area_syskey": 4805, "area_type": null}, "geometry": {"type": "Polygon", "coordinates": [[[-92.17321778047263, 37.735900593457714], [-92.17293630082227, 37.735520386456606], [-92.17284443619403, 37.73521718716418], [-92.17284695783582, 37.73499030534826], [-92.17266323148147, 37.734383906804865], [-92.17209187928412, 37.73437976570205], [-92.17200086100746, 37.734000939220564], [-92.17200927518657, 37.73324466662521], [-92.1718238770246, 37.73278952275843], [-92.17135112873135, 37.73248356298508], [-92.17116573656716, 37.732028419203985], [-92.17136207596738, 37.73150040873687], [-92.17165026645246, 37.731275597368715], [-92.17165363367192, 37.730973088352684], [-92.17136797063294, 37.73097101798784], [-92.17117837089552, 37.730894010497515], [-92.17098961402709, 37.73074137576839], [-92.17089607846185, 37.73058943116501], [-92.17080170060807, 37.73051311380873], [-92.17061210261194, 37.73043610634329], [-92.17023122126865, 37.73043334589553], [-92.17023290778053, 37.73028209142897], [-92.16985540178274, 37.72997682208126], [-92.1695705864497, 37.72989912454671], [-92.16899842398425, 37.72997061114843], [-92.16852232520728, 37.72996716063018], [-92.16785409557075, 37.7301135843021], [-92.16737630351022, 37.73026138815368], [-92.16699372985074, 37.73040988208955], [-92.16632295138888, 37.730783187189054], [-92.16612996750277, 37.73100868847292], [-92.16584260876174, 37.73115787244334], [-92.16526534293807, 37.73168312181868], [-92.16469316218905, 37.73175460815921], [-92.16402660764925, 37.73174977720149], [-92.16374179125206, 37.731672079651744], [-92.16345867568408, 37.731443127839974], [-92.1630820414801, 37.73106223166667], [-92.16270370934907, 37.73083258979685], [-92.1616545753455, 37.730976252692095], [-92.16127198620785, 37.731124746406856], [-92.16089110099503, 37.73112198590382], [-92.16012762354892, 37.73126771907131], [-92.15897983756219, 37.73171319995025], [-92.15850458233139, 37.73163412220288], [-92.1571783266791, 37.73101944395522], [-92.15641827159342, 37.73086266889442], [-92.15623125947346, 37.730558780530686], [-92.15604853725125, 37.729876757052246], [-92.15586410278468, 37.729345987672744], [-92.15539144078221, 37.72904002913212], [-92.15510664334576, 37.72896233185324], [-92.15501314221946, 37.72881038774185], [-92.15416391305278, 37.72812353398563], [-92.15387826046158, 37.72812146377004], [-92.15340303318823, 37.72804238642206], [-92.15302216345356, 37.72803962614014], [-92.15206826565091, 37.728183979373966], [-92.15178002669983, 37.728408790049755], [-92.15158269313156, 37.729012425594256], [-92.15129186201631, 37.72946411707849], [-92.15090839624793, 37.72968823754975], [-92.14975971312188, 37.73020934489221], [-92.14947059502487, 37.73050978228856], [-92.1492758310807, 37.7308865367026], [-92.14917715143035, 37.73118835429105], [-92.14898324912244, 37.731489481734386], [-92.14878588517827, 37.73209311684494], [-92.14840153291182, 37.73239286393173], [-92.14820589320757, 37.73284524511471], [-92.14810634108623, 37.733222689519074], [-92.14810287828911, 37.73352519716971], [-92.14790550215588, 37.73412883210614], [-92.14760683360282, 37.73526116514511], [-92.14760336887092, 37.73556367276811], [-92.14778949313848, 37.735943187728026], [-92.14797821672884, 37.736095821981756], [-92.14826390008291, 37.73609789263682], [-92.14931745680624, 37.735576096524326], [-92.14960573058319, 37.735351286346045], [-92.15018400005528, 37.734750412028745], [-92.15047226802791, 37.73452560176755], [-92.15066530879629, 37.7343001012963], [-92.1509552991708, 37.73392403708126], [-92.15105483765201, 37.733546592482035], [-92.15134137354892, 37.733473036036486], [-92.1520079443408, 37.73347786722637], [-92.1521923623618, 37.73400863637092], [-92.1521889162037, 37.73431114425926], [-92.15256292883498, 37.734918920820895], [-92.1531317045398, 37.735149942956056], [-92.15331957645799, 37.73537820432283], [-92.15360267664455, 37.73560715591487], [-92.15379055117468, 37.73583541731896], [-92.15407451415838, 37.73598874195688], [-92.15444855078081, 37.73659651886125], [-92.15510742247096, 37.73728199358209], [-92.15539053542702, 37.737510945356554], [-92.15567450808457, 37.73766427013267], [-92.15596191258291, 37.737515086815925], [-92.15634368796987, 37.737442220755945], [-92.15663109024324, 37.73729303740741], [-92.15729940752487, 37.737146614987566], [-92.15777726440022, 37.73699881206191], [-92.15796772209784, 37.737000192529024], [-92.15873126261747, 37.73685446026258], [-92.16111197900082, 37.73687171603234], [-92.1615889742399, 37.73679954007739], [-92.1619715916252, 37.73665104676617], [-92.16216375111941, 37.73650117298507], [-92.16321806355029, 37.735903748388615], [-92.16360067300303, 37.73575525496407], [-92.16398497999585, 37.73545550723052], [-92.16427235895522, 37.735306323548926], [-92.16484626471807, 37.735083583291875], [-92.16522801833885, 37.735010716920954], [-92.16560892328634, 37.73501347770592], [-92.16712915766998, 37.73532702960199], [-92.16770136318408, 37.73525554361526], [-92.16884661533996, 37.73503694437811], [-92.16960842523494, 37.73504246594804], [-92.17027332257463, 37.73519855179105], [-92.17131576073798, 37.735659907479274], [-92.17141182974709, 37.735584970435326], [-92.17160228357517, 37.73558635084716], [-92.1725503485282, 37.73597138924544], [-92.17321778047263, 37.735900593457714]]]}}, {"type": "Feature", "properties": {"fid": 31, "area_name": "28", "area_syskey": 4806, "area_type": null}, "geometry": {"type": "Polygon", "coordinates": [[[-92.19727266232725, 37.713082348927585], [-92.19736459670398, 37.71338554921642], [-92.19736133318821, 37.71368805971393], [-92.19763795771144, 37.714522033034825], [-92.19763551094528, 37.714748915920396], [-92.19791214272387, 37.715582889344944], [-92.19790888152984, 37.715885399875624], [-92.19818633586235, 37.716643745771144], [-92.19846135184494, 37.71762897467247], [-92.19883565198313, 37.71823675534135], [-92.19911800923161, 37.71854133559978], [-92.19930516355721, 37.718845225995025], [-92.19958833861939, 37.71907417865672], [-92.19996428173715, 37.71953070423715], [-92.19967622300994, 37.71975551748757], [-92.19872171567164, 37.71997550129353], [-92.19833925925926, 37.72012399690437], [-92.19776638713377, 37.72027111264787], [-92.1973839272388, 37.72041960820896], [-92.19700228196518, 37.7204924761277], [-92.19633256296987, 37.72079015708265], [-92.19575804670399, 37.72108852789801], [-92.19527873432835, 37.72138758859038], [-92.1949906541252, 37.721612401534], [-92.19431600357932, 37.72236384771697], [-92.19392861029573, 37.722966108479824], [-92.19383094164593, 37.72319230123134], [-92.19344599948175, 37.72356767917081], [-92.19315790534826, 37.723792491915425], [-92.19258417371475, 37.72401523466003], [-92.19210729301409, 37.72408741225125], [-92.19144080889994, 37.724082582299616], [-92.19105913866777, 37.724155449861804], [-92.19039265387644, 37.7241506199005], [-92.19010619440299, 37.72422417743781], [-92.18972534556384, 37.724221417454395], [-92.18934367281646, 37.72429428498065], [-92.18905638749999, 37.72444347], [-92.18867553749999, 37.72444071], [-92.18800492368712, 37.724814017451635], [-92.18762407175234, 37.724811257423994], [-92.18733925874102, 37.72473355992261], [-92.18400680769763, 37.72470940972914], [-92.1836242967247, 37.72485790456054], [-92.18352908364427, 37.72485721455224], [-92.18257944516998, 37.72462343223466], [-92.1766762521766, 37.72458065197761], [-92.17600641283857, 37.724878331213375], [-92.17562304661415, 37.72510245310669], [-92.17523883984246, 37.72540220227198], [-92.17466420149253, 37.72570057134328], [-92.17380895267412, 37.72554310655058], [-92.17342977660999, 37.72538909190437], [-92.17305312344527, 37.7250081954602], [-92.17267479247512, 37.72477855360697], [-92.1721085625, 37.72432065], [-92.17173276332919, 37.72386412647596], [-92.1722096642482, 37.72379194917358], [-92.17259051153952, 37.72379470913488], [-92.17297051828358, 37.723873096368166], [-92.17363616185047, 37.72395355359177], [-92.1740170099157, 37.72395631356413], [-92.1743018067717, 37.72403401083472], [-92.17440121436566, 37.72365656436567], [-92.17440876623132, 37.72297591873134], [-92.17450984998618, 37.722447217647876], [-92.17441883538557, 37.722068391218905], [-92.17423093405887, 37.72184012943201], [-92.17375656706744, 37.72168542509397], [-92.17328136175372, 37.72160634805971], [-92.17290220697208, 37.72145233371752], [-92.17223742784688, 37.721296249563295], [-92.17214390205223, 37.72114430509951], [-92.1728103611111, 37.7211491346932], [-92.17310018867468, 37.7207730681523], [-92.17367059652432, 37.72085283504423], [-92.17395454151465, 37.7210061594251], [-92.17452495197622, 37.72108592635434], [-92.17462351592731, 37.72078410711305], [-92.17462687153815, 37.72048159793118], [-92.1745350199696, 37.72017839882532], [-92.17415587002486, 37.72002438455224], [-92.17387108874378, 37.71994668750415], [-92.17349278137783, 37.71971704598811], [-92.17320968264234, 37.7194880944168], [-92.17302263221393, 37.71918420550581], [-92.17293078886814, 37.718881006517414], [-92.17255501291459, 37.718424483325045], [-92.17236796790354, 37.71812059449144], [-92.17218008302238, 37.71789233293947], [-92.17189699531508, 37.7176633815257], [-92.17132661368159, 37.717583615008294], [-92.17046977866916, 37.71757740611526], [-92.17008727601575, 37.71772590106551], [-92.16961209962685, 37.717646824444444], [-92.16932648766583, 37.717644754809285], [-92.16828347072968, 37.717259030132674], [-92.1678125284204, 37.7168018175995], [-92.1676246607587, 37.71657355629353], [-92.16734159191542, 37.71634460514925], [-92.16715541995578, 37.71596508950802], [-92.16696755645384, 37.71573682826147], [-92.16649663194444, 37.71527961598259], [-92.1662135715174, 37.71505066495855], [-92.16602656094527, 37.71474677661692], [-92.16565084825871, 37.71429025432836], [-92.16527683717524, 37.713682477788836], [-92.16461893604892, 37.7129213776534], [-92.16452628582088, 37.71269380641791], [-92.163961048466, 37.71216027771145], [-92.16405879470011, 37.711934086068275], [-92.16396359796849, 37.71193339629353], [-92.16264276036483, 37.71086495976783], [-92.16226453358207, 37.71063531940298], [-92.16188716108346, 37.71033005196241], [-92.16141118758293, 37.71032660323384], [-92.16103126161553, 37.71024821715451], [-92.16074567780541, 37.71024614792151], [-92.16065304286207, 37.71001857690437], [-92.16065389608208, 37.70994294981343], [-92.1659847722015, 37.709981575186575], [-92.16627204987562, 37.70983239005805], [-92.16741353179933, 37.709916294079605], [-92.1681793126451, 37.709543675978445], [-92.16837139068545, 37.70939380103372], [-92.16875723443891, 37.70894279669431], [-92.16914476276948, 37.7083405378607], [-92.16933768019624, 37.70811503562742], [-92.16953144068546, 37.7078139061581], [-92.16991642551133, 37.707438528828085], [-92.17039491020591, 37.707215095591486], [-92.17077567275427, 37.70721785434218], [-92.17115559272388, 37.70729624033582], [-92.17220269079601, 37.70730382691543], [-92.17248910422194, 37.70723026872029], [-92.17467681087616, 37.70739738612493], [-92.17715177247098, 37.707415318076286], [-92.17753169969596, 37.70749370417358], [-92.17857879989634, 37.70750129078358], [-92.17867315588724, 37.70757760782753], [-92.17914827655471, 37.70765668365257], [-92.1792144353255, 37.7087959835167], [-92.17940672902022, 37.71013470875425], [-92.17944518775916, 37.71092576229991], [-92.17956056397597, 37.711473409807844], [-92.17979131640963, 37.71211232678498], [-92.17975285767069, 37.71275123825321], [-92.1793682702813, 37.71329887226984], [-92.1792144353255, 37.71412031570584], [-92.1792144353255, 37.714637516160145], [-92.1793682702813, 37.71515471300418], [-92.17940672902022, 37.715732752263406], [-92.17940672902022, 37.71615867304235], [-92.1792913528034, 37.71646290067109], [-92.1792913528034, 37.716827972176574], [-92.1794836464981, 37.71698008477293], [-92.18075278488308, 37.716751915761265], [-92.18181484291046, 37.716222580895526], [-92.18333807574626, 37.71623361850747], [-92.18371971366777, 37.716160750483695], [-92.18381574523907, 37.71608581290492], [-92.18475035713627, 37.71597951561377], [-92.18750229356712, 37.71515471300418], [-92.18786765158704, 37.71492653837098], [-92.1886175969964, 37.71472878645378], [-92.18888680816896, 37.71445497523558], [-92.18975212979511, 37.714394128160784], [-92.19048284583498, 37.714394128160784], [-92.19136739683059, 37.714044256511], [-92.19204042476204, 37.71364874743929], [-92.19277114080192, 37.71332929626321], [-92.19442486657634, 37.71322281223179], [-92.19477099522679, 37.713161964145144], [-92.19555939937509, 37.712918571298836], [-92.19598244550343, 37.71287293505113], [-92.1971790965796, 37.71293040389304], [-92.19727103037589, 37.713233604173574], [-92.19727266232725, 37.713082348927585]]]}}, {"type": "Feature", "properties": {"fid": 32, "area_name": "29", "area_syskey": 4807, "area_type": null}, "geometry": {"type": "Polygon", "coordinates": [[[-92.19712225883084, 37.70937521595357], [-92.19797410541044, 37.70983518926202], [-92.19835325051824, 37.70998920346601], [-92.19911154537728, 37.7102972319403], [-92.19958588963515, 37.710451935953564], [-92.19996585439469, 37.71053032258707], [-92.20710544964759, 37.71058205341211], [-92.2073918391791, 37.710508494875626], [-92.20777422787451, 37.710359998297406], [-92.20854221886401, 37.70976049393035], [-92.20873582341072, 37.70945936223328], [-92.20902381509812, 37.70923454802515], [-92.2090278354823, 37.70885640906025], [-92.20893585979823, 37.708553208181314], [-92.20893988066611, 37.70817506922333], [-92.20875593258707, 37.70756866751244], [-92.20876236752349, 37.706963645201775], [-92.20866959095494, 37.70673607216142], [-92.20867602666529, 37.70613104986181], [-92.20858325145107, 37.7059034768408], [-92.20858888337479, 37.70537408233831], [-92.20821457124102, 37.70476630149807], [-92.20821618113598, 37.70461504593699], [-92.20802902777777, 37.70431115555556], [-92.2080386894693, 37.703403622222226], [-92.20823228008568, 37.70310249032615], [-92.20833068451492, 37.70280066880597], [-92.20891385640547, 37.70167038956468], [-92.20910743908927, 37.70136925755528], [-92.20920583781094, 37.70106743595357], [-92.20939861399943, 37.7008419317026], [-92.20959379980653, 37.70038954403538], [-92.20997693559978, 37.7001654188502], [-92.21045203914456, 37.70024449443063], [-92.2109263414179, 37.70039919784411], [-92.21273479074765, 37.70041229944168], [-92.21311631693614, 37.700339429821724], [-92.21359382323108, 37.70019162188779], [-92.21521509608209, 37.699900832773636], [-92.21550063868159, 37.699902901417914], [-92.21588215935598, 37.69983003171918], [-92.21721469013265, 37.69983968537313], [-92.2175946177446, 37.699918071475956], [-92.21787856999032, 37.70007139596048], [-92.2182584994403, 37.700149782089554], [-92.218542453911, 37.700303106605865], [-92.218922385199, 37.700381492761196], [-92.21958072097152, 37.70114259910586], [-92.21995986453152, 37.70129661328774], [-92.2201549868781, 37.70084422471393], [-92.22035248488805, 37.70016495223881], [-92.2217802022388, 37.70017529552239], [-92.22254007061912, 37.70033206791598], [-92.22386156236871, 37.70140051378663], [-92.2240495611111, 37.70162877696517], [-92.22452468767965, 37.70170785287451], [-92.22528378951768, 37.70194025359729], [-92.22642363068684, 37.70217541273909], [-92.2267091817026, 37.7021774815036], [-92.22765787757048, 37.70248688963516], [-92.22870254977198, 37.70272135939884], [-92.22917612052238, 37.70295169164179], [-92.22974252985074, 37.703409597810946], [-92.22993055161692, 37.70363786131841], [-92.2302137603441, 37.70386681446103], [-92.23040178472222, 37.70409507800581], [-92.23059059247512, 37.70424771346186], [-92.2309697739566, 37.704401728185466], [-92.23229536038556, 37.70509203615258], [-92.23257858188225, 37.70532098947762], [-92.23276661719181, 37.70554925317855], [-92.23304984188087, 37.7057782065492], [-92.23342825682006, 37.70600784960199], [-92.2341882078151, 37.706164623175795], [-92.23494971743366, 37.70617014045606], [-92.23504179546711, 37.706473342797125], [-92.23501457711441, 37.70912032875622], [-92.23491627358347, 37.7094221517178], [-92.23491316252763, 37.70972466439331], [-92.23472044215727, 37.70995016944168], [-92.23376227536623, 37.71054829736872], [-92.23357032850332, 37.7106981741874], [-92.23290240736594, 37.71084460226645], [-92.23023695576286, 37.710825289386406], [-92.23022443569651, 37.71203533900498], [-92.23012610904505, 37.71233716163626], [-92.2301081092247, 37.714076607931176], [-92.22991458032753, 37.714377740708954], [-92.22572581346739, 37.714347389039524], [-92.2255346277294, 37.71442163745163], [-92.22550707417771, 37.71706861862217], [-92.22540872208403, 37.717370440889994], [-92.22537407907683, 37.72069807430072], [-92.22527650939055, 37.72092426846601], [-92.22527020988807, 37.72152929271145], [-92.22479337978164, 37.72160147102543], [-92.22079462136539, 37.7215724934052], [-92.2206970365879, 37.7217986873549], [-92.22068436328773, 37.723008734784415], [-92.22096524365672, 37.72346457250415], [-92.22095811753731, 37.724145224220564], [-92.22037575339967, 37.725199875721394], [-92.21751935808457, 37.72517917543118], [-92.21713930103648, 37.72510078747927], [-92.21618717023216, 37.725093887396355], [-92.21599515042841, 37.725243763173026], [-92.2159505284273, 37.729478925384186], [-92.21585212206328, 37.72978074687673], [-92.21584654363598, 37.73031014214345], [-92.21574813582089, 37.73061196361527], [-92.21574574477611, 37.73083884729686], [-92.21546167808872, 37.73068552117745], [-92.2152736301064, 37.73045725729547], [-92.2149903636263, 37.730228303327806], [-92.21470630080846, 37.73007497726369], [-92.21442303752073, 37.72984602334163], [-92.21423499485904, 37.72961775953566], [-92.21395093591073, 37.729464433526815], [-92.21376369471393, 37.72916054189055], [-92.21357565582504, 37.72893227813848], [-92.2134828358209, 37.72870470447762], [-92.21310676326699, 37.728248177048094], [-92.21263867962271, 37.727488448233835], [-92.21245064847291, 37.72726018459232], [-92.2123578340796, 37.727032611011616], [-92.21217060565229, 37.72672871955777], [-92.211606525843, 37.72604392882808], [-92.21132248595218, 37.72589060309149], [-92.21056398213793, 37.72558257163212], [-92.21008871616915, 37.725503493731345], [-92.20951904100332, 37.72534809802654], [-92.20913979470701, 37.725194082377], [-92.20847491071724, 37.725037996724716], [-92.20762282499999, 37.72457802], [-92.20724358644279, 37.72442400446103], [-92.20686515554173, 37.72419436118021], [-92.20658193868849, 37.723965407921504], [-92.20601308926894, 37.723734384733284], [-92.20563466562326, 37.72350474155611], [-92.20506824642759, 37.723046835245995], [-92.20468982916665, 37.722817192160036], [-92.20440662421227, 37.722588239071314], [-92.20402740229407, 37.72243422377004], [-92.20374420082227, 37.72220527073107], [-92.2033649821932, 37.722051255476785], [-92.20308016424819, 37.721973557904924], [-92.20279615715174, 37.72182023263682], [-92.20251134065782, 37.72174253508569], [-92.20213212686568, 37.7215885199005], [-92.20165932894554, 37.721282559418185], [-92.20118897063294, 37.72074971594804], [-92.20081301377833, 37.72029319017137], [-92.2006258495854, 37.71998929963516], [-92.20034266784825, 37.71976034687811], [-92.20015550694443, 37.71945645638889], [-92.19921484197761, 37.718390770186566], [-92.19902768919984, 37.718086879813434], [-92.19883972363874, 37.7178586171089], [-92.19874777736318, 37.717555416650086], [-92.19856062864841, 37.71725152633499], [-92.19809928447346, 37.715886779560535], [-92.19810172978855, 37.71565989665423], [-92.19773315744196, 37.71452272285241], [-92.19773560391792, 37.71429583996269], [-92.19745897920122, 37.71346186663903], [-92.19746224233002, 37.71315935613599], [-92.19737030785654, 37.71285615584578], [-92.1973735713723, 37.712553645348265], [-92.19728163805969, 37.71225044507463], [-92.19729061379215, 37.71141854122167], [-92.19719868231758, 37.711115340974295], [-92.19720847518656, 37.71020780951493], [-92.19711654564676, 37.709904609295194], [-92.19712225883084, 37.70937521595357]]]}}, {"type": "Feature", "properties": {"fid": 33, "area_name": "30", "area_syskey": 4808, "area_type": null}, "geometry": {"type": "Polygon", "coordinates": [[[-92.21574096268657, 37.731292614660035], [-92.21441904567439, 37.73022416271421], [-92.21413658133638, 37.72991958092593], [-92.21366448069375, 37.72953799112493], [-92.21357165962549, 37.72931041744887], [-92.2132884027225, 37.72908146361802], [-92.21310116520176, 37.728777572034275], [-92.21291312931177, 37.72854930832504], [-92.21282031182282, 37.72832173470012], [-92.21244584606826, 37.72771395166529], [-92.21225781491846, 37.72748568802377], [-92.21207058571723, 37.727181796558874], [-92.21197777258153, 37.726954222996135], [-92.21178974481757, 37.726725959402984], [-92.2116025194859, 37.72642206799337], [-92.211318478144, 37.726268742236044], [-92.21075200322692, 37.725810835129906], [-92.21037194956467, 37.72573244722637], [-92.2099926995923, 37.725578431524326], [-92.20856771069651, 37.7252655700995], [-92.20799965026258, 37.724958918902715], [-92.2077148165492, 37.72488122110558], [-92.2073355762507, 37.72472720554174], [-92.20705155, 37.72457388], [-92.20676671870508, 37.724496182237424], [-92.2064826944859, 37.72434285672471], [-92.20610426629352, 37.72411321348259], [-92.20553783955224, 37.72365530706468], [-92.20525382104063, 37.723501981633504], [-92.20449860008982, 37.72289143995302], [-92.20421458660863, 37.7227381145937], [-92.20402659328357, 37.72250985149254], [-92.20364656312879, 37.72243146392482], [-92.20326734353233, 37.72227744865672], [-92.20298333488806, 37.722124123366505], [-92.20222490304727, 37.72181609293533], [-92.20194170941127, 37.721587140008296], [-92.2015624975539, 37.72143312485075], [-92.20071618190298, 37.72044375559702], [-92.20015144206052, 37.71983459471808], [-92.19919774915009, 37.71997895087895], [-92.19891050059425, 37.72012813642344], [-92.19852885841624, 37.720201004386404], [-92.19785914832089, 37.72049868546849], [-92.19747750314399, 37.72057155338861], [-92.1963301124309, 37.72101703991432], [-92.1960420368712, 37.72124185292427], [-92.19575477699696, 37.72139103830708], [-92.19498656312189, 37.72199053949005], [-92.19479287093007, 37.722291669935046], [-92.19382930292288, 37.7233435563806], [-92.1935412108209, 37.72356836915423], [-92.19325229703564, 37.72386880946932], [-92.19258171185737, 37.72424211733002], [-92.19276885457435, 37.72454600755943], [-92.19286078585544, 37.72484920780404], [-92.19304875141653, 37.72507747050857], [-92.19314068453565, 37.72538067077944], [-92.1931333041874, 37.72606131886401], [-92.19322441900911, 37.72644014672471], [-92.19359708351989, 37.72719918258707], [-92.19359800368909, 37.72852451936617], [-92.19388003444132, 37.72903147921143], [-92.19423329691818, 37.73000223345218], [-92.19423084028469, 37.730229116196796], [-92.19413316350884, 37.73045530883223], [-92.19412988761054, 37.73075781915285], [-92.19383439484521, 37.73166327972084], [-92.19382784072691, 37.73226830032891], [-92.19391814818269, 37.7327227559356], [-92.1941053183734, 37.73302664655749], [-92.19429330889304, 37.73325490961858], [-92.19428921498756, 37.733633047533175], [-92.1940938527294, 37.734085432679656], [-92.19408811990739, 37.73461482574074], [-92.19417843210337, 37.73506928141515], [-92.19455524382255, 37.73545018012438], [-92.19493533182697, 37.735528568518525], [-92.19663961470425, 37.73644852355998], [-92.19764471766426, 37.736388778282134], [-92.1986361408582, 37.73676552873135], [-92.19873299749861, 37.736614963659484], [-92.2000637505528, 37.736851509756775], [-92.20034943535794, 37.73685358043256], [-92.20072953622858, 37.73693196901051], [-92.20149136314953, 37.736937490823664], [-92.20187146556799, 37.737015879423716], [-92.20215715095355, 37.7370179501078], [-92.20263248299474, 37.73709702895246], [-92.20320061559562, 37.73740368118021], [-92.20367514191543, 37.737558387794365], [-92.20405363202045, 37.73778803192096], [-92.20443374130735, 37.737866420619135], [-92.20557165200387, 37.73832847002212], [-92.20595176554727, 37.7384068587811], [-92.20633107336926, 37.73856087530957], [-92.20661515214897, 37.73871420160172], [-92.20689842617469, 37.73894315567718], [-92.20718250756633, 37.73909648200664], [-92.20737055342039, 37.73932474585821], [-92.20803234444443, 37.73978334444444], [-92.20851091697762, 37.739559912462695], [-92.2154628277363, 37.73961030243781], [-92.21565727611939, 37.73923354351576], [-92.21569632985074, 37.735527776716424], [-92.21579554087202, 37.73515032743919], [-92.2158329960268, 37.731595816362635], [-92.21574096268657, 37.731292614660035]]]}}, {"type": "Feature", "properties": {"fid": 34, "area_name": "31", "area_syskey": 4809, "area_type": null}, "geometry": {"type": "Polygon", "coordinates": [[[-92.19398798001659, 37.7350679010282], [-92.19399125630183, 37.73476539071311], [-92.19389930731758, 37.73446219021559], [-92.19390340315782, 37.73408405232863], [-92.19400354237148, 37.73363097703152], [-92.19400681865672, 37.73332846671642], [-92.19372524400912, 37.73294825835821], [-92.193737534432, 37.73181384473881], [-92.1938360333748, 37.73151202456882], [-92.19383849116915, 37.7312851418408], [-92.19393780821586, 37.730907694078226], [-92.19394108488805, 37.73060518376866], [-92.19403958150912, 37.73030336356551], [-92.19404203872305, 37.73007648082919], [-92.19423329691818, 37.73000223345218], [-92.19355954495013, 37.72876786094147], [-92.19345698831295, 37.72850423992704], [-92.19340255281233, 37.72757594033306], [-92.19330815619126, 37.727499622708685], [-92.1934074713032, 37.72712217491846], [-92.19321949935737, 37.72689391212272], [-92.19303480911415, 37.72636313908929], [-92.1929453358209, 37.7258330561194], [-92.19295025721392, 37.72537929074627], [-92.19257842938086, 37.72454462755666], [-92.19229607522801, 37.724240047342455], [-92.19191522638889, 37.72423728735904], [-92.1915335558665, 37.724310154917085], [-92.19077185741432, 37.724304634939195], [-92.19039018534411, 37.72437750247513], [-92.18962848611801, 37.72437198248618], [-92.1892468125, 37.724444850000005], [-92.1888659625, 37.724442090000004], [-92.18848181338447, 37.724741839988944], [-92.18828891269348, 37.724967342461305], [-92.18524209102404, 37.72494526215174], [-92.18514770601159, 37.7248689446932], [-92.184099532898, 37.72493698203566], [-92.18410036212686, 37.72486135460199], [-92.17705459417495, 37.72481029398839], [-92.17667290507876, 37.72488316128109], [-92.17629037804726, 37.725031655883086], [-92.175140272699, 37.72570402146766], [-92.17447293401051, 37.725774818587624], [-92.17371121930624, 37.72576929837756], [-92.17351827072969, 37.725994800165836], [-92.17332448083195, 37.72629592921504], [-92.17274562407407, 37.726972434422336], [-92.17236307827528, 37.72712092875622], [-92.17226702097153, 37.72719586596739], [-92.1722636560738, 37.72749837501659], [-92.17235634925373, 37.727725946865675], [-92.17206565018657, 37.728177640236325], [-92.17167383698866, 37.7291580342565], [-92.17129127783997, 37.729306528399675], [-92.17109915529987, 37.72945640270868], [-92.1709997238115, 37.72983384883638], [-92.17099466891929, 37.730287612302384], [-92.17108651952044, 37.73059081139442], [-92.17137049691819, 37.73074413623825], [-92.17156093836374, 37.73074551647319], [-92.17174885468489, 37.730973778474294], [-92.17184070925235, 37.731276977623], [-92.1715516774461, 37.73157741625208], [-92.17135954968214, 37.73172729048646], [-92.17135618130182, 37.73202979948591], [-92.17144887767412, 37.7322573713806], [-92.17173033710613, 37.73263757809287], [-92.1720126408582, 37.73294215758707], [-92.17229158242122, 37.733549246169154], [-92.17228821791045, 37.73385175522388], [-92.1721904695481, 37.734077946836656], [-92.17228401227197, 37.73422989154229], [-92.17285284166667, 37.73446091444445], [-92.17285032002488, 37.73468779626037], [-92.17294218397595, 37.73499099554312], [-92.17293882217385, 37.735293504636545], [-92.17312591419983, 37.7355973941418], [-92.17321862063294, 37.73582496618021], [-92.17388101364703, 37.736207934086515], [-92.17435631308734, 37.73628701246545], [-92.17464031902293, 37.73644033771697], [-92.17482909794776, 37.736592972761194], [-92.17492181086234, 37.736820544892204], [-92.17510891488391, 37.73712443456883], [-92.17538287033582, 37.73818528759951], [-92.17537951859453, 37.73848779683666], [-92.17528093587617, 37.738789615809836], [-92.17526836539524, 37.739924025428415], [-92.17516978045191, 37.74022584436982], [-92.17497512321033, 37.740602600308186], [-92.17477794848672, 37.74120623812189], [-92.17458412550441, 37.74150736669846], [-92.17429087113045, 37.742185941404095], [-92.17438358975262, 37.74241351361664], [-92.17457238357517, 37.742566148873685], [-92.1747620166874, 37.7426431568408], [-92.17552557945687, 37.74249742489221], [-92.17600426981758, 37.7422739945937], [-92.17687560724846, 37.740994542907686], [-92.17706858339551, 37.74076904151327], [-92.17716716127694, 37.74046722247098], [-92.17736013519901, 37.74024172104478], [-92.17755394367053, 37.73994059226092], [-92.17755895793255, 37.73948682821448], [-92.17775443472912, 37.73903444470426], [-92.17804096375761, 37.73896088816059], [-92.17880281312188, 37.73896641029437], [-92.17994392058458, 37.73912594824627], [-92.18061054013268, 37.739130780132676], [-92.18137405472635, 37.73898504749585], [-92.1821325798231, 37.739293079259255], [-92.1828877899392, 37.73990362078497], [-92.1832662295467, 37.74013326419016], [-92.18354943856413, 37.74036221733693], [-92.18373658669844, 37.740666107643726], [-92.18392456560944, 37.740894370538975], [-92.18430384228164, 37.74104838662244], [-92.18467980668187, 37.74150491250691], [-92.18494811831123, 37.743095159870094], [-92.18494149299336, 37.74370017946103], [-92.18484128625622, 37.744153253793534], [-92.18464666848396, 37.74453001029575], [-92.18435266633499, 37.74528421359867], [-92.18434520762852, 37.74596486056385], [-92.18482472102681, 37.74566580274323], [-92.18539946985213, 37.745367435250145], [-92.18607193395522, 37.744842875671644], [-92.1861688263889, 37.744692311111116], [-92.1866491506357, 37.74431762559425], [-92.1870325805141, 37.74409350461029], [-92.18770172015617, 37.74387145465865], [-92.1881787318408, 37.74379927893864], [-92.18837168041736, 37.74357377715036], [-92.1890441072761, 37.743049217039804], [-92.18933146359866, 37.74290003303483], [-92.18962046560945, 37.7425995939801], [-92.18981505319928, 37.74222283704671], [-92.18991440410447, 37.74184538976783], [-92.19010898830845, 37.74146863278607], [-92.19020751395108, 37.74116681299751], [-92.19021656523631, 37.74033491022388], [-92.19031508904091, 37.74003309040907], [-92.1914693803897, 37.73898258822554], [-92.19166394950248, 37.738605831028195], [-92.19195867340382, 37.73777599875623], [-92.19224764523217, 37.737475559270315], [-92.19225339092038, 37.73694616639304], [-92.19244630970148, 37.7367206641791], [-92.19292573110144, 37.73642160504423], [-92.19331156073108, 37.735970600503045], [-92.19360215909343, 37.73551890569376], [-92.19369984380181, 37.735292713171646], [-92.19398798001659, 37.7350679010282]]]}}, {"type": "Feature", "properties": {"fid": 35, "area_name": "32", "area_syskey": 4810, "area_type": null}, "geometry": {"type": "Polygon", "coordinates": [[[-92.20698882214622, 37.73939761254837], [-92.20670070943892, 37.73962242502764], [-92.20641340138887, 37.73977160972222], [-92.20634324471392, 37.74635122482587], [-92.20624477837202, 37.746653045461585], [-92.20576696067579, 37.74680084894693], [-92.20176684114841, 37.74677185188226], [-92.20167078906854, 37.74684678916805], [-92.20164483262853, 37.749266875315094], [-92.20154715478856, 37.749493067935326], [-92.20147901100746, 37.755845793955224], [-92.20137970179657, 37.756223241829744], [-92.2010915078289, 37.75644805314815], [-92.20042067306522, 37.75682135744334], [-92.20022854046434, 37.75697123160863], [-92.19965376416528, 37.757269598709236], [-92.19850094069929, 37.75816884330294], [-92.19821354500415, 37.75831802674544], [-92.19782763256633, 37.75876903010365], [-92.19724957069513, 37.759369907386684], [-92.19705579376036, 37.759671036621064], [-92.19676022960198, 37.76057649616915], [-92.19675696569928, 37.76087900666114], [-92.19694014172194, 37.76156103662245], [-92.19693769437535, 37.761787919499724], [-92.1972202129837, 37.7620925020633], [-92.1976899958126, 37.762700976592036], [-92.19835112496544, 37.763235205002765], [-92.19872973125345, 37.76346485078911], [-92.1992019755528, 37.76384644264235], [-92.20043633099088, 37.764233560369], [-92.20072049702874, 37.76438688790768], [-92.20100304098258, 37.764691470833334], [-92.20109505874792, 37.764994672313435], [-92.20118464300027, 37.76552475686844], [-92.20114894012575, 37.7688523751382], [-92.20133866726783, 37.76892938444859], [-92.20162447512438, 37.76893145688226], [-92.20200474170814, 37.76900984782753], [-92.20343378244196, 37.769020210016585], [-92.20381566869126, 37.768947345540354], [-92.20457539913626, 37.769179755243236], [-92.20486201551962, 37.76910619994749], [-92.20495405476092, 37.76940940173439], [-92.20495082452322, 37.7697119127073], [-92.20513652083334, 37.77016706083334], [-92.20494194136954, 37.77054381788281], [-92.20465370386954, 37.770768628579326], [-92.20369613489497, 37.77121548648701], [-92.20177934061635, 37.77226045720011], [-92.20111242582227, 37.772255621095916], [-92.20063687002487, 37.77217653905473], [-92.1987314011194, 37.7721627216418], [-92.19844476664593, 37.77223627667911], [-92.1977745925926, 37.77253395113323], [-92.1975799696932, 37.77291070756219], [-92.19748143486042, 37.773212527219464], [-92.19718827190437, 37.77389110323107], [-92.1967086300373, 37.77419015921642], [-92.19632752580846, 37.774187395584576], [-92.19594723823243, 37.774109004339415], [-92.19556776847014, 37.77395498549752], [-92.19490492668602, 37.773572011180214], [-92.19462155485766, 37.77334305570758], [-92.19357926343284, 37.772806062835826], [-92.19148322848258, 37.77279086340796], [-92.19110130963239, 37.77286372741846], [-92.19072021198176, 37.7728609638806], [-92.1902430174613, 37.77293313698867], [-92.18948082138611, 37.77292760990188], [-92.18871615329601, 37.77314896533997], [-92.18833340531371, 37.77329745678552], [-92.18804758033444, 37.77329538410724], [-92.18747427985073, 37.773442493731345], [-92.18709317910447, 37.773439730149256], [-92.18642790545192, 37.77328363893036], [-92.18614456032338, 37.77305468383914], [-92.18586204384329, 37.772750101305974], [-92.18548756493229, 37.7721423180832], [-92.18558614726368, 37.77184049910448], [-92.1855902832504, 37.771462361791045], [-92.18578413660863, 37.77116123364843], [-92.18607243360282, 37.77093642380183], [-92.1863623817026, 37.77056035898287], [-92.18636816666667, 37.770030966666674], [-92.1859912173853, 37.76965006599226], [-92.18571202314124, 37.769042973800445], [-92.18572277544915, 37.768059816767554], [-92.18563081592038, 37.7677566161194], [-92.18553802987147, 37.767529042943615], [-92.1852547097015, 37.767300088208955], [-92.18506665833333, 37.76707182427861], [-92.18478334135573, 37.76684286958955], [-92.18449919776118, 37.76668954237148], [-92.18373955254283, 37.76645713388612], [-92.18345624194997, 37.766228179288284], [-92.18346121848397, 37.765774414702875], [-92.18384725436015, 37.76532341310808], [-92.18432689274461, 37.76502435707297], [-92.18461765565921, 37.764572664614434], [-92.18434263522664, 37.763587435649534], [-92.18415791122167, 37.76305666213378], [-92.18416122620232, 37.762754152371485], [-92.18425980234247, 37.762452333304324], [-92.18426311693615, 37.76214982353649], [-92.18445695230099, 37.76184869513682], [-92.1845546977612, 37.76162250348259], [-92.18475267143448, 37.76094323780265], [-92.18485041486319, 37.7607170461194], [-92.18523889973052, 37.76003916167082], [-92.18552798348534, 37.75973872378386], [-92.18562655033858, 37.75943690458403], [-92.18601419475539, 37.75883464740879], [-92.18611358532337, 37.75845720069652], [-92.18621132149669, 37.758231008909625], [-92.18640513906162, 37.757929880255666], [-92.18650370011056, 37.75762806097292], [-92.18689215431178, 37.75695017608624], [-92.18670660349639, 37.75649503003869], [-92.18690371882255, 37.75589139137645], [-92.18719278003731, 37.7555909531675], [-92.1873874125138, 37.75521419687534], [-92.18758451913351, 37.75461055808873], [-92.18816427351436, 37.75385842642482], [-92.188363019631, 37.7531035325], [-92.1883753884121, 37.75196912], [-92.18866690161691, 37.7514417989801], [-92.18867926604477, 37.75030738641791], [-92.18849454629628, 37.74977661296297], [-92.18849784425097, 37.749474102957436], [-92.18821623458402, 37.749093894098955], [-92.18793297768104, 37.748864940268106], [-92.18727040018656, 37.74848196972637], [-92.18698549643449, 37.748404270928695], [-92.18670141958955, 37.748250944664186], [-92.18584754162521, 37.747942220895524], [-92.18489511576837, 37.74793531659757], [-92.18432200276395, 37.74808242889995], [-92.18355840149252, 37.74822816029851], [-92.18317825950801, 37.74814977113322], [-92.18270204512852, 37.74814631896352], [-92.18203700713102, 37.74799023111112], [-92.1822308159895, 37.747689102332785], [-92.18232938139164, 37.74738728311222], [-92.18261842906301, 37.747086844709784], [-92.18290581402016, 37.746937661113876], [-92.1831940277225, 37.746712850077394], [-92.18357748043117, 37.74648872941957], [-92.18424748103233, 37.74619105248757], [-92.18462927093006, 37.74611818663488], [-92.18501188812189, 37.7459696933209], [-92.18530091944443, 37.74566925468491], [-92.1855891209577, 37.74544444347429], [-92.18616717257463, 37.74484356604478], [-92.18655060661276, 37.744619445120236], [-92.1868388002902, 37.744394633797675], [-92.1873166419776, 37.74424683065506], [-92.18808184463101, 37.743949843573795], [-92.18846361905058, 37.7438769775], [-92.18875097972636, 37.74372779355721], [-92.18894557457158, 37.743351036727475], [-92.1899061727612, 37.742601664975126], [-92.19039962701078, 37.741016938553074], [-92.19059996386817, 37.74011078879354], [-92.19079454023631, 37.73973403169983], [-92.19195128347845, 37.73845664670398], [-92.19205061890547, 37.73807919920399], [-92.19214831154642, 37.73785300679519], [-92.19243728289109, 37.73755256730238], [-92.19253579421641, 37.73725074730929], [-92.19253907630596, 37.736948237077115], [-92.1928288628524, 37.73657216995025], [-92.19321387399116, 37.73619679299613], [-92.1935980618021, 37.73589704355999], [-92.19379261234106, 37.73552028609729], [-92.19408074913625, 37.73529547396213], [-92.1949328775152, 37.735755451296306], [-92.19531296745438, 37.73583383971808], [-92.1954065592247, 37.73598578512438], [-92.19663961470425, 37.73644852355998], [-92.1986361408582, 37.73676552873135], [-92.19863532652708, 37.736841156377835], [-92.19949075402157, 37.73699862372305], [-92.19996689633084, 37.737002074863184], [-92.20034699758844, 37.73708046344666], [-92.20072791182282, 37.7370832243643], [-92.2011080142413, 37.73716161296435], [-92.20148892886263, 37.73716437388751], [-92.20224913679519, 37.737321151131844], [-92.20348306484244, 37.7377082627529], [-92.20414643528882, 37.73801560534273], [-92.20443131601714, 37.7380933038115], [-92.20481061919568, 37.738247320273636], [-92.20537876940298, 37.738553972752904], [-92.20594853801825, 37.7387093697927], [-92.20670715830569, 37.739017402915984], [-92.20698882214622, 37.73939761254837]]]}}, {"type": "Feature", "properties": {"fid": 36, "area_name": "33", "area_syskey": 4811, "area_type": null}, "geometry": {"type": "Polygon", "coordinates": [[[-92.18540139268933, 37.77130972515202], [-92.18502113055555, 37.77123133427032], [-92.1846416973604, 37.7710773159508], [-92.18426060860973, 37.771074552540085], [-92.18378507670674, 37.77099547084025], [-92.18340315892067, 37.77106833486595], [-92.18263849083056, 37.77128969030404], [-92.1815879997927, 37.77150897309287], [-92.1807272163557, 37.771805264912935], [-92.1803436261816, 37.77202938360697], [-92.18014974844527, 37.77233051140133], [-92.18005114338031, 37.77263233005528], [-92.18004697933941, 37.77301046696794], [-92.17994670720701, 37.77346354036622], [-92.17993837815783, 37.77421981417773], [-92.17964255106412, 37.7751252699696], [-92.17963921828358, 37.77542777947762], [-92.17954060731759, 37.77572959804727], [-92.17906004751242, 37.77610428019901], [-92.17867726451078, 37.776252771144286], [-92.17829531451078, 37.776325634709785], [-92.17800947763267, 37.77632356186153], [-92.17753224751243, 37.776395734461026], [-92.177151131288, 37.776392970657824], [-92.17686613012023, 37.776315270468494], [-92.17610389844526, 37.77630974287314], [-92.17581889863183, 37.77623204270315], [-92.17534250431868, 37.77622858796297], [-92.17458195006219, 37.776071805771146], [-92.17401111694997, 37.77599203280404], [-92.17286861414455, 37.77590811419845], [-92.17277249550857, 37.77598305053345], [-92.17268141822139, 37.77560422320896], [-92.17268814027777, 37.774999205], [-92.17298489179105, 37.77401812313433], [-92.17299245149253, 37.77333747761194], [-92.17290053656025, 37.773034277600885], [-92.1729047368781, 37.77265614120647], [-92.1726214349917, 37.772427186733005], [-92.17243424912935, 37.77212329588723], [-92.17167879058871, 37.771512750812605], [-92.171490769403, 37.77128448731344], [-92.1712074770937, 37.77105553297679], [-92.1711147305141, 37.77082796036485], [-92.17092671281094, 37.770599696915426], [-92.17083396768243, 37.77037212432422], [-92.17064595201077, 37.770143860903815], [-92.17055405081537, 37.769840661089006], [-92.17036603736871, 37.76961239770039], [-92.17008865568684, 37.768854052842734], [-92.16962158623548, 37.76801869923715], [-92.16952969200526, 37.76771549952184], [-92.16953306618989, 37.76741299060531], [-92.1694411731205, 37.76710979090658], [-92.16906516828358, 37.76665326444444], [-92.16887632338307, 37.76650062845771], [-92.16783177325179, 37.7661905211581], [-92.16707387481343, 37.76580685906717], [-92.16679654150083, 37.7650485149005], [-92.1666093983969, 37.76474462466557], [-92.16651752070894, 37.76444142518657], [-92.16661701730237, 37.76406397998895], [-92.16664326019901, 37.761719537213935], [-92.16655138638059, 37.761416337790216], [-92.16656323936566, 37.760357557201495], [-92.16647136767551, 37.76005435780819], [-92.16657001249999, 37.75975253972222], [-92.1665793255597, 37.75892064068823], [-92.1666771220011, 37.7586944497623], [-92.1666898201769, 37.75756004196794], [-92.16688371571308, 37.757258914427865], [-92.16698150915562, 37.7570327234591], [-92.16727826985903, 37.75605164172471], [-92.16728419161137, 37.755522251362635], [-92.16719401552653, 37.75506779763267], [-92.16664367033582, 37.75317297463516], [-92.16655096109729, 37.75294540255666], [-92.16656450891375, 37.751735367620235], [-92.16676262305141, 37.75105610394694], [-92.16676685577667, 37.75067796801548], [-92.16686548783167, 37.750376149747105], [-92.16715545624655, 37.75000008521835], [-92.16687818455638, 37.74924174193201], [-92.16688157034964, 37.74893923318132], [-92.16774045783582, 37.748794192835824], [-92.16784077456467, 37.74834112007463], [-92.16803464224017, 37.74803999213654], [-92.16946328537867, 37.74805034864566], [-92.17041402839966, 37.74820850746269], [-92.17060282918739, 37.748361142819235], [-92.17078910330292, 37.74874065991985], [-92.17078573337479, 37.74904316889718], [-92.1706871189262, 37.74934498741708], [-92.17077899351852, 37.74964818685186], [-92.17096779875621, 37.74980082227198], [-92.17124848206882, 37.75025665717662], [-92.17134120204533, 37.750484229408514], [-92.17190762994748, 37.75094213584301], [-92.17238302186982, 37.75102121554312], [-92.17266876181591, 37.75102328700664], [-92.1736187095633, 37.7512570737424], [-92.17362962410171, 37.75027391902709], [-92.17372738823245, 37.75004772763958], [-92.173730746165, 37.74974521849088], [-92.17382934871475, 37.749443399800995], [-92.17383186687395, 37.749216517935324], [-92.17393046835959, 37.74891469923024], [-92.1739413791252, 37.74793154446103], [-92.17413605997098, 37.747554788859865], [-92.17423549716695, 37.747177342813714], [-92.17519545660585, 37.74650360121614], [-92.17557809527364, 37.74635510820896], [-92.17596156965175, 37.746130987860695], [-92.17625063860558, 37.7458305497623], [-92.1764444656509, 37.74552942124378], [-92.1768304423231, 37.7450784188032], [-92.1781687986111, 37.74463432], [-92.17893404305555, 37.74433733351576], [-92.17941106702597, 37.744265157971256], [-92.17979201879491, 37.7442679194251], [-92.1801738035655, 37.74419505349917], [-92.1805564201769, 37.7440465601769], [-92.18093820301272, 37.743973694223335], [-92.18131915323383, 37.74397645565506], [-92.18169844054725, 37.74413047189055], [-92.18198166030264, 37.744359425190716], [-92.18216964347015, 37.74458768814677], [-92.1822623891791, 37.74481526074627], [-92.18254478270453, 37.74511984152294], [-92.18234765847843, 37.74572348005805], [-92.18205944593697, 37.74594829111111], [-92.18167599129352, 37.74617241174129], [-92.18110205302652, 37.746395151534], [-92.18062002214621, 37.746921091229964], [-92.18032846850468, 37.747448411672195], [-92.1803234716556, 37.74790217596738], [-92.18051062636816, 37.74820606636816], [-92.18127090646766, 37.74836284464345], [-92.18298528345771, 37.748375272529024], [-92.18336708583472, 37.74830240685462], [-92.18451000266721, 37.74831069209508], [-92.18498704608209, 37.74823851682836], [-92.18536801797264, 37.74824127856966], [-92.1857481625691, 37.74831966777225], [-92.18612996175372, 37.74824680205224], [-92.18698301832504, 37.74863115336651], [-92.18774001440022, 37.74909044184633], [-92.18792885233555, 37.74924307773356], [-92.18821128591073, 37.74954765908237], [-92.18830240711719, 37.74992648703428], [-92.1882991083886, 37.75022899702875], [-92.18839188012022, 37.750456570000004], [-92.1883885817786, 37.75075908], [-92.18847970550027, 37.75113790798784], [-92.18847640754561, 37.75144041799337], [-92.18817994431315, 37.75242150397734], [-92.18817169652434, 37.7531777789497], [-92.18797789811359, 37.75347890787728], [-92.18787769805141, 37.75393198230515], [-92.18768142075731, 37.75445999365948], [-92.18748844257877, 37.75468549502488], [-92.18709917936705, 37.75543900763405], [-92.18671156087616, 37.756041265179654], [-92.18661217630596, 37.75641871197762], [-92.18660556569237, 37.75702373177861], [-92.18650535295744, 37.75747680602544], [-92.18621545506495, 37.757852871561646], [-92.18601667547678, 37.75860776500829], [-92.18553377522112, 37.759209331564406], [-92.18553129304864, 37.75943621394417], [-92.18533664054726, 37.75981296995025], [-92.18465824047125, 37.76086691968767], [-92.18446109457574, 37.76147055791321], [-92.18436086336374, 37.76192363189608], [-92.18426311693615, 37.76214982353649], [-92.18397318992537, 37.762525888656725], [-92.18396821629352, 37.76297965328359], [-92.18386963831536, 37.76328147232449], [-92.18405436086925, 37.763812245819516], [-92.18442795637783, 37.76449565570205], [-92.18413719259259, 37.76494734814815], [-92.18375364778882, 37.765171467490326], [-92.18346453617329, 37.76547190497927], [-92.18336678258706, 37.76569809651741], [-92.18326736918877, 37.766075542903536], [-92.18335931691541, 37.766378743383086], [-92.18373706514647, 37.76668401619126], [-92.18411647396351, 37.766838034162525], [-92.1844014458195, 37.76691573393311], [-92.18478002908375, 37.767145379390556], [-92.18496890764925, 37.76729801585821], [-92.18534335715174, 37.76790579866086], [-92.18562337114426, 37.76843726328358], [-92.18561923515755, 37.76881540059702], [-92.18552065669569, 37.76911721963101], [-92.18551652022526, 37.76949535693753], [-92.18579819567441, 37.76987556673577], [-92.18598708333333, 37.77002820333334], [-92.18617349191543, 37.770407722354896], [-92.18597881522942, 37.770784478015486], [-92.18568969142483, 37.7710849153303], [-92.18540139268933, 37.77130972515202]]]}}, {"type": "Feature", "properties": {"fid": 37, "area_name": "34", "area_syskey": 4812, "area_type": null}, "geometry": {"type": "Polygon", "coordinates": [[[-92.18184569050581, 37.7480644776534], [-92.18117815911415, 37.748135272020455], [-92.18060836689469, 37.74797987464345], [-92.1805181199005, 37.7475254199005], [-92.18071443105308, 37.74699740902985], [-92.18186730327528, 37.74609816513267], [-92.18244206757876, 37.7457997978607], [-92.18244539029851, 37.74549728820896], [-92.1826416826838, 37.744969277070204], [-92.18245701981758, 37.74443850442786], [-92.18217462929104, 37.74413392369403], [-92.18179700372443, 37.7438286526382], [-92.18141771776533, 37.74367463642206], [-92.18113200626036, 37.74367256536485], [-92.18027154012576, 37.7439688617178], [-92.17979451896075, 37.74404103730238], [-92.17941356835269, 37.744038275865115], [-92.17807606557488, 37.744406747581536], [-92.1777878449074, 37.74463155851852], [-92.17730998097015, 37.74477936134329], [-92.17711950373133, 37.744777980597014], [-92.17683211509811, 37.744927164140414], [-92.17654388862631, 37.74515197499448], [-92.17586800400082, 37.745979042827535], [-92.17538928964898, 37.74620247278331], [-92.17519713266996, 37.74635234660033], [-92.17452625456743, 37.746725650276396], [-92.17414193364426, 37.747025397810944], [-92.17394389699419, 37.74770466259121], [-92.17374921479407, 37.74808141817303], [-92.17365061359868, 37.74838323688226], [-92.17363969906026, 37.74936639159757], [-92.17373158564814, 37.749669591203705], [-92.17353773712686, 37.74997071941542], [-92.17324360157545, 37.75072492081261], [-92.17314667518656, 37.750875484888056], [-92.17267212400498, 37.750720777918744], [-92.17238638521974, 37.750718706471815], [-92.17143644801685, 37.75048491988668], [-92.17124848206882, 37.75025665717662], [-92.17134541155335, 37.75010609314539], [-92.1708759231965, 37.749497622823384], [-92.17088434704947, 37.748741350366224], [-92.17070060018656, 37.748134951529856], [-92.17051264255804, 37.74790668893864], [-92.17013251498756, 37.747828299979275], [-92.16860863361663, 37.74781725310254], [-92.16803633281509, 37.74788873772803], [-92.1678441564884, 37.74803861126866], [-92.16765113371336, 37.74826411199696], [-92.16764775101574, 37.74856662079188], [-92.16707459718768, 37.74871373251106], [-92.1668849561429, 37.74863672443063], [-92.16669700876865, 37.7484084619859], [-92.16660430562465, 37.74818088999447], [-92.16641720721393, 37.74787700039801], [-92.16622926322555, 37.747648738001665], [-92.1661365625, 37.74742116604478], [-92.16594946795882, 37.747117276503594], [-92.16576152735627, 37.74688901415561], [-92.1656688290492, 37.74666144223328], [-92.16529040878939, 37.74643179910448], [-92.16491114237148, 37.7462777831675], [-92.1649119908513, 37.74620215600885], [-92.1639629830984, 37.745892743421784], [-92.16396468199281, 37.74574148913212], [-92.16301568391377, 37.74543207668326], [-92.16272911444858, 37.745505632649255], [-92.16216023020314, 37.74527460896352], [-92.16206669357379, 37.74512266434495], [-92.16178267931868, 37.74496933897458], [-92.16150122211165, 37.74458913229409], [-92.1609366113184, 37.74397997325871], [-92.16028189215726, 37.74291636146076], [-92.1599987435047, 37.74268740917634], [-92.15952512496546, 37.742457076250695], [-92.15867142209784, 37.74214835498342], [-92.15838828128109, 37.74191940281095], [-92.15810599765064, 37.7416148236042], [-92.15716221427584, 37.74085164997236], [-92.15687993973881, 37.74054707089553], [-92.15659681053067, 37.740318118888894], [-92.15631454034687, 37.74001353987424], [-92.15631711219596, 37.73978665877557], [-92.15565477499999, 37.739403691666666], [-92.15556297528332, 37.73910049330155], [-92.155567265568, 37.738722358192376], [-92.15547632526257, 37.738343532824764], [-92.15557498808043, 37.73804171499586], [-92.15567193420398, 37.73789115120233], [-92.15653414682835, 37.73744360123963], [-92.15691592124793, 37.73737073516584], [-92.15729855120924, 37.73722224203428], [-92.15834863749308, 37.73700295346324], [-92.16111027410862, 37.73702297023632], [-92.16149204156301, 37.73695010406302], [-92.16235250508568, 37.73665380767275], [-92.16321466227888, 37.73620625691819], [-92.16359727327942, 37.73605776351575], [-92.16388550497511, 37.73583295273632], [-92.16426811268656, 37.7356844592869], [-92.16513024695273, 37.73523690820481], [-92.16627296527777, 37.735245190609454], [-92.16722269178413, 37.73547897418464], [-92.16769967164178, 37.735406798009954], [-92.1681758052446, 37.735410249025705], [-92.1686527836512, 37.735338072830295], [-92.1690353789801, 37.73518957920398], [-92.16941628470148, 37.73519234], [-92.16979634677999, 37.73527072802377], [-92.17017725288834, 37.73527348882532], [-92.17008033965588, 37.73542405308872], [-92.17131576073798, 37.735659907479274], [-92.17131491864289, 37.73573553472914], [-92.1714101457504, 37.73573622493781], [-92.17150621475953, 37.73566128789387], [-92.1725503485282, 37.73597138924544], [-92.17312255317164, 37.73589990324627], [-92.17359533058318, 37.7362058634356], [-92.17359449080983, 37.73628149071863], [-92.1738801741639, 37.73628356137369], [-92.17425940711027, 37.7364375768325], [-92.17463780289523, 37.73666721961167], [-92.17492097244332, 37.73689617219458], [-92.17519995308872, 37.73750326133499], [-92.1753820324005, 37.73826091490879], [-92.17537951859453, 37.73848779683666], [-92.17528093587617, 37.738789615809836], [-92.17527506965173, 37.739319006965175], [-92.17497679985487, 37.74045134570066], [-92.17478130254975, 37.740903728917914], [-92.17468187580154, 37.74128117511333], [-92.17448721343283, 37.74165793097844], [-92.17429087113045, 37.742185941404095], [-92.17409620450525, 37.742562697208406], [-92.17428415913488, 37.742790959756775], [-92.17456902873825, 37.74286865806661], [-92.17495081186429, 37.7427957921172], [-92.17552222848948, 37.74279993414041], [-92.17590484761608, 37.74265144085407], [-92.17648295727611, 37.74205056425373], [-92.17735511977612, 37.74069548507463], [-92.17754809369818, 37.74046998364843], [-92.17774524404368, 37.73986634548646], [-92.17793904999999, 37.73956521666667], [-92.17794155597014, 37.739338334626865], [-92.17851461538142, 37.73919122155887], [-92.17908600414593, 37.73919536318408], [-92.17984618905471, 37.739352140099506], [-92.18051281063433, 37.73935697201493], [-92.18098980113322, 37.73928479599226], [-92.18156119047816, 37.739288937625766], [-92.1819404541874, 37.73944295352405], [-92.1826973252764, 37.739902240218356], [-92.18326373982863, 37.74036014646214], [-92.1834508868021, 37.74066403675235], [-92.18363886484244, 37.740892299635156], [-92.18420695062188, 37.741198951194036], [-92.18458374376728, 37.74157984963792], [-92.18467566440712, 37.74188304973052], [-92.1846698652225, 37.74241244184356], [-92.18494811831123, 37.743095159870094], [-92.18475350373134, 37.74347191641791], [-92.18475019029852, 37.74377442620233], [-92.18484211451769, 37.74407762634605], [-92.1845522588032, 37.744453692484804], [-92.18435515257048, 37.74505733127695], [-92.18435183758983, 37.74535984103925], [-92.18425162524184, 37.7458129152916], [-92.18405700031094, 37.746189671691546], [-92.18252401812465, 37.74701052688087], [-92.18214139048507, 37.74715902004561], [-92.18204199353234, 37.74753646666667], [-92.18184569050581, 37.7480644776534]]]}}, {"type": "Feature", "properties": {"fid": 38, "area_name": "35", "area_syskey": 4813, "area_type": null}, "geometry": {"type": "Polygon", "coordinates": [[[-92.1724006272388, 37.77514838676617], [-92.17211479471393, 37.77514631398011], [-92.17135425787036, 37.77498953203704], [-92.17097314861111, 37.774986768333335], [-92.17059288173714, 37.774908377383916], [-92.17040232730099, 37.77490699553483], [-92.16954314543946, 37.77505203167496], [-92.16925731320481, 37.775049958893035], [-92.16897063694029, 37.775123513333334], [-92.16868311577528, 37.775272694983414], [-92.16849002683112, 37.775498194766456], [-92.16820165844389, 37.77572300359315], [-92.16781547417081, 37.776174003068], [-92.16723872636815, 37.77662362056385], [-92.16695119591625, 37.77677280208126], [-92.16637697817163, 37.776995537881426], [-92.16580445138888, 37.77706701927861], [-92.16456581108348, 37.77705803673854], [-92.16370998957296, 37.776900563764514], [-92.16266871475955, 37.776287946135994], [-92.16238542970564, 37.776058991902985], [-92.162101295398, 37.775905664817586], [-92.16191329181868, 37.77567740156993], [-92.16144115876865, 37.77529581130597], [-92.16115702929795, 37.77514248428967], [-92.16096903055555, 37.77491422111112], [-92.16068490350331, 37.77476089412936], [-92.16040163034826, 37.77453194006634], [-92.15992780585267, 37.77430160419845], [-92.15936126940989, 37.77384369621338], [-92.15907714970979, 37.773690369336656], [-92.15888830674405, 37.77353773337756], [-92.1586041891722, 37.773384406531235], [-92.15832092762575, 37.77315545263406], [-92.15803681266583, 37.773002125825045], [-92.15709262492399, 37.77223894641653], [-92.15680851596186, 37.77208561969321], [-92.15662053830845, 37.77185735681592], [-92.15633728866085, 37.77162840308873], [-92.15605318356826, 37.77147507642068], [-92.15586520978441, 37.77124681359868], [-92.15577336701907, 37.770943614618574], [-92.15596905528606, 37.77049123412935], [-92.15732340143035, 37.768685856716424], [-92.15732853700248, 37.76823209440299], [-92.15704615547263, 37.76792751379768], [-92.15647797218077, 37.767620860845774], [-92.1559106509121, 37.76723858092869], [-92.15581881327391, 37.766935382021835], [-92.15563085196932, 37.76670711937812], [-92.15544374968904, 37.766403229726365], [-92.15516138286345, 37.76609864933112], [-92.1548773014718, 37.76594532300166], [-92.15459407997513, 37.76571636967662], [-92.15402592357657, 37.76540971710891], [-92.1533625069859, 37.765102373859875], [-92.15269651380596, 37.765021911641796], [-92.15212320287452, 37.76516902111664], [-92.1510701147388, 37.76561518464345], [-92.15049765876866, 37.76568666705224], [-92.14925920584577, 37.765677687189054], [-92.14878201316336, 37.76574986032339], [-92.14840095033858, 37.76574709728303], [-92.14801902210475, 37.76581996115948], [-92.14763882468904, 37.76574157120233], [-92.14764834844526, 37.764909675178274], [-92.1474664790561, 37.764152024603376], [-92.14727855025566, 37.76392376242399], [-92.14718675199005, 37.76362056407961], [-92.1471893508292, 37.76339368336651], [-92.14709842000414, 37.76301485813433], [-92.14719801362631, 37.76263741432284], [-92.14844506646627, 37.76189012424406], [-92.14921060963931, 37.761593142027365], [-92.1495916511816, 37.76159590476368], [-92.14997355619818, 37.76152304055555], [-92.15101796973465, 37.761833145903815], [-92.15120418000276, 37.76221266209232], [-92.15119814448589, 37.76274205082919], [-92.15148048228994, 37.763046630809846], [-92.15195420907959, 37.763276965281925], [-92.15214473410724, 37.76327834671089], [-92.15310252093697, 37.76283149191542], [-92.15348614835544, 37.76260737375346], [-92.15377537170397, 37.7623069378607], [-92.15387321148424, 37.762080747553895], [-92.15358914818269, 37.761927421482866], [-92.15273524390548, 37.761618697338314], [-92.15235850764233, 37.76123779970702], [-92.15245893329879, 37.76078472850194], [-92.15246409905335, 37.760330966619684], [-92.15218262907683, 37.75995075975678], [-92.1518050425926, 37.75964548925926], [-92.15152357861388, 37.75926528248203], [-92.15048178829464, 37.758728296768936], [-92.15019688144693, 37.75865059792703], [-92.14991456589276, 37.758346018264234], [-92.15001327601574, 37.75804420111111], [-92.15030335945274, 37.75766813822554], [-92.15117186772387, 37.75669120324213], [-92.15146021608624, 37.756466394129355], [-92.1516541710199, 37.75616526743781], [-92.15165675650911, 37.755938386534], [-92.15185070931454, 37.755637259812055], [-92.15223172028745, 37.75564002211167], [-92.15251920043534, 37.75549083987563], [-92.1525226442717, 37.75518833195412], [-92.15233644570895, 37.75480881593284], [-92.15205413644279, 37.75450423635987], [-92.15196319284826, 37.75412541094528], [-92.15196750054588, 37.75374727608486], [-92.15216058523355, 37.753521776241016], [-92.1523553910655, 37.75314502242537], [-92.15245408483969, 37.7528432050387], [-92.15226703150911, 37.75253931608624], [-92.15198386979684, 37.75231036361526], [-92.1516071854823, 37.7519294667261], [-92.15170588080431, 37.75162764936153], [-92.1518071605514, 37.75109895107795], [-92.15171536093145, 37.75079575271421], [-92.15172225556937, 37.7501907369707], [-92.15182181001244, 37.749813292599505], [-92.1519196402156, 37.74958710215589], [-92.15192222512438, 37.74936022124379], [-92.15211874465174, 37.74883221334992], [-92.15212219042289, 37.74852970545606], [-92.15231870646765, 37.748001697512436], [-92.1524191163557, 37.74754862608209], [-92.15251694191542, 37.747322435572144], [-92.15252383036207, 37.74671741974019], [-92.15224758118435, 37.745883451781374], [-92.15215664813432, 37.745504626517416], [-92.15187609919154, 37.74504879353234], [-92.15168734464483, 37.744896158836376], [-92.15140507649254, 37.74459157985075], [-92.15131501175374, 37.74413712771145], [-92.15179551109728, 37.74376244469597], [-92.15198857111663, 37.74353694449973], [-92.15227600560392, 37.743387761611395], [-92.15246906320479, 37.7431622613806], [-92.15275735613598, 37.74293745147595], [-92.15295041112492, 37.74271195120785], [-92.15323784048508, 37.74256276824627], [-92.15343089305554, 37.74233726794361], [-92.15448793627694, 37.741512964519075], [-92.15468098236595, 37.74128746412383], [-92.1549684027294, 37.74113828103372], [-92.15516144639994, 37.74091278060393], [-92.1554497224986, 37.740687970458815], [-92.15554838831537, 37.74038615267275], [-92.15526955548646, 37.739779065644], [-92.1556539170398, 37.73947931868989], [-92.15631625491294, 37.739862285808464], [-92.15631454034687, 37.74001353987424], [-92.15678299274461, 37.74069763467662], [-92.15706612398424, 37.74092658671227], [-92.15725402279574, 37.74115484846324], [-92.15782029340104, 37.74161275265064], [-92.15800819627555, 37.741841014459645], [-92.15866885750414, 37.74237523618574], [-92.15914247294776, 37.742605569067166], [-92.15980656388889, 37.74283728266999], [-92.1601840958126, 37.743142552388065], [-92.16037200981205, 37.743370814356], [-92.1607461358209, 37.74397859253732], [-92.1608388156509, 37.74420616419569], [-92.16140257535241, 37.744890950352406], [-92.1618745120232, 37.74527253781095], [-92.1621593789179, 37.74535023608209], [-92.16272741303897, 37.745656886902985], [-92.16386689338722, 37.74596768016998], [-92.16500468625621, 37.74642972788972], [-92.1654766509812, 37.746811315749035], [-92.1658525312189, 37.74726784043118], [-92.16622672184909, 37.747875619535655], [-92.16668854235074, 37.74916473383499], [-92.16686887362494, 37.75007364099641], [-92.16677108850193, 37.750299832084025], [-92.1663757075456, 37.75158273225539], [-92.16636893208955, 37.75218774970149], [-92.16627029577805, 37.752489567909066], [-92.16645317142758, 37.753171593579324], [-92.16644978408652, 37.75347410230791], [-92.16654164697346, 37.75377730157546], [-92.16681977962273, 37.754460017881435], [-92.16709537902156, 37.75536961583749], [-92.16708860975677, 37.755974633372034], [-92.16689302558042, 37.75642701534826], [-92.16649931004699, 37.7575586607518], [-92.16649422961581, 37.75801242385296], [-92.16639558662935, 37.75831424196518], [-92.16638881194721, 37.758919259422335], [-92.16629016741294, 37.75922107751244], [-92.16628254502487, 37.759901722139304], [-92.16637441574765, 37.7602049215188], [-92.16635663220703, 37.76179309234384], [-92.16644765899669, 37.76217191894693], [-92.1664197166252, 37.76466761600332], [-92.16669450527225, 37.765652841656994], [-92.16697776304588, 37.76588179550028], [-92.16716575656439, 37.766110058604205], [-92.16773397100607, 37.76641671200111], [-92.16820945802239, 37.766495793059704], [-92.16877936826285, 37.76665119212272], [-92.16915790315782, 37.766880836889165], [-92.16934084342869, 37.76756286348259], [-92.16933746847015, 37.76786537238806], [-92.16942936211996, 37.76816857209508], [-92.16980200399392, 37.768927607634055], [-92.16998917089552, 37.76923149820896], [-92.1700810689953, 37.76953469797955], [-92.17026908137782, 37.76976296135296], [-92.17045540976368, 37.77014247922886], [-92.1706400553137, 37.770673251623826], [-92.17082723014788, 37.770977142312056], [-92.17139128877142, 37.771661932739086], [-92.17261891393034, 37.772654068557216], [-92.17280610192095, 37.77295795943339], [-92.17289885643311, 37.77318553215865], [-92.17298993159204, 37.77356435945274], [-92.1729865717247, 37.7738668685738], [-92.17278929871476, 37.77447050498342], [-92.1724006272388, 37.77514838676617]]]}}, {"type": "Feature", "properties": {"fid": 39, "area_name": "36", "area_syskey": 4814, "area_type": null}, "geometry": {"type": "Polygon", "coordinates": [[[-92.2051494386885, 37.76895701689746], [-92.20791224796848, 37.76897705042288], [-92.20819725155474, 37.769054750646774], [-92.21000736981756, 37.76906787608624], [-92.2101002321932, 37.76929545035241], [-92.21006011541598, 37.77307684124517], [-92.21015218097014, 37.77338004340796], [-92.2100519011194, 37.7828335208126], [-92.20957466345357, 37.782905693304315], [-92.20509617043946, 37.78287321322554], [-92.20471421444167, 37.782946076705365], [-92.20109330152017, 37.78291981616363], [-92.20089866952736, 37.783296572462696], [-92.19985050520314, 37.783288970650915], [-92.19937325380043, 37.78336114294638], [-92.19822980064953, 37.783352850044224], [-92.19746586853233, 37.78349857671642], [-92.19679885283996, 37.783493739170815], [-92.19641606887092, 37.783642230102274], [-92.19603409981343, 37.78371509339553], [-92.19565376367468, 37.78363670145661], [-92.19527261107656, 37.78363393713378], [-92.19470006436568, 37.78370541824627], [-92.19441338152295, 37.7837789725926], [-92.19412260612907, 37.78423066487286], [-92.19383510199003, 37.78437984676617], [-92.19307278905472, 37.78437431800995], [-92.1927861019555, 37.78444787229547], [-92.19135676375069, 37.78443750585683], [-92.19097478530956, 37.78451036901603], [-92.18811610599778, 37.78448963609729], [-92.1876404844182, 37.784410553116366], [-92.1872609782822, 37.78425653375484], [-92.18650031838723, 37.7840997500539], [-92.18612081612078, 37.78394573074765], [-92.1858349502211, 37.7839436574848], [-92.18421255809149, 37.78415879132947], [-92.18364082455086, 37.784154644778894], [-92.18335827508291, 37.783850061774466], [-92.18307323908927, 37.78377236108762], [-92.18221564313156, 37.78376614132394], [-92.18173836996269, 37.783838313308465], [-92.1809760616708, 37.783832784618575], [-92.18059407539386, 37.78390564766584], [-92.17983176632808, 37.7839001189649], [-92.17945144508707, 37.78382172723881], [-92.1790694572623, 37.78389459026396], [-92.17821185956328, 37.7838883704754], [-92.1773509201838, 37.78418466006772], [-92.1767783500622, 37.78425614084578], [-92.17630274096186, 37.78417705804312], [-92.17582964373271, 37.783871093284965], [-92.17564325227335, 37.78349157450802], [-92.17508073853648, 37.78265552759121], [-92.17479571531231, 37.78257782708679], [-92.17355698445964, 37.78256884325318], [-92.17317499682837, 37.7826417062811], [-92.17298358278745, 37.78271595143173], [-92.1726960409204, 37.78286513278607], [-92.17231152922886, 37.78316487759536], [-92.17192785537588, 37.78338899509398], [-92.17144720802239, 37.783763675995026], [-92.17115797558041, 37.78406411175788], [-92.1708678988184, 37.784440174738805], [-92.17058118830846, 37.78451372868989], [-92.16953300376588, 37.78450612658928], [-92.16924629161137, 37.784579680516856], [-92.16753107880044, 37.78456724069099], [-92.16715076616916, 37.78448884908789], [-92.16677214662798, 37.78425920311222], [-92.16658410725537, 37.78403093935323], [-92.1662105722084, 37.78334753033444], [-92.16641215339966, 37.78236575907131], [-92.16670309131426, 37.78191406911277], [-92.16689874011195, 37.78146168805971], [-92.16709269485212, 37.7811605613654], [-92.16719136318407, 37.78085874361526], [-92.16738531521558, 37.780557616882255], [-92.16748313613184, 37.78033142630598], [-92.16777321463516, 37.77995536334992], [-92.16844864566751, 37.779203928316754], [-92.16864849865257, 37.778373410924544], [-92.16884497087479, 37.77784540235489], [-92.16932475040076, 37.777546348336095], [-92.16970755932836, 37.7773978577612], [-92.17009120957712, 37.777173739925374], [-92.17104737838585, 37.77687814057491], [-92.17200185758706, 37.77673379564677], [-92.1723846568408, 37.77658530493367], [-92.17315109047816, 37.7762126961581], [-92.17391332137922, 37.776218223742404], [-92.17429359821725, 37.776296614834166], [-92.17467471405473, 37.77629937863185], [-92.17533999167358, 37.77645546990741], [-92.1758163874378, 37.776458924668326], [-92.17619666737147, 37.77653731580432], [-92.17800697311358, 37.776550443922055], [-92.17877087524185, 37.77640471682145], [-92.17934505003454, 37.776181980407685], [-92.17953810744197, 37.77595648017414], [-92.17963588550305, 37.77573028898563], [-92.1798297738806, 37.77542916134329], [-92.18012476710199, 37.77459933291874], [-92.18012809794776, 37.77429682338308], [-92.180226704754, 37.77399500475401], [-92.18013642506219, 37.77354054954395], [-92.18014308675372, 37.77293553047264], [-92.1802416918187, 37.772633711818685], [-92.18053167609868, 37.77225764751659], [-92.18120275048369, 37.77188434664456], [-92.1819682599917, 37.771587363946935], [-92.18235018193752, 37.771514499980654], [-92.18273127300994, 37.77151726342454], [-92.18378176056522, 37.77129798058596], [-92.18425812295467, 37.7713014348701], [-92.18482810187949, 37.771456834914325], [-92.18511226453151, 37.77161016240465], [-92.18539311878109, 37.77206599975125], [-92.18538815443615, 37.77251976451078], [-92.18557373930348, 37.77297491104478], [-92.18585625549335, 37.773279493573796], [-92.1864246001451, 37.773586148830844], [-92.18680487572554, 37.773664539904644], [-92.18718597763265, 37.773667303503316], [-92.18756790470565, 37.773594439610285], [-92.18794900622581, 37.77359720320343], [-92.18823648134327, 37.77344802089552], [-92.18861840619125, 37.7733751569707], [-92.1890011539801, 37.773226665522394], [-92.18938225356551, 37.7732294290879], [-92.18985945089138, 37.7731572560199], [-92.19052637448866, 37.77316209224986], [-92.19090829546711, 37.77308922826977], [-92.19167049309011, 37.77309475537867], [-92.19205241252072, 37.77302189137645], [-92.19271933476368, 37.773026727587066], [-92.19310125274323, 37.772953863564126], [-92.19452382555279, 37.7735692475926], [-92.19471274029851, 37.773721884577114], [-92.1953755824696, 37.774104858899946], [-92.19584951202322, 37.77433519626866], [-92.19641953718906, 37.77449059697347], [-92.19680064296574, 37.774493360627424], [-92.19727865578358, 37.77434555992952], [-92.19747165360005, 37.774120058844666], [-92.19757181961026, 37.77366698393035], [-92.19796188196517, 37.772837843457715], [-92.19834623616639, 37.77253809639856], [-92.19882423331259, 37.77239029547679], [-92.19930060199005, 37.77239374985075], [-92.19968250981206, 37.7723208856827], [-92.2007305198383, 37.77232848529022], [-92.20177609760918, 37.7725629679906], [-92.20187299284825, 37.77241240347015], [-92.20225651859452, 37.772188283855726], [-92.20273450538971, 37.772040482786075], [-92.2030219441335, 37.77189129995855], [-92.20321491815228, 37.77166579853372], [-92.20359762705223, 37.77151730652985], [-92.20436465648838, 37.7710690669859], [-92.2051308692717, 37.77069645505528], [-92.20542071918186, 37.77032038883361], [-92.20542636871198, 37.76979099458265], [-92.20523824982034, 37.76956272968768], [-92.20514540185876, 37.76933515562742], [-92.2051494386885, 37.76895701689746]]]}}, {"type": "Feature", "properties": {"fid": 40, "area_name": "36A", "area_syskey": 4816, "area_type": null}, "geometry": {"type": "Polygon", "coordinates": [[[-92.20993397201492, 37.79395081024047], [-92.21002847108208, 37.79402712932836], [-92.20982984511471, 37.7947820249696], [-92.20979855402847, 37.797731509865955], [-92.20970084068546, 37.797957701979], [-92.20931881252073, 37.79803056442787], [-92.20798452245715, 37.79802088564124], [-92.20760410128523, 37.797942492487564], [-92.20026551338445, 37.79788925926755], [-92.20025252123409, 37.79909930214207], [-92.20015396492536, 37.79940112149254], [-92.20005540784273, 37.799702940831956], [-92.19967417321033, 37.79970017533721], [-92.19900863913765, 37.799544080398015], [-92.19853372431592, 37.79938936823383], [-92.19815086295606, 37.79953785805971], [-92.19758227104063, 37.799231199270324], [-92.19701205317163, 37.799075795812605], [-92.1943499764718, 37.798451416907135], [-92.19406323684355, 37.79852497044223], [-92.1933993622927, 37.79821762065092], [-92.19292364765064, 37.798138536340524], [-92.19092713539939, 37.79767025280818], [-92.18978346168463, 37.797661956755114], [-92.18940059103787, 37.79781044644832], [-92.18864143559287, 37.797502405679936], [-92.18845247170397, 37.79734976799337], [-92.18816820302654, 37.797196438988394], [-92.18788311092453, 37.7971187375], [-92.18750353900636, 37.79696471719873], [-92.18683805339967, 37.79680862295191], [-92.18645848515754, 37.79665460270316], [-92.18569769969596, 37.79649781720841], [-92.18531813532337, 37.79634379701493], [-92.18455735527915, 37.79618701159757], [-92.18417779477612, 37.79603299145938], [-92.18351646924405, 37.795498760243234], [-92.18323553489498, 37.795042921752355], [-92.18304907678274, 37.79466340202322], [-92.18315018510917, 37.79413470129077], [-92.18334742232587, 37.79353106436982], [-92.18373277021144, 37.79315569222637], [-92.18392668567579, 37.79285456497098], [-92.18374105863045, 37.79239941783444], [-92.18345764762299, 37.7921704618021], [-92.18298695904505, 37.79163761361388], [-92.18270355326146, 37.79140865765617], [-92.18232402100608, 37.79125463792151], [-92.18108764143864, 37.79101876983832], [-92.18051502294776, 37.791090249925375], [-92.17994323600746, 37.79108610261195], [-92.17889162484798, 37.79138100867883], [-92.17812590096739, 37.79167798831399], [-92.1773610062189, 37.7918993405141], [-92.1768836759743, 37.79197151168325], [-92.17583538714759, 37.79196390809287], [-92.17507131998342, 37.792109632835825], [-92.17487988378939, 37.79218387766999], [-92.17402051290077, 37.79232891110973], [-92.17373461449696, 37.79232683738254], [-92.17191972041874, 37.79269184011609], [-92.1707710690091, 37.79313730863184], [-92.17057878356135, 37.7932871806136], [-92.17000445089137, 37.793509914771974], [-92.16981384885986, 37.79350853224295], [-92.16933818723051, 37.793429448689885], [-92.16801073279436, 37.792814753316755], [-92.167725677453, 37.79273705235351], [-92.1671547228372, 37.79265727765064], [-92.16658207687257, 37.792728757345216], [-92.1662008766791, 37.792725992342454], [-92.16581882945688, 37.79279885451908], [-92.16543762887645, 37.79279608951078], [-92.16505727609868, 37.79271769733417], [-92.16458671386124, 37.792184850950804], [-92.16459010700662, 37.79188234230514], [-92.16449820155474, 37.791579142429526], [-92.16469388788695, 37.791126761912665], [-92.16517631191265, 37.79060082783305], [-92.16546728842592, 37.79014913842593], [-92.1658527106067, 37.789773767343846], [-92.16614113964897, 37.78954895938364], [-92.16633427125484, 37.78932346021006], [-92.16662269710474, 37.78909865220426], [-92.16710594029851, 37.78849709054727], [-92.16739520611526, 37.788196655261196], [-92.1676861599917, 37.787744965530685], [-92.16788097230514, 37.78736821180763], [-92.16789702725261, 37.78593129484798], [-92.16771405128524, 37.78524926774462], [-92.16752685187949, 37.78494537670536], [-92.16752938803205, 37.78471849509674], [-92.16829170638474, 37.784724023930345], [-92.16857842008706, 37.78465047002488], [-92.17086537282337, 37.78466705649254], [-92.17105931943753, 37.784365929682146], [-92.17163862631979, 37.783689430905206], [-92.17192701444168, 37.78346462236042], [-92.17259823277362, 37.783091323544774], [-92.17298274291736, 37.78279157871338], [-92.17393729351161, 37.78264723480515], [-92.17431760333747, 37.782725626368155], [-92.1747940392482, 37.7827290817026], [-92.17517099975124, 37.78310998253732], [-92.17535822527638, 37.7834138739497], [-92.1756407407891, 37.783718456469046], [-92.17592158488114, 37.78417429367054], [-92.1763955208195, 37.78440463113046], [-92.1766813887507, 37.78440670442234], [-92.17706171028192, 37.78448509615258], [-92.17744286791044, 37.784487860547266], [-92.17773124123133, 37.784263051791044], [-92.17811406699143, 37.78411456145661], [-92.17859051160862, 37.78411801691543], [-92.17897250107794, 37.784045153913766], [-92.17992538934493, 37.78405206481758], [-92.18040266580293, 37.78397989288005], [-92.18078382072278, 37.783982657236045], [-92.18116414409205, 37.78406104899254], [-92.18221232118573, 37.78406865098673], [-92.18278488405196, 37.78399717010503], [-92.18307075024184, 37.78399924337203], [-92.18392503383085, 37.78430797293532], [-92.18459122958126, 37.784388438047266], [-92.18554577591901, 37.78424409407822], [-92.18649866612078, 37.78425100500968], [-92.18735379151465, 37.78448410731897], [-92.18849479093421, 37.78471928300719], [-92.19030529334576, 37.78473241393449], [-92.19059198412106, 37.784658859701494], [-92.1917354581675, 37.78466715290216], [-92.19202214720148, 37.78459359864428], [-92.19278446245853, 37.78459912743367], [-92.19316643944859, 37.784526264253735], [-92.19383346462133, 37.784531101934775], [-92.19412096934079, 37.78438192004975], [-92.19431482037727, 37.78408079187397], [-92.19469842873825, 37.78385667343975], [-92.19507958249723, 37.783859437779164], [-92.19546155329601, 37.783786574510785], [-92.19631914838308, 37.78379279426203], [-92.1981328842247, 37.78350341426203], [-92.19889518787312, 37.783508942885575], [-92.19927715286761, 37.78343607953428], [-92.20089704647594, 37.78344782783583], [-92.20098990004836, 37.78367540197623], [-92.20096636860833, 37.785868604926755], [-92.20086702002489, 37.786246052238816], [-92.20081751695689, 37.79085934111941], [-92.20071816150498, 37.791236788333336], [-92.20069218958679, 37.79365687425926], [-92.20116869418186, 37.79366033057491], [-92.20155070860973, 37.793587467929804], [-92.20221781436567, 37.79359230676202], [-92.20259982734245, 37.793519444096184], [-92.20298103024462, 37.79352220913765], [-92.20336304206053, 37.793449346455226], [-92.20517375400773, 37.7934624803759], [-92.20555414983416, 37.793540873167494], [-92.206411856364, 37.793547094510785], [-92.20726795299889, 37.79370457141515], [-92.20802955617745, 37.79378572931178], [-92.20840995645382, 37.793864122166944], [-92.2087911609038, 37.793866887230514], [-92.2092668635503, 37.793945971369546], [-92.20993397201492, 37.79395081024047]]]}}, {"type": "Feature", "properties": {"fid": 41, "area_name": "37", "area_syskey": 4815, "area_type": null}, "geometry": {"type": "Polygon", "coordinates": [[[-92.16566465972222, 37.789545503420406], [-92.16547745741431, 37.789241612339694], [-92.16519411373686, 37.78901265726921], [-92.16368892164178, 37.78726217394693], [-92.16369316791044, 37.78688403820896], [-92.16360212206328, 37.78650521133361], [-92.16370166044776, 37.786127766733], [-92.16370505746268, 37.78582525814262], [-92.16332644140408, 37.785595612216696], [-92.16295037775012, 37.78513908491432], [-92.16295632794362, 37.78460969495854], [-92.16277170009673, 37.78407892281648], [-92.16277595120232, 37.783700787147595], [-92.16239819948866, 37.783395514289666], [-92.16192516310807, 37.78308955040078], [-92.16164185396627, 37.782860595823664], [-92.16135769489358, 37.78270726838447], [-92.16107438894416, 37.782478313852955], [-92.16088466712272, 37.782401304618574], [-92.15976072321172, 37.781556597715145], [-92.15861978062318, 37.78078656494003], [-92.15690836674034, 37.78049779982909], [-92.15579306331107, 37.78022423184133], [-92.15369706203883, 37.78020903359009], [-92.15298557536842, 37.78013304228707], [-92.15292147747019, 37.77952003783566], [-92.15292358229684, 37.77856190584578], [-92.15282830024184, 37.77856121485213], [-92.1528317417565, 37.77825870689746], [-92.15273904151464, 37.77803113494748], [-92.152455779678, 37.77780218104616], [-92.15226780038005, 37.77757391814539], [-92.1517939807214, 37.7773435823466], [-92.15141285869264, 37.77734081846047], [-92.15007720522388, 37.77748239875622], [-92.14960339272389, 37.777252063059706], [-92.1491304472775, 37.77694610046987], [-92.14884806497373, 37.77664151985351], [-92.14856482025981, 37.7764125661968], [-92.14752107643034, 37.77602683113599], [-92.14723523984244, 37.776024758291875], [-92.14685759028467, 37.775719486893315], [-92.14591087761193, 37.77518318925373], [-92.14600962478579, 37.774881372629906], [-92.14659082365256, 37.77405362232172], [-92.14687925211442, 37.77382881435324], [-92.147072403068, 37.77360331545606], [-92.14736082833748, 37.77337850744196], [-92.14755397667909, 37.773153008507464], [-92.14784239875621, 37.772928200447765], [-92.14803554448591, 37.77270270147596], [-92.14832396337064, 37.77247789337065], [-92.14851710648838, 37.77225239436153], [-92.14880552218077, 37.77202758621061], [-92.14899866268657, 37.77180208716418], [-92.1486314046158, 37.770589292857935], [-92.14815937120646, 37.770207704017416], [-92.14768907403261, 37.769674861420675], [-92.14750199613046, 37.769370972117194], [-92.14721878363045, 37.769142018920675], [-92.14703170901741, 37.76883812966418], [-92.1469390387645, 37.76861055814262], [-92.1467511, 37.7683822958209], [-92.1465640292565, 37.76807840661968], [-92.14676496666667, 37.76717226543947], [-92.14763016672885, 37.76649784031509], [-92.14782502808873, 37.7661210872927], [-92.14782589369126, 37.76604546037867], [-92.14868501799336, 37.765900423416255], [-92.14982820878937, 37.765908712570486], [-92.15021013557214, 37.765835848673305], [-92.15097226199558, 37.76584137476507], [-92.15125978364426, 37.76569219312189], [-92.15154644230236, 37.76561863843008], [-92.15221674550165, 37.7653209658209], [-92.15250340174128, 37.76524741109453], [-92.15288446185738, 37.76525017409619], [-92.15317111712962, 37.765176619356], [-92.15374098751381, 37.765332017849644], [-92.15440183090104, 37.765866242178], [-92.1546859110351, 37.7660195684895], [-92.15534676728856, 37.76655379300166], [-92.15600163204118, 37.767617406879495], [-92.15704358681592, 37.76815439494196], [-92.15723155614981, 37.76838265770039], [-92.15703588084577, 37.76883503837479], [-92.15684191604478, 37.76913616492538], [-92.15645569539801, 37.7695871638806], [-92.15626172634052, 37.769888290370375], [-92.15568152502763, 37.77064041564953], [-92.15558110711028, 37.77109348696518], [-92.15567209172194, 37.77147231296573], [-92.15623773054175, 37.772005847407414], [-92.15661625527916, 37.77223549202875], [-92.1569939261194, 37.77254076373134], [-92.15737245588723, 37.77277040842455], [-92.15756129382255, 37.772923044311774], [-92.15784540752487, 37.773076371102825], [-92.15831750816749, 37.77345796090381], [-92.15860162544914, 37.77361128774599], [-92.1588848896075, 37.77384024168049], [-92.1591690095011, 37.77399356855998], [-92.15964112271973, 37.77437515854063], [-92.16020937082641, 37.774681812418464], [-92.16039736666666, 37.77491007555556], [-92.16096562193201, 37.77521672953566], [-92.16143775207988, 37.77559831975816], [-92.1617218838723, 37.775751646807635], [-92.16200516573383, 37.77598060099503], [-92.162383728296, 37.77621024615672], [-92.16276059254422, 37.776591145616365], [-92.16304473081813, 37.77674447275843], [-92.16351942991292, 37.7768991818408], [-92.16399328188226, 37.77712951810116], [-92.16475382627142, 37.77728630015202], [-92.16523022783997, 37.77728975499586], [-92.16570747672748, 37.777217582664456], [-92.16608859759535, 37.777220346534], [-92.16637613152983, 37.77707116506634], [-92.16675809787866, 37.77699830173439], [-92.1673331601368, 37.776699938718906], [-92.16752710114014, 37.776398811828365], [-92.16791159812742, 37.77609906680901], [-92.16810469036069, 37.77587356707297], [-92.16877754925372, 37.77534901313433], [-92.16935174697346, 37.77512627704809], [-92.16973370026257, 37.77505341352958], [-92.1701148099088, 37.77505617723881], [-92.17049507707297, 37.77513456819238], [-92.17097146461442, 37.77513802283582], [-92.17173200223189, 37.775294804789944], [-92.17211311303898, 37.77529756851576], [-92.17220670925924, 37.77544951398563], [-92.1724891811429, 37.77575409588171], [-92.1724866597913, 37.77598097770177], [-92.17219662037036, 37.776357041216144], [-92.17133574241984, 37.77665333168602], [-92.1706671017413, 37.77679974948591], [-92.1701890180141, 37.77694754917081], [-92.16903890858899, 37.777544275417355], [-92.16875053410725, 37.77776908415699], [-92.16846131337066, 37.77806952008707], [-92.16835674137644, 37.778900728457714], [-92.16825808020315, 37.77920254631012], [-92.16796800702043, 37.779578609342174], [-92.16767962151049, 37.77980341792427], [-92.16719474626865, 37.78055623482587], [-92.16709607832365, 37.780858052581536], [-92.16660949780264, 37.78176212368159], [-92.1665099795398, 37.78213956856966], [-92.16621649937811, 37.782818140049756], [-92.16621480590105, 37.78296939441681], [-92.16611528415561, 37.78334683925512], [-92.16629908712686, 37.783953238893034], [-92.1665798754975, 37.78440907529851], [-92.16686320553482, 37.784638030174136], [-92.16724013595217, 37.78501893057905], [-92.16733204382255, 37.78532213048922], [-92.16752008880597, 37.78555039432836], [-92.16779497515893, 37.78653562137783], [-92.16759424747787, 37.78744176555417], [-92.16720377195273, 37.78827090012438], [-92.16691450507186, 37.788571335395254], [-92.16566465972222, 37.789545503420406]]]}}, {"type": "Feature", "properties": {"fid": 42, "area_name": "38", "area_syskey": 4817, "area_type": null}, "geometry": {"type": "Polygon", "coordinates": [[[-92.16220592158652, 37.78354538637922], [-92.16192175874102, 37.78339205888613], [-92.161355139877, 37.78293414972361], [-92.16107098109451, 37.78278082228856], [-92.16078767572553, 37.782551867765335], [-92.16069494568822, 37.78232429538972], [-92.16069579803758, 37.78224866828635], [-92.15961970783559, 37.7817440389054], [-92.15842748692843, 37.7809233480199], [-92.15533155844376, 37.78040661061235], [-92.1531201809547, 37.780391412398615], [-92.15303071782752, 37.78589910613599], [-92.15331315295052, 37.78620368750691], [-92.15369174201906, 37.78643333304726], [-92.1539750410033, 37.786662287479274], [-92.15390631131841, 37.79271244800995], [-92.15085670667494, 37.79269032794362], [-92.15047464349088, 37.79276318989221], [-92.14875923913765, 37.79275074733002], [-92.14875751044775, 37.79290200119403], [-92.14827668412796, 37.79327667953842], [-92.14808608228994, 37.793275297012165], [-92.1477040132048, 37.793348158876455], [-92.14732280914178, 37.793345393818406], [-92.1469407388958, 37.79341825566612], [-92.14690435921088, 37.796594585707574], [-92.14719027473743, 37.79659665967938], [-92.14766506979683, 37.79675137013267], [-92.14899934496269, 37.79676104870647], [-92.14937970277087, 37.796839440954955], [-92.1551933361802, 37.79688161196794], [-92.15547839510089, 37.79695931298232], [-92.16272161784825, 37.79701185402156], [-92.16300668470149, 37.797089555149256], [-92.16872502425372, 37.79713103500001], [-92.16948493975954, 37.797363447346605], [-92.1696772377833, 37.797213575544504], [-92.16996399782337, 37.797140022300994], [-92.17024991480099, 37.79714209629354], [-92.17053498958678, 37.79721979753455], [-92.17396599680072, 37.79724468549475], [-92.1743463815022, 37.79732307812742], [-92.1788257565782, 37.79735557080708], [-92.1791108406509, 37.79743327218076], [-92.18311369052654, 37.79746230825042], [-92.18358939133499, 37.797541392363186], [-92.18702040899667, 37.79756628047264], [-92.18740245825042, 37.797493418325054], [-92.18806959989635, 37.79749825766999], [-92.1876916752142, 37.79719298234107], [-92.18578969753317, 37.79680101840381], [-92.18502973936566, 37.79656860544776], [-92.18464934808596, 37.79649021272112], [-92.1838902251451, 37.79618217241708], [-92.18351232406717, 37.79587689742538], [-92.18304492918739, 37.79504153917081], [-92.18295377441267, 37.79466271073937], [-92.18295958172332, 37.794133318742404], [-92.18315433222084, 37.79375656413627], [-92.18344521064122, 37.793304873327806], [-92.18354299837617, 37.7930786822775], [-92.18345433109452, 37.79247297154229], [-92.18326704926756, 37.792169079325596], [-92.18288917140686, 37.79186380466557], [-92.18250963644277, 37.791709784892205], [-92.18222623182007, 37.79148082895108], [-92.18165693488807, 37.79124979936982], [-92.18089621424129, 37.791093014801], [-92.18013383165422, 37.79108748504976], [-92.17841179675926, 37.79168006200388], [-92.17802976772388, 37.7917529244403], [-92.17745546987977, 37.79197565909619], [-92.1768836759743, 37.79197151168325], [-92.17611961093836, 37.79211723645661], [-92.17564311504974, 37.79211378026534], [-92.1748790459508, 37.792259504980656], [-92.17440087245024, 37.79240730338309], [-92.1740188354823, 37.792480165706195], [-92.17296885966003, 37.79262381657546], [-92.1722064608209, 37.792618286592045], [-92.1718244204671, 37.79269114886678], [-92.17153599693891, 37.79291595690575], [-92.17124841318409, 37.79306513766169], [-92.17095998646352, 37.79328994565506], [-92.17029119642068, 37.79343636132118], [-92.16981131996269, 37.793735413955226], [-92.16933565688225, 37.79365633038143], [-92.16886083870233, 37.79350161959785], [-92.16857746832503, 37.79327266414594], [-92.16772398726506, 37.79288830676755], [-92.1673436317786, 37.792809914552244], [-92.16572098793532, 37.793025044801], [-92.1652444857587, 37.7930215885199], [-92.16486413201353, 37.79294319632946], [-92.16476967976783, 37.792866877910456], [-92.16458247242952, 37.79256298675788], [-92.16439611511885, 37.79218346846877], [-92.16440035751796, 37.791805332675516], [-92.1644998983209, 37.79142788810945], [-92.16498826093145, 37.790372563908235], [-92.16518055044223, 37.790222691984525], [-92.16537453420398, 37.789921565704816], [-92.1653770767413, 37.7896946841874], [-92.16453128849501, 37.788629683188226], [-92.1643440931523, 37.788325792207026], [-92.16415605058735, 37.78809752840244], [-92.16387271532614, 37.78786857345219], [-92.16359362855859, 37.78726148279574], [-92.16360212206328, 37.78650521133361], [-92.16332134355997, 37.7860493750691], [-92.16332304284134, 37.785898120784964], [-92.16285253700248, 37.7853652752073], [-92.16276064722221, 37.78506207555556], [-92.16276659877003, 37.78453268561913], [-92.16258282288558, 37.783926286368164], [-92.16220592158652, 37.78354538637922]]]}}, {"type": "Feature", "properties": {"fid": 43, "area_name": "ARCH37", "area_syskey": 4827, "area_type": "archery"}, "geometry": {"type": "Polygon", "coordinates": [[[-92.15285096978215, 37.784517612677256], [-92.1530817222158, 37.781356492769554], [-92.15288942852109, 37.78056619166788], [-92.15265867608744, 37.779411121012004], [-92.1525048411317, 37.778195237664434], [-92.15200487752547, 37.7776176860684], [-92.15127416148562, 37.77734410742168], [-92.15042806922894, 37.77749609568375], [-92.1499281056227, 37.77755689090108], [-92.14946660075542, 37.77749609568375], [-92.14919738958285, 37.77716172109474], [-92.14881280219343, 37.77679694709092], [-92.1483897560651, 37.77649296737949], [-92.14750520506945, 37.77621938457051], [-92.14650527785703, 37.77588500420686], [-92.14608223172868, 37.775581020745676], [-92.14573610307824, 37.7751858403775], [-92.14596685551187, 37.77454746762832], [-92.1464475897486, 37.773833091587846], [-92.1469667827243, 37.77334670395106], [-92.14744751696107, 37.77292111214411], [-92.14810131552306, 37.77243471850789], [-92.14854359102087, 37.77188752184251], [-92.14869742597664, 37.77152272181584], [-92.14856282039032, 37.77109711950995], [-92.14823592110935, 37.770473911713665], [-92.1479282511978, 37.77018510631971], [-92.14733214074423, 37.769729095506335], [-92.14692832398536, 37.768953870669726], [-92.14656296596544, 37.76825464129709], [-92.14646681911806, 37.767509802736434], [-92.14654373659597, 37.767220985765874], [-92.14685140650747, 37.7668713637134], [-92.14717830578847, 37.76655214213501], [-92.14744751696107, 37.766217718051195], [-92.14738982885265, 37.76603530427715], [-92.1469667827243, 37.765883292455094], [-92.14604377298973, 37.76573128032059], [-92.145563038753, 37.76573128032059], [-92.1448515520826, 37.76579208521187], [-92.14396700108696, 37.76597449958582], [-92.14335166126394, 37.766308924769476], [-92.14289015639665, 37.76659774530201], [-92.14250556900726, 37.76693216766735], [-92.14229404594307, 37.767251387605356], [-92.14202483477048, 37.76778341777333], [-92.14167870612003, 37.768163436978455], [-92.14133257746958, 37.768178637706036], [-92.14021727404031, 37.768330644810035], [-92.13952501673938, 37.76848265160159], [-92.13881353006897, 37.76871066120306], [-92.13827510772383, 37.76884746662648], [-92.13760207979237, 37.76889306837805], [-92.13710211618613, 37.76880186484679], [-92.13683290501358, 37.76880186484679], [-92.13664061131887, 37.769105876180184], [-92.1367559875357, 37.769789897110606], [-92.13698673996933, 37.770230707246384], [-92.13721749240297, 37.77071711538106], [-92.13779437348707, 37.77176592203361], [-92.13804435529019, 37.772297919721204], [-92.13852508952695, 37.77272351511531], [-92.13923657619735, 37.77286031311457], [-92.13979422791198, 37.77298191112367], [-92.13998652160667, 37.773392302927945], [-92.13998652160667, 37.77403068565131], [-92.14002498034561, 37.77448666993615], [-92.13977499854249, 37.77494265140872], [-92.13967885169515, 37.77506424599311], [-92.13979422791198, 37.77545942701122], [-92.14012112719294, 37.77593060161823], [-92.1403518796266, 37.776401773222325], [-92.14029419151817, 37.77658416142416], [-92.1401595859319, 37.776690554334095], [-92.14000575097614, 37.77690333969462], [-92.14000575097614, 37.77720731771866], [-92.14010189782347, 37.777328908578305], [-92.14046725584343, 37.777891263702685], [-92.14077492575493, 37.77834722417658], [-92.1416210180116, 37.7783928200693], [-92.14267863333248, 37.77843841593388], [-92.14471694649632, 37.77848401177035], [-92.14560149749192, 37.7787119905308], [-92.14694755335485, 37.779502311456845], [-92.1481782330009, 37.78044460613302], [-92.15285096978215, 37.784517612677256]]]}}, {"type": "Feature", "properties": {"fid": 44, "area_name": "ARCH35", "area_syskey": 4826, "area_type": "archery"}, "geometry": {"type": "Polygon", "coordinates": [[[-92.15106263842146, 37.744309647249295], [-92.15208179500337, 37.74566293604231], [-92.15233177680649, 37.74683373896558], [-92.15212025374231, 37.74776124501577], [-92.15188950130866, 37.749251312363874], [-92.15160106076664, 37.750011539247865], [-92.15154337265822, 37.75052848906783], [-92.1516395195056, 37.75116706915354], [-92.1514856845498, 37.75180564372834], [-92.15152414328875, 37.752124928949144], [-92.15185104256976, 37.75248982465734], [-92.15208179500337, 37.752824310809025], [-92.15206256563393, 37.75325001826974], [-92.1518702719392, 37.75352368605824], [-92.15175489572239, 37.7541318330753], [-92.15192796004762, 37.75463355060131], [-92.15212025374231, 37.75498323050141], [-92.1522740886981, 37.75530250201028], [-92.15217794185074, 37.75546973891745], [-92.15173566635293, 37.755591365521596], [-92.1513510789635, 37.756290714615105], [-92.1509088034657, 37.75673160521123], [-92.15040883985947, 37.75721810213011], [-92.15006271120902, 37.75770459584975], [-92.14983195877537, 37.75809986964127], [-92.14981272940591, 37.75858635756226], [-92.15023577553424, 37.75882960032301], [-92.15092803283514, 37.75910324747284], [-92.15142799644138, 37.75940729867427], [-92.1517933544613, 37.75989377799713], [-92.15208179500337, 37.760228230675764], [-92.15223562995911, 37.76047146803768], [-92.15223562995914, 37.76107955794321], [-92.15237023554545, 37.761429207375286], [-92.15260098797907, 37.76168764284973], [-92.15294711662953, 37.76188526936801], [-92.15337016275787, 37.76199168342838], [-92.15358168582205, 37.76211329930989], [-92.15365860329995, 37.76226531888061], [-92.15335093338844, 37.76249334765084], [-92.15273559356537, 37.76276698124716], [-92.15212025374231, 37.763040613831194], [-92.15181258383082, 37.763055815611736], [-92.15156260202771, 37.76287339403902], [-92.15135107896353, 37.76269097201641], [-92.15127416148563, 37.76237173239419], [-92.15113955589936, 37.76194607742125], [-92.15090880346571, 37.76162683458404], [-92.1502742342732, 37.761490015803446], [-92.14987041751434, 37.76139880314245], [-92.1491781602134, 37.761490015803446], [-92.1487166553461, 37.761642036655154], [-92.14815900363149, 37.76194607742125], [-92.14775518687262, 37.762158905213916], [-92.14721676452747, 37.76246294385542], [-92.14692832398542, 37.76284299039984], [-92.14677448902967, 37.763359850566445], [-92.1471206176801, 37.7639223119379], [-92.14733214074428, 37.76460638081427], [-92.14740905822218, 37.76506242321682], [-92.14742828759162, 37.76560967038799], [-92.14737059948324, 37.76582248763877], [-92.14706292957173, 37.76570087785618], [-92.14642836037922, 37.76559446913237], [-92.14587070866456, 37.76553366407858], [-92.1451399926247, 37.76548806025546], [-92.14448619406272, 37.765472858974825], [-92.14392854234808, 37.76576168277247], [-92.14348626685029, 37.7659440972214], [-92.14296707387459, 37.76618731578676], [-92.14237096342102, 37.76644573463602], [-92.14119797188332, 37.766324125878256], [-92.14040956773506, 37.76621771805118], [-92.13998652160672, 37.766187315786745], [-92.13929426430579, 37.76629372365756], [-92.13881353006903, 37.76649133786861], [-92.13810204339865, 37.76658254424946], [-92.13742901546719, 37.7665673431938], [-92.13685213438309, 37.76647613679421], [-92.13637140014634, 37.76636972918583], [-92.13554453725912, 37.766232919178705], [-92.13487150932767, 37.7659440972214], [-92.13446769256879, 37.76556406661172], [-92.13162174588722, 37.759665741212906], [-92.13279473742487, 37.75940729867427], [-92.1337562058984, 37.75930088089592], [-92.13535224356443, 37.75925527322976], [-92.13690982249149, 37.75916405781309], [-92.13810204339862, 37.75882960032301], [-92.13871738322169, 37.758510344035486], [-92.13915965871946, 37.75811507243723], [-92.1392173468279, 37.75767419008602], [-92.13864046574383, 37.75708127519504], [-92.13800589655132, 37.756838026685614], [-92.13719826303355, 37.75691404193073], [-92.13644831762424, 37.756974854070585], [-92.13554453725914, 37.757172493179866], [-92.13490996806662, 37.75737013176117], [-92.13441000446038, 37.75764378430977], [-92.13402541707099, 37.75782621877978], [-92.13329470103113, 37.757887030169805], [-92.13273704931649, 37.757932638679534], [-92.1323524619271, 37.757735001601006], [-92.1321601682324, 37.7575221610798], [-92.13206402138503, 37.757172493179866], [-92.1321601682324, 37.75670119904757], [-92.1325447556218, 37.75624510509312], [-92.13319855418378, 37.755865024649836], [-92.13373697652895, 37.75583461813002], [-92.13450615130775, 37.75591063440612], [-92.13535224356443, 37.75621469872952], [-92.13569837221489, 37.756229901912874], [-92.13615987708216, 37.75615388596481], [-92.13654446447157, 37.75597144737077], [-92.13677521690522, 37.75554575556845], [-92.13683290501363, 37.75519607832707], [-92.1366598406884, 37.75483119596531], [-92.13673675816626, 37.754390294043894], [-92.13687136375258, 37.75410142584317], [-92.1372367217725, 37.75388857486831], [-92.13777514411764, 37.753706130688215], [-92.13846740141858, 37.75366051957288], [-92.1388327594385, 37.75343246357453], [-92.13875584196064, 37.75288512631052], [-92.1387750713301, 37.75253543649434], [-92.1390250531332, 37.75210972492226], [-92.13890967691638, 37.75183605190398], [-92.13856354826594, 37.751395132134306], [-92.13802512592076, 37.75127349863204], [-92.13725595114197, 37.751258294430194], [-92.13664061131892, 37.75145594881048], [-92.13660215257998, 37.751638398539036], [-92.13627525329898, 37.751638398539036], [-92.13619833582112, 37.751045435276374], [-92.13629448266848, 37.75060451079559], [-92.13639062951582, 37.75023960579008], [-92.13664061131894, 37.74998113032247], [-92.13712134555566, 37.74985949449588], [-92.13842894267967, 37.749889903471264], [-92.13927503493632, 37.74964663131826], [-92.14033265025718, 37.74934254000232], [-92.14127488936121, 37.749190493875744], [-92.14244788089889, 37.74903844743679], [-92.14306322072196, 37.74908406140127], [-92.14373624865338, 37.749281721589185], [-92.14483232271317, 37.74944897210505], [-92.14554380938358, 37.74957060860641], [-92.14608223172874, 37.74963142678213], [-92.14681294776861, 37.74944897210505], [-92.14754366380845, 37.749220903126066], [-92.14850513228195, 37.74846066811954], [-92.14871665534615, 37.74774604009227], [-92.14892817841032, 37.74712263553915], [-92.14915893084397, 37.74652963609082], [-92.14938968327758, 37.74601265833597], [-92.14962043571126, 37.745571703867824], [-92.15106263842146, 37.744309647249295]]]}}, {"type": "Feature", "properties": {"fid": 45, "area_name": "ARCH9", "area_syskey": 4825, "area_type": "archery"}, "geometry": {"type": "Polygon", "coordinates": [[[-92.13950578736994, 37.71687360598832], [-92.13992883349829, 37.71866851361906], [-92.14008266845404, 37.71985495411165], [-92.14019804467088, 37.720432956698865], [-92.13931349367525, 37.720980533937166], [-92.13873661259112, 37.72171063062508], [-92.13865969511326, 37.72213651703657], [-92.13950578736994, 37.722319039034765], [-92.14062109079919, 37.722410299865196], [-92.14139026557801, 37.72253198079754], [-92.14046725584345, 37.724935138252455], [-92.1355445372591, 37.72356626065192], [-92.13501572959869, 37.724281122110554], [-92.13481382121925, 37.72503400065515], [-92.1346696009482, 37.72522412028946], [-92.13420809608094, 37.72449405823266], [-92.13355429751896, 37.72412141961724], [-92.13306394859747, 37.72398453149177], [-92.13252552625231, 37.72413662939335], [-92.13208325075449, 37.72456250185618], [-92.13190057174454, 37.7250416054499], [-92.1318621130056, 37.72542184419143], [-92.13190057174454, 37.72575645266921], [-92.13192941579877, 37.726091059635266], [-92.13219862697134, 37.72679068749749], [-92.13291011364171, 37.728007415863736], [-92.13333315977006, 37.72866139910071], [-92.13783283222607, 37.7301062253127], [-92.13662138194947, 37.73104914932271], [-92.13571760158435, 37.73147498203676], [-92.13533301419497, 37.73155102333515], [-92.13441000446038, 37.73042560414463], [-92.13419848139621, 37.73027351915837], [-92.1335639122037, 37.730714564758024], [-92.13300626048908, 37.730973107508945], [-92.1322947738187, 37.7311099827175], [-92.13160251651777, 37.73117081606231], [-92.13094871795579, 37.73124685767306], [-92.1306795067832, 37.731414148941816], [-92.13058335993587, 37.73164227279014], [-92.13058335993587, 37.73182477136278], [-92.13071796552215, 37.732174559036444], [-92.13083334173895, 37.732478720887805], [-92.13083334173895, 37.73269163344034], [-92.13050644245797, 37.73282850547226], [-92.13006416696017, 37.73270684145638], [-92.12971803830968, 37.73240268054209], [-92.12894886353088, 37.732098518378365], [-92.12848735866359, 37.73180956316557], [-92.12823737686051, 37.731627064555454], [-92.12785278947109, 37.73145977376772], [-92.12764126640691, 37.73126206598583], [-92.12769895451534, 37.73077539842768], [-92.12831429433837, 37.72992372250459], [-92.1288911754225, 37.72922412424003], [-92.12948728587607, 37.7285397282381], [-92.13019877254644, 37.72773365372422], [-92.1305641305664, 37.72694277963647], [-92.13058335993583, 37.725938965747176], [-92.13042952498009, 37.723870457860585], [-92.13023723128538, 37.722319039034744], [-92.12981418515704, 37.721467265861975], [-92.13127561723677, 37.721056586011215], [-92.13185249832085, 37.72093490265522], [-92.13298703111961, 37.720752377246434], [-92.13329470103113, 37.72063069339072], [-92.13349660941054, 37.72037971980701], [-92.13339084787843, 37.719991849868805], [-92.1331600954448, 37.71956595112681], [-92.13301587517377, 37.7192769470145], [-92.1329101136417, 37.71894230926539], [-92.13288126958749, 37.71864569726951], [-92.13289088427223, 37.71786993720402], [-92.1328812695875, 37.7173527593141], [-92.13290049895697, 37.71701811287324], [-92.13305433391271, 37.716683464920784], [-92.13950578736994, 37.71687360598832]]]}}, {"type": "Feature", "properties": {"fid": 46, "area_name": "ARCH8", "area_syskey": 4824, "area_type": "archery"}, "geometry": {"type": "Polygon", "coordinates": [[[-92.11940628893147, 37.72458911880377], [-92.11856019667479, 37.72468037683729], [-92.11796408622122, 37.72499977906914], [-92.11746412261499, 37.725501694079114], [-92.11721414081188, 37.72579067390554], [-92.11765641630969, 37.72690095432937], [-92.11821406802432, 37.727767874046975], [-92.11832944424116, 37.728923751217984], [-92.11815637991592, 37.73023169573237], [-92.11813715054645, 37.7316612830791], [-92.1180986918075, 37.73266501940474], [-92.11811311383458, 37.73390826485306], [-92.11832463689875, 37.734288458069834], [-92.1187476830271, 37.73396909589895], [-92.11922841726383, 37.73395388814217], [-92.12030526195417, 37.73381701819056], [-92.12082445492986, 37.73358890104228], [-92.12124750105819, 37.733269535854], [-92.12151671223079, 37.73305662496321], [-92.12224742827063, 37.73304141701902], [-92.12288199746314, 37.73296537725116], [-92.1230935205273, 37.732646009373475], [-92.12288199746314, 37.732098518378365], [-92.12263201566003, 37.7313837323756], [-92.12230511637905, 37.73080581524376], [-92.12201667583697, 37.730471229579614], [-92.12153594160026, 37.73034956169054], [-92.12092060177719, 37.73006059965284], [-92.12055524375727, 37.729862888135244], [-92.12026680321523, 37.729497880869786], [-92.11999759204264, 37.72867660794447], [-92.11953608717536, 37.72669943206418], [-92.11940628893147, 37.72458911880377]]]}}, {"type": "Feature", "properties": {"fid": 47, "area_name": "ARCH8", "area_syskey": 4824, "area_type": "archery"}, "geometry": {"type": "Polygon", "coordinates": [[[-92.11694973698161, 37.73385503764695], [-92.11643054400591, 37.73310985274332], [-92.11569982796605, 37.73262319732951], [-92.11496911192619, 37.73204528987127], [-92.11466144201464, 37.73160425219757], [-92.11443068958103, 37.7310111284256], [-92.11423839588629, 37.73131529505598], [-92.11408456093055, 37.73186279184214], [-92.11337307426015, 37.7323342441642], [-92.11295002813179, 37.73262319732951], [-92.1123731470477, 37.73283610946661], [-92.11156551352997, 37.73289694139334], [-92.11091171496798, 37.733140268600465], [-92.110257916406, 37.73359650495858], [-92.10960411784403, 37.73400711527726], [-92.10906569549886, 37.734539384523465], [-92.10887340180416, 37.73487395180542], [-92.10883494306523, 37.73529976252321], [-92.10883494306523, 37.735877644580285], [-92.10868110810947, 37.73606013271386], [-92.10924356716643, 37.7368319004716], [-92.1096473839253, 37.736801486130965], [-92.11077230203936, 37.73662660342982], [-92.11144532997082, 37.73662660342982], [-92.11236833970537, 37.736702639437596], [-92.112599092139, 37.73586623905698], [-92.1124837159222, 37.73530356439358], [-92.11256063340007, 37.73486254612751], [-92.11284907394213, 37.734436732895205], [-92.11331057880942, 37.73416299452414], [-92.1137143955683, 37.73396529396005], [-92.11440665286922, 37.73410216363755], [-92.1153681213427, 37.734375902233545], [-92.11625267233833, 37.73454318643288], [-92.1167334065751, 37.73464963981748], [-92.11694973698161, 37.73385503764695]]]}}, {"type": "Feature", "properties": {"fid": 48, "area_name": "ARCH6", "area_syskey": 4823, "area_type": "archery"}, "geometry": {"type": "Polygon", "coordinates": [[[-92.10799365815092, 37.73616278209131], [-92.10853208049608, 37.73677107177783], [-92.10857053923502, 37.73783556670305], [-92.10845516301818, 37.7390825270056], [-92.10772444697832, 37.739934097581084], [-92.1073398595889, 37.74093772175445], [-92.1072244833721, 37.74157638459816], [-92.1072244833721, 37.74227586615203], [-92.10726294211103, 37.74273204621293], [-92.10534000516404, 37.74288410560846], [-92.1045323716463, 37.74221504193148], [-92.10372473812855, 37.74142432251614], [-92.10176334244261, 37.73956913996255], [-92.10110954388061, 37.73953872674645], [-92.09972502927877, 37.73953872674645], [-92.09934044188935, 37.73953872674645], [-92.09849434963267, 37.739842858345135], [-92.09860972584951, 37.7401774016605], [-92.09887893702209, 37.740633594654014], [-92.09957119432299, 37.74099854702459], [-92.10018653414603, 37.741120197414936], [-92.10087879144699, 37.741211435076494], [-92.10303248082764, 37.743309870254045], [-92.10272481091611, 37.743370693574924], [-92.10203255361519, 37.743066576470746], [-92.10103262640271, 37.74279287000862], [-92.10037882784077, 37.74279287000862], [-92.09995578171242, 37.742853693754334], [-92.09949427684514, 37.742944929279204], [-92.0989943132389, 37.74276245811702], [-92.09826359719902, 37.742671222367235], [-92.09780209233176, 37.742579986505014], [-92.09760979863707, 37.74218462980247], [-92.09753288115918, 37.74154597220676], [-92.09734058746447, 37.74093772175445], [-92.096994458814, 37.74032946630404], [-92.096379118991, 37.739903684514935], [-92.09576377916792, 37.739660379535856], [-92.0945715582608, 37.73959955316614], [-92.09364854852622, 37.73987327143628], [-92.09330241987576, 37.7401469886943], [-92.09291783248636, 37.740633594654014], [-92.0929562912253, 37.74133308511698], [-92.09299474996422, 37.741850095558625], [-92.09064876688888, 37.74075524564412], [-92.08976421589327, 37.73996451063475], [-92.08941808724279, 37.7392650072393], [-92.0889565823755, 37.738595910849924], [-92.0888412061587, 37.73820053286816], [-92.08887966489765, 37.73789639452219], [-92.0898795921101, 37.737865980618864], [-92.09049493193312, 37.737926808413015], [-92.09068722562782, 37.737926808413015], [-92.09107181301721, 37.73713604319075], [-92.09149485914556, 37.736710243034075], [-92.09203328149074, 37.73643651306873], [-92.09287937374742, 37.73619319669432], [-92.0933408786147, 37.73616278209131], [-92.09364854852622, 37.7358890501018], [-92.0942254296103, 37.735767391114955], [-92.09480231069443, 37.735919464817286], [-92.09576377916792, 37.73637568405011], [-92.09799438602647, 37.737926808413015], [-92.09878279017472, 37.738824012571165], [-92.1001288460376, 37.73890004632207], [-92.10114800261955, 37.73891525306288], [-92.10239791163511, 37.73896467494891], [-92.10312862767496, 37.73882781426056], [-92.10378242623693, 37.738599712551036], [-92.10409009614847, 37.73817392081274], [-92.10409009614847, 37.737656884695305], [-92.10430161921263, 37.737079016526096], [-92.10470543597151, 37.73672925202187], [-92.10543615201135, 37.73630344952555], [-92.1058591981397, 37.73589285194192], [-92.10641684985434, 37.73589285194192], [-92.10682066661322, 37.73616658391736], [-92.10745523580573, 37.73604492538656], [-92.10799365815092, 37.73616278209131]]]}}, {"type": "Feature", "properties": {"fid": 49, "area_name": "ARCH4", "area_syskey": 4821, "area_type": "archery"}, "geometry": {"type": "Polygon", "coordinates": [[[-92.09291783248636, 37.74192992773141], [-92.09266785068324, 37.74231768277462], [-92.09219673113122, 37.74259899398555], [-92.0918313731113, 37.74273584770159], [-92.09096605148514, 37.742469743021395], [-92.09016803265213, 37.74207438573002], [-92.08881236210449, 37.74150415514813], [-92.08852392156241, 37.74126845855784], [-92.08690865452695, 37.74206678268448], [-92.08643753497492, 37.74255337602398], [-92.0864567643444, 37.74282708337171], [-92.08678366362541, 37.74298674552382], [-92.08703364542853, 37.74319962785756], [-92.08722593912323, 37.74338970085242], [-92.0873317006553, 37.74351134731298], [-92.08621639722605, 37.74411197378139], [-92.08626447064974, 37.744552936946555], [-92.08619716785658, 37.744940678248625], [-92.08555298397934, 37.745450060793566], [-92.0851876259594, 37.74555649849447], [-92.08460113019055, 37.745396841885714], [-92.0838415700965, 37.74511554130847], [-92.08344736802236, 37.745123144040846], [-92.0830820100024, 37.74530560938321], [-92.08282241351455, 37.74573896276845], [-92.08244744080989, 37.7461875188631], [-92.08213015621371, 37.74627114766483], [-92.08066872413397, 37.74633196855217], [-92.08013030178878, 37.746575251601705], [-92.07966879692152, 37.74678812361404], [-92.07932266827106, 37.74721386580178], [-92.07909191583741, 37.74776124501577], [-92.07901499835955, 37.748217391268014], [-92.07886116340377, 37.74846066811955], [-92.07659209780631, 37.75037644537801], [-92.07601521672221, 37.75052848906783], [-92.07563062933279, 37.750406854140984], [-92.07574600554963, 37.750133174824526], [-92.07597675798327, 37.749829085508], [-92.07628442789478, 37.749433767528316], [-92.07636134537266, 37.74894721942345], [-92.07547679437704, 37.74867353470864], [-92.07543833563808, 37.74888640068541], [-92.07513066572659, 37.74900803811149], [-92.07507297761816, 37.74856710149065], [-92.07514989509605, 37.7481717767693], [-92.07509220698763, 37.74774604009227], [-92.07507297761816, 37.74739632598963], [-92.07522681257392, 37.74698578993436], [-92.07555371185492, 37.74654484126426], [-92.07584215239696, 37.745951837186226], [-92.07613059293901, 37.745374033770645], [-92.0760729048306, 37.745252390371505], [-92.07628442789476, 37.745009102973434], [-92.07638057474213, 37.744628964812954], [-92.07630365726425, 37.744431292197895], [-92.0761498223085, 37.744218413406635], [-92.07597675798327, 37.74402073969509], [-92.07576523491909, 37.743899094071736], [-92.07574600554962, 37.74359497913865], [-92.07574600554962, 37.742773862577835], [-92.07597675798327, 37.742530567032674], [-92.07609213420007, 37.74225685858847], [-92.07613059293902, 37.742104797904354], [-92.07628442789476, 37.741861500160006], [-92.0763998041116, 37.74131407731132], [-92.07613059293902, 37.74113160212877], [-92.07589984050537, 37.74094912649639], [-92.07593829924433, 37.740675412204396], [-92.07609213420007, 37.74043210976184], [-92.07613059293902, 37.740127980584084], [-92.07613059293902, 37.73982385015682], [-92.07609213420007, 37.739215585553744], [-92.07601521672221, 37.73878979735778], [-92.07605367546113, 37.738485661432705], [-92.07770740123554, 37.738029455202295], [-92.07839965853648, 37.73772531615347], [-92.07901499835951, 37.7374820040148], [-92.07951496196576, 37.73717786271691], [-92.08039951296138, 37.73659999080866], [-92.08082255908973, 37.736235016753085], [-92.08136098143487, 37.73571796709443], [-92.08266857855885, 37.736235016753085], [-92.08347621207658, 37.73635667497151], [-92.08455305676691, 37.73653916192433], [-92.08505302037315, 37.736630405232056], [-92.08620678254132, 37.73684330584611], [-92.08670674614757, 37.736995377338445], [-92.087052874798, 37.737238691076456], [-92.08762975588213, 37.73754283212444], [-92.08801434327154, 37.73787738583406], [-92.08843738939987, 37.73818152425814], [-92.08874505931138, 37.73851607508144], [-92.0889950411145, 37.73887343451813], [-92.08919694949394, 37.73913194877996], [-92.08935078444969, 37.739375255495844], [-92.08946616066653, 37.73961856141203], [-92.08966806904597, 37.73993789921345], [-92.08987959211014, 37.7401736000404], [-92.09013918859799, 37.74043971297527], [-92.09049493193316, 37.74068301539284], [-92.09291783248636, 37.74192992773141]]]}}, {"type": "Feature", "properties": {"fid": 50, "area_name": "ARCH3", "area_syskey": 4820, "area_type": "archery"}, "geometry": {"type": "Polygon", "coordinates": [[[-92.07908230115268, 37.74865832997258], [-92.07687092366363, 37.75043726289143], [-92.07710167609724, 37.751288702830735], [-92.07735165790037, 37.752170541011075], [-92.07754395159509, 37.752717883561125], [-92.07940920043369, 37.7526722718366], [-92.08042835701559, 37.752489824657324], [-92.08085140314394, 37.752581048303206], [-92.08148597233645, 37.752991553317834], [-92.08188978909531, 37.752763495257554], [-92.08192824783427, 37.75245941675038], [-92.08206285342055, 37.75236819295455], [-92.08275511072148, 37.75256584437003], [-92.0834473680224, 37.752839514689086], [-92.0840242491065, 37.752930737903824], [-92.08487034136319, 37.753113183995914], [-92.08552413992517, 37.75331083342132], [-92.08606256227033, 37.753584500984864], [-92.08635100281238, 37.7537517417754], [-92.08687019578807, 37.754268665465254], [-92.08731247128587, 37.75466395761474], [-92.08785089363106, 37.75495282361917], [-92.0884662334541, 37.75512006131676], [-92.08908157327713, 37.75512006131676], [-92.08965845436123, 37.75519607832707], [-92.09081221652946, 37.75571299192577], [-92.09160062067771, 37.75581941486541], [-92.09227364860917, 37.75589543115714], [-92.09273515347645, 37.7559410408947], [-92.09310051149639, 37.75606266672403], [-92.09321588771321, 37.756518761803214], [-92.09306205275745, 37.75692924497037], [-92.09298513527958, 37.75718769616641], [-92.0928313003238, 37.75765898719945], [-92.09260054789014, 37.75816068080634], [-92.09238902482598, 37.75860156025822], [-92.09227364860918, 37.75898162664231], [-92.09223518987022, 37.759559323806336], [-92.09198520806711, 37.759604931285025], [-92.09150447383037, 37.75958972879525], [-92.09106219833252, 37.75958972879525], [-92.09065838157369, 37.75963533625521], [-92.09056223472633, 37.75972655109076], [-92.09061992283475, 37.7601218140784], [-92.09075452842103, 37.76047146803768], [-92.09085067526836, 37.760653895534226], [-92.09085067526836, 37.76079071586138], [-92.09079298715997, 37.76103395137367], [-92.09061992283475, 37.76130759036897], [-92.0903891704011, 37.761535622091756], [-92.09036994103164, 37.76177885515454], [-92.09056223472633, 37.76202208741749], [-92.09075452842103, 37.762189309134286], [-92.09086990463786, 37.76241733813887], [-92.09038917040111, 37.76284299039982], [-92.08994689490329, 37.76325343847445], [-92.08990843616435, 37.763451060809125], [-92.08981228931702, 37.76375509413912], [-92.08981228931702, 37.76401352148699], [-92.0897546012086, 37.76425674640127], [-92.08967768373074, 37.764378358558474], [-92.08913926138555, 37.76480399953395], [-92.08894696769086, 37.764986416345], [-92.08881236210458, 37.76518403404925], [-92.08881236210458, 37.76542725511419], [-92.08896619706033, 37.76570087785617], [-92.08912003201608, 37.76598970076333], [-92.08931232571078, 37.76624812030311], [-92.08954307814443, 37.7666281473977], [-92.08963922499176, 37.766916966683546], [-92.08958153688337, 37.767053775425246], [-92.08929309634132, 37.76741859749915], [-92.08921617886341, 37.76784422097736], [-92.089485390036, 37.76807223254731], [-92.08990843616435, 37.76801142953072], [-92.09075452842103, 37.76784422097738], [-92.0917544556335, 37.76767701204594], [-92.09283130032384, 37.76746420013186], [-92.09348509888578, 37.76729699034116], [-92.09394660375307, 37.7668713637134], [-92.09402352123097, 37.76661294635142], [-92.09417735618672, 37.76594409722141], [-92.09427350303406, 37.76554886534674], [-92.09429273240355, 37.7652904433636], [-92.09371585131946, 37.765153631359894], [-92.09317742897429, 37.76513843001052], [-92.09277361221541, 37.765077624581814], [-92.09260054789019, 37.76481920095207], [-92.09246594230387, 37.7645303734738], [-92.09231210734812, 37.76413513404412], [-92.09211981365343, 37.763815900655146], [-92.09210058428395, 37.76360307763036], [-92.09236979545655, 37.763359850566445], [-92.09292744717118, 37.762995008470824], [-92.09308128212695, 37.76276698124716], [-92.09300436464906, 37.76250854954387], [-92.09292744717118, 37.76225011693761], [-92.09306205275745, 37.76190047138602], [-92.09336972266898, 37.76158122835196], [-92.09383122753627, 37.761337994639305], [-92.09404275060045, 37.76106435575649], [-92.09367739258052, 37.76068430007326], [-92.0934274107774, 37.760471468037686], [-92.09340818140794, 37.76007620691839], [-92.09356201636368, 37.759559323806336], [-92.09396583312254, 37.75913365264922], [-92.09456194357611, 37.75889041088823], [-92.0950234484434, 37.75863196564082], [-92.09561955889697, 37.75846473588194], [-92.0961195225032, 37.758403924966814], [-92.09650410989259, 37.758403924966814], [-92.09702330286831, 37.758403924966814], [-92.0971963671935, 37.75816068080636], [-92.09748480773555, 37.75773500160103], [-92.09785016575552, 37.757446146459564], [-92.09835012936175, 37.75705086917511], [-92.09890778107636, 37.75708127519505], [-92.09929236846577, 37.75720289914983], [-92.09975387333303, 37.757415740589586], [-92.09992693765828, 37.75705086917511], [-92.09981156144147, 37.75673160521126], [-92.09948466216046, 37.75645794928845], [-92.09925390972683, 37.75606266672405], [-92.0990808454016, 37.75574339849558], [-92.09860011116483, 37.755226485109326], [-92.09835012936175, 37.75492241672445], [-92.0981770650365, 37.75460314357539], [-92.09754249584398, 37.753873371203824], [-92.09688869728203, 37.75341725981631], [-92.09635027493684, 37.75331083342134], [-92.09604260502535, 37.753326037201425], [-92.09538880646336, 37.753630112147064], [-92.0949080722266, 37.75366051957288], [-92.09415812681728, 37.75366051957288], [-92.09338895203845, 37.75364531586154], [-92.09281207095437, 37.75347807483045], [-92.09211981365343, 37.75341725981631], [-92.09129295076622, 37.75356929725789], [-92.09073529905159, 37.75346287108161], [-92.09050454661795, 37.753265222062325], [-92.090139188598, 37.752961145617085], [-92.09002381238119, 37.752657067922186], [-92.0897546012086, 37.75238339692834], [-92.0897546012086, 37.752124928949144], [-92.09004304175068, 37.751927276355865], [-92.09019687670641, 37.75180564372834], [-92.090139188598, 37.75153196958538], [-92.09002381238119, 37.75144074464612], [-92.08996612427278, 37.751319111218834], [-92.09006227112013, 37.75124309022523], [-92.09035071166217, 37.75101502677584], [-92.09044685850954, 37.75072614539752], [-92.09052377598742, 37.75051328471291], [-92.0906583815737, 37.75011797038838], [-92.09056223472633, 37.75005715261254], [-92.09019687670641, 37.74990510795427], [-92.08904311453823, 37.74976826749473], [-92.08863929777937, 37.74976826749473], [-92.08825471038993, 37.749798676507616], [-92.08794704047843, 37.749798676507616], [-92.08744707687221, 37.74957060860641], [-92.08694711326599, 37.749357744597795], [-92.08662021398499, 37.749144879976875], [-92.08608179163984, 37.74903844743679], [-92.0856587455115, 37.74905365209474], [-92.08525492875262, 37.74926651697809], [-92.08488957073267, 37.74954019949982], [-92.08435114838753, 37.74966183585124], [-92.0836588910866, 37.74966183585124], [-92.08296663378569, 37.74964663131826], [-92.08235129396262, 37.74954019949982], [-92.08202439468164, 37.749342540002324], [-92.08167826603119, 37.74909926604986], [-92.08117830242496, 37.74893201474362], [-92.08040912764616, 37.74881037719257], [-92.07956303538948, 37.74870394417138], [-92.07908230115268, 37.74865832997258]]]}}, {"type": "Feature", "properties": {"fid": 51, "area_name": "ARCH2", "area_syskey": 4819, "area_type": "archery"}, "geometry": {"type": "Polygon", "coordinates": [[[-92.09018726202167, 37.76879426454744], [-92.09054300535686, 37.76896907123482], [-92.09086028995313, 37.769181878818245], [-92.09103335427835, 37.76944788743631], [-92.09089874869207, 37.76978989711059], [-92.09080260184471, 37.77020030663172], [-92.09075452842103, 37.770390310268255], [-92.0910141249089, 37.77064111432092], [-92.0912929507662, 37.770990718550706], [-92.09167753815558, 37.77135552120211], [-92.09196597869763, 37.771454321610456], [-92.09276399753067, 37.7715531218868], [-92.09306205275745, 37.77156072190258], [-92.09346586951631, 37.771431521527944], [-92.09351394293999, 37.771005918697114], [-92.09357163104842, 37.77083111682477], [-92.09390814501413, 37.770747515783206], [-92.0942542736646, 37.77067151475435], [-92.09480231069449, 37.77053471270549], [-92.09532150367019, 37.77037510999529], [-92.09597530223218, 37.77041311067183], [-92.09628297214368, 37.77058031341657], [-92.09630220151315, 37.77102111884041], [-92.09638873367578, 37.771294720885194], [-92.09697522944462, 37.77127952079816], [-92.09728289935612, 37.771287120842075], [-92.09732135809506, 37.771697522053216], [-92.09741750494243, 37.77206992118093], [-92.09758095458292, 37.77239671887032], [-92.09777324827762, 37.772609516589235], [-92.09764825737608, 37.77273111501078], [-92.09773478953869, 37.77307310949925], [-92.0978501657555, 37.77350630024709], [-92.09804245945021, 37.77387109048722], [-92.0982347531449, 37.773696295388405], [-92.09876356080531, 37.77333910411885], [-92.0990808454016, 37.77319470715838], [-92.09945581810625, 37.77309590907557], [-92.09966734117042, 37.77303511018977], [-92.10045574531868, 37.77347590097917], [-92.1009557089249, 37.77350630024709], [-92.10182103055106, 37.77350630024709], [-92.10266712280774, 37.77346070134051], [-92.10297479271927, 37.773551899125536], [-92.10347475632548, 37.773688695592135], [-92.10368627938966, 37.773810292238856], [-92.10368627938966, 37.774053484932345], [-92.10347475632548, 37.774175080979106], [-92.10325361857657, 37.77444107163421], [-92.10308055425132, 37.77460066556794], [-92.10309978362079, 37.77477545852864], [-92.10327284794604, 37.7749274520716], [-92.10375358218278, 37.77514024250679], [-92.10401317867063, 37.77529983493126], [-92.10440738074476, 37.7756342179416], [-92.10478235344942, 37.77597619900148], [-92.10506117930677, 37.77621178503359], [-92.10525347300144, 37.77653096491177], [-92.10534000516408, 37.77687294182348], [-92.10533039047935, 37.77732130915542], [-92.10544576669619, 37.777716478108694], [-92.10551306948935, 37.77810404560715], [-92.10551306948935, 37.77851440897902], [-92.10551306948935, 37.778772784748185], [-92.10552268417405, 37.779015961117715], [-92.10556114291299, 37.779312331236476], [-92.10558037228247, 37.77969229118899], [-92.10564767507563, 37.78001905518609], [-92.10575343660769, 37.780361015961795], [-92.10593611561768, 37.7805889889334], [-92.10606110651923, 37.78071817330521], [-92.10622455615972, 37.78090814991242], [-92.10636877643073, 37.78119691342024], [-92.10636877643073, 37.78144008181502], [-92.10633993237653, 37.78169844735791], [-92.10568613381457, 37.781143720227256], [-92.10503233525259, 37.78066497976769], [-92.1046862066021, 37.78033821862597], [-92.1044169954295, 37.780087447467785], [-92.10419585768064, 37.779821477127925], [-92.10400356398594, 37.77956310502426], [-92.10392664650806, 37.77917554517545], [-92.10360936191177, 37.77848401177035], [-92.10325361857659, 37.77785326686958], [-92.10302286614295, 37.77739730334896], [-92.1027921137093, 37.777070527762525], [-92.10203255361523, 37.776637357898274], [-92.10123453478221, 37.77659936042066], [-92.10047497468815, 37.776492967379475], [-92.09993655234297, 37.77634097705505], [-92.09946543279098, 37.77618138687808], [-92.09794631260284, 37.77450186936389], [-92.097830936386, 37.77410668322741], [-92.09760018395235, 37.77357469855422], [-92.09748480773554, 37.77316430776234], [-92.09667717421782, 37.77320990685169], [-92.09636950430627, 37.77345310152002], [-92.09617721061157, 37.77362029739046], [-92.09585031133061, 37.77372669456572], [-92.09504267781287, 37.77372669456572], [-92.08973537183913, 37.77351390006212], [-92.08956230751386, 37.77290591239141], [-92.08942770192758, 37.77232831947344], [-92.08938924318863, 37.77184192193761], [-92.08937001381919, 37.77127952079815], [-92.08942770192758, 37.77085391709243], [-92.08965845436123, 37.77015470568631], [-92.08975460120858, 37.769257881378195], [-92.08971614246964, 37.76852825357812], [-92.09018726202167, 37.76879426454744]]]}}, {"type": "Feature", "properties": {"fid": 52, "area_name": "ARCH1", "area_syskey": 4818, "area_type": "archery"}, "geometry": {"type": "Polygon", "coordinates": [[[-92.11752181072336, 37.77936552574739], [-92.11596423179631, 37.780171037948364], [-92.11446434097763, 37.780262227455744], [-92.11367593682934, 37.780946145175264], [-92.11327212007048, 37.781462878811006], [-92.11288753268107, 37.78121971049124], [-92.11263755087796, 37.7809005508575], [-92.11175299988233, 37.78085495651161], [-92.11142610060136, 37.78096134327494], [-92.11134918312347, 37.78172124427422], [-92.11129149501504, 37.782465939673955], [-92.11125303627612, 37.783317010943364], [-92.11102228384249, 37.78428965182271], [-92.11098382510355, 37.78497353227691], [-92.11092613699512, 37.785566223551704], [-92.11084921951726, 37.78621969816574], [-92.11082999014778, 37.78655403178035], [-92.11113766005928, 37.786645213412726], [-92.11148378870973, 37.78691875763487], [-92.11159916492657, 37.78714671037986], [-92.11082999014778, 37.78722269447193], [-92.11046463212783, 37.787298678485875], [-92.11002235663004, 37.7874962365565], [-92.10983006293533, 37.78766340066529], [-92.10961853987114, 37.787830564395925], [-92.10942624617645, 37.78787615443865], [-92.10858015391976, 37.78758741702635], [-92.10833017211664, 37.78761781049129], [-92.10796481409672, 37.78789135111331], [-92.10794558472725, 37.78856000170447], [-92.10786866724935, 37.78906148567733], [-92.10781097914096, 37.78941100279734], [-92.10777252040202, 37.79001885472051], [-92.10817633716088, 37.79030758263234], [-92.10863784202819, 37.79090023112731], [-92.10902242941758, 37.79100660343093], [-92.10973391608799, 37.790885035071426], [-92.11050309086679, 37.79059630941599], [-92.1115799355571, 37.78991248099491], [-92.11381054241565, 37.78597654549599], [-92.11354133124306, 37.78535346312814], [-92.11381054241565, 37.7847151781824], [-92.11438742349975, 37.78428965182271], [-92.11482969899755, 37.783864123013004], [-92.11540658008165, 37.783301813328066], [-92.11592577305733, 37.782876278830855], [-92.11665648909721, 37.782526730803916], [-92.11725259955077, 37.782283565984095], [-92.11769487504858, 37.78213158756546], [-92.11817560928536, 37.78214678542139], [-92.11892555469466, 37.78229876380877], [-92.1194255183009, 37.7825419285786], [-92.11981010569029, 37.78289147653366], [-92.13292453566888, 37.796370608163656], [-92.13484747261587, 37.796355413232874], [-92.13353987549193, 37.794972661449705], [-92.13079007565771, 37.79211590547175], [-92.12444438373258, 37.785687800661606], [-92.12011777560183, 37.78163005656681], [-92.11906016028094, 37.7809005508575], [-92.11831021487163, 37.78088535274533], [-92.11811792117693, 37.780854956511625], [-92.11800254496009, 37.780125443152514], [-92.11784871000434, 37.779365525747394], [-92.11752181072336, 37.77936552574739]]]}}, {"type": "Feature", "properties": {"fid": 53, "area_name": "CAN1", "area_syskey": 10666, "area_type": "CAN"}, "geometry": {"type": "Polygon", "coordinates": [[[-92.15503831055952, 37.72507962941189], [-92.1554421273184, 37.72364991500887], [-92.15565365038256, 37.72260042623415], [-92.15582671470779, 37.72163457922251], [-92.15570172380625, 37.72122390029935], [-92.15533636578631, 37.72086645567964], [-92.15514407209159, 37.720387325079635], [-92.1549806224511, 37.720121140073886], [-92.1546441084854, 37.71995382329499], [-92.1547883287564, 37.720402535622505], [-92.15482678749535, 37.720676324860044], [-92.15429797983491, 37.720950113085664], [-92.15405761271656, 37.721094612018994], [-92.15355764911033, 37.72135318835405], [-92.15335574073089, 37.72145205553775], [-92.1530576855041, 37.72154331743636], [-92.15279808901627, 37.72213651703657], [-92.15271155685363, 37.72237987960088], [-92.15220197856266, 37.72230382888542], [-92.15142318909915, 37.72209088646674], [-92.15116359261128, 37.72198441502785], [-92.15118282198075, 37.721368398698594], [-92.15110590450287, 37.72093490265523], [-92.15103860170976, 37.72068393010219], [-92.15085592269978, 37.720364509259475], [-92.15045210594091, 37.720212403612166], [-92.14991368359573, 37.720258035339164], [-92.15016366539886, 37.72074477201133], [-92.15015405071411, 37.721201084736855], [-92.15007713323625, 37.72155092258949], [-92.14979830737893, 37.72177147169093], [-92.14942333467424, 37.72202244055931], [-92.14899067386119, 37.72210609665981], [-92.14849071025496, 37.722045255868814], [-92.14828880187552, 37.72176386656042], [-92.14815419628924, 37.721368398698594], [-92.14795228790977, 37.721033770397206], [-92.14779845295402, 37.720980533937166], [-92.14738502151042, 37.72105658601124], [-92.14754847115094, 37.72150529165892], [-92.14772153547617, 37.722052860970415], [-92.14788498511666, 37.72244072011702], [-92.14804843475714, 37.72266887160751], [-92.14836571935341, 37.723049122530014], [-92.14851955430912, 37.72337613676209], [-92.1485387836786, 37.72374877912704], [-92.15017328008354, 37.72415183916632], [-92.15120205135018, 37.724448429115164], [-92.15174047369537, 37.72470699374258], [-92.15240388694208, 37.72494274305735], [-92.15301922676512, 37.725201305959104], [-92.1536153372187, 37.72535340136201], [-92.15423067704174, 37.72547507745947], [-92.15467295253956, 37.725414239435736], [-92.15503831055952, 37.72507962941189]]]}}, {"type": "Feature", "properties": {"fid": 54, "area_name": "CAN2", "area_syskey": 10667, "area_type": "CAN"}, "geometry": {"type": "Polygon", "coordinates": [[[-92.14842340746175, 37.7317259180251], [-92.14688505790416, 37.73142175308142], [-92.1458851306917, 37.73130008675412], [-92.14507749717396, 37.73078300263288], [-92.14476982726246, 37.72999216111033], [-92.14465445104561, 37.7286842123652], [-92.1448082860014, 37.72810627416544], [-92.14434678113412, 37.727954184415886], [-92.14380835878893, 37.72801502035318], [-92.14384681752789, 37.728532123802545], [-92.14369298257213, 37.728805882990436], [-92.1424238441871, 37.72877546535287], [-92.14211617427557, 37.72938381573038], [-92.14138545823572, 37.73053966767935], [-92.14115470580208, 37.731239253515504], [-92.14084703589054, 37.73181716726457], [-92.1405009072401, 37.73239507650323], [-92.14034707228434, 37.73288173341634], [-92.14046244850115, 37.733216308188716], [-92.14038553102324, 37.73364212843976], [-92.14019323732857, 37.73364212843976], [-92.13992402615597, 37.733672544078274], [-92.13965481498339, 37.73415919259519], [-92.13950098002762, 37.734615422674835], [-92.13950098002762, 37.735010819803215], [-92.1448082860014, 37.741245649170594], [-92.14500057969609, 37.74173224790806], [-92.14469290978457, 37.74215801917932], [-92.14419294617834, 37.7424925520315], [-92.14426986365623, 37.74288790708935], [-92.14488520347926, 37.743952314056564], [-92.14561591951914, 37.74462136202983], [-92.14826957250601, 37.747875281842425], [-92.14903874728479, 37.74568574406835], [-92.14711581033778, 37.744195604928414], [-92.14523133212974, 37.742644611919026], [-92.1454236258244, 37.74176266022294], [-92.14584667195275, 37.74063739625046], [-92.14607742438642, 37.73993789921347], [-92.14661584673158, 37.73972500749891], [-92.14676968168733, 37.73914715547314], [-92.14673122294838, 37.738325989571855], [-92.14684659916522, 37.73768729868453], [-92.14707735159885, 37.73692694520556], [-92.14726964529356, 37.73674445920859], [-92.14784652637766, 37.736683630442975], [-92.14792344385555, 37.7361361693034], [-92.14753885646611, 37.73595368135727], [-92.14738502151036, 37.73561911895443], [-92.1473081040325, 37.73519331007335], [-92.14738502151036, 37.73458500742366], [-92.14842340746175, 37.7317259180251]]]}}, {"type": "Feature", "properties": {"fid": 55, "area_name": "CAN3", "area_syskey": 10668, "area_type": "CAN"}, "geometry": {"type": "Polygon", "coordinates": [[[-92.14411602870048, 37.749000435778214], [-92.13965481498342, 37.74361778780197], [-92.13842413533733, 37.744043548227225], [-92.13696270325761, 37.74215801917932], [-92.13780879551429, 37.74136729915484], [-92.13473209639906, 37.7374439864209], [-92.13357833423088, 37.73783936844321], [-92.13315528810253, 37.737291915850044], [-92.1325784070184, 37.73759605667938], [-92.1326553244963, 37.739055915267265], [-92.13342449927508, 37.74005955134689], [-92.13334758179724, 37.742005958292154], [-92.1326553244963, 37.74203637049459], [-92.13227073710691, 37.74194513384982], [-92.1316938560228, 37.74173224790805], [-92.13115543367763, 37.74221884344673], [-92.1324630308016, 37.74334408337819], [-92.13357833423088, 37.74343531829857], [-92.13442442648756, 37.744895061730304], [-92.13615506973984, 37.74556410118156], [-92.13830875912049, 37.7463851867876], [-92.13769341929745, 37.747784052395154], [-92.1371549969523, 37.747784052395154], [-92.13677040956291, 37.7475103633786], [-92.13619352847878, 37.747267083403045], [-92.13588585856728, 37.746932572130824], [-92.13569356487258, 37.746719700533994], [-92.1349628488327, 37.746719700533994], [-92.13384754540343, 37.74690216194018], [-92.13315528810253, 37.74690216194018], [-92.13296299440782, 37.746537238677945], [-92.13280915945205, 37.74629395550344], [-92.13253994827949, 37.7463851867876], [-92.13223227836797, 37.74687175173707], [-92.13253994827949, 37.74702380262774], [-92.1333091230583, 37.74723667334985], [-92.13373216918663, 37.7474799534254], [-92.13515514252741, 37.7479969209305], [-92.13515514252741, 37.74836183699507], [-92.13480901387695, 37.74842265616424], [-92.13434750900967, 37.74854429435259], [-92.13300145314675, 37.74848347528339], [-92.13230919584585, 37.748331427391754], [-92.1316938560228, 37.749061254422536], [-92.13277070071314, 37.74921330081465], [-92.13438596774861, 37.749334937703416], [-92.13565510613364, 37.7496086199721], [-92.13634736343457, 37.74969984717006], [-92.13796263047004, 37.749760665239556], [-92.13938560381082, 37.749334937703416], [-92.14069320093479, 37.74893961708393], [-92.14200079805876, 37.74884838894874], [-92.14411602870048, 37.749000435778214]]]}}, {"type": "Feature", "properties": {"fid": 56, "area_name": "CAN4", "area_syskey": 10669, "area_type": "CAN"}, "geometry": {"type": "Polygon", "coordinates": [[[-92.12838159713154, 37.75844953315786], [-92.12808354190477, 37.76050187265171], [-92.12789124821008, 37.76074510911381], [-92.12650673360825, 37.76068430007328], [-92.12664133919453, 37.761125164484625], [-92.12689132099764, 37.761353196769804], [-92.12767972514591, 37.76165723872317], [-92.1287181110973, 37.76165723872317], [-92.129237304073, 37.761459611595626], [-92.12952574461507, 37.761383601021365], [-92.13054490119697, 37.76174845106547], [-92.13089102984742, 37.76212850128106], [-92.13100640606423, 37.762538953320544], [-92.13104486480317, 37.763040613831215], [-92.13087180047796, 37.763435859109855], [-92.13035260750227, 37.76393751353726], [-92.12992956137394, 37.764180738701505], [-92.12977572641815, 37.76427194793189], [-92.12994879074337, 37.76463678372861], [-92.13041029561066, 37.764940812184456], [-92.13104486480317, 37.76518403404928], [-92.13179481021253, 37.76538165122547], [-92.13252552625237, 37.76568567661932], [-92.13300626048914, 37.76583768884757], [-92.13346776535643, 37.765868091255726], [-92.1337946646374, 37.765792085211885], [-92.1306025893054, 37.759270475788306], [-92.12943440511009, 37.75971134862599], [-92.12906904709016, 37.75973795293732], [-92.1288959827649, 37.759547921932295], [-92.12880464325993, 37.75926287450942], [-92.12881425794467, 37.75903863643153], [-92.1287950285752, 37.75883340098481], [-92.1287950285752, 37.75860536093176], [-92.12859792753814, 37.75846093520122], [-92.12838159713154, 37.75844953315786]]]}}, {"type": "Feature", "properties": {"fid": 57, "area_name": "CAN4", "area_syskey": 10669, "area_type": "CAN"}, "geometry": {"type": "Polygon", "coordinates": [[[-92.12366559426904, 37.7639983199033], [-92.12244452930767, 37.76476599597506], [-92.12190610696253, 37.76513843001054], [-92.12171381326783, 37.7654348557596], [-92.12161766642046, 37.76612651122042], [-92.12153113425786, 37.76689416520201], [-92.12155997831204, 37.76738819572844], [-92.12117539092264, 37.767631409544485], [-92.11992548190709, 37.767669411631], [-92.11957935325664, 37.76750980273644], [-92.1197331882124, 37.767312191246866], [-92.12004085812393, 37.7670613759035], [-92.12011777560181, 37.766802959205485], [-92.11987740848342, 37.766529340540984], [-92.11967550010398, 37.76631652532427], [-92.1196178119956, 37.766187315786766], [-92.11982933505976, 37.765928896034524], [-92.12010816091704, 37.765617271014655], [-92.12039660145912, 37.76507762458183], [-92.12040621614385, 37.76475839526091], [-92.12046390425228, 37.76449236977427], [-92.12055043641487, 37.764264347166986], [-92.1206369685775, 37.76405912621936], [-92.12110808812952, 37.76383870308579], [-92.12194456570147, 37.76369428757312], [-92.12280027264286, 37.76345866165764], [-92.12304063976126, 37.76346626250533], [-92.12366559426904, 37.7639983199033]]]}}, {"type": "Feature", "properties": {"fid": 58, "area_name": "CAN5", "area_syskey": 10670, "area_type": "CAN"}, "geometry": {"type": "Polygon", "coordinates": [[[-92.11046463212783, 37.76465578554373], [-92.11104151321193, 37.76611511035868], [-92.11109920132037, 37.767118379465344], [-92.11063769645308, 37.767665611423226], [-92.10952239302381, 37.7685928563301], [-92.10886859446184, 37.76900327249491], [-92.10856092455029, 37.768851266773545], [-92.1080417315746, 37.769307283000295], [-92.10833017211664, 37.7697176952], [-92.1080898049983, 37.769877299329174], [-92.10774367634782, 37.76983169818455], [-92.10739754769736, 37.76977849681363], [-92.10709949247055, 37.769824097991055], [-92.1068110519285, 37.769915300261516], [-92.10644569390858, 37.770112904795], [-92.10624378552914, 37.77022690717024], [-92.10502272056776, 37.77033330922859], [-92.10451314227683, 37.77037891006386], [-92.10425354578896, 37.7704093106051], [-92.10413816957212, 37.77043211100282], [-92.1040997108332, 37.770819716688344], [-92.1040997108332, 37.771450521597245], [-92.10410932551795, 37.7719141217741], [-92.10439776605998, 37.77211932092436], [-92.10448429822262, 37.77223332020622], [-92.1044169954295, 37.77241571869158], [-92.10429200452792, 37.772529717516456], [-92.1041189402027, 37.7728109138663], [-92.10379204092172, 37.772962911447976], [-92.10335938010863, 37.77309210914673], [-92.10291710461082, 37.773160507837005], [-92.1023402235267, 37.77319090723461], [-92.1020325536152, 37.77319090723461], [-92.1017344983884, 37.77315290798566], [-92.10159989280207, 37.77281851375281], [-92.10178257181207, 37.7725753169972], [-92.10194602145255, 37.77235491924647], [-92.10203255361515, 37.77210412100684], [-92.10205178298465, 37.77189892181441], [-92.10212870046253, 37.771769722030704], [-92.10178257181207, 37.77132132103006], [-92.10144605784633, 37.77124532059096], [-92.10112877325008, 37.771207320342114], [-92.10071534180648, 37.77123772054274], [-92.10026345162392, 37.771268120730895], [-92.10016730477658, 37.77142012148411], [-92.10002308450555, 37.77149612174356], [-92.0997634880177, 37.77142012148411], [-92.0996000383772, 37.771306120948495], [-92.09954235026878, 37.77113131978583], [-92.09949427684512, 37.77081211659642], [-92.0995231208993, 37.77062971415522], [-92.09896546918469, 37.77060691381844], [-92.09857126711056, 37.77063731426593], [-92.09832128530745, 37.77056891324151], [-92.09871068003923, 37.76989629979782], [-92.09849434963267, 37.769649293324925], [-92.09836935873113, 37.76944028720343], [-92.09821552377537, 37.769212279851665], [-92.09812418427039, 37.768938670101555], [-92.09806168881958, 37.76874866273501], [-92.09786939512489, 37.76823944058519], [-92.09771075282679, 37.76801902991061], [-92.09742231228472, 37.767658011007136], [-92.09721078922055, 37.76740719683665], [-92.09713387174266, 37.76709177780866], [-92.09716752313925, 37.76679535870075], [-92.0972925140408, 37.766514139474445], [-92.0973790462034, 37.76632792615503], [-92.09770113814206, 37.76630892476954], [-92.0980040007112, 37.766517939741384], [-92.09834051467692, 37.7669017656967], [-92.09862895521898, 37.76717918321623], [-92.09878759751712, 37.767342593048916], [-92.09895104715761, 37.767498402087995], [-92.09921064364545, 37.7677188143143], [-92.09942216670963, 37.76792402510689], [-92.09952792824168, 37.7682242398701], [-92.09920102896068, 37.76863465808074], [-92.09897027652704, 37.76899947235573], [-92.09914334085227, 37.76947068813053], [-92.09983559815319, 37.76986589904569], [-92.10062400230146, 37.7702611078486], [-92.10123934212453, 37.770397910403624], [-92.10202774627278, 37.77065631453925], [-92.10241233366219, 37.77032190901541], [-92.10289306789895, 37.769926700537454], [-92.10350840772196, 37.76945548766853], [-92.10619090476305, 37.767654210798796], [-92.10455640835806, 37.76659014477619], [-92.10444103214125, 37.766118910646156], [-92.1038449216877, 37.76560206976064], [-92.1027488476279, 37.76513082933474], [-92.1022873427606, 37.76485720448373], [-92.10180660852384, 37.764659585906195], [-92.10121049807027, 37.76432515326439], [-92.10096051626716, 37.76411233170496], [-92.10026825896625, 37.76367148509803], [-92.1005374701388, 37.76266816923201], [-92.10080668131141, 37.76215130423193], [-92.10101820437559, 37.761604031471585], [-92.1012681861787, 37.76110236121749], [-92.10311420564781, 37.76324583760495], [-92.10361897659641, 37.76252755190582], [-92.1032728479459, 37.761919473904186], [-92.10294594866495, 37.761296188764454], [-92.10277288433969, 37.76087052760211], [-92.10269596686182, 37.760308043023365], [-92.10275365497024, 37.76012561467388], [-92.10323438920699, 37.760049602728806], [-92.10423431641944, 37.76017122180343], [-92.10498426182875, 37.76047526861519], [-92.10563806039075, 37.76093133648955], [-92.10625340021377, 37.7614178057895], [-92.10608033588855, 37.76232992710362], [-92.10606110651908, 37.762907598118254], [-92.10627262958327, 37.76345486123355], [-92.10661875823374, 37.763895709131646], [-92.10711872183994, 37.76441256194174], [-92.10783020851035, 37.76491420974452], [-92.10827248400815, 37.76523343839288], [-92.10894551193961, 37.76558306818867], [-92.10925318185112, 37.765719879397956], [-92.11046463212783, 37.76465578554373]]]}}, {"type": "Feature", "properties": {"fid": 59, "area_name": "CAN6", "area_syskey": 10671, "area_type": "CAN"}, "geometry": {"type": "Polygon", "coordinates": [[[-92.11594500242678, 37.77157212192487], [-92.11609883738252, 37.77324410615033], [-92.11611806675201, 37.77417128110573], [-92.11582962620994, 37.774870454529655], [-92.11542580945107, 37.77584320655511], [-92.11506045143113, 37.776618359161965], [-92.11602191990464, 37.776831144730295], [-92.11644496603299, 37.776815945781436], [-92.11736797576756, 37.77740110305662], [-92.11733913171335, 37.77791026211195], [-92.11705069117129, 37.778130643302184], [-92.11677186531395, 37.77839661972579], [-92.11632958981617, 37.778890573402116], [-92.11621421359933, 37.77905015773055], [-92.1161757548604, 37.77924013862476], [-92.11609883738252, 37.77946051585032], [-92.11585847026414, 37.77956690462062], [-92.1155219562984, 37.77958970219433], [-92.11546426819001, 37.77961249976101], [-92.11520467170217, 37.77977208253092], [-92.11492584584484, 37.779825276710994], [-92.11454125845545, 37.77965809487328], [-92.11427204728285, 37.779544107039854], [-92.11401245079499, 37.779437718236764], [-92.11388745989348, 37.779437718236764], [-92.11381054241559, 37.7795213094521], [-92.11359901935143, 37.779825276710994], [-92.11330096412462, 37.780091247037184], [-92.1130221382673, 37.78017483751348], [-92.11289714736576, 37.78034961729482], [-92.11282022988786, 37.780569991212666], [-92.11289714736576, 37.780881553216844], [-92.11319520259252, 37.78120071293261], [-92.11341634034143, 37.781147519742355], [-92.11361824872087, 37.780881553216844], [-92.1139259186324, 37.780592788477016], [-92.11421435917445, 37.78041800927067], [-92.11443549692333, 37.78016723838318], [-92.11588731431836, 37.78013684185415], [-92.11640650729404, 37.77991646664493], [-92.11681993873763, 37.779696090778685], [-92.11736797576755, 37.77938452377778], [-92.11772371910276, 37.77921734094323], [-92.1192716833451, 37.779179344791736], [-92.11959858262607, 37.77919454325467], [-92.1233963830964, 37.77895136747264], [-92.12558853121601, 37.77895136747264], [-92.12508856760978, 37.77768988026474], [-92.1250308795014, 37.77726431345909], [-92.1255308431076, 37.77691473889315], [-92.12637693536428, 37.77665635662982], [-92.12708842203469, 37.7765195656542], [-92.1277229912272, 37.776686754590024], [-92.12820372546392, 37.776899539961484], [-92.12847293663651, 37.777081926935274], [-92.12864600096177, 37.7774618983521], [-92.12879983591752, 37.77779627158337], [-92.12922288204587, 37.77813064330222], [-92.12962669880471, 37.77826743129674], [-92.12999205682466, 37.778176239328516], [-92.13051124980036, 37.77822183532669], [-92.13101121340657, 37.77825223264318], [-92.13151117701281, 37.77831302723867], [-92.13179961755486, 37.77838902041271], [-92.13206882872741, 37.77855620512062], [-92.13237649863895, 37.77861699946612], [-92.13279954476731, 37.7785106093287], [-92.13293415035358, 37.77846501350863], [-92.13320336152617, 37.77843461627964], [-92.13341488459034, 37.77835862315246], [-92.13331873774297, 37.77661075966606], [-92.13281877413677, 37.77641317249819], [-92.13201114061903, 37.77642837152985], [-92.13101121340657, 37.77642837152985], [-92.1299535980857, 37.77636757538445], [-92.12976130439102, 37.77633717729301], [-92.12906904709008, 37.77586600527722], [-92.12895367087329, 37.775607619348484], [-92.12883829465643, 37.77533403326317], [-92.1284152485281, 37.774954050909564], [-92.12778067933559, 37.77472606055997], [-92.12704996329575, 37.77463486422327], [-92.12595388923593, 37.77474125993849], [-92.12485781517614, 37.775014848217374], [-92.12435785156994, 37.77533403326317], [-92.12360790616059, 37.77565321693094], [-92.12330023624908, 37.775835606979534], [-92.12297333696807, 37.77600279746213], [-92.12268489642604, 37.77586600527722], [-92.12212724471141, 37.77574441201149], [-92.12130038182417, 37.77568361530361], [-92.12080041821794, 37.775835606979534], [-92.12068504200114, 37.77586600527722], [-92.12031968398122, 37.77566841611884], [-92.1198774084834, 37.77531883400652], [-92.11960819731081, 37.77487805420448], [-92.11937744487716, 37.774589266012725], [-92.11910823370461, 37.774285277223825], [-92.11872364631517, 37.77422447931604], [-92.11594500242678, 37.77157212192487]]]}}, {"type": "Feature", "properties": {"fid": 1001, "area_name": "OFF LIMITS 1", "area_syskey": "OL1", "area_type": "off_limits"}, "geometry": {"type": "Polygon", "coordinates": [[[-92.12918888678827, 37.640926715245996], [-92.13242249870095, 37.64095012363046], [-92.13246961047886, 37.64098828120646], [-92.1324493089103, 37.64272769461927], [-92.1324964218491, 37.64276585221185], [-92.13544478703703, 37.64278719617882], [-92.13549190152364, 37.64282535379353], [-92.13548838319859, 37.643127860650914], [-92.13553549792702, 37.64316601826908], [-92.13601016406854, 37.64324508760089], [-92.13629373395523, 37.643398406623135], [-92.13648395261194, 37.64339978367538], [-92.13657818347153, 37.64347609893173], [-92.13686351174681, 37.643478164514235], [-92.1369577430901, 37.64355447977749], [-92.13714796213377, 37.64355585683527], [-92.137242193864, 37.64363217210406], [-92.13762263233829, 37.643634926225126], [-92.13771686464898, 37.64371124150222], [-92.1380021937949, 37.64371330709715], [-92.13809642658927, 37.64378962238115], [-92.13828664621337, 37.643790999447205], [-92.1383808793947, 37.64386731473674], [-92.13857109921226, 37.64386869180556], [-92.13866533278055, 37.643945007100605], [-92.13876044278608, 37.643945695636404], [-92.13885380049751, 37.644097637699005], [-92.13913825523768, 37.64417533008223], [-92.13937384193959, 37.64436611835959], [-92.13946632592246, 37.644593687220144], [-92.1396556722533, 37.64467069109038], [-92.13965479692855, 37.64474631786553], [-92.1397490327218, 37.64482263319237], [-92.13974640703772, 37.645049513521975], [-92.13993400475056, 37.64527777097153], [-92.13993225468144, 37.64542902453013], [-92.14021496612423, 37.645657970568685], [-92.14021321663557, 37.645809224135576], [-92.14040081773425, 37.6460374816335], [-92.1403973195308, 37.64633998877833], [-92.14058492256427, 37.64656824630391], [-92.14058404820688, 37.64664387309287], [-92.14072540704808, 37.64675834615672], [-92.1409156342178, 37.64675972333057], [-92.14119835378662, 37.64698866948521], [-92.1412934676617, 37.64698935807629], [-92.141339714224, 37.647103142571865], [-92.14166955693753, 37.6473702464649], [-92.14185978565506, 37.64737162366087], [-92.14195402705914, 37.64744793906786], [-92.14204914151463, 37.64744862766722], [-92.14233186717799, 37.64767757390893], [-92.14252209666942, 37.64767895111595], [-92.14271058179934, 37.6478315819631], [-92.14318441310115, 37.647986278648425], [-92.14337290035931, 37.64813890952598], [-92.14365737512438, 37.64821660219527], [-92.14384586393035, 37.64836923309495], [-92.14394097954671, 37.648369921710895], [-92.14474206642826, 37.64901860316957], [-92.14474119632739, 37.64909423001935], [-92.1448825661968, 37.64920870324074], [-92.14668978312602, 37.649221787232584], [-92.14678576782754, 37.649146848984245], [-92.14688088441127, 37.64914753761401], [-92.1472168290043, 37.64888525371822], [-92.14721769658996, 37.64880962683251], [-92.14731368022733, 37.64873468856896], [-92.14731454771628, 37.64865906168187], [-92.14750738151258, 37.64843355825387], [-92.14750911610352, 37.64828230447416], [-92.14760509877348, 37.64820736619679], [-92.14761116916459, 37.64767797795813], [-92.14770715096392, 37.647603039668326], [-92.14770888516789, 37.647451785883085], [-92.14790171470773, 37.647226282394286], [-92.14790344852473, 37.64707502860352], [-92.14809627651672, 37.64684952509259], [-92.14819399000484, 37.646623332981626], [-92.14838594954048, 37.64647345634397], [-92.1483868159653, 37.64639782944168], [-92.14848279534618, 37.646322891117336], [-92.14848452800233, 37.64617163730998], [-92.14891643195136, 37.64583441480376], [-92.14901154427861, 37.64583510337272], [-92.14910752230513, 37.645760165029024], [-92.1509146546849, 37.64577324781302], [-92.15100890315091, 37.645849563320894], [-92.15110401547817, 37.64585025188986], [-92.15129251318407, 37.64600288291667], [-92.15157698756218, 37.64608057558044], [-92.15181261175027, 37.646271364393314], [-92.15181174880806, 37.64634699134536], [-92.15218875041114, 37.64665225348743], [-92.15218702530056, 37.64680350740257], [-92.15256403077322, 37.647108769599924], [-92.15256316860487, 37.64718439656301], [-92.15345856992813, 37.64790939447208], [-92.15364879980652, 37.647910771684636], [-92.15383730796017, 37.64806340286069], [-92.15393242309285, 37.648064091469735], [-92.15440541791043, 37.648294415485076], [-92.15450053333333, 37.64829510409825], [-92.15483042785031, 37.64856220873134], [-92.15482956800372, 37.648637835727605], [-92.15497181194031, 37.64867668215589], [-92.15511319646559, 37.64879115558665], [-92.15511233690918, 37.64886678258706], [-92.15530085048023, 37.64901941384052], [-92.15529999111733, 37.649095040843704], [-92.15544223616638, 37.64913388728787], [-92.15558362228786, 37.64924836074143], [-92.15567616199213, 37.64947593039801], [-92.15595893670191, 37.64970487734038], [-92.15595807801617, 37.64978050435324], [-92.15614573715796, 37.65000876268034], [-92.15614487866569, 37.65008438969596], [-92.15623913796641, 37.65016070535863], [-92.15623827957089, 37.65023633237563], [-92.15680298220357, 37.6507698534432], [-92.15680212438848, 37.65084548046849], [-92.15699150409411, 37.65092248481551], [-92.1569906464725, 37.65099811184356], [-92.15755621736803, 37.651456006035104], [-92.15755536032684, 37.65153163307146], [-92.15774388569996, 37.651684264493504], [-92.15783643517481, 37.65191183428966], [-92.15793069853856, 37.65198815001037], [-92.1579289852301, 37.652139404094115], [-92.15811751292495, 37.65229203554934], [-92.1581166564642, 37.65236766259398], [-92.15821092069858, 37.65244397832712], [-92.15820064433045, 37.65335150287936], [-92.15829490991915, 37.65342781863184], [-92.1582931973846, 37.65357907272665], [-92.15838746336028, 37.65365538848466], [-92.1583857510192, 37.653806642582225], [-92.15857342796087, 37.65403490116363], [-92.15857257198383, 37.65411052821518], [-92.15876025027984, 37.65433878681592], [-92.15875939449626, 37.654414413870235], [-92.15885366201975, 37.65449072965036], [-92.15885109495923, 37.65471761081744], [-92.15903963116708, 37.65487024239428], [-92.15902166580639, 37.6564584106219], [-92.15892568439399, 37.65653334891722], [-92.15892226203356, 37.656835857145516], [-92.15882628004078, 37.65691079543256], [-92.1588211459197, 37.657364557766726], [-92.15872516315298, 37.657439496042706], [-92.15872174001865, 37.65774200425995], [-92.15862575667151, 37.657816942527646], [-92.15862318903054, 37.65804382368643], [-92.15852720519968, 37.65811876194721], [-92.1585229253144, 37.65849689720495], [-92.15833181227542, 37.65857114665561], [-92.15833009993433, 37.658722400753184], [-92.15813812975746, 37.65887227723881], [-92.158108157017, 37.6615192238495], [-92.15801216825248, 37.661594162039805], [-92.15800788594872, 37.66197229726299], [-92.15791189650704, 37.662047235443616], [-92.1579076137196, 37.662425370659896], [-92.15781162360074, 37.66250030883084], [-92.15780648367537, 37.66295407108208], [-92.15771049278261, 37.66302900924199], [-92.1577053522768, 37.663482771484944], [-92.15760936061014, 37.66355770963377], [-92.15760593321932, 37.663860217790216], [-92.15750994097222, 37.663935155930766], [-92.15750822708333, 37.66408641000621], [-92.15741223444928, 37.66416134814124], [-92.1574105203669, 37.66431260221393], [-92.1573145273459, 37.66438754034343], [-92.157313670208, 37.66446316737839], [-92.15702568969388, 37.664687981746134], [-92.1570239748376, 37.66483923580777], [-92.15687998363738, 37.66495164297817], [-92.15668971022664, 37.66495026514373], [-92.1565937156578, 37.665025203251105], [-92.15649857885572, 37.66502451433251], [-92.15611459825871, 37.66532426672886], [-92.15592432388058, 37.665322888880596], [-92.15582832805418, 37.66539782697001], [-92.15325962133775, 37.665379225981205], [-92.15316534539801, 37.66530291008085], [-92.1512626016169, 37.665289131598264], [-92.15116832780542, 37.6652128157283], [-92.15012181978993, 37.66520523757808], [-92.15002754723604, 37.665128921726094], [-92.14841021831121, 37.66511721006288], [-92.14831594759535, 37.665040894237144], [-92.1479354, 37.66503813855721], [-92.14765172321725, 37.66488481800788], [-92.14717603969042, 37.66488137342178], [-92.14708177052238, 37.66480505761816], [-92.14584499461029, 37.66479610171227], [-92.14575072689331, 37.66471978592938], [-92.14422854270315, 37.664708763298094], [-92.14413253565506, 37.6647837012272], [-92.14375198922056, 37.66478094556385], [-92.14365598159205, 37.66485588348466], [-92.14318029806523, 37.66485243889856], [-92.14308428975953, 37.6649273768097], [-92.14298915295744, 37.664926687891096], [-92.14231970584576, 37.6652243727301], [-92.1422245686567, 37.66522368380597], [-92.14174626384741, 37.66544711961236], [-92.14155598888888, 37.6654457417558], [-92.14126882957436, 37.66559492857518], [-92.14098341655611, 37.66559286178206], [-92.14088740505804, 37.66566779964759], [-92.14069712951907, 37.66566642178275], [-92.14040996759257, 37.66581560856481], [-92.14021969166666, 37.665814230694444], [-92.14012367910448, 37.66588916854478], [-92.13993340298508, 37.66588779067165], [-92.13983739003592, 37.66596272851645], [-92.13964711372304, 37.66596135064055], [-92.13935994850746, 37.66611053737562], [-92.13907453345772, 37.66610847055349], [-92.13897764358761, 37.66625903515064], [-92.13888250504422, 37.66625834620716], [-92.13821302910446, 37.666556030634325], [-92.13811789017413, 37.666555341685324], [-92.137925858665, 37.666705217294776], [-92.13744928573797, 37.66677739928275], [-92.13725725229408, 37.66692727486457], [-92.13697183405195, 37.666925207996826], [-92.13687581674957, 37.66700014577943], [-92.13668553772801, 37.66699876786484], [-92.1365895200387, 37.66707370564193], [-92.13649438043116, 37.667073016683254], [-92.13639836245163, 37.66714795445619], [-92.13630322274737, 37.66714726549613], [-92.13563372823383, 37.66744494965796], [-92.1354434480514, 37.667443571726785], [-92.13534742852404, 37.66751850947761], [-92.13515714814814, 37.66751713154367], [-92.13506112823381, 37.66759206928897], [-92.13487084766444, 37.66759069135227], [-92.13458366639027, 37.66773987785793], [-92.13439338543394, 37.6677384999157], [-92.13391504038142, 37.66796193514718], [-92.13362961807627, 37.667959868221395], [-92.13353359603371, 37.66803480593629], [-92.13153563786622, 37.66802033742675], [-92.13144138040354, 37.667944021790355], [-92.13115595809839, 37.66794195486457], [-92.1310617011194, 37.66786563923508], [-92.13087141977611, 37.66786426128731], [-92.13077716318406, 37.667787945663356], [-92.13058688203427, 37.66778656771835], [-92.13030411399944, 37.66755762087134], [-92.13011383343007, 37.66755624293464], [-92.1300195779989, 37.66747992732725], [-92.12992443781094, 37.66747923836028], [-92.12893476848052, 37.66667792466418], [-92.12893565444651, 37.66660229804105], [-92.1286528959888, 37.66637335133085], [-92.12865378224502, 37.66629772471186], [-92.12851240381426, 37.66618325136815], [-92.12803671109728, 37.666179806650774], [-92.12798958529227, 37.66614164887438], [-92.12799047222566, 37.66606602226506], [-92.12761435523424, 37.66568513348051], [-92.12761524255457, 37.66560950687673], [-92.12752099215382, 37.66553319134121], [-92.12752276698797, 37.6653819381364], [-92.12733426715381, 37.66522930707919], [-92.12733515476438, 37.66515368047955], [-92.12724090523423, 37.665077364956474], [-92.12724268064883, 37.664926111759954], [-92.12705507045673, 37.66469785413212], [-92.1270559583575, 37.66462222753662], [-92.12686834951977, 37.664393969928135], [-92.12686923761402, 37.66431834333541], [-92.12668074184286, 37.664165712336235], [-92.12668163013059, 37.66409008574627], [-92.12658738263197, 37.66401377025221], [-92.12659004778537, 37.663786890486456], [-92.12649580077046, 37.663710574999314], [-92.1264033311049, 37.663483006343284], [-92.12612059238182, 37.663254059915005], [-92.12612237011815, 37.66310280675166], [-92.12602812445758, 37.66302649128386], [-92.12602901342248, 37.66295086470357], [-92.12584141203358, 37.662722607201495], [-92.12584319035032, 37.662571354046435], [-92.12574894565712, 37.66249503859245], [-92.12574983491224, 37.66241941201631], [-92.12546710228372, 37.6621904656751], [-92.12546799182905, 37.6621148391031], [-92.1252803943097, 37.661886581656304], [-92.1252812840485, 37.66181095508707], [-92.12509279795121, 37.661658324226096], [-92.12509368788349, 37.66158269765962], [-92.12490609287936, 37.66135444024876], [-92.1249069830051, 37.661278813685044], [-92.12462425734176, 37.66104986744334], [-92.12462514775774, 37.660974240883775], [-92.12453090635366, 37.66089792547679], [-92.12453268737909, 37.66074667236042], [-92.12443844636194, 37.66067035695896], [-92.12443933697139, 37.66059473040216], [-92.12425174651395, 37.66036647305625], [-92.12425352811981, 37.66021521994818], [-92.12415928807006, 37.66013890456053], [-92.12416106986939, 37.65998765145522], [-92.12397348183043, 37.65975939414386], [-92.1239752640167, 37.65960814104408], [-92.1238810250311, 37.65953182567164], [-92.12388280741087, 37.65938057257463], [-92.12378856881219, 37.659304257207715], [-92.12379213395869, 37.65900175101921], [-92.12369789594042, 37.658925435660585], [-92.12370502700733, 37.65832042329464], [-92.12361078995646, 37.658244107949834], [-92.12362237919776, 37.65726096287314], [-92.12352814359798, 37.65718464754906], [-92.1235450835579, 37.655747743232446], [-92.12364110027985, 37.65567280544155], [-92.12364555768033, 37.655294672719734], [-92.12374157372513, 37.65521973491916], [-92.12374513925857, 37.65491722873619], [-92.12384115472292, 37.654842290927306], [-92.12384650244265, 37.654388531644564], [-92.12394251713309, 37.654313593824625], [-92.12395053784203, 37.65363295488806], [-92.12404655146835, 37.65355801705293], [-92.12405189802723, 37.6531042577536], [-92.12414791087963, 37.65302931990741], [-92.12415058386884, 37.652802440253595], [-92.12424659623755, 37.652727502400495], [-92.12425015983622, 37.652424996189886], [-92.12434617162451, 37.6523500583285], [-92.12435062563915, 37.651971925558314], [-92.12444663675026, 37.65189698768726], [-92.12445019957504, 37.651594481465594], [-92.1245462101057, 37.65151954358623], [-92.12455066315297, 37.65114141080224], [-92.12464667300651, 37.651066472913215], [-92.12465023505736, 37.650763966680486], [-92.12474624433041, 37.65068902878316], [-92.12474891557837, 37.65046214910448], [-92.12484492436775, 37.65038721120025], [-92.1248511566024, 37.649857825273635], [-92.12494716452116, 37.64978288735697], [-92.12495072541114, 37.64948038110766], [-92.12504673274944, 37.649405443182694], [-92.12505207350401, 37.64895168380044], [-92.1251480800684, 37.64887674586443], [-92.1251516401845, 37.64857423960406], [-92.12524764616846, 37.64849930165976], [-92.12525209582986, 37.64812116882739], [-92.12534810113668, 37.64804623087341], [-92.12535166047886, 37.647743724601995], [-92.12544766520523, 37.64766878663972], [-92.12544944468283, 37.647517533501244], [-92.1256423427135, 37.64729203099088], [-92.12564501134949, 37.64706515127487], [-92.12583612893519, 37.64699090188917], [-92.12583790763888, 37.646839648739636], [-92.12602991360903, 37.64668977276534], [-92.1260308027674, 37.64661414618781], [-92.12612680536553, 37.646539208195136], [-92.12612858348879, 37.64638795503731], [-92.12632058771766, 37.64623807903814], [-92.12641836708471, 37.6460118878683], [-92.12670637081607, 37.645787073832224], [-92.12670725929726, 37.64571144724503], [-92.12689926062394, 37.6455615712044], [-92.12690014891169, 37.64548594461443], [-92.12704326111111, 37.64544916416667], [-92.12718726116293, 37.64533675712272], [-92.12718903715795, 37.64518550393449], [-92.12757392200456, 37.64481012517621], [-92.12757480961511, 37.64473449857656], [-92.12795969020523, 37.64435911975746], [-92.12796057742882, 37.644283493152294], [-92.12844056381633, 37.64390880280888], [-92.12844145055624, 37.643833176196786], [-92.12858544538418, 37.64372076907822], [-92.12877566500828, 37.64372214614428], [-92.12906276666665, 37.643572958501245], [-92.12915787628523, 37.6435736470315], [-92.12934986716417, 37.64342377084163], [-92.12963608097014, 37.64335020979478], [-92.12973207573245, 37.64327527169016], [-92.1299222941957, 37.643276648739636], [-92.13020939179104, 37.64312746103856], [-92.13039960986734, 37.64312883808251], [-92.13054360034204, 37.64301643090174], [-92.13055598490533, 37.64195765790699], [-92.130508873466, 37.641919500335824], [-92.12917736860143, 37.64190986133775], [-92.12913025788764, 37.64187170377695], [-92.12914089064054, 37.64096418431592], [-92.12918888678827, 37.640926715245996]]]}}, {"type": "Feature", "properties": {"fid": 1002, "area_name": "OFF LIMITS 2", "area_syskey": "OL2", "area_type": "off_limits"}, "geometry": {"type": "Polygon", "coordinates": [[[-92.2149235106136, 37.61938669607173], [-92.2278541034273, 37.61948027454051], [-92.22794839552239, 37.61955659067165], [-92.22842300013819, 37.61963565912452], [-92.22861158606963, 37.61978829141169], [-92.22908540818132, 37.61994298796572], [-92.22913177053965, 37.62005677411553], [-92.22960324310738, 37.62043835494403], [-92.22960089080638, 37.620665239179104], [-92.22978869786138, 37.62089349961927], [-92.22978791395454, 37.620969127700384], [-92.22988220991917, 37.62104544388682], [-92.22986261466625, 37.622936145949424], [-92.2299569132428, 37.623012462173165], [-92.22993732040837, 37.624903164270314], [-92.22984145179312, 37.62497810417704], [-92.22983910036277, 37.62520498842455], [-92.22974323126381, 37.62527992832435], [-92.22973774391583, 37.62580932489221], [-92.22964187394624, 37.62588426477957], [-92.22962462586716, 37.62754808253386], [-92.22971893015132, 37.62762439883913], [-92.22971265889649, 37.62822942348811], [-92.22980696414803, 37.628305739807224], [-92.22979520699626, 37.62944016104478], [-92.22969933247995, 37.62951510086719], [-92.22969227731828, 37.63019575359729], [-92.22959640173782, 37.630270693404505], [-92.22959483373064, 37.630421949563996], [-92.22949895776325, 37.630496889365666], [-92.2294848439573, 37.63185819477612], [-92.22957915365879, 37.63193451115879], [-92.2295673936049, 37.63306893235489], [-92.22947151425164, 37.633143872108214], [-92.22946445734866, 37.63382452481343], [-92.22936857693131, 37.633899464551554], [-92.2293560297782, 37.63510951378317], [-92.22945034354268, 37.63518583022387], [-92.22944877534204, 37.6353370863806], [-92.22963740383844, 37.635489719275846], [-92.2296311325836, 37.63609474392483], [-92.22972544789593, 37.63617106038765], [-92.22972388027571, 37.63632231655266], [-92.22981819597499, 37.63639863302101], [-92.2298080077011, 37.637381798111534], [-92.22990232485142, 37.63745811460061], [-92.2299015412348, 37.637533742685875], [-92.23009017630943, 37.6376863756751], [-92.23008939288626, 37.63776200376313], [-92.23060892675512, 37.63810611645246], [-92.23079913012714, 37.63810749328635], [-92.23089344921226, 37.63818380980307], [-92.23108365277778, 37.638185186639724], [-92.23117797224987, 37.63826150316197], [-92.23136817600883, 37.638262880001385], [-92.23146249586787, 37.63833919652916], [-92.23165269982034, 37.638340573371345], [-92.23231528905472, 37.638647904801], [-92.23250549378109, 37.63864928165424], [-92.23259981528469, 37.638725598205504], [-92.23279002020452, 37.638726975061495], [-92.23288434209506, 37.63880329161831], [-92.2330745472084, 37.63880466847706], [-92.23373714631009, 37.63911200004768], [-92.23402245514097, 37.639114065352416], [-92.23421110259812, 37.639266698518526], [-92.23449641200939, 37.63926876383154], [-92.23478016415146, 37.63942208545744], [-92.23497037081259, 37.63942346233831], [-92.23506469579877, 37.63949977893933], [-92.2352549026534, 37.63950115582298], [-92.23534922802652, 37.639577472429515], [-92.23553943507461, 37.63957884931592], [-92.23572808678828, 37.63973148254284], [-92.23620205100883, 37.639886181127004], [-92.23662652324143, 37.640229605971534], [-92.23662574649322, 37.64030523415492], [-92.2368144022699, 37.640457867439885], [-92.23681362571519, 37.640533495626045], [-92.23695589461028, 37.64057234241087], [-92.23700228245922, 37.64068612892483], [-92.23728526902639, 37.64091507889373], [-92.23728449295535, 37.64099070708679], [-92.23737882229477, 37.641067023750004], [-92.23737649437187, 37.64129390833334], [-92.23747082419499, 37.64137022500346], [-92.23746927243988, 37.6415214813951], [-92.23765793305347, 37.641674114749165], [-92.2377507124758, 37.641901687830305], [-92.23784504345979, 37.641978004517], [-92.23784349247858, 37.6421292609197], [-92.23803138011677, 37.642357522511055], [-92.23802827892828, 37.64266003532753], [-92.23812261116984, 37.6427363520322], [-92.2381071071621, 37.6442489161422], [-92.2380112223915, 37.64432385581813], [-92.23801044709437, 37.64439948402226], [-92.2378186767793, 37.64454936336305], [-92.23781712579809, 37.64470061976576], [-92.23743358207227, 37.64500037840313], [-92.2374328061947, 37.64507600659895], [-92.23724025690643, 37.645301514091344], [-92.23723948083538, 37.64537714228441], [-92.23695181897801, 37.6456019612044], [-92.23694716081052, 37.6460557303379], [-92.23675538411071, 37.64620560958748], [-92.23675383100122, 37.64635686595978], [-92.23665794216764, 37.64643180557767], [-92.23665561221323, 37.646658690131986], [-92.23646383338514, 37.64680856935116], [-92.23646150285032, 37.64703545389718], [-92.23636561285585, 37.64711039349848], [-92.23636328203081, 37.647337278040354], [-92.23626739155264, 37.64741221763475], [-92.23626506043739, 37.64763910217247], [-92.2360725010883, 37.64786460952114], [-92.23607094662452, 37.64801586587411], [-92.2359271090934, 37.64812827523977], [-92.2357840486491, 37.64816505642689], [-92.23578327112699, 37.64824068459923], [-92.23559070877901, 37.64846619190506], [-92.23558993106343, 37.648541820074634], [-92.23549403826354, 37.64861675963584], [-92.23549326045121, 37.64869238780403], [-92.23530147407752, 37.64884226691542], [-92.23520402439537, 37.64906846279505], [-92.2345807108209, 37.649555569794785], [-92.23448559452736, 37.64955488116916], [-92.23400767512437, 37.649778322481346], [-92.23229557661692, 37.64976592714552], [-92.23220124118296, 37.64968961039525], [-92.23201100820893, 37.64968823313847], [-92.23191667316196, 37.64961191639373], [-92.23182155677169, 37.64961122776673], [-92.23153777125484, 37.64945790566405], [-92.23125242266445, 37.64945583979132], [-92.23106375489219, 37.64930320633499], [-92.23096863888888, 37.64930251771352], [-92.23087508789386, 37.64915057288972], [-92.23068485627418, 37.64914919565229], [-92.2305905232587, 37.649072878936565], [-92.23040029183248, 37.649071501701904], [-92.23011651124929, 37.64891817966971], [-92.22992628021007, 37.64891680244058], [-92.22983273182697, 37.64876485765409], [-92.22954738584853, 37.64876279181869], [-92.2294530544776, 37.64868647512646], [-92.22926282401879, 37.64868509790562], [-92.22916849303482, 37.64860878121891], [-92.22878803250413, 37.64860602678275], [-92.22869370210059, 37.64852971010434], [-92.22764743670537, 37.64852213542012], [-92.22755310755943, 37.64844581875968], [-92.22717264780265, 37.64844306433458], [-92.22707831923714, 37.64836674768242], [-92.22679297470978, 37.64836468186775], [-92.22660431873965, 37.64821204858002], [-92.22622386014372, 37.6482092941715], [-92.22612953283583, 37.648132977537315], [-92.22593930373135, 37.648131600335816], [-92.22546609502487, 37.647901273264935], [-92.22537098076285, 37.647900584668335], [-92.22489935244609, 37.64751900161484], [-92.22347264577115, 37.64750867276949], [-92.2234239037348, 37.64762177046366], [-92.22328004748478, 37.64773417956191], [-92.22299470527915, 37.6477321137804], [-92.22289880058042, 37.64780705317164], [-92.22280368641515, 37.647806364576425], [-92.22275494316958, 37.64791946225332], [-92.22261108532335, 37.64803187132877], [-92.22232574195687, 37.648029805530676], [-92.22222983619402, 37.64810474490672], [-92.22194370093976, 37.64817830707573], [-92.22165598132946, 37.648403125170674], [-92.22156086639028, 37.64840243656441], [-92.22146495936983, 37.64847737592247], [-92.22127472929796, 37.64847599870716], [-92.22117882189053, 37.6485509380597], [-92.22022767056384, 37.648544051969324], [-92.22013176199556, 37.648618991305284], [-92.22003664676618, 37.64861830269486], [-92.21974891961027, 37.648843120682], [-92.21960584934699, 37.648879901728854], [-92.21960505537936, 37.64895552966625], [-92.21946119071309, 37.64906793864428], [-92.21917584328357, 37.64906587278814], [-92.21869628980099, 37.64944056931592], [-92.21860117350745, 37.6494398806903], [-92.21836139471047, 37.64962722892482], [-92.21836059948521, 37.64970285684426], [-92.21802490679934, 37.64996514433873], [-92.21792978982864, 37.64996445570343], [-92.217451020398, 37.65026352415215], [-92.2172607856827, 37.65026214687052], [-92.21706895790491, 37.65041202539041], [-92.21687872280265, 37.65041064810323], [-92.21678280843007, 37.65048558735627], [-92.21649745548646, 37.65048352142137], [-92.21640154063017, 37.6505584606675], [-92.21621130514097, 37.6505570833748], [-92.21611538989771, 37.6506320226154], [-92.21478374011883, 37.65062238154712], [-92.21468942122719, 37.65054606503317], [-92.21240659535654, 37.65052953752073], [-92.21217000326494, 37.650414374160455], [-92.21217481234454, 37.64996060718284], [-92.21184470925925, 37.64969349957021], [-92.21041795905195, 37.64968317010296], [-92.21036919568478, 37.6497962674924], [-92.21022531520177, 37.64990867624447], [-92.20879856064123, 37.649898346715034], [-92.20875140465382, 37.64986018850747], [-92.20876267459577, 37.64880139958956], [-92.20900167064676, 37.64868967945273], [-92.20923986146006, 37.64865358709232], [-92.2092519291425, 37.64751917029091], [-92.20915761982793, 37.647442853913766], [-92.20916003365464, 37.64721597055763], [-92.20906572482377, 37.64713965418739], [-92.209069748352, 37.64676151526742], [-92.20897544019832, 37.64668519890686], [-92.20897704980307, 37.64653394334164], [-92.20878843446309, 37.646381310634325], [-92.20878923945894, 37.64630568285448], [-92.2085063181903, 37.64607673381841], [-92.20850712347637, 37.646001106042704], [-92.20831851045811, 37.645848473368574], [-92.20831931593767, 37.64577284559564], [-92.20756567863116, 37.645086687258846], [-92.20756648488461, 37.645011059496966], [-92.20737868276326, 37.644782799127285], [-92.2073794892102, 37.64470717136816], [-92.20719088180277, 37.64455453877418], [-92.20719168844317, 37.64447891101783], [-92.20709738512645, 37.644402594726365], [-92.2071102929208, 37.643192550646766], [-92.20720620797056, 37.6431176114034], [-92.20720782125137, 37.642966355890685], [-92.20730373591417, 37.642891416641795], [-92.20740126327738, 37.64266522187189], [-92.20768900494402, 37.642440404092035], [-92.20768981110075, 37.642364776328776], [-92.20783368113598, 37.642252367427446], [-92.20831002266446, 37.64218018213378], [-92.20840593519901, 37.64210524285447], [-92.2089765772388, 37.64210937381219], [-92.20907248899944, 37.64203443452184], [-92.20964313045882, 37.64203856547125], [-92.20993005895522, 37.64188937535448], [-92.2103104858209, 37.6418921293097], [-92.21035924435117, 37.64177903185116], [-92.21050310916253, 37.64166662287521], [-92.21059821558872, 37.64166731135986], [-92.21093389811705, 37.64140502372029], [-92.21094674399875, 37.64019497875621], [-92.2108524424233, 37.64011866248964], [-92.21085726020938, 37.6396648956364], [-92.21076295940782, 37.63958857938088], [-92.2107637624689, 37.63951295157338], [-92.21015000891376, 37.63909252378732], [-92.21005490577666, 37.63909183534964], [-92.20996060652293, 37.63901551911622], [-92.20977040044224, 37.639014142243646], [-92.20967610157545, 37.638937826015756], [-92.20948589568822, 37.63893644914594], [-92.20943955083955, 37.63882266324627], [-92.20925095446034, 37.63867003080985], [-92.20925175906925, 37.63859440302447], [-92.2090631636574, 37.63844177060186], [-92.20906477326217, 37.63829051503663], [-92.20887617901117, 37.6381378826306], [-92.20887778900288, 37.6379866270709], [-92.20869000110214, 37.63775836690437], [-92.2086924166701, 37.637531483573106], [-92.20859812080224, 37.63745516738806], [-92.20861905824006, 37.63548884521974], [-92.20843127759467, 37.63526058515686], [-92.2084336940333, 37.63503370183803], [-92.208339401648, 37.63495738570274], [-92.2083402072243, 37.63488175793119], [-92.20819876915422, 37.634767283735485], [-92.20810367153122, 37.6347665953766], [-92.20782079698728, 37.63453764700802], [-92.2076793603683, 37.63442317283306], [-92.20768016662174, 37.63434754507117], [-92.20739729497996, 37.63411859674406], [-92.20739810152362, 37.634042968986314], [-92.20720952158995, 37.63389033678483], [-92.2072103283271, 37.63381470902985], [-92.20711603874723, 37.63373839293463], [-92.20711684558111, 37.63366276518104], [-92.20702255629146, 37.63358644908997], [-92.20702417015269, 37.63343519358554], [-92.20692988125, 37.6333588775], [-92.20693310935944, 37.63305636649668], [-92.20683882103718, 37.632980050419434], [-92.20684124240948, 37.63275316717109], [-92.20674695457089, 37.632676851100754], [-92.2067493762334, 37.63244996785656], [-92.20665508887852, 37.63237365179312], [-92.20665831814885, 37.63207114080639], [-92.20656403137437, 37.63199482475124], [-92.20656564620299, 37.63184356926064], [-92.2064713598155, 37.63176725321103], [-92.20647620488184, 37.631313486747516], [-92.20638191926824, 37.63123717070896], [-92.2064037246787, 37.62919522166045], [-92.2062151592558, 37.629042589666255], [-92.20621919826215, 37.628664450967385], [-92.20612491632464, 37.62858813498135], [-92.20612572422264, 37.62851250724295], [-92.20593716112147, 37.62835987528192], [-92.20594200967041, 37.62790610886816], [-92.20565916821101, 37.62767716097222], [-92.20567048555486, 37.626618372731485], [-92.20576638106343, 37.62654343320896], [-92.2057671893484, 37.62646780547609], [-92.20595978768311, 37.62624229868435], [-92.20596140386607, 37.626091043213094], [-92.20615400065299, 37.62586553639926], [-92.206155616449, 37.62571428092247], [-92.2065391907442, 37.62541452272181], [-92.20653999825524, 37.625338894977894], [-92.2067317840485, 37.62518901585821], [-92.20673259136609, 37.62511338811154], [-92.20687562288558, 37.62507660651119], [-92.20701946128729, 37.62496419715796], [-92.20711696717454, 37.624738002081266], [-92.20750053256978, 37.62443824375345], [-92.20750133911346, 37.624362615995715], [-92.20802873594526, 37.623950448215176], [-92.20812381973465, 37.62395113637645], [-92.20841148797678, 37.623726317547685], [-92.20860165497513, 37.623727693861944], [-92.20884137669638, 37.62354034481205], [-92.20893887523147, 37.623314149630325], [-92.20913065096391, 37.623164270366914], [-92.20913306566126, 37.62293738702322], [-92.20922895294706, 37.62286244738323], [-92.20923941537795, 37.621879286209236], [-92.20933530121268, 37.62180434654851], [-92.20934334826906, 37.62104806870854], [-92.20953511742331, 37.62089818935116], [-92.20953672644762, 37.620746933777646], [-92.2103525387645, 37.620034318563434], [-92.21054269628247, 37.62003569474226], [-92.21063857844112, 37.61996075502903], [-92.2112090504146, 37.619964883557216], [-92.21130493179933, 37.61988994383292], [-92.2120655603234, 37.61989544852612], [-92.21216144074074, 37.619820508788], [-92.21263683308457, 37.61982394921435], [-92.21273271282476, 37.61974900946656], [-92.21339826142896, 37.61975382605376], [-92.21349414029851, 37.619678886293535], [-92.2136842968491, 37.619680262458544], [-92.21378017533168, 37.619605322692784], [-92.21387525351021, 37.61960601077391], [-92.21416208768656, 37.61945681930971], [-92.21482763358208, 37.61946163585821], [-92.2149235106136, 37.61938669607173]]]}}, {"type": "Feature", "properties": {"fid": 1003, "area_name": "OFF LIMITS 3", "area_syskey": "OL3", "area_type": "off_limits"}, "geometry": {"type": "Polygon", "coordinates": [[[-92.12766394726367, 37.68985024620647], [-92.1307093495854, 37.68987230623964], [-92.13080363461856, 37.689948622269895], [-92.13223116840794, 37.68995896293117], [-92.13232545508568, 37.690035278984936], [-92.13365782131012, 37.69004493028814], [-92.13375210953565, 37.690121246364015], [-92.13479896977611, 37.690128829546026], [-92.13489325925924, 37.69020514563985], [-92.1354642745163, 37.69020928192924], [-92.13612694549474, 37.69051661452667], [-92.13641245428413, 37.690518682687944], [-92.13660103770039, 37.690671314939195], [-92.13669620749033, 37.690672004329045], [-92.13716854720839, 37.69097795826562], [-92.1372637173853, 37.690978647661], [-92.13735801044776, 37.691054963805975], [-92.1374531807214, 37.69105565320274], [-92.13811586727473, 37.69136298602267], [-92.13868689123824, 37.69136712243643], [-92.13897065228025, 37.69152044418947], [-92.14315816985903, 37.69155077801202], [-92.14325246959645, 37.691627094252354], [-92.14344281149806, 37.69162847306523], [-92.14358426175718, 37.691742947435046], [-92.14358339097913, 37.69181857427515], [-92.14377199219527, 37.691971206780686], [-92.14376763927237, 37.69234934099502], [-92.1439553718387, 37.69257760037106], [-92.14393709362561, 37.69416576412935], [-92.14384104894624, 37.69424070152087], [-92.14383843748271, 37.694467582053626], [-92.14374239231967, 37.69454251943823], [-92.1437406511505, 37.69469377312396], [-92.14354855985695, 37.69484364787935], [-92.14354768907889, 37.69491927471946], [-92.14340449087892, 37.69495605393864], [-92.14335559681798, 37.695069149461034], [-92.14273129162521, 37.695556242294785], [-92.14263611564401, 37.69555555281648], [-92.1419663942786, 37.695853233737566], [-92.14168086517411, 37.69585116528607], [-92.14158481604477, 37.69592610261401], [-92.1402523455362, 37.695916449821034], [-92.14015804328358, 37.69584013354478], [-92.13996769054725, 37.69583875457711], [-92.1398733886816, 37.69576243830639], [-92.1393975073245, 37.69575899089414], [-92.13930320613599, 37.69568267463308], [-92.13692380176893, 37.69566543760641], [-92.13682774799612, 37.69574037486802], [-92.13654221918186, 37.69573830642068], [-92.13635011047539, 37.6958881809273], [-92.1362549340105, 37.69588749144209], [-92.13615887927031, 37.69596242868988], [-92.13596852614704, 37.69596104971669], [-92.13510490237701, 37.69655985807974], [-92.13481937037037, 37.69655778958679], [-92.13472331330846, 37.69663272680141], [-92.13424742614704, 37.69662927930625], [-92.13415136840797, 37.69670421651119], [-92.13329477064676, 37.69669801100746], [-92.13319871184356, 37.696772948197214], [-92.13205658033445, 37.696764674175654], [-92.1319605201769, 37.69683961134605], [-92.1313894538419, 37.696835474326974], [-92.13129339291044, 37.69691041148632], [-92.13072232599502, 37.696906274458954], [-92.13062626428966, 37.696981211607245], [-92.1300551967938, 37.696977074571585], [-92.12995913431455, 37.69705201170882], [-92.12938806623825, 37.697047874664875], [-92.12929200298507, 37.69712281179105], [-92.1288161124378, 37.69711936424751], [-92.12872004850746, 37.697194301364014], [-92.1271971972084, 37.6971832692026], [-92.12710290646766, 37.697106953090795], [-92.12691255024875, 37.69710557407338], [-92.12672396973466, 37.6969529418636], [-92.12662879181869, 37.69695225235766], [-92.12653450194858, 37.696875936258294], [-92.12643932412934, 37.696875246753734], [-92.12620271215796, 37.69676008310945], [-92.12611019992744, 37.696532513845355], [-92.12592162250898, 37.6963798816798], [-92.12592251118366, 37.696304255095356], [-92.12573482360074, 37.69607599636194], [-92.12573660133707, 37.69592474319859], [-92.12564231369194, 37.69584842713101], [-92.12564409162177, 37.69569717397042], [-92.12554980436359, 37.695620857908374], [-92.1255524715485, 37.695393978171644], [-92.12545818477403, 37.6953176621165], [-92.12546707635778, 37.694561396341214], [-92.1253727907442, 37.694485080302655], [-92.12538168329533, 37.69372881454118], [-92.12528739884259, 37.693652498519214], [-92.1252980710648, 37.69274497962203], [-92.1252037879664, 37.6926686636194], [-92.12521624024667, 37.69160989159204], [-92.12540925020383, 37.691384390680625], [-92.12541102871407, 37.69123313752833], [-92.12550708848464, 37.6911582003524], [-92.12550886680141, 37.69100694719735], [-92.12560492618503, 37.69093201001589], [-92.12560670430832, 37.690780756858075], [-92.12623108432837, 37.690293665093286], [-92.12632625373135, 37.690294354477615], [-92.12642319961304, 37.69014379068062], [-92.12651836882254, 37.69014448006219], [-92.12671048313985, 37.68999460563571], [-92.12728149723604, 37.68999874190851], [-92.12737755352404, 37.689923804682834], [-92.12756789136262, 37.68992518343767], [-92.12766394726367, 37.68985024620647]]]}}]}