{"type": "FeatureCollection", "features": [{"type": "Feature", "properties": {"FID": 0, "_Area_ID": "D-10", "_label": "FIREARM", "_Parent_ID": "Delta", "_Type": " ", "Use_Restri": " ", "_ClosedSta": "_closed", "_OpenSta": "_open", "Status": "_closed", "ACRES": 1687.90177713, "Visual": " ", "FillTransp": 0, "OutlineTra": 0, "FillTran_1": 0, "OutlineT_1": 0, "Id": 0, "Shape_Leng": 11862.0063395, "Shape_Area": 6828594, "area_name": "D-10", "area_type": " ", "area_syskey": 0}, "geometry": {"type": "Polygon", "coordinates": [[[-81.75845879647927, 31.90145497069264], [-81.75843184702076, 31.9006313242445], [-81.75923134762374, 31.898717080419857], [-81.76230358589585, 31.895102025348024], [-81.76460327302351, 31.890388512508636], [-81.76539379047365, 31.888458800911845], [-81.77667663044376, 31.891883439148717], [-81.77761087833937, 31.893279190582263], [-81.77839241263666, 31.893881721548016], [-81.78672877847447, 31.898366258510297], [-81.78950457270277, 31.90021949825664], [-81.79137306849401, 31.902461639675817], [-81.79069933203083, 31.902499770860285], [-81.78939677486866, 31.902057448149357], [-81.78789658834398, 31.901912548868044], [-81.78574961481463, 31.901424465400066], [-81.78455485548659, 31.901340575793352], [-81.78137481938036, 31.902522649563384], [-81.77843732840088, 31.90398687473219], [-81.77779054139623, 31.904871499483363], [-81.77744019843537, 31.906137413215927], [-81.77735935005978, 31.90889795987862], [-81.7749069493338, 31.912207456386188], [-81.77405354981377, 31.915913341140133], [-81.77349659433754, 31.91646234840758], [-81.77026265931426, 31.91873459364204], [-81.76692092645686, 31.915928591386262], [-81.762123922839, 31.90893608839636], [-81.76018356182503, 31.90683899645958], [-81.75902473510835, 31.903910613579672], [-81.75845879647927, 31.90145497069264]]]}}, {"type": "Feature", "properties": {"FID": 1, "_Area_ID": "A-17", "_label": "SHOTGUN", "_Parent_ID": "Alpha", "_Type": " ", "Use_Restri": " ", "_ClosedSta": "_closed", "_OpenSta": "_open", "Status": "_highlit", "ACRES": 496.906562704, "Visual": " ", "FillTransp": 0, "OutlineTra": 0, "FillTran_1": 0, "OutlineT_1": 0, "Id": 0, "Shape_Leng": 6242.04330461, "Shape_Area": 1998775.5, "area_name": "A-17", "area_type": " ", "area_syskey": 1}, "geometry": {"type": "Polygon", "coordinates": [[[-81.56244640145712, 31.91179568219885], [-81.5626530139725, 31.910636604221622], [-81.56317403683735, 31.91083486859502], [-81.56582406692587, 31.91119326849353], [-81.56882443997526, 31.912237958104505], [-81.56962394057824, 31.91270310805629], [-81.57176193095474, 31.914441680496672], [-81.57448382626599, 31.91802547615433], [-81.5721571896798, 31.919794447222525], [-81.5578290608961, 31.92754854394024], [-81.56244640145712, 31.91179568219885]]]}}, {"type": "Feature", "properties": {"FID": 2, "_Area_ID": "D-11", "_label": "FIREARM", "_Parent_ID": "Delta", "_Type": " ", "Use_Restri": " ", "_ClosedSta": "_closed", "_OpenSta": "_open", "Status": "_hold", "ACRES": 1998.89137876, "Visual": " ", "FillTransp": 0, "OutlineTra": 49.8039215686, "FillTran_1": 0, "OutlineT_1": 29.4117647059, "Id": 0, "Shape_Leng": 16960.2349431, "Shape_Area": 8091092.98129, "area_name": "D-11", "area_type": " ", "area_syskey": 2}, "geometry": {"type": "Polygon", "coordinates": [[[-81.7324525690004, 31.93698676845182], [-81.73093441617003, 31.936658962680816], [-81.73009898295568, 31.936293038578828], [-81.72420603469104, 31.933037774637246], [-81.7243048493723, 31.93289292414844], [-81.72512231628097, 31.93265658865041], [-81.7301438987199, 31.931795102497748], [-81.73800415745704, 31.926618391824448], [-81.74133690716158, 31.925261267760735], [-81.74247776757257, 31.923957494881837], [-81.74528949441226, 31.918970964923115], [-81.74825393485027, 31.91650047379059], [-81.75021226216992, 31.916073468598263], [-81.7512453247468, 31.916218345582106], [-81.75259279767317, 31.91606584348754], [-81.75245805038053, 31.916569099440213], [-81.75561113702823, 31.914983071346338], [-81.75610521043457, 31.914540808636982], [-81.75623097457435, 31.913587649017458], [-81.75476672066104, 31.912550600134495], [-81.75929422969362, 31.906777989433316], [-81.75985118516986, 31.90622892437712], [-81.76033627542336, 31.90704489487457], [-81.762123922839, 31.90893608839636], [-81.76692092645686, 31.915920966263503], [-81.77022672670289, 31.918681219397715], [-81.77328998182216, 31.926343918910483], [-81.76726228626488, 31.9242777215119], [-81.76639092043916, 31.924102359447854], [-81.76203409131057, 31.92674800374905], [-81.75916846555384, 31.927861133932357], [-81.7560692778232, 31.92813560231757], [-81.75114651006554, 31.929568923907034], [-81.75021226216992, 31.929607043857047], [-81.7483886821429, 31.929431691956122], [-81.74569373629016, 31.935393468969124], [-81.74544220801057, 31.93627779170961], [-81.74600814663965, 31.943588375346582], [-81.74509186504973, 31.94263551679908], [-81.74341201546818, 31.940135168994242], [-81.7423789528913, 31.939205144222313], [-81.74154351967695, 31.93872488184394], [-81.73937857984193, 31.93788632246874], [-81.7324525690004, 31.93698676845182]]]}}, {"type": "Feature", "properties": {"FID": 3, "_Area_ID": "A-11", "_label": "FIREARM", "_Parent_ID": "Alpha", "_Type": " ", "Use_Restri": " ", "_ClosedSta": "_closed", "_OpenSta": "_open", "Status": "_open", "ACRES": 1719.68098212, "Visual": " ", "FillTransp": 49.4117647059, "OutlineTra": 1.96078431373, "FillTran_1": 48.6274509804, "OutlineT_1": 0, "Id": 0, "Shape_Leng": 11420.6221847, "Shape_Area": 6950798, "area_name": "A-11", "area_type": " ", "area_syskey": 3}, "geometry": {"type": "Polygon", "coordinates": [[[-81.48522721962345, 31.90313274621461], [-81.48669147353678, 31.902987848626115], [-81.48975472865605, 31.903292895915452], [-81.49081474069146, 31.903597942193702], [-81.49348273708566, 31.90499351602311], [-81.49631243023103, 31.90885983134508], [-81.49699514984707, 31.909561393833044], [-81.5007950234994, 31.910209571812523], [-81.50106451808469, 31.910384960363235], [-81.50213351327294, 31.912146452919142], [-81.50372353132605, 31.91272598422276], [-81.50624779727478, 31.914967820943474], [-81.5050440547939, 31.915493958381216], [-81.5044960824705, 31.91595909187088], [-81.50436133517786, 31.91632509689791], [-81.50454998138756, 31.91718672798293], [-81.50448709931766, 31.917560353112986], [-81.50276233397192, 31.918482971933443], [-81.50162147356092, 31.921258397550975], [-81.500705191971, 31.922554584121432], [-81.50005840496634, 31.923088302693742], [-81.4992678875162, 31.924758059366233], [-81.49887262879113, 31.925268892109166], [-81.49745329064203, 31.92651165245524], [-81.49615971663272, 31.928021240589967], [-81.49587225574176, 31.929957746655624], [-81.49523445188994, 31.930781130577603], [-81.49442596813412, 31.931154700480842], [-81.49336595609871, 31.929157227439834], [-81.49211729785361, 31.928097481757504], [-81.49106626897104, 31.926221930685735], [-81.48918879002699, 31.9242777215119], [-81.4880299633103, 31.923378034335865], [-81.48729334477721, 31.92310355175029], [-81.48443670217331, 31.92260033154901], [-81.481490228041, 31.921571008924843], [-81.47921749037187, 31.92117452602597], [-81.47746577556758, 31.920190936070615], [-81.47615423525258, 31.919626701426143], [-81.47280351924235, 31.91712572781758], [-81.4733425084129, 31.91625647106626], [-81.47401624487608, 31.912802238069897], [-81.4749504927717, 31.912237958104505], [-81.4766213592004, 31.911780431267633], [-81.47795086582107, 31.910644229782356], [-81.48042123285275, 31.91059847640854], [-81.48120276715004, 31.909950301168664], [-81.48156209326373, 31.909469885985782], [-81.48259515584063, 31.906610219902614], [-81.48272091998041, 31.904917255704717], [-81.4847061967586, 31.90333102675553], [-81.48522721962345, 31.90313274621461]]]}}, {"type": "Feature", "properties": {"FID": 4, "_Area_ID": "D-01", "_label": "ARCHERY", "_Parent_ID": "Delta", "_Type": " ", "Use_Restri": " ", "_ClosedSta": "_closed", "_OpenSta": "_open", "Status": "_selected", "ACRES": 1427.30003838, "Visual": " ", "FillTransp": 42.3529411765, "OutlineTra": 0, "FillTran_1": 0, "OutlineT_1": 0, "Id": 0, "Shape_Leng": 13633.7516093, "Shape_Area": 5781487.5, "area_name": "D-01", "area_type": " ", "area_syskey": 4}, "geometry": {"type": "Polygon", "coordinates": [[[-81.66843862184514, 31.868419445505904], [-81.64760669040349, 31.860797701681886], [-81.64385173251536, 31.858966558229493], [-81.64907992746967, 31.855151559226307], [-81.64969078186294, 31.854419061355006], [-81.65024773733919, 31.853396606680295], [-81.68894715978443, 31.865184668247686], [-81.689827508763, 31.864978676228358], [-81.69007903704258, 31.86552798725687], [-81.69280991550669, 31.86635957689016], [-81.69068090828303, 31.867328483788267], [-81.6834135376335, 31.870029162636712], [-81.67784398287118, 31.871615965274252], [-81.67140306228315, 31.877261099282627], [-81.67006457250962, 31.87723058597447], [-81.67015440403804, 31.875811705983757], [-81.6691482909197, 31.872760277142213], [-81.66880693111167, 31.86899162306227], [-81.66870811643041, 31.868640687915576], [-81.66843862184514, 31.868419445505904]], [[-81.65270013806517, 31.86043910561964], [-81.6521341994361, 31.860423846181785], [-81.65212521628325, 31.86130125975512], [-81.65270013806517, 31.861209703946365], [-81.65270013806517, 31.86043910561964]]]}}, {"type": "Feature", "properties": {"FID": 5, "_Area_ID": "A-19", "_label": "ARCHERY", "_Parent_ID": "Alpha", "_Type": " ", "Use_Restri": " ", "_ClosedSta": "_closed", "_OpenSta": "_open", "Status": "_openPond", "ACRES": 235.192626492, "Visual": " ", "FillTransp": 0, "OutlineTra": 49.8039215686, "FillTran_1": 0, "OutlineT_1": 0, "Id": 0, "Shape_Leng": 8043.44638444, "Shape_Area": 953461.5, "area_name": "A-19", "area_type": " ", "area_syskey": 5}, "geometry": {"type": "Polygon", "coordinates": [[[-81.57800522218024, 31.87700936418797], [-81.57551688884288, 31.873752002599968], [-81.57779860966487, 31.872653475302457], [-81.59177639548771, 31.864948158853007], [-81.59790290572626, 31.863742714445138], [-81.59818138346436, 31.863986856357744], [-81.59409404892105, 31.867351371229645], [-81.59359997551472, 31.86749632489305], [-81.59203690692013, 31.86749632489305], [-81.59133622099841, 31.867725198634304], [-81.59083316443925, 31.868099024522678], [-81.58967433772257, 31.866756295906644], [-81.5893599273731, 31.866626599492974], [-81.58741058320628, 31.86873986537512], [-81.58768007779155, 31.868976365040226], [-81.58770702725008, 31.86919760611297], [-81.58715905492669, 31.869640086665157], [-81.5863146385595, 31.869952873359978], [-81.58532649174683, 31.869258638039568], [-81.5832244339817, 31.870792051930472], [-81.58291900678505, 31.87110483471545], [-81.58313460245327, 31.871699881960716], [-81.58193984312523, 31.872760277142213], [-81.58190391051386, 31.873553658362304], [-81.5814278034132, 31.874141061210654], [-81.58118525828647, 31.874797117108038], [-81.58120322459214, 31.875735421494316], [-81.581553567553, 31.876101586467595], [-81.58278425949241, 31.876879682204095], [-81.5831615519118, 31.876955965746113], [-81.58351189487266, 31.876788141870268], [-81.58361070955392, 31.876894938917538], [-81.5832873160516, 31.87774931083905], [-81.58123017405067, 31.88093787893768], [-81.57980185274873, 31.879465659056347], [-81.57800522218024, 31.87700936418797]]]}}, {"type": "Feature", "properties": {"FID": 6, "_Area_ID": "D-03", "_label": "ARCHERY", "_Parent_ID": "Delta", "_Type": " ", "Use_Restri": " ", "_ClosedSta": "_closed", "_OpenSta": "_open", "Status": "_closedPond", "ACRES": 1449.64618436, "Visual": " ", "FillTransp": 0, "OutlineTra": 49.8039215686, "FillTran_1": 0, "OutlineT_1": 0, "Id": 0, "Shape_Leng": 10935.9079268, "Shape_Area": 5865982, "area_name": "D-03", "area_type": " ", "area_syskey": 6}, "geometry": {"type": "Polygon", "coordinates": [[[-81.65554779751622, 31.881807469265066], [-81.65341879029256, 31.878306173987177], [-81.6516491091826, 31.879023225685984], [-81.65067892867562, 31.878222263317202], [-81.63838099243432, 31.870166483175666], [-81.63864150386674, 31.86984606826646], [-81.63976439797204, 31.86925100905096], [-81.64088729207735, 31.868465219841124], [-81.64158797799907, 31.86778623153596], [-81.64394156404379, 31.866145958250925], [-81.64446258690866, 31.866489273679566], [-81.64521717174742, 31.86620699219837], [-81.64563937993101, 31.86545169425423], [-81.645468700027, 31.865009193593608], [-81.64834330893659, 31.86285006507295], [-81.64831635947806, 31.86264406783642], [-81.64672634142494, 31.860950295327854], [-81.6470766843858, 31.860576440446586], [-81.66808827888428, 31.868266864224253], [-81.66875303219462, 31.868732236343558], [-81.6691482909197, 31.872760277142213], [-81.67015440403804, 31.875811705983757], [-81.67006457250962, 31.87723058597447], [-81.66392907911823, 31.88148709483636], [-81.66074005985917, 31.883317790849055], [-81.65735341123755, 31.88478232146218], [-81.65554779751622, 31.881807469265066]], [[-81.65264623914813, 31.862689845039867], [-81.65215216574178, 31.862506736089678], [-81.65172995755819, 31.862987396308238], [-81.65199945214346, 31.86371982610768], [-81.65212521628325, 31.863757973333623], [-81.65270013806517, 31.863056061849143], [-81.65276302013507, 31.862781399378594], [-81.65264623914813, 31.862689845039867]]]}}, {"type": "Feature", "properties": {"FID": 7, "_Area_ID": "A-13", "_label": "FIREARM", "_Parent_ID": "Alpha", "_Type": " ", "Use_Restri": " ", "_ClosedSta": "_closed", "_OpenSta": "_open", "Status": " ", "ACRES": 2094.05278135, "Visual": " ", "FillTransp": 0, "OutlineTra": 49.8039215686, "FillTran_1": 0, "OutlineT_1": 0, "Id": 0, "Shape_Leng": 13467.0166232, "Shape_Area": 8474619.5, "area_name": "A-13", "area_type": " ", "area_syskey": 7}, "geometry": {"type": "Polygon", "coordinates": [[[-81.50624779727478, 31.914967820943474], [-81.50372353132605, 31.91272598422276], [-81.50213351327294, 31.912146452919142], [-81.50106451808469, 31.910384960363235], [-81.5007950234994, 31.910209571812523], [-81.49699514984707, 31.909561393833044], [-81.49631243023103, 31.90885983134508], [-81.49390494526925, 31.905496832539654], [-81.49312341097196, 31.90473423068275], [-81.49038354935502, 31.903430166865768], [-81.48776945187787, 31.903079362919087], [-81.48626926535319, 31.903025979592574], [-81.48568536041842, 31.902385377259524], [-81.52599276722248, 31.885163705820943], [-81.52560649165025, 31.890106304246224], [-81.52192339898484, 31.89697058419602], [-81.52029744832036, 31.899052647951855], [-81.52056694290563, 31.90090587387945], [-81.520261515709, 31.902919212846705], [-81.52022558309763, 31.90429191871034], [-81.51933625096622, 31.908669188440413], [-81.51843793568197, 31.91454843387414], [-81.51793487912279, 31.9142129228421], [-81.51675808610044, 31.91422054810643], [-81.51523095011723, 31.91484581762959], [-81.51301211136514, 31.91540245643429], [-81.50931105239405, 31.915577835085944], [-81.50782883217505, 31.915410081599997], [-81.50624779727478, 31.914967820943474]]]}}, {"type": "Feature", "properties": {"FID": 8, "_Area_ID": "B-06", "_label": "SHOTGUN", "_Parent_ID": "Bravo", "_Type": " ", "Use_Restri": " ", "_ClosedSta": "_closed", "_OpenSta": "_open", "Status": " ", "ACRES": 952.954583632, "Visual": " ", "FillTransp": 0, "OutlineTra": 49.8039215686, "FillTran_1": 0, "OutlineT_1": 0, "Id": 0, "Shape_Leng": 10231.1900015, "Shape_Area": 3857230, "area_name": "B-06", "area_type": " ", "area_syskey": 8}, "geometry": {"type": "Polygon", "coordinates": [[[-81.6275203606478, 31.915577835085944], [-81.62780782153875, 31.912443844438837], [-81.62764612478759, 31.912321837777814], [-81.62714306822842, 31.912398091959904], [-81.62699933778293, 31.912237958104505], [-81.62713408507557, 31.91199394407465], [-81.62742154596653, 31.911925315012137], [-81.62744849542506, 31.911757554866085], [-81.6270352703943, 31.911330527659434], [-81.62687357364314, 31.910781489767288], [-81.62637051708396, 31.910506969592646], [-81.62649628122375, 31.90973678361926], [-81.62582254476057, 31.909027596774468], [-81.62585847737193, 31.908364158971395], [-81.62568779746793, 31.908135386206084], [-81.62609203934585, 31.907677838969207], [-81.6261459382629, 31.907380432045272], [-81.62576864584351, 31.90670935648045], [-81.62583152791342, 31.906320435447327], [-81.62562491539803, 31.90561884825032], [-81.62581356160773, 31.904604587738657], [-81.62552610071677, 31.903887735221602], [-81.62582254476057, 31.90341491454808], [-81.62586746052479, 31.902667547884217], [-81.62556203332815, 31.902217599721205], [-81.62565186485656, 31.90177527565427], [-81.62548118495256, 31.90096688479823], [-81.62599322466458, 31.899586502868026], [-81.62642441600102, 31.899060274472454], [-81.62434032454158, 31.898289992700864], [-81.62054943404206, 31.896040122897972], [-81.6189055170719, 31.895788439127696], [-81.61993857964877, 31.895102025348024], [-81.62319048097774, 31.891006316766642], [-81.62396303212219, 31.89028935835284], [-81.62798748459561, 31.887970646115324], [-81.63058361576707, 31.886925681056074], [-81.63812946415472, 31.915387206100938], [-81.6367280923113, 31.915516833853733], [-81.63536265307926, 31.9152575781655], [-81.63413196113983, 31.915227077448268], [-81.63290126920042, 31.91552445900995], [-81.62818511395812, 31.915471082903018], [-81.62772697316316, 31.915859965258818], [-81.6275203606478, 31.915577835085944]]]}}, {"type": "Feature", "properties": {"FID": 9, "_Area_ID": "A-18", "_label": "ARCHERY", "_Parent_ID": "Alpha", "_Type": " ", "Use_Restri": " ", "_ClosedSta": "_closed", "_OpenSta": "_open", "Status": " ", "ACRES": 2366.08298634, "Visual": " ", "FillTransp": 0, "OutlineTra": 49.8039215686, "FillTran_1": 0, "OutlineT_1": 0, "Id": 0, "Shape_Leng": 12352.2369531, "Shape_Area": 9566250.5, "area_name": "A-18", "area_type": " ", "area_syskey": 9}, "geometry": {"type": "Polygon", "coordinates": [[[-81.5808349153256, 31.885911214583007], [-81.58503903085588, 31.884728927525945], [-81.59678899477379, 31.904635091977223], [-81.59164164819506, 31.90668647881813], [-81.58961145565267, 31.907731219597412], [-81.58592836298727, 31.910018931704304], [-81.57623554107028, 31.91668347540915], [-81.57448382626599, 31.91802547615433], [-81.57176193095474, 31.914441680496672], [-81.56962394057824, 31.91270310805629], [-81.56882443997526, 31.912237958104505], [-81.56582406692587, 31.91119326849353], [-81.56317403683735, 31.91083486859502], [-81.5626530139725, 31.910621353098296], [-81.56389268906476, 31.8980535682901], [-81.56431489724835, 31.89718413136384], [-81.56562643756335, 31.895437606057467], [-81.57160921735641, 31.891402929661194], [-81.57278601037878, 31.890762246443966], [-81.5754989225372, 31.889724940355396], [-81.5808349153256, 31.885911214583007]]]}}, {"type": "Feature", "properties": {"FID": 10, "_Area_ID": "D-15", "_label": "FIREARM", "_Parent_ID": "Delta", "_Type": " ", "Use_Restri": " ", "_ClosedSta": "_closed", "_OpenSta": "_open", "Status": " ", "ACRES": 3999.70897426, "Visual": " ", "FillTransp": 0, "OutlineTra": 49.8039215686, "FillTran_1": 0, "OutlineT_1": 0, "Id": 0, "Shape_Leng": 23165.9868365, "Shape_Area": 16181511, "area_name": "D-15", "area_type": " ", "area_syskey": 10}, "geometry": {"type": "Polygon", "coordinates": [[[-81.79175934406624, 31.902949717643878], [-81.78950457270277, 31.90021949825664], [-81.78672877847447, 31.898366258510297], [-81.77839241263666, 31.893881721548016], [-81.77761087833937, 31.893279190582263], [-81.77667663044376, 31.891883439148717], [-81.80288048728518, 31.89984580271017], [-81.80615933807267, 31.900425411480906], [-81.80597967501582, 31.900783851920572], [-81.81271703964765, 31.9028276983945], [-81.8134446750279, 31.900997390242456], [-81.81946338743234, 31.90339966222785], [-81.8199215282273, 31.904772360925694], [-81.82164629357304, 31.905534962466607], [-81.85665364020007, 31.916142094566425], [-81.85620448255793, 31.91660722477898], [-81.8541653068627, 31.91712572781758], [-81.8520722322504, 31.918094100666256], [-81.85148832731565, 31.918566845912768], [-81.84974559566422, 31.919291208915595], [-81.84925152225787, 31.919664825497645], [-81.84890117929703, 31.920183311301177], [-81.84871253308734, 31.921243148188484], [-81.84879338146291, 31.921746375815697], [-81.84921558964652, 31.92208185937082], [-81.8514793441628, 31.922928187447262], [-81.85206324909757, 31.923469528349013], [-81.85227884476579, 31.923896499206844], [-81.8521351143203, 31.924300594799963], [-81.85142544524575, 31.924819054469793], [-81.85133561371732, 31.925116405020333], [-81.85244054151696, 31.929263963737977], [-81.85053611311434, 31.93244312380738], [-81.83124030080879, 31.933357969644756], [-81.80436270750418, 31.91232946319886], [-81.79299003600565, 31.903994500843947], [-81.79175934406624, 31.902949717643878]]]}}, {"type": "Feature", "properties": {"FID": 11, "_Area_ID": "E-02", "_label": "ARCHERY", "_Parent_ID": "Echo", "_Type": " ", "Use_Restri": " ", "_ClosedSta": "_closed", "_OpenSta": "_open", "Status": " ", "ACRES": 2069.24420386, "Visual": " ", "FillTransp": 0, "OutlineTra": 49.8039215686, "FillTran_1": 0, "OutlineT_1": 0, "Id": 0, "Shape_Leng": 15589.2737202, "Shape_Area": 8358799, "area_name": "E-02", "area_type": " ", "area_syskey": 11}, "geometry": {"type": "Polygon", "coordinates": [[[-81.64917874215092, 31.934463396218273], [-81.65259234023107, 31.924895298292356], [-81.65262827284243, 31.916195470284034], [-81.65330200930562, 31.91364102621718], [-81.65386794793469, 31.907761722799602], [-81.65393083000458, 31.899449226185283], [-81.65596102254698, 31.899899187881125], [-81.65687730413691, 31.900250003948567], [-81.65800918139506, 31.900837236547495], [-81.65918597441743, 31.90168376006467], [-81.67122339922629, 31.914434055250688], [-81.67275951836235, 31.915692212287333], [-81.67256188899982, 31.916302221626378], [-81.67416089020577, 31.917819602311386], [-81.67461004784789, 31.91899383953098], [-81.67542751475656, 31.93129955370838], [-81.67513107071277, 31.9317417358334], [-81.67439445217968, 31.932305896146577], [-81.65971598043512, 31.934707350637105], [-81.6578474846439, 31.934875068924516], [-81.64916077584525, 31.9349360573168], [-81.64917874215092, 31.934463396218273]], [[-81.66453993351152, 31.922158105462696], [-81.66451298405299, 31.921128777889205], [-81.65616763506236, 31.921288896268354], [-81.65619458452088, 31.922379218771646], [-81.66148566154509, 31.925368008581344], [-81.6646207818871, 31.925307013841866], [-81.66453993351152, 31.922158105462696]]]}}, {"type": "Feature", "properties": {"FID": 12, "_Area_ID": "B-07", "_label": "FIREARM", "_Parent_ID": "Bravo", "_Type": " ", "Use_Restri": " ", "_ClosedSta": "_closed", "_OpenSta": "_open", "Status": " ", "ACRES": 1822.57731349, "Visual": " ", "FillTransp": 0, "OutlineTra": 49.8039215686, "FillTran_1": 0, "OutlineT_1": 0, "Id": 0, "Shape_Leng": 12073.1511165, "Shape_Area": 7379762.5, "area_name": "B-07", "area_type": " ", "area_syskey": 12}, "geometry": {"type": "Polygon", "coordinates": [[[-81.62979309831694, 31.934958927953478], [-81.61291375412598, 31.922973934688994], [-81.61072186483241, 31.920884787442066], [-81.60939235821174, 31.919230210145844], [-81.60995829684082, 31.919138711915362], [-81.61034457241304, 31.91845247228561], [-81.61118000562739, 31.918246599398337], [-81.61281493944472, 31.917194353000756], [-81.61331799600389, 31.916408972844803], [-81.61349765906074, 31.91479244112888], [-81.61618362176063, 31.91456368434652], [-81.61785448818932, 31.913938412905814], [-81.61826771322008, 31.913595274333595], [-81.61892348337757, 31.912565850938055], [-81.61994756280161, 31.91058322527888], [-81.62294793585099, 31.90937075238189], [-81.62427744247167, 31.90910385368672], [-81.62579559530205, 31.90895896549941], [-81.62649628122375, 31.90973678361926], [-81.62637051708396, 31.910506969592646], [-81.62687357364314, 31.910781489767288], [-81.6270352703943, 31.911330527659434], [-81.62744849542506, 31.911757554866085], [-81.62742154596653, 31.911925315012137], [-81.62713408507557, 31.91199394407465], [-81.62699933778293, 31.912237958104505], [-81.62714306822842, 31.912398091959904], [-81.62764612478759, 31.912321837777814], [-81.62780782153875, 31.912443844438837], [-81.62749341118926, 31.915432957093383], [-81.62772697316316, 31.915859965258818], [-81.62818511395812, 31.915471082903018], [-81.63290126920042, 31.91552445900995], [-81.63413196113983, 31.915227077448268], [-81.63536265307926, 31.9152575781655], [-81.6367280923113, 31.915516833853733], [-81.63812946415472, 31.915387206100938], [-81.64331274334482, 31.934989422126836], [-81.63074531251823, 31.934958927953478], [-81.62980208146978, 31.935286739787156], [-81.62979309831694, 31.934958927953478]]]}}, {"type": "Feature", "properties": {"FID": 13, "_Area_ID": "A-14", "_label": "FIREARM", "_Parent_ID": "Alpha", "_Type": " ", "Use_Restri": " ", "_ClosedSta": "_closed", "_OpenSta": "_open", "Status": " ", "ACRES": 3592.99251354, "Visual": " ", "FillTransp": 0, "OutlineTra": 49.8039215686, "FillTran_1": 0, "OutlineT_1": 0, "Id": 0, "Shape_Leng": 18475.3895369, "Shape_Area": 14542431, "area_name": "A-14", "area_type": " ", "area_syskey": 13}, "geometry": {"type": "Polygon", "coordinates": [[[-81.53349369984592, 31.880129305127813], [-81.53513761681609, 31.879038482044475], [-81.53645814028393, 31.880411543962072], [-81.5394135975691, 31.88258551681008], [-81.54032987915902, 31.883859364778775], [-81.54083293571819, 31.884942503085206], [-81.5408778514824, 31.88682652317175], [-81.53978190683563, 31.887840979562558], [-81.53932376604067, 31.888802033203817], [-81.53858714750758, 31.889511375886656], [-81.53767086591765, 31.891296149434556], [-81.53760798384776, 31.892043608420657], [-81.53799425941997, 31.893515627254065], [-81.5381020572541, 31.894591025100134], [-81.5361976288515, 31.898922997004952], [-81.53609881417022, 31.901828659706176], [-81.53622457831003, 31.902759062495655], [-81.5364132245197, 31.903079362919087], [-81.53824578769957, 31.904612213799243], [-81.53961122693163, 31.90630518360861], [-81.53987173836406, 31.907738845398903], [-81.54114734606767, 31.90876832280013], [-81.54155158794559, 31.909668152873166], [-81.54250380214688, 31.910865370768413], [-81.54270143150941, 31.91253534932841], [-81.54406687074147, 31.914151920704832], [-81.54450704523074, 31.915333829914363], [-81.54418365172842, 31.91685122657296], [-81.54421060118696, 31.917453603230673], [-81.54450704523074, 31.918338098516248], [-81.5443273821739, 31.920267183730044], [-81.54264753259237, 31.924170979425785], [-81.54288109456627, 31.926763252198747], [-81.54190193090645, 31.92844819031393], [-81.54174921730812, 31.92942406795284], [-81.54187498144792, 31.93019408909146], [-81.54205464450477, 31.930415183078182], [-81.5436895783221, 31.931871340535977], [-81.54442619685517, 31.932328767437586], [-81.5331523400379, 31.936247297963643], [-81.52662158792144, 31.937337443098674], [-81.52613649766795, 31.93524099867125], [-81.52529208130076, 31.92995012269598], [-81.52421410295968, 31.928493934809644], [-81.523225956147, 31.926099942299164], [-81.52162695494104, 31.92400324161155], [-81.51896794169969, 31.919878320006013], [-81.51884217755989, 31.918643094918544], [-81.518949975394, 31.917171477945395], [-81.51851878405756, 31.915859965258818], [-81.5184020030706, 31.914731439375874], [-81.51933625096622, 31.908669188440413], [-81.52022558309763, 31.90429191871034], [-81.520261515709, 31.902919212846705], [-81.52056694290563, 31.90090587387945], [-81.52029744832036, 31.899052647951855], [-81.52192339898484, 31.89697058419602], [-81.52560649165025, 31.890106304246224], [-81.52599276722248, 31.885163705820943], [-81.53349369984592, 31.880129305127813]]]}}, {"type": "Feature", "properties": {"FID": 14, "_Area_ID": "D-14", "_label": "FIREARM", "_Parent_ID": "Delta", "_Type": " ", "Use_Restri": " ", "_ClosedSta": "_closed", "_OpenSta": "_open", "Status": " ", "ACRES": 1682.7070657, "Visual": " ", "FillTransp": 0, "OutlineTra": 49.8039215686, "FillTran_1": 0, "OutlineT_1": 0, "Id": 0, "Shape_Leng": 12056.9858062, "Shape_Area": 6820988.5, "area_name": "D-14", "area_type": " ", "area_syskey": 14}, "geometry": {"type": "Polygon", "coordinates": [[[-81.80193725623673, 31.910682357576505], [-81.80207200352936, 31.91065185534245], [-81.80482084829914, 31.912680231884128], [-81.83124030080879, 31.933357969644756], [-81.81185465697479, 31.93431092437773], [-81.79960163649768, 31.936407390017163], [-81.79988909738864, 31.935324857366357], [-81.79938604082946, 31.930293200254706], [-81.79703245478474, 31.918719343861113], [-81.79470581819855, 31.91395366347931], [-81.79450818883602, 31.912985247045178], [-81.79475971711561, 31.912276085238222], [-81.79520887475772, 31.911978693176305], [-81.80193725623673, 31.910682357576505]]]}}, {"type": "Feature", "properties": {"FID": 15, "_Area_ID": "D-13", "_label": "FIREARM", "_Parent_ID": "Delta", "_Type": " ", "Use_Restri": " ", "_ClosedSta": "_closed", "_OpenSta": "_open", "Status": " ", "ACRES": 2835.15312502, "Visual": " ", "FillTransp": 0, "OutlineTra": 49.8039215686, "FillTran_1": 0, "OutlineT_1": 0, "Id": 0, "Shape_Leng": 14384.378906, "Shape_Area": 11472389.5, "area_name": "D-13", "area_type": " ", "area_syskey": 15}, "geometry": {"type": "Polygon", "coordinates": [[[-81.78137481938036, 31.902522649563384], [-81.7838990853291, 31.901515981247464], [-81.78471655223775, 31.901332949461676], [-81.78609097462265, 31.90148547597509], [-81.78789658834398, 31.901912548868044], [-81.78939677486866, 31.902057448149357], [-81.79069933203083, 31.902499770860285], [-81.79137306849401, 31.902461639675817], [-81.79223545116687, 31.903422540707243], [-81.80207200352936, 31.91065185534245], [-81.79520887475772, 31.911978693176305], [-81.79475971711561, 31.912276085238222], [-81.79450818883602, 31.912985247045178], [-81.79470581819855, 31.91395366347931], [-81.79703245478474, 31.918719343861113], [-81.79938604082946, 31.930293200254706], [-81.79988909738864, 31.935324857366357], [-81.79960163649768, 31.936407390017163], [-81.78441112504112, 31.939075549859513], [-81.78412366415016, 31.938297979845295], [-81.7758142477709, 31.930986975405922], [-81.77440389277463, 31.928974250640444], [-81.77026265931426, 31.91873459364204], [-81.77349659433754, 31.91646234840758], [-81.77405354981377, 31.915913341140133], [-81.7749069493338, 31.912207456386188], [-81.77735935005978, 31.90889795987862], [-81.77741324897684, 31.90628993176737], [-81.77779054139623, 31.904871499483363], [-81.77811393489856, 31.90430717088269], [-81.77872478929184, 31.903803847860004], [-81.78137481938036, 31.902522649563384]]]}}, {"type": "Feature", "properties": {"FID": 16, "_Area_ID": "E-03", "_label": "FIREARM", "_Parent_ID": "Echo", "_Type": " ", "Use_Restri": " ", "_ClosedSta": "_closed", "_OpenSta": "_open", "Status": " ", "ACRES": 2481.17977108, "Visual": " ", "FillTransp": 0, "OutlineTra": 49.8039215686, "FillTran_1": 0, "OutlineT_1": 0, "Id": 0, "Shape_Leng": 15647.8358761, "Shape_Area": 10023551.5, "area_name": "E-03", "area_type": " ", "area_syskey": 16}, "geometry": {"type": "Polygon", "coordinates": [[[-81.6831170935897, 31.932824310679322], [-81.68193131741448, 31.932061935354906], [-81.68075452439213, 31.931795102497748], [-81.67443038479105, 31.932290648616057], [-81.67527480115824, 31.93158925947878], [-81.67546344736793, 31.93083449779957], [-81.67461004784789, 31.91899383953098], [-81.67416089020577, 31.917819602311386], [-81.67256188899982, 31.916302221626378], [-81.67275951836235, 31.915692212287333], [-81.67535564953383, 31.91670635058585], [-81.69935863392882, 31.924719937405957], [-81.71955276151866, 31.93061340482116], [-81.72103498173766, 31.931284306010948], [-81.7240712873984, 31.93296916127627], [-81.72378382650744, 31.93327410915533], [-81.72293941014026, 31.932839558121348], [-81.72187939810485, 31.93277856833814], [-81.7211517627246, 31.93327410915533], [-81.72019954852331, 31.934272806378083], [-81.71849274948325, 31.93877062122619], [-81.71638170856527, 31.94515866467457], [-81.69799319469678, 31.940661162444634], [-81.69723860985802, 31.940508700884788], [-81.69378009601367, 31.94026476186294], [-81.6831170935897, 31.932824310679322]]]}}, {"type": "Feature", "properties": {"FID": 17, "_Area_ID": "A-10", "_label": "FIREARM", "_Parent_ID": "Alpha", "_Type": " ", "Use_Restri": " ", "_ClosedSta": "_closed", "_OpenSta": "_open", "Status": " ", "ACRES": 1285.57534884, "Visual": " ", "FillTransp": 0, "OutlineTra": 49.8039215686, "FillTran_1": 0, "OutlineT_1": 0, "Id": 0, "Shape_Leng": 11397.1306953, "Shape_Area": 5196945.5, "area_name": "A-10", "area_type": " ", "area_syskey": 17}, "geometry": {"type": "Polygon", "coordinates": [[[-81.47010857338962, 31.93359430333969], [-81.47161774306716, 31.922257225287613], [-81.4712674001063, 31.918681219397715], [-81.47280351924235, 31.91712572781758], [-81.47615423525258, 31.919626701426143], [-81.47746577556758, 31.920190936070615], [-81.47921749037187, 31.92117452602597], [-81.481490228041, 31.921571008924843], [-81.48443670217331, 31.92260033154901], [-81.48729334477721, 31.92310355175029], [-81.48812877799156, 31.92343903035474], [-81.48918879002699, 31.9242777215119], [-81.49106626897104, 31.926221930685735], [-81.49211729785361, 31.928097481757504], [-81.49336595609871, 31.929157227439834], [-81.49442596813412, 31.931154700480842], [-81.49223407884057, 31.93273282597421], [-81.48817369375578, 31.93450913772111], [-81.4861884169776, 31.936010971089317], [-81.48585604032243, 31.936102452532097], [-81.48530806799904, 31.936155816665007], [-81.48373601625161, 31.93567553835348], [-81.48348448797202, 31.93520288105727], [-81.48338567329075, 31.934288053579834], [-81.4829275324958, 31.9337772709443], [-81.48211904873997, 31.93359430333969], [-81.48078954211928, 31.933800141869263], [-81.4792444398304, 31.93512664578187], [-81.47841798976889, 31.935660291381847], [-81.47729509566358, 31.937505156587285], [-81.47621711732248, 31.93811502123888], [-81.475902706973, 31.938541924087318], [-81.47583084175025, 31.939060303451857], [-81.47604643741847, 31.940508700884788], [-81.47528286942686, 31.94422106796379], [-81.47480676232622, 31.944426882695442], [-81.47159977676147, 31.944929983432136], [-81.47078230985281, 31.94550930814099], [-81.46988399456856, 31.946424023928998], [-81.46860838686493, 31.945555044146662], [-81.47010857338962, 31.93359430333969]]]}}, {"type": "Feature", "properties": {"FID": 18, "_Area_ID": "A-05", "_label": "FIREARM", "_Parent_ID": "Alpha", "_Type": " ", "Use_Restri": " ", "_ClosedSta": "_closed", "_OpenSta": "_open", "Status": " ", "ACRES": 1705.43070662, "Visual": " ", "FillTransp": 0, "OutlineTra": 49.8039215686, "FillTran_1": 0, "OutlineT_1": 0, "Id": 0, "Shape_Leng": 10953.7988591, "Shape_Area": 6898029.5, "area_name": "A-05", "area_type": " ", "area_syskey": 18}, "geometry": {"type": "Polygon", "coordinates": [[[-81.44955511968611, 31.940813623751588], [-81.44815374784268, 31.94011992276238], [-81.44725543255844, 31.940401977642416], [-81.44559354928258, 31.94161404146346], [-81.4434375926004, 31.942239124733362], [-81.44173079356032, 31.941957075491636], [-81.44078756251187, 31.94130912125237], [-81.43952093796109, 31.941194775912383], [-81.4386944878996, 31.94085936209433], [-81.43734701497323, 31.940905100414323], [-81.43634090185486, 31.940051314687715], [-81.43572106430874, 31.939837867016752], [-81.43441850714659, 31.939754012438964], [-81.4341490125613, 31.940043691565144], [-81.43361900654361, 31.94019615389639], [-81.43247814613261, 31.94007418405161], [-81.43145406670858, 31.93949482507846], [-81.43042998728454, 31.938297979845295], [-81.42854352518762, 31.937093495659884], [-81.42664807993788, 31.936788560450953], [-81.4242405949761, 31.93482170404807], [-81.42321651555206, 31.933037774637246], [-81.42185107632, 31.932214410925553], [-81.42013529412709, 31.93036943953834], [-81.44136248429379, 31.92131939497563], [-81.44164096203191, 31.921837871452095], [-81.44274588983153, 31.922142856249387], [-81.44312318225091, 31.92266132808369], [-81.44447963833012, 31.92350765082764], [-81.44520727371037, 31.924132857222133], [-81.44649186456684, 31.924514078547396], [-81.45002224363391, 31.925230770360667], [-81.45178294159103, 31.925833092139356], [-81.45292380200202, 31.926816621752824], [-81.45417246024712, 31.9276552821058], [-81.45483721355745, 31.9285777996593], [-81.45452280320798, 31.9290428669829], [-81.45543010164506, 31.930636276533246], [-81.45504382607284, 31.93131480140327], [-81.45498094400294, 31.932488866315477], [-81.45430720753976, 31.933060645746195], [-81.45398381403743, 31.933548561381624], [-81.4543161906926, 31.93633877917124], [-81.45412754448292, 31.93698676845182], [-81.45404669610733, 31.94085936209433], [-81.45388499935616, 31.94157592649239], [-81.45357058900667, 31.942002813265315], [-81.45106428936363, 31.94226961649143], [-81.44955511968611, 31.940813623751588]]]}}, {"type": "Feature", "properties": {"FID": 19, "_Area_ID": "A-07", "_label": "FIREARM", "_Parent_ID": "Alpha", "_Type": " ", "Use_Restri": " ", "_ClosedSta": "_closed", "_OpenSta": "_open", "Status": " ", "ACRES": 1591.46297726, "Visual": " ", "FillTransp": 0, "OutlineTra": 49.8039215686, "FillTran_1": 0, "OutlineT_1": 0, "Id": 0, "Shape_Leng": 13692.9532028, "Shape_Area": 6436110, "area_name": "A-07", "area_type": " ", "area_syskey": 19}, "geometry": {"type": "Polygon", "coordinates": [[[-81.44136248429379, 31.92131939497563], [-81.48568536041842, 31.902385377259524], [-81.48616146751907, 31.90280481976725], [-81.48626926535319, 31.903025979592574], [-81.48508348917797, 31.90316325094102], [-81.4847061967586, 31.90333102675553], [-81.48272091998041, 31.904917255704717], [-81.482631088452, 31.906495831410844], [-81.48160700902795, 31.909355501048726], [-81.48065479482665, 31.910476467300477], [-81.48032241817148, 31.910613727535683], [-81.47782510168128, 31.910682357576505], [-81.4766213592004, 31.911780431267633], [-81.4749504927717, 31.912237958104505], [-81.47398031226471, 31.912855615725302], [-81.47322572742594, 31.9165995997125], [-81.4712674001063, 31.918681219397715], [-81.47161774306716, 31.922257225287613], [-81.47058468049026, 31.929972994573024], [-81.45490009562737, 31.928593047805577], [-81.45417246024712, 31.9276552821058], [-81.45292380200202, 31.926816621752824], [-81.45178294159103, 31.925833092139356], [-81.44874663593028, 31.924933420179936], [-81.44649186456684, 31.924514078547396], [-81.44520727371037, 31.924132857222133], [-81.44447963833012, 31.92350765082764], [-81.44312318225091, 31.92266132808369], [-81.44274588983153, 31.922142856249387], [-81.44164096203191, 31.921837871452095], [-81.44136248429379, 31.92131939497563]]]}}, {"type": "Feature", "properties": {"FID": 20, "_Area_ID": "D-12", "_label": "FIREARM", "_Parent_ID": "Delta", "_Type": " ", "Use_Restri": " ", "_ClosedSta": "_closed", "_OpenSta": "_open", "Status": " ", "ACRES": 1921.78528651, "Visual": " ", "FillTransp": 0, "OutlineTra": 49.8039215686, "FillTran_1": 0, "OutlineT_1": 0, "Id": 0, "Shape_Leng": 12896.5305355, "Shape_Area": 7780686.5, "area_name": "D-12", "area_type": " ", "area_syskey": 20}, "geometry": {"type": "Polygon", "coordinates": [[[-81.74796647395931, 31.94470130162056], [-81.74600814663965, 31.943588375346582], [-81.7454062753992, 31.936681832888805], [-81.74570271944302, 31.935393468969124], [-81.7483886821429, 31.929431691956122], [-81.75021226216992, 31.929607043857047], [-81.75114651006554, 31.929568923907034], [-81.7560692778232, 31.92813560231757], [-81.75916846555384, 31.927861133932357], [-81.76203409131057, 31.92674800374905], [-81.76639092043916, 31.924102359447854], [-81.76726228626488, 31.9242777215119], [-81.77328998182216, 31.926343918910483], [-81.77440389277463, 31.928974250640444], [-81.77567051732541, 31.930826873912622], [-81.78393501794046, 31.938122644521417], [-81.78438417558257, 31.93886209992242], [-81.78441112504112, 31.939075549859513], [-81.77458355583147, 31.942147649398468], [-81.77181674475601, 31.942780351935067], [-81.75067938611772, 31.945097683065566], [-81.74940377841409, 31.94505194683227], [-81.74796647395931, 31.94470130162056]], [[-81.7560692778232, 31.944487864749618], [-81.75567401909812, 31.943679849247353], [-81.75476672066104, 31.943710340527396], [-81.7548026532724, 31.94463269696611], [-81.7560692778232, 31.944487864749618]], [[-81.76799890479796, 31.935873748754418], [-81.76754974715584, 31.93559930347008], [-81.76710957266656, 31.93607195872794], [-81.76807975317354, 31.93655223496821], [-81.76805280371502, 31.936719949889525], [-81.76844806244009, 31.937169729304063], [-81.76887027062368, 31.937169729304063], [-81.7687894222481, 31.936620845654826], [-81.76799890479796, 31.935873748754418]], [[-81.76742398301604, 31.93468447993786], [-81.7667592297057, 31.934646362093094], [-81.76688499384551, 31.935058033979978], [-81.76671431394149, 31.935210504581324], [-81.76712753897225, 31.93540109247738], [-81.76759466292005, 31.93523337514971], [-81.76742398301604, 31.93468447993786]]]}}, {"type": "Feature", "properties": {"FID": 21, "_Area_ID": "B-02", "_label": "FIREARM", "_Parent_ID": "Bravo", "_Type": " ", "Use_Restri": " ", "_ClosedSta": "_closed", "_OpenSta": "_open", "Status": " ", "ACRES": 1025.9796348, "Visual": " ", "FillTransp": 0, "OutlineTra": 49.8039215686, "FillTran_1": 0, "OutlineT_1": 0, "Id": 0, "Shape_Leng": 9051.90966051, "Shape_Area": 4142982.5, "area_name": "B-02", "area_type": " ", "area_syskey": 21}, "geometry": {"type": "Polygon", "coordinates": [[[-81.55574496943665, 31.928341453068796], [-81.55590666618782, 31.928333828975113], [-81.55682294777775, 31.93039231131111], [-81.55560123899117, 31.93474546845658], [-81.55567310421392, 31.937756726246413], [-81.55442444596882, 31.940996576986045], [-81.55048982502382, 31.94854308052059], [-81.54778589601825, 31.947948530006588], [-81.54198277928202, 31.946103874439014], [-81.53281996338274, 31.938297979845295], [-81.53235283943494, 31.93810739795573], [-81.52938839899691, 31.937558519905846], [-81.52838228587856, 31.937055378814094], [-81.53193961440418, 31.93649887106545], [-81.53376319443119, 31.93606433527533], [-81.55574496943665, 31.928341453068796]]]}}, {"type": "Feature", "properties": {"FID": 22, "_Area_ID": "A-09", "_label": "FIREARM", "_Parent_ID": "Alpha", "_Type": " ", "Use_Restri": " ", "_ClosedSta": "_closed", "_OpenSta": "_open", "Status": " ", "ACRES": 2055.42595205, "Visual": " ", "FillTransp": 0, "OutlineTra": 49.8039215686, "FillTran_1": 0, "OutlineT_1": 0, "Id": 0, "Shape_Leng": 12993.4039019, "Shape_Area": 8307959.5, "area_name": "A-09", "area_type": " ", "area_syskey": 22}, "geometry": {"type": "Polygon", "coordinates": [[[-81.47078230985281, 31.94550930814099], [-81.47159977676147, 31.944929983432136], [-81.47480676232622, 31.944426882695442], [-81.47528286942686, 31.94422106796379], [-81.47604643741847, 31.940508700884788], [-81.47583084175025, 31.939060303451857], [-81.475902706973, 31.938541924087318], [-81.47621711732248, 31.93811502123888], [-81.47729509566358, 31.937505156587285], [-81.47841798976889, 31.935660291381847], [-81.4792444398304, 31.93512664578187], [-81.48078954211928, 31.933800141869263], [-81.48211904873997, 31.93359430333969], [-81.4829275324958, 31.9337772709443], [-81.48338567329075, 31.934288053579834], [-81.48348448797202, 31.93520288105727], [-81.48373601625161, 31.93567553835348], [-81.48530806799904, 31.936155816665007], [-81.48585604032243, 31.936102452532097], [-81.4861884169776, 31.936010971089317], [-81.48817369375578, 31.93450913772111], [-81.49223407884057, 31.93273282597421], [-81.49442596813412, 31.931154700480842], [-81.49582733997754, 31.934913186674425], [-81.49734549280791, 31.937230716173882], [-81.49821685863363, 31.938008295216957], [-81.49836957223195, 31.93910604266719], [-81.49868398258144, 31.939433839710933], [-81.5022323279542, 31.942124780550508], [-81.50383132916016, 31.94293280972631], [-81.50776595010515, 31.94543308141429], [-81.50809832676033, 31.945410213383937], [-81.50850256863822, 31.94505194683227], [-81.5089607094332, 31.945074814951756], [-81.5124102401247, 31.945943799275692], [-81.51015546876124, 31.94859643742987], [-81.50567287549286, 31.951713951615222], [-81.50404692482837, 31.952651471864698], [-81.48848810410527, 31.957224604196856], [-81.48825454213136, 31.956995952987814], [-81.48644892841003, 31.956584379377098], [-81.4854068826803, 31.955753604803537], [-81.48495772503819, 31.95507526035887], [-81.48430195488068, 31.95341367639801], [-81.48393364561414, 31.95311641738231], [-81.4796307154026, 31.951248998999244], [-81.47879528218826, 31.95073068839125], [-81.47822036040635, 31.95063922150981], [-81.47413302586304, 31.949099515336773], [-81.47146502946883, 31.947559783359512], [-81.46988399456856, 31.946424023928998], [-81.47078230985281, 31.94550930814099]]]}}, {"type": "Feature", "properties": {"FID": 23, "_Area_ID": "E-22", "_label": "FIREARM", "_Parent_ID": "Echo", "_Type": " ", "Use_Restri": " ", "_ClosedSta": "_closed", "_OpenSta": "_open", "Status": " ", "ACRES": 1881.67750954, "Visual": " ", "FillTransp": 0, "OutlineTra": 49.8039215686, "FillTran_1": 0, "OutlineT_1": 0, "Id": 0, "Shape_Leng": 14204.0255377, "Shape_Area": 7615009.5, "area_name": "E-22", "area_type": " ", "area_syskey": 23}, "geometry": {"type": "Polygon", "coordinates": [[[-81.88022543325863, 31.958543148396142], [-81.87833897116172, 31.956348104804324], [-81.87841083638446, 31.953169771635448], [-81.87665013842734, 31.95128710995793], [-81.87441333336957, 31.949412032043288], [-81.8729580626091, 31.947323485574188], [-81.87234720821581, 31.946713682030186], [-81.86752325513942, 31.943717963345804], [-81.86384914562686, 31.943458787164595], [-81.86216929604532, 31.942841335081905], [-81.86217827919816, 31.940775508448542], [-81.86032774971262, 31.935911866090215], [-81.86024690133704, 31.935119022250866], [-81.86051639592232, 31.932824310679322], [-81.86044453069957, 31.932344014961792], [-81.85978876054207, 31.931993321265605], [-81.8547581949503, 31.932252529778705], [-81.85360835138647, 31.93219916337987], [-81.85618651625225, 31.931665497687693], [-81.88204901328565, 31.924925795803695], [-81.88202206382712, 31.926031323760597], [-81.88283953073578, 31.927113965844086], [-81.88195918175722, 31.928097481757504], [-81.88230054156524, 31.929263963737977], [-81.8830102106398, 31.930621028725838], [-81.88270478344315, 31.931535892694946], [-81.88331563783643, 31.932458371312606], [-81.88371987971435, 31.935408715985], [-81.8831629242381, 31.936521741313285], [-81.8827586823602, 31.93698676845182], [-81.88298326118127, 31.938519054342137], [-81.8834773345876, 31.938747751537928], [-81.883396486212, 31.9390907962646], [-81.88366598079729, 31.939372854302924], [-81.88336953675349, 31.940173284562825], [-81.88309105901538, 31.940333369778276], [-81.88270478344315, 31.940958461758903], [-81.88321682315517, 31.94161404146346], [-81.8838366607013, 31.941690271358144], [-81.88429480149627, 31.942361091704928], [-81.88470802652702, 31.94258215642831], [-81.88474395913838, 31.943329198799862], [-81.88539074614303, 31.943756077428457], [-81.88590278585505, 31.94382468273739], [-81.88644177502562, 31.94538734534791], [-81.88688194951489, 31.945936176641908], [-81.88816654037136, 31.946667946601238], [-81.88906485565559, 31.947628385828516], [-81.88901095673855, 31.949236717924197], [-81.88833722027537, 31.949465388447905], [-81.88768145011787, 31.950883132991283], [-81.88762755120081, 31.95140906491952], [-81.88726822508711, 31.952034081556647], [-81.88666635384668, 31.95267433809272], [-81.88638787610856, 31.953642336524766], [-81.88581295432664, 31.95374142240291], [-81.88529193146178, 31.954076789197426], [-81.88545362821294, 31.954381667038998], [-81.88513921786345, 31.95467130005123], [-81.88528294830893, 31.954945688378274], [-81.88479785805544, 31.955067638482745], [-81.88505836948787, 31.95557068095224], [-81.88398039114678, 31.956203291056067], [-81.88345038512907, 31.956736814262776], [-81.88290241280569, 31.956713949046044], [-81.8827766486659, 31.957247469286443], [-81.88212986166123, 31.958055365464958], [-81.88158188933784, 31.95823828436775], [-81.88149205780941, 31.9585888779131], [-81.88022543325863, 31.958543148396142]]]}}, {"type": "Feature", "properties": {"FID": 24, "_Area_ID": "A-15", "_label": "SHOTGUN", "_Parent_ID": "Alpha", "_Type": " ", "Use_Restri": " ", "_ClosedSta": "_closed", "_OpenSta": "_open", "Status": " ", "ACRES": 403.386239032, "Visual": " ", "FillTransp": 0, "OutlineTra": 49.8039215686, "FillTran_1": 0, "OutlineT_1": 0, "Id": 0, "Shape_Leng": 5444.70935612, "Shape_Area": 1630356.5, "area_name": "A-15", "area_type": " ", "area_syskey": 24}, "geometry": {"type": "Polygon", "coordinates": [[[-81.54413873596421, 31.920930535700226], [-81.54435433163243, 31.920122313123063], [-81.5476511487256, 31.921769249733334], [-81.55299612466686, 31.924140481664125], [-81.55847584790075, 31.9251697755302], [-81.5578290608961, 31.92754854394024], [-81.54442619685517, 31.932328767437586], [-81.5436895783221, 31.931871340535977], [-81.54205464450477, 31.930415183078182], [-81.54187498144792, 31.93019408909146], [-81.54174921730812, 31.929492683959584], [-81.54190193090645, 31.92844819031393], [-81.54288109456627, 31.926763252198747], [-81.54264753259237, 31.924170979425785], [-81.54413873596421, 31.920930535700226]]]}}, {"type": "Feature", "properties": {"FID": 25, "_Area_ID": "D-16", "_label": "FIREARM", "_Parent_ID": "Delta", "_Type": " ", "Use_Restri": " ", "_ClosedSta": "_closed", "_OpenSta": "_open", "Status": " ", "ACRES": 1051.48878188, "Visual": " ", "FillTransp": 0, "OutlineTra": 49.8039215686, "FillTran_1": 0, "OutlineT_1": 0, "Id": 0, "Shape_Leng": 9745.3961363, "Shape_Area": 4257414.5, "area_name": "D-16", "area_type": " ", "area_syskey": 25}, "geometry": {"type": "Polygon", "coordinates": [[[-81.85661770758868, 31.91622597068021], [-81.85665364020007, 31.916142094566425], [-81.88087222026329, 31.923477152846015], [-81.88209392904986, 31.924155730546225], [-81.88204901328565, 31.924925795803695], [-81.85542294826064, 31.931863716735005], [-81.85324004211992, 31.932252529778705], [-81.85053611311434, 31.93244312380738], [-81.85244054151696, 31.929263963737977], [-81.85133561371732, 31.925116405020333], [-81.85142544524575, 31.924819054469793], [-81.8521351143203, 31.924300594799963], [-81.85227884476579, 31.923896499206844], [-81.85206324909757, 31.923469528349013], [-81.8514793441628, 31.922928187447262], [-81.84921558964652, 31.92208185937082], [-81.84879338146291, 31.921746375815697], [-81.84871253308734, 31.921243148188484], [-81.84890117929703, 31.920183311301177], [-81.84955694945452, 31.91940558149986], [-81.85148832731565, 31.918566845912768], [-81.8520722322504, 31.918094100666256], [-81.85428208784965, 31.91707997766704], [-81.85620448255793, 31.91660722477898], [-81.85661770758868, 31.91622597068021]]]}}, {"type": "Feature", "properties": {"FID": 26, "_Area_ID": "A-01", "_label": "FIREARM", "_Parent_ID": "Alpha", "_Type": " ", "Use_Restri": " ", "_ClosedSta": "_closed", "_OpenSta": "_open", "Status": " ", "ACRES": 3474.48864863, "Visual": " ", "FillTransp": 0, "OutlineTra": 49.8039215686, "FillTran_1": 0, "OutlineT_1": 0, "Id": 0, "Shape_Leng": 17851.7454572, "Shape_Area": 14048884, "area_name": "A-01", "area_type": " ", "area_syskey": 26}, "geometry": {"type": "Polygon", "coordinates": [[[-81.33200158158986, 31.961957556373488], [-81.33751723743512, 31.9522703672264], [-81.36342465023274, 31.952277989334657], [-81.36837436744892, 31.95246091974319], [-81.38608016170139, 31.94490711527657], [-81.38766119660166, 31.95177492883292], [-81.38799357325682, 31.954168252656153], [-81.38782289335282, 31.95440453283632], [-81.38512794750008, 31.95625664351621], [-81.38510099804155, 31.95939676229181], [-81.38545134100241, 31.959968374304363], [-81.38873917494276, 31.96280351729769], [-81.38910748420929, 31.963276032619792], [-81.388496629816, 31.971247456809852], [-81.38935901248888, 31.97404415002644], [-81.38697847698563, 31.974463265646094], [-81.3857477850462, 31.974463265646094], [-81.38424759852153, 31.9742727587835], [-81.3352894155302, 31.963306517395807], [-81.33389702683961, 31.962894972065918], [-81.33200158158986, 31.961957556373488]]]}}, {"type": "Feature", "properties": {"FID": 27, "_Area_ID": "E-14", "_label": "FIREARM", "_Parent_ID": "Echo", "_Type": " ", "Use_Restri": " ", "_ClosedSta": "_closed", "_OpenSta": "_open", "Status": " ", "ACRES": 1713.65846563, "Visual": " ", "FillTransp": 0, "OutlineTra": 49.8039215686, "FillTran_1": 0, "OutlineT_1": 0, "Id": 0, "Shape_Leng": 10762.2351213, "Shape_Area": 6938122.5, "area_name": "E-14", "area_type": " ", "area_syskey": 27}, "geometry": {"type": "Polygon", "coordinates": [[[-81.80924954265046, 31.96423629820184], [-81.81032752099156, 31.961957556373488], [-81.8130224668443, 31.962750168640827], [-81.81441485553488, 31.96222430165033], [-81.81546588441743, 31.96200328419025], [-81.81699302040066, 31.96130212183077], [-81.8228410529011, 31.959922645474304], [-81.8235417388228, 31.95917573802646], [-81.82483531283212, 31.95878703889023], [-81.82889569791689, 31.958870876097965], [-81.83223743077428, 31.95839071650843], [-81.83383643198025, 31.95878703889023], [-81.83466288204174, 31.95917573802646], [-81.83575882668853, 31.9604485256454], [-81.83691765340521, 31.961332607262054], [-81.83916344161581, 31.961591733019514], [-81.84048396508366, 31.962445318578425], [-81.84057379661209, 31.96291783574375], [-81.84035820094387, 31.965097480221797], [-81.83974734655058, 31.966880787218503], [-81.83972039709204, 31.968237296695623], [-81.83919039107434, 31.970744500216075], [-81.83927123944993, 31.97225336173008], [-81.83482457879292, 31.97276393046451], [-81.83370168468761, 31.973106848169472], [-81.82839264135772, 31.975293870946615], [-81.82499700958327, 31.97617780961548], [-81.81228584831122, 31.97617780961548], [-81.81092040907916, 31.97631497174935], [-81.80813563169801, 31.976985539230764], [-81.80691392291143, 31.976909338627358], [-81.806824091383, 31.968526886010267], [-81.80694087236996, 31.96783339428385], [-81.80731816478935, 31.96685030362922], [-81.80924954265046, 31.96423629820184]]]}}, {"type": "Feature", "properties": {"FID": 28, "_Area_ID": "A-08", "_label": "FIREARM", "_Parent_ID": "Alpha", "_Type": " ", "Use_Restri": " ", "_ClosedSta": "_closed", "_OpenSta": "_open", "Status": " ", "ACRES": 830.28654011, "Visual": " ", "FillTransp": 0, "OutlineTra": 49.8039215686, "FillTran_1": 0, "OutlineT_1": 0, "Id": 0, "Shape_Leng": 8750.84048139, "Shape_Area": 3356576.5, "area_name": "A-08", "area_type": " ", "area_syskey": 28}, "geometry": {"type": "Polygon", "coordinates": [[[-81.4647905469069, 31.96208711846185], [-81.4652576708547, 31.961492655610375], [-81.4664614133356, 31.960707653897533], [-81.46679378999076, 31.96012080357349], [-81.46860838686493, 31.945555044146662], [-81.47146502946883, 31.947559783359512], [-81.47413302586304, 31.949099515336773], [-81.47822036040635, 31.95063922150981], [-81.47879528218826, 31.95073068839125], [-81.4796307154026, 31.951248998999244], [-81.48393364561414, 31.95311641738231], [-81.48430195488068, 31.95341367639801], [-81.48495772503819, 31.95507526035887], [-81.4854068826803, 31.955753604803537], [-81.48644892841003, 31.956584379377098], [-81.48825454213136, 31.956995952987814], [-81.48848810410527, 31.957224604196856], [-81.46746752645394, 31.96525752200805], [-81.46657819432254, 31.965509015679956], [-81.46411681044371, 31.965737645693014], [-81.46427850719488, 31.96499078554264], [-81.46380240009422, 31.96359612226298], [-81.4647905469069, 31.96208711846185]], [[-81.47362098615102, 31.961645082349406], [-81.4733245421072, 31.961606975688365], [-81.47290233392361, 31.961843236731923], [-81.47301013175773, 31.96208711846185], [-81.47371980083228, 31.961797508835446], [-81.47362098615102, 31.961645082349406]]]}}, {"type": "Feature", "properties": {"FID": 29, "_Area_ID": "A-06", "_label": "FIREARM", "_Parent_ID": "Alpha", "_Type": " ", "Use_Restri": " ", "_ClosedSta": "_closed", "_OpenSta": "_open", "Status": " ", "ACRES": 1997.35522958, "Visual": " ", "FillTransp": 0, "OutlineTra": 49.8039215686, "FillTran_1": 0, "OutlineT_1": 0, "Id": 0, "Shape_Leng": 13024.9157266, "Shape_Area": 8094685, "area_name": "A-06", "area_type": " ", "area_syskey": 29}, "geometry": {"type": "Polygon", "coordinates": [[[-81.45453178636082, 31.928882762104237], [-81.45483721355745, 31.9285777996593], [-81.47058468049026, 31.929972994573024], [-81.46675785737939, 31.9602808540338], [-81.46628175027874, 31.960860081939575], [-81.4652576708547, 31.961492655610375], [-81.46383833270559, 31.96347418348286], [-81.46378443378855, 31.96372568203941], [-81.46427850719488, 31.96499078554264], [-81.46411681044371, 31.965737645693014], [-81.45975998131512, 31.96604248482482], [-81.45836759262454, 31.965752887673645], [-81.44912392834966, 31.961706052974172], [-81.44998631102254, 31.959869295143758], [-81.45001326048107, 31.958794660457738], [-81.4505702159573, 31.958223041139757], [-81.4524746443599, 31.95444264248589], [-81.45138768286596, 31.951713951615222], [-81.45135175025459, 31.950791666261622], [-81.4516481942984, 31.948794619964467], [-81.45375923521637, 31.945455949438944], [-81.453723302605, 31.942643139706668], [-81.45357058900667, 31.942002813265315], [-81.45388499935616, 31.94157592649239], [-81.45404669610733, 31.94085936209433], [-81.45411856133006, 31.937139235853966], [-81.4543161906926, 31.93633877917124], [-81.45398381403743, 31.933548561381624], [-81.45430720753976, 31.933060645746195], [-81.45498094400294, 31.932488866315477], [-81.45504382607284, 31.93131480140327], [-81.4554390847979, 31.93057528528841], [-81.45453178636082, 31.928882762104237]]]}}, {"type": "Feature", "properties": {"FID": 30, "_Area_ID": "B-24", "_label": "FIREARM", "_Parent_ID": "Bravo", "_Type": " ", "Use_Restri": " ", "_ClosedSta": "_closed", "_OpenSta": "_open", "Status": " ", "ACRES": 3431.3962476, "Visual": " ", "FillTransp": 0, "OutlineTra": 49.8039215686, "FillTran_1": 0, "OutlineT_1": 0, "Id": 0, "Shape_Leng": 26484.2517409, "Shape_Area": 13884563.5, "area_name": "B-24", "area_type": " ", "area_syskey": 30}, "geometry": {"type": "Polygon", "coordinates": [[[-81.38355589575265, 31.979820156722667], [-81.38233418696609, 31.977016019454414], [-81.3812382423193, 31.97540055365147], [-81.37963924111335, 31.973983187595064], [-81.37728565506863, 31.972733448828745], [-81.38424759852153, 31.9742727587835], [-81.3857477850462, 31.974463265646094], [-81.38697847698563, 31.974463265646094], [-81.38858646134442, 31.974257518217403], [-81.39637485485882, 31.9722990844191], [-81.39798283921763, 31.971681826195848], [-81.43068151556412, 31.95617280392209], [-81.43258594396671, 31.95560116828608], [-81.43451732182785, 31.95557068095224], [-81.43617920510371, 31.955982259105376], [-81.45775673823125, 31.965524257698547], [-81.45975998131512, 31.96604248482482], [-81.45908624485195, 31.966941754366744], [-81.45866403666835, 31.96897650971495], [-81.45673265880721, 31.968915543917934], [-81.45396584773175, 31.96832112527538], [-81.4534268585612, 31.96832112527538], [-81.45225904869169, 31.968808853675753], [-81.45134276710175, 31.968839336614753], [-81.45012105831518, 31.969807164665276], [-81.44765069128351, 31.970752120791097], [-81.4467793254578, 31.972276223077426], [-81.44498269488929, 31.97364027316409], [-81.44288063712416, 31.974912860274067], [-81.44164096203191, 31.97514908707735], [-81.44103010763862, 31.975027163641904], [-81.43938619066846, 31.973754578116758], [-81.43901788140192, 31.973632652828854], [-81.43839804385578, 31.973823161020032], [-81.43842499331431, 31.97435658185176], [-81.4391616118474, 31.974912860274067], [-81.43943110643268, 31.975309111340604], [-81.43951195480825, 31.976848378099074], [-81.43981738200489, 31.97768658181353], [-81.43964670210089, 31.978189500367467], [-81.4389100835678, 31.978791475012738], [-81.43896398248486, 31.97903531172003], [-81.43936822436277, 31.979302007376784], [-81.43987128092195, 31.979416305278114], [-81.44002399452027, 31.97953822288261], [-81.43996111245038, 31.979766817954506], [-81.43842499331431, 31.980262105323344], [-81.43673616057994, 31.980498318357753], [-81.4360714072696, 31.980437360213536], [-81.43574801376727, 31.98013256888501], [-81.43546953602915, 31.98013256888501], [-81.43500241208133, 31.980277344892297], [-81.4336818886135, 31.981161235561327], [-81.43333154565265, 31.98122219322467], [-81.43307103422022, 31.981085038425206], [-81.43281052278778, 31.980673572796814], [-81.43321476466569, 31.97992683416597], [-81.43309798367873, 31.97921056895322], [-81.43272069125936, 31.97901245205624], [-81.43235238199281, 31.978974352603935], [-81.43178644336375, 31.979164849707267], [-81.43066354925844, 31.98017066785644], [-81.42989998126683, 31.979896354909105], [-81.42862437356321, 31.98039926135284], [-81.42804046862845, 31.979987792649336], [-81.42788775503013, 31.979713479155325], [-81.42824708114382, 31.97918770933307], [-81.42820216537962, 31.978943873030723], [-81.42764520990337, 31.978212360236263], [-81.4279865697114, 31.97781612170457], [-81.42919031219228, 31.97774754178504], [-81.4293430257906, 31.977160800378506], [-81.42910048066385, 31.976993159287613], [-81.42788775503013, 31.97676455730656], [-81.42604620869743, 31.977343681219292], [-81.42585756248774, 31.977846601652377], [-81.42613604022586, 31.978319039548634], [-81.42597434347468, 31.978654316580165], [-81.42504907873192, 31.97857811736239], [-81.42466280315969, 31.97828093980843], [-81.42420466236473, 31.9784866782175], [-81.42376448787545, 31.97799900123947], [-81.42318058294069, 31.97809044087027], [-81.42272244214571, 31.977938041435003], [-81.42272244214571, 31.97702363950874], [-81.42197684045979, 31.976284491292862], [-81.42202175622401, 31.975636779199554], [-81.42103360941134, 31.97534721231454], [-81.42020715934983, 31.975629159030063], [-81.42000054683446, 31.975888244437428], [-81.41901240002178, 31.97615494923991], [-81.41858120868535, 31.976581675311746], [-81.41848239400409, 31.976894098499084], [-81.41866205706094, 31.97754942172959], [-81.41820391626597, 31.978212360236263], [-81.41818594996028, 31.97873051573469], [-81.41789848906932, 31.979042931606678], [-81.41693729171519, 31.979202949080463], [-81.41648813407306, 31.978844814347827], [-81.41629948786337, 31.978501918081303], [-81.41558083563596, 31.97828093980843], [-81.41521252636943, 31.97854001772976], [-81.41486218340859, 31.979042931606678], [-81.41372132299759, 31.97923342856765], [-81.41320928328557, 31.979728718815398], [-81.4129397887003, 31.979782057605696], [-81.41259842889228, 31.979721098985667], [-81.41223910277859, 31.979423925133133], [-81.41228401854279, 31.97840285892135], [-81.41206842287458, 31.978242840052445], [-81.41161028207962, 31.978181880409956], [-81.41072094994821, 31.978341899385143], [-81.41025382600041, 31.97861621697919], [-81.41001128087366, 31.979058171378117], [-81.40964297160713, 31.9791115105582], [-81.4090680498252, 31.97857811736239], [-81.40775650951021, 31.978242840052445], [-81.40719955403398, 31.9775113216699], [-81.40601377785877, 31.977442741522566], [-81.40540292346547, 31.97725986087918], [-81.40480105222504, 31.976345452195716], [-81.40402850108059, 31.97619304986268], [-81.40383087171806, 31.97625401082627], [-81.4035883265913, 31.976886478433993], [-81.40330984885318, 31.977076979871352], [-81.40277085968265, 31.97717604046248], [-81.40161203296597, 31.977122700157476], [-81.40090236389142, 31.97740464141858], [-81.4002825263453, 31.977457981559724], [-81.39966268879917, 31.97731320110447], [-81.39928539637978, 31.977412261440644], [-81.3990787838644, 31.97774754178504], [-81.39949200889515, 31.978250460004894], [-81.39951895835368, 31.97855525758471], [-81.39923149746272, 31.978898153651897], [-81.39858471045807, 31.979088650913393], [-81.39830623271996, 31.979042931606678], [-81.39833318217848, 31.978593357211], [-81.39775826039657, 31.978372379158294], [-81.39735401851866, 31.978387619041083], [-81.39634790540029, 31.978981972495674], [-81.39584484884112, 31.979050551492715], [-81.39536874174047, 31.978753375468706], [-81.395054331391, 31.977953281389926], [-81.39478483680571, 31.97773230179595], [-81.39433567916359, 31.977648481810785], [-81.39398533620273, 31.977755161778607], [-81.3938326226044, 31.97799900123947], [-81.39382363945157, 31.97921056895322], [-81.39359007747767, 31.979500123648595], [-81.39288939155595, 31.979378205993488], [-81.39273667795764, 31.979195329207098], [-81.39270074534626, 31.97857811736239], [-81.39226057085699, 31.978242840052445], [-81.39164971646369, 31.978669556416108], [-81.39106581152895, 31.979713479155325], [-81.39019444570323, 31.9799192143527], [-81.38979020382531, 31.979728718815398], [-81.38973630490825, 31.9795763221008], [-81.38967342283837, 31.97830379965445], [-81.38941291140593, 31.978098060835393], [-81.38894578745813, 31.97809044087027], [-81.38901765268086, 31.978760995378764], [-81.38837086567621, 31.979340106693037], [-81.38888290538823, 31.980345922921284], [-81.38822713523074, 31.980604995012683], [-81.38753543246186, 31.979820156722667], [-81.38721203895953, 31.979774437780417], [-81.3868886454572, 31.979957313412726], [-81.38672694870604, 31.98026972510814], [-81.3867808476231, 31.98089454530808], [-81.38545134100241, 31.981534600613685], [-81.38516388011146, 31.98180128900664], [-81.3852986274041, 31.98213655331524], [-81.38580168396327, 31.982570871166374], [-81.38584659972747, 31.98288327396351], [-81.38567591982347, 31.98326425154488], [-81.38525371163988, 31.98364522754437], [-81.38355589575265, 31.979820156722667]]]}}, {"type": "Feature", "properties": {"FID": 31, "_Area_ID": "A-04", "_label": "FIREARM", "_Parent_ID": "Alpha", "_Type": " ", "Use_Restri": " ", "_ClosedSta": "_closed", "_OpenSta": "_open", "Status": " ", "ACRES": 1503.13099386, "Visual": " ", "FillTransp": 0, "OutlineTra": 49.8039215686, "FillTran_1": 0, "OutlineT_1": 0, "Id": 0, "Shape_Leng": 11041.6728153, "Shape_Area": 6083470.5, "area_name": "A-04", "area_type": " ", "area_syskey": 31}, "geometry": {"type": "Polygon", "coordinates": [[[-81.42753741206927, 31.94685851073835], [-81.42675587777198, 31.942101911696874], [-81.42707927127431, 31.93780246611045], [-81.42664807993788, 31.936788560450953], [-81.42854352518762, 31.937093495659884], [-81.43042998728454, 31.938297979845295], [-81.43145406670858, 31.93949482507846], [-81.43247814613261, 31.94007418405161], [-81.43361900654361, 31.94019615389639], [-81.4341490125613, 31.940043691565144], [-81.43441850714659, 31.939754012438964], [-81.43572106430874, 31.939837867016752], [-81.43634090185486, 31.940051314687715], [-81.43734701497323, 31.940905100414323], [-81.4386944878996, 31.94085936209433], [-81.43952093796109, 31.941194775912383], [-81.44078756251187, 31.94130912125237], [-81.4418924903115, 31.94198756734329], [-81.4434375926004, 31.942239124733362], [-81.44419217743916, 31.94207904283754], [-81.44574626288092, 31.94153781150552], [-81.44686017383337, 31.940638293226787], [-81.44800103424436, 31.94011992276238], [-81.44942037239348, 31.940714523930836], [-81.45106428936363, 31.94226961649143], [-81.45357058900667, 31.942002813265315], [-81.45373228575784, 31.942795597725567], [-81.45373228575784, 31.945555044146662], [-81.4516481942984, 31.948794619964467], [-81.45135175025459, 31.950791666261622], [-81.45138768286596, 31.951713951615222], [-81.45239379598432, 31.95403867939608], [-81.45245667805422, 31.954503617892303], [-81.4505702159573, 31.958223041139757], [-81.45001326048107, 31.958794660457738], [-81.44998631102254, 31.959869295143758], [-81.44912392834966, 31.961706052974172], [-81.43617920510371, 31.955982259105376], [-81.43451732182785, 31.95557068095224], [-81.43325069727707, 31.95554019360827], [-81.43161576345975, 31.95403867939608], [-81.4311216900534, 31.952125547049302], [-81.42847165996488, 31.951927371700112], [-81.42769910882043, 31.951317598713505], [-81.42735774901243, 31.94956447883144], [-81.42753741206927, 31.94685851073835]]]}}, {"type": "Feature", "properties": {"FID": 32, "_Area_ID": "A-03", "_label": "FIREARM", "_Parent_ID": "Alpha", "_Type": " ", "Use_Restri": " ", "_ClosedSta": "_closed", "_OpenSta": "_open", "Status": " ", "ACRES": 2078.13461262, "Visual": " ", "FillTransp": 0, "OutlineTra": 49.8039215686, "FillTran_1": 0, "OutlineT_1": 0, "Id": 0, "Shape_Leng": 12440.5531266, "Shape_Area": 8408382, "area_name": "A-03", "area_type": " ", "area_syskey": 32}, "geometry": {"type": "Polygon", "coordinates": [[[-81.41535625681492, 31.961576490348143], [-81.41508676222965, 31.961393578094295], [-81.41375725560896, 31.961713674299425], [-81.41309250229862, 31.961622218354695], [-81.41223910277859, 31.960707653897533], [-81.41155638316256, 31.96046376850399], [-81.41089162985222, 31.960006481645387], [-81.40890635307404, 31.957277956063713], [-81.40857397641886, 31.95589079745295], [-81.40850211119613, 31.953947215808327], [-81.40815176823527, 31.952064570064316], [-81.40818770084664, 31.951370954011416], [-81.40887042046266, 31.94854308052059], [-81.40885245415699, 31.9479942647981], [-81.40803498724831, 31.947018584308083], [-81.4073971833965, 31.945737987941694], [-81.4065886996407, 31.94483088805032], [-81.40465732177955, 31.94323772455005], [-81.40376798964816, 31.942292485303334], [-81.40262712923717, 31.941591172482706], [-81.40209712321946, 31.940127545878642], [-81.4019983085382, 31.93896120174056], [-81.40161203296597, 31.938282733308686], [-81.42013529412709, 31.93036943953834], [-81.42185107632, 31.932214410925553], [-81.42321651555206, 31.933037774637246], [-81.4242405949761, 31.93482170404807], [-81.42630672012986, 31.93641501344135], [-81.42693554082884, 31.93724596288501], [-81.42707927127431, 31.93780246611045], [-81.42677384407766, 31.942467812672263], [-81.42753741206927, 31.94685851073835], [-81.42735774901243, 31.94956447883144], [-81.42769910882043, 31.951317598713505], [-81.42847165996488, 31.951927371700112], [-81.4311216900534, 31.952125547049302], [-81.43153491508416, 31.953924349897164], [-81.43325069727707, 31.95554019360827], [-81.43168762868248, 31.95579933570943], [-81.43068151556412, 31.95617280392209], [-81.4167306791998, 31.96278827482746], [-81.41677559496402, 31.962643471234102], [-81.41647915092022, 31.96230051444422], [-81.41581439760988, 31.962247165495125], [-81.41535625681492, 31.961576490348143]]]}}, {"type": "Feature", "properties": {"FID": 33, "_Area_ID": "E-12", "_label": "FIREARM", "_Parent_ID": "Echo", "_Type": " ", "Use_Restri": " ", "_ClosedSta": "_closed", "_OpenSta": "_open", "Status": " ", "ACRES": 2508.70827563, "Visual": " ", "FillTransp": 0, "OutlineTra": 49.8039215686, "FillTran_1": 0, "OutlineT_1": 0, "Id": 0, "Shape_Leng": 14047.5043163, "Shape_Area": 10151465, "area_name": "E-12", "area_type": " ", "area_syskey": 33}, "geometry": {"type": "Polygon", "coordinates": [[[-81.79361885670461, 31.976132088858634], [-81.79300800231134, 31.97238290928977], [-81.79013339340175, 31.968869819543603], [-81.78975610098237, 31.968115364079313], [-81.78972016837099, 31.967117034692393], [-81.79016034286028, 31.9635275317191], [-81.78741149809048, 31.953749044389106], [-81.78819303238778, 31.9500980405979], [-81.78909134767203, 31.948809864757116], [-81.79960163649768, 31.936407390017163], [-81.80625815275394, 31.93527149275105], [-81.80649171472784, 31.93606433527533], [-81.80691392291143, 31.936506494482007], [-81.80699477128702, 31.93698676845182], [-81.80786613711274, 31.94872601836625], [-81.80848597465886, 31.95172919592343], [-81.80920462688626, 31.952758180880092], [-81.81074074602232, 31.953573738546506], [-81.81140549933266, 31.954122520938178], [-81.81207923579584, 31.955052394728515], [-81.81228584831122, 31.955837444780293], [-81.8117738085992, 31.958436446101313], [-81.80987836334944, 31.963016911615227], [-81.80924954265046, 31.96423629820184], [-81.80731816478935, 31.96685030362922], [-81.80694087236996, 31.96783339428385], [-81.806824091383, 31.968526886010267], [-81.80691392291143, 31.976909338627358], [-81.79902671471577, 31.975979686171314], [-81.79604430797207, 31.97671121676238], [-81.79390631759557, 31.977778021755594], [-81.79361885670461, 31.976132088858634]]]}}, {"type": "Feature", "properties": {"FID": 34, "_Area_ID": "E-07", "_label": "FIREARM", "_Parent_ID": "Echo", "_Type": " ", "Use_Restri": " ", "_ClosedSta": "_closed", "_OpenSta": "_open", "Status": " ", "ACRES": 5799.60470271, "Visual": " ", "FillTransp": 0, "OutlineTra": 49.8039215686, "FillTran_1": 0, "OutlineT_1": 0, "Id": 0, "Shape_Leng": 21908.217234, "Shape_Area": 23467666, "area_name": "E-07", "area_type": " ", "area_syskey": 34}, "geometry": {"type": "Polygon", "coordinates": [[[-81.74307065566018, 31.956569135874613], [-81.74289099260332, 31.95434355736416], [-81.74329523448124, 31.95337556632156], [-81.74357371221936, 31.95307830718253], [-81.74363659428924, 31.952582873146483], [-81.74638543905903, 31.946081006575604], [-81.74600814663965, 31.943588375346582], [-81.74796647395931, 31.94470130162056], [-81.74940377841409, 31.94505194683227], [-81.75044582414382, 31.945105305768916], [-81.77142148603093, 31.942841335081905], [-81.77458355583147, 31.942147649398468], [-81.78455485548659, 31.93902981062899], [-81.79960163649768, 31.936407390017163], [-81.78859727426568, 31.94943489907762], [-81.78819303238778, 31.9500980405979], [-81.78742048124333, 31.953383188338112], [-81.78744743070186, 31.954137764846706], [-81.79016034286028, 31.9635275317191], [-81.78972016837099, 31.967117034692393], [-81.78975610098237, 31.968115364079313], [-81.79013339340175, 31.968869819543603], [-81.79266664250332, 31.971849476988044], [-81.79305291807555, 31.97248959537812], [-81.79390631759557, 31.977778021755594], [-81.79331342950798, 31.9780066212122], [-81.78756421168882, 31.978875293953962], [-81.78343196138128, 31.980216386601292], [-81.77978480132725, 31.98089454530808], [-81.77868885668047, 31.981008841225812], [-81.77613764127322, 31.98089454530808], [-81.7739098193683, 31.98023162617783], [-81.77178979529747, 31.977808501716044], [-81.77101724415303, 31.977381781348594], [-81.76169273150256, 31.975865383989746], [-81.75741675074956, 31.975476755507607], [-81.75366179286142, 31.97463853161044], [-81.75172143184744, 31.974051770327527], [-81.75037395892107, 31.9733659406969], [-81.74765206360982, 31.97025678209948], [-81.74554102269184, 31.967269452094868], [-81.74357371221936, 31.960440904215137], [-81.74307065566018, 31.956569135874613]], [[-81.74877495771513, 31.955494462573323], [-81.7485144462827, 31.95540300043519], [-81.748155120169, 31.95558592462042], [-81.74861326096396, 31.955928906485873], [-81.74896360392482, 31.955852688404224], [-81.74922411535725, 31.95643956600137], [-81.74925106481578, 31.95617280392209], [-81.74877495771513, 31.955494462573323]]]}}, {"type": "Feature", "properties": {"FID": 35, "_Area_ID": "E-06", "_label": "FIREARM", "_Parent_ID": "Echo", "_Type": " ", "Use_Restri": " ", "_ClosedSta": "_closed", "_OpenSta": "_open", "Status": " ", "ACRES": 5425.25334154, "Visual": " ", "FillTransp": 0, "OutlineTra": 49.8039215686, "FillTran_1": 0, "OutlineT_1": 0, "Id": 0, "Shape_Leng": 20842.789321, "Shape_Area": 21967199.5, "area_name": "E-06", "area_type": " ", "area_syskey": 35}, "geometry": {"type": "Polygon", "coordinates": [[[-81.70718296005461, 31.956645353361726], [-81.70868314657929, 31.955220075885645], [-81.71271658220556, 31.954305447673477], [-81.71310285777777, 31.954137764846706], [-81.71356998172558, 31.95366520250613], [-81.7183580021906, 31.93913653546477], [-81.72006480123068, 31.93454725562277], [-81.72046904310858, 31.933922120039693], [-81.72169075189515, 31.9328548055608], [-81.72200516224464, 31.932763320886043], [-81.72293941014026, 31.932839558121348], [-81.72378382650744, 31.93327410915533], [-81.7240712873984, 31.93296916127627], [-81.73093441617003, 31.936658962680816], [-81.73247951845893, 31.936994391827945], [-81.73877670860149, 31.93777959618128], [-81.7402589288205, 31.93814551436525], [-81.7423789528913, 31.939205144222313], [-81.74341201546818, 31.940127545878642], [-81.74509186504973, 31.94263551679908], [-81.74600814663965, 31.943588375346582], [-81.74642137167041, 31.94592855400749], [-81.74363659428924, 31.952582873146483], [-81.74357371221936, 31.95307830718253], [-81.74329523448124, 31.95337556632156], [-81.74282811053344, 31.954572215176135], [-81.74351083014946, 31.960181775210305], [-81.74554102269184, 31.967269452094868], [-81.74765206360982, 31.97025678209948], [-81.74940377841409, 31.972230500377034], [-81.73965705758005, 31.98721870540671], [-81.73900128742254, 31.987919669808846], [-81.73759093242629, 31.989009201670594], [-81.73582125131632, 31.98993110313847], [-81.73298257501811, 31.99112727553018], [-81.73247951845893, 31.990319670403025], [-81.72967677477209, 31.987005367351657], [-81.72778132952233, 31.982243228065627], [-81.72729623926884, 31.981374587205845], [-81.7264428397488, 31.980414500898995], [-81.7129411610266, 31.970546365043727], [-81.71190809844973, 31.969959577601568], [-81.71047079399493, 31.969586165458193], [-81.70947366402943, 31.968785991464873], [-81.70866518027361, 31.967673356987678], [-81.70740753887566, 31.964960301325817], [-81.70661702142553, 31.96384762048555], [-81.70515276751222, 31.962704441195964], [-81.70379631143301, 31.962010905490846], [-81.70263748471633, 31.960997266961098], [-81.70718296005461, 31.956645353361726]], [[-81.73403360390067, 31.956348104804324], [-81.7337012272455, 31.956302374171628], [-81.7334856315773, 31.956447187763683], [-81.7337191935512, 31.956622488122246], [-81.73415038488763, 31.95643956600137], [-81.73403360390067, 31.956348104804324]], [[-81.73300054132379, 31.94633255275997], [-81.73282986141979, 31.946180100609222], [-81.73253341737598, 31.94641640133506], [-81.7337012272455, 31.94737684319174], [-81.73300054132379, 31.94633255275997]]]}}, {"type": "Feature", "properties": {"FID": 36, "_Area_ID": "A-02", "_label": "FIREARM", "_Parent_ID": "Alpha", "_Type": " ", "Use_Restri": " ", "_ClosedSta": "_closed", "_OpenSta": "_open", "Status": " ", "ACRES": 2335.66706632, "Visual": " ", "FillTransp": 0, "OutlineTra": 49.8039215686, "FillTran_1": 0, "OutlineT_1": 0, "Id": 0, "Shape_Leng": 13569.7804732, "Shape_Area": 9449948.5, "area_name": "A-02", "area_type": " ", "area_syskey": 36}, "geometry": {"type": "Polygon", "coordinates": [[[-81.38817323631368, 31.962315756995437], [-81.38552320622514, 31.960036967506806], [-81.3851099811944, 31.95949584196222], [-81.38512794750008, 31.95625664351621], [-81.38782289335282, 31.95440453283632], [-81.38799357325682, 31.954168252656153], [-81.38766119660166, 31.95177492883292], [-81.38608016170139, 31.94490711527657], [-81.40161203296597, 31.938282733308686], [-81.4019983085382, 31.93896120174056], [-81.40209712321946, 31.940127545878642], [-81.40262712923717, 31.941591172482706], [-81.40376798964816, 31.942292485303334], [-81.40465732177955, 31.94323772455005], [-81.4065886996407, 31.94483088805032], [-81.4073971833965, 31.945737987941694], [-81.40803498724831, 31.947018584308083], [-81.40885245415699, 31.9479942647981], [-81.40887042046266, 31.94854308052059], [-81.40818770084664, 31.951370954011416], [-81.40815176823527, 31.952064570064316], [-81.40850211119613, 31.953947215808327], [-81.40857397641886, 31.95589079745295], [-81.40890635307404, 31.957277956063713], [-81.41089162985222, 31.960006481645387], [-81.41155638316256, 31.96046376850399], [-81.41223910277859, 31.960707653897533], [-81.41309250229862, 31.961622218354695], [-81.41375725560896, 31.961713674299425], [-81.41508676222965, 31.961393578094295], [-81.41581439760988, 31.962247165495125], [-81.41658694875433, 31.962353863362345], [-81.4167306791998, 31.96278827482746], [-81.39739893428286, 31.971948543221348], [-81.38935901248888, 31.97404415002644], [-81.388496629816, 31.971247456809852], [-81.3891344336678, 31.96347418348286], [-81.38899968637517, 31.963055017691175], [-81.38817323631368, 31.962315756995437]]]}}, {"type": "Feature", "properties": {"FID": 37, "_Area_ID": "E-13", "_label": "FIREARM", "_Parent_ID": "Echo", "_Type": " ", "Use_Restri": " ", "_ClosedSta": "_closed", "_OpenSta": "_open", "Status": " ", "ACRES": 4492.58209698, "Visual": " ", "FillTransp": 0, "OutlineTra": 49.8039215686, "FillTran_1": 0, "OutlineT_1": 0, "Id": 0, "Shape_Leng": 19441.3840374, "Shape_Area": 18182993.5, "area_name": "E-13", "area_type": " ", "area_syskey": 37}, "geometry": {"type": "Polygon", "coordinates": [[[-81.83383643198025, 31.95878703889023], [-81.83232726230271, 31.95839833810884], [-81.82889569791689, 31.958870876097965], [-81.82483531283212, 31.95878703889023], [-81.8235417388228, 31.95917573802646], [-81.8228410529011, 31.959922645474304], [-81.81699302040066, 31.96130212183077], [-81.81546588441743, 31.96200328419025], [-81.81441485553488, 31.96222430165033], [-81.8130224668443, 31.962750168640827], [-81.81032752099156, 31.961957556373488], [-81.8117738085992, 31.958436446101313], [-81.81223194939417, 31.95637859188013], [-81.81224991569985, 31.955624033779827], [-81.81199838742026, 31.95491520082683], [-81.81140549933266, 31.954122520938178], [-81.81074074602232, 31.953573738546506], [-81.80920462688626, 31.952758180880092], [-81.80848597465886, 31.95172919592343], [-81.80786613711274, 31.94872601836625], [-81.80699477128702, 31.93698676845182], [-81.80691392291143, 31.936506494482007], [-81.80649171472784, 31.93606433527533], [-81.80625815275394, 31.93527149275105], [-81.81131566780424, 31.934387160329617], [-81.81307636576136, 31.934211817545762], [-81.84219974727657, 31.932839558121348], [-81.84801184716562, 31.936453130552678], [-81.84833524066796, 31.93692578142015], [-81.84845202165491, 31.93744416989955], [-81.84855981948901, 31.94124813708875], [-81.84908084235389, 31.944426882695442], [-81.8542281889326, 31.95207981431436], [-81.85508158845263, 31.95409203311354], [-81.85502768953558, 31.95509050410929], [-81.85476717810315, 31.955997502705262], [-81.85324004211992, 31.958253527593193], [-81.85298851384034, 31.95908427955418], [-81.85153324307987, 31.968343987602033], [-81.84217279781804, 31.97146083150192], [-81.83927123944993, 31.97225336173008], [-81.83919039107434, 31.970744500216075], [-81.83972039709204, 31.968237296695623], [-81.83974734655058, 31.966880787218503], [-81.84035820094387, 31.965097480221797], [-81.84057379661209, 31.96291783574375], [-81.84048396508366, 31.962445318578425], [-81.83916344161581, 31.961591733019514], [-81.83691765340521, 31.961332607262054], [-81.83575882668853, 31.9604485256454], [-81.83482457879292, 31.959282439462363], [-81.83383643198025, 31.95878703889023]]]}}, {"type": "Feature", "properties": {"FID": 38, "_Area_ID": "E-08", "_label": "FIREARM", "_Parent_ID": "Echo", "_Type": " ", "Use_Restri": " ", "_ClosedSta": "_closed", "_OpenSta": "_open", "Status": " ", "ACRES": 4035.61037685, "Visual": " ", "FillTransp": 0, "OutlineTra": 49.8039215686, "FillTran_1": 0, "OutlineT_1": 0, "Id": 0, "Shape_Leng": 20119.0024946, "Shape_Area": 16316306, "area_name": "E-08", "area_type": " ", "area_syskey": 38}, "geometry": {"type": "Polygon", "coordinates": [[[-81.73430309848594, 32.006340922376864], [-81.72915575190723, 32.0062418932791], [-81.72861676273668, 32.011436967688546], [-81.7172351080853, 32.00402513701441], [-81.71650747270506, 32.003316677833304], [-81.71585170254757, 32.00240252886495], [-81.71292319472093, 31.99734407315632], [-81.7144413475513, 31.996742220241924], [-81.71612119713284, 31.9946928433527], [-81.71708239448698, 31.99415954074216], [-81.73315325492212, 31.991089181108492], [-81.73582125131632, 31.98993110313847], [-81.73759093242629, 31.989009201670594], [-81.73900128742254, 31.987919669808846], [-81.73965705758005, 31.98721870540671], [-81.74940377841409, 31.972230500377034], [-81.75431756301892, 31.9780066212122], [-81.76463920563488, 31.987706333383894], [-81.76826839938323, 31.99074633060145], [-81.76878043909525, 31.99618607416405], [-81.76931044511296, 31.99950766366714], [-81.7692565461959, 32.005175419292726], [-81.76737906725182, 32.00496212300663], [-81.76355224414095, 32.003400474365996], [-81.76250121525838, 32.003522360095026], [-81.76101001188654, 32.00442126234222], [-81.76005779768525, 32.00462694212581], [-81.75803658829568, 32.00429937780829], [-81.75532367613728, 32.00320240971072], [-81.75401213582228, 32.00306528777565], [-81.75320365206645, 32.00315670242182], [-81.75164956662472, 32.00420796430147], [-81.75032006000403, 32.00477929722356], [-81.74984395290338, 32.0052592141265], [-81.74936784580274, 32.00693509471698], [-81.74801138972352, 32.009441240795184], [-81.74735561956602, 32.01169595196244], [-81.74710409128643, 32.01329554449352], [-81.74741850163592, 32.01466660158454], [-81.74613391077945, 32.014042011453505], [-81.74258556540669, 32.01286137213847], [-81.7388665401299, 32.00957835319333], [-81.73478818873944, 32.00653136264884], [-81.73430309848594, 32.006340922376864]]]}}, {"type": "Feature", "properties": {"FID": 39, "_Area_ID": "C-13", "_label": "FIREARM", "_Parent_ID": "Charlie", "_Type": " ", "Use_Restri": " ", "_ClosedSta": "_closed", "_OpenSta": "_open", "Status": " ", "ACRES": 2258.53056962, "Visual": " ", "FillTransp": 0, "OutlineTra": 49.8039215686, "FillTran_1": 0, "OutlineT_1": 0, "Id": 0, "Shape_Leng": 13953.9842509, "Shape_Area": 9133635, "area_name": "C-13", "area_type": " ", "area_syskey": 39}, "geometry": {"type": "Polygon", "coordinates": [[[-81.40039930733225, 32.01467421851108], [-81.39974353717474, 32.014049628431955], [-81.39557535425585, 32.014544730673734], [-81.38916138312635, 32.016334693384685], [-81.38801153956251, 32.016030021349835], [-81.38648440357929, 32.015222635558445], [-81.38522676218135, 32.01435430705114], [-81.38398708708908, 32.01382873579966], [-81.38260368155136, 32.012876606291016], [-81.38228927120187, 32.01225200396037], [-81.38114841079087, 32.01088091074571], [-81.38148078744605, 32.00938791925166], [-81.3808789162056, 32.00778825852131], [-81.38050162378622, 32.007277884699775], [-81.37947754436217, 32.006523745045556], [-81.37758209911243, 32.00352997794769], [-81.37733955398568, 32.0024406185873], [-81.3766029354526, 32.00049802257291], [-81.37667480067535, 31.999446718154328], [-81.37639632293723, 31.99854776713503], [-81.37598309790647, 31.99798401369439], [-81.37512969838644, 31.99730598131679], [-81.37374629284871, 31.995843242709675], [-81.37207542642001, 31.9933291062174], [-81.3713118584284, 31.988293007358724], [-81.37508478262224, 31.98769109504884], [-81.38186706301828, 31.989435867964517], [-81.38383437349077, 31.989542534227887], [-81.38801153956251, 31.98935205867055], [-81.38892782115244, 31.990304432502082], [-81.4051963109501, 32.004992593935036], [-81.40612157569288, 32.006211422765944], [-81.40802600409548, 32.01005824497153], [-81.40856499326603, 32.01080473829904], [-81.40992144934523, 32.011657866085706], [-81.4106131521141, 32.01185591247188], [-81.41159231577393, 32.01190923257965], [-81.4087087237115, 32.01292992580496], [-81.40672344693333, 32.01383635279582], [-81.40702887412996, 32.0143695409555], [-81.4071636214226, 32.015588245099984], [-81.40654378387647, 32.016913567460136], [-81.40569038435645, 32.01755337139417], [-81.40279780914118, 32.017180152975556], [-81.40202525799673, 32.016936417677556], [-81.40162999927165, 32.01655557997655], [-81.40039930733225, 32.01467421851108]], [[-81.39169463222791, 31.99330625011499], [-81.39164971646369, 31.993169113380876], [-81.39093106423631, 31.9935043361467], [-81.3912275082801, 31.994014786641337], [-81.39183836267338, 31.99353481088285], [-81.39169463222791, 31.99330625011499]]]}}, {"type": "Feature", "properties": {"FID": 40, "_Area_ID": "C-17", "_label": "FIREARM", "_Parent_ID": "Charlie", "_Type": " ", "Use_Restri": " ", "_ClosedSta": "_closed", "_OpenSta": "_open", "Status": " ", "ACRES": 4980.46104134, "Visual": " ", "FillTransp": 0, "OutlineTra": 49.8039215686, "FillTran_1": 0, "OutlineT_1": 0, "Id": 0, "Shape_Leng": 34517.6238245, "Shape_Area": 20169121, "area_name": "C-17", "area_type": " ", "area_syskey": 40}, "geometry": {"type": "Polygon", "coordinates": [[[-81.32432098590957, 32.01512361605657], [-81.32349453584806, 32.01441524265342], [-81.32291063091331, 32.0145218798599], [-81.32160807375115, 32.0155349271327], [-81.3204133144231, 32.015976703639595], [-81.3189310942041, 32.0156110956479], [-81.31930838662348, 32.01481893999511], [-81.32011687037931, 32.014316222279156], [-81.32142841069431, 32.01398107560304], [-81.32322504126279, 32.012648093737006], [-81.32399759240724, 32.011078958810785], [-81.32393471033734, 32.00943362343374], [-81.32358436737648, 32.008108192900714], [-81.32262317002235, 32.0069884176874], [-81.32090738782945, 32.006455186587544], [-81.31923652140075, 32.00668371458156], [-81.31834718926935, 32.00711029864614], [-81.3173231098453, 32.00806248805773], [-81.31733209299814, 32.00886993692858], [-81.31692785112024, 32.010629541431456], [-81.3160115695303, 32.01078950380211], [-81.31539173198418, 32.01029438127338], [-81.31540969828986, 32.00974593473472], [-81.31568817602798, 32.009266041321325], [-81.31554444558249, 32.00872520605042], [-81.3160115695303, 32.007232179442816], [-81.31621818204569, 32.00589148176641], [-81.31593970430757, 32.00576959918717], [-81.3151222373989, 32.004489822321354], [-81.31332560683042, 32.003629009975], [-81.31214881380805, 32.003644245662], [-81.31080134088168, 32.00347665296564], [-81.30823215916875, 32.002592977318365], [-81.30597738780529, 32.00142742658557], [-81.30514195459094, 32.000650384532086], [-81.30491737576989, 32.00013997097231], [-81.30545636494043, 31.99842587479289], [-81.30630976446047, 31.99789259389096], [-81.30778300152663, 31.99741263842759], [-81.30877114833929, 31.9974507302228], [-81.3098760761389, 31.996818404373464], [-81.31130439744086, 31.99507377189014], [-81.3114391447335, 31.99292531423614], [-81.30973234569343, 31.99108156222227], [-81.30859148528245, 31.990243480873037], [-81.30939098588543, 31.986936794300014], [-81.31086422295158, 31.984521466339732], [-81.31044201476799, 31.982418479172026], [-81.3109091387158, 31.981740331728016], [-81.31326272476052, 31.983256632008754], [-81.31420595580897, 31.98333282734155], [-81.31525698469154, 31.983172817069633], [-81.31735904245667, 31.98207559625933], [-81.31789803162722, 31.981565079326394], [-81.32008093776794, 31.978463818417048], [-81.32084450575954, 31.978044721066272], [-81.32165298951537, 31.978059961003456], [-81.3225063890354, 31.978669556416108], [-81.3230363950531, 31.979294387511636], [-81.32410539024136, 31.98172509240203], [-81.32425810383967, 31.982974708727298], [-81.32461742995338, 31.98334044687134], [-81.32530913272224, 31.98364522754437], [-81.32606371756101, 31.98369094455798], [-81.3272674600419, 31.983142338890953], [-81.32890239385922, 31.981168855271466], [-81.32974681022641, 31.980719291291063], [-81.33067207496919, 31.980582135739922], [-81.33134581143236, 31.98068119254744], [-81.33215429518819, 31.98103170039226], [-81.33254955391324, 31.98135172812481], [-81.33281904849852, 31.98180128900664], [-81.33271125066442, 31.982677545411818], [-81.3320105647427, 31.98340140308692], [-81.3311841146812, 31.98377475902381], [-81.33087868748456, 31.984399555356333], [-81.33237887400925, 31.986060578572808], [-81.33287294741558, 31.9863348730916], [-81.33343888604465, 31.98643392368851], [-81.33447194862154, 31.986228203098406], [-81.33554992696263, 31.985390077407715], [-81.33674468629067, 31.983111860702174], [-81.33750825428228, 31.983050904294206], [-81.33792147931304, 31.983249012472015], [-81.33817300759262, 31.983576651981206], [-81.33817300759262, 31.983904290320407], [-81.33753520374081, 31.985291025683793], [-81.33760706896355, 31.986030101353435], [-81.3383347043438, 31.98788919320709], [-81.33869403045749, 31.98821681614541], [-81.33952946367182, 31.988369198508757], [-81.3403918463447, 31.98832348382634], [-81.34078710506978, 31.988049195253378], [-81.34110151541925, 31.98776728669878], [-81.34144287522727, 31.98685298272284], [-81.34098473443231, 31.985511987074947], [-81.34093083551525, 31.984605280046885], [-81.34011336860658, 31.98326425154488], [-81.34025709905207, 31.98298232828686], [-81.34052659363734, 31.982776599957244], [-81.34137999315737, 31.98279183910858], [-81.34374256235493, 31.984186210745545], [-81.34411985477432, 31.984330980356965], [-81.34460494502781, 31.98430050256301], [-81.34541342878363, 31.983789998009375], [-81.34594343480134, 31.982654686655376], [-81.34643750820767, 31.98249467520083], [-81.34691361530832, 31.982738502067814], [-81.3468058174742, 31.983439500701117], [-81.34701242998959, 31.983881431869605], [-81.34726395826918, 31.98404144090571], [-81.34798261049657, 31.98404144090571], [-81.34828803769321, 31.983873812384722], [-81.34875516164102, 31.9831347193447], [-81.3484946502086, 31.982022258802218], [-81.34789277896814, 31.980871686107452], [-81.34791074527384, 31.98052879741467], [-81.34805447571931, 31.98028496467582], [-81.34869227957113, 31.980079230298447], [-81.34909652144903, 31.980178287648844], [-81.34979720737074, 31.980635474034184], [-81.35063264058509, 31.98201463916294], [-81.35125247813123, 31.982616588715313], [-81.3518812988302, 31.982944230482822], [-81.3528335130315, 31.982807078257395], [-81.35327368752077, 31.9825327731915], [-81.35374979462142, 31.981557459649153], [-81.35422590172207, 31.981039320113165], [-81.35498048656083, 31.98073453078409], [-81.35563625671833, 31.980544036939353], [-81.3578910280818, 31.98050593812293], [-81.35822340473696, 31.980444979983776], [-81.35876239390751, 31.980063990696593], [-81.35909477056268, 31.980033511485278], [-81.35933731568943, 31.980163048063428], [-81.35938223145364, 31.980384021804113], [-81.35914866947974, 31.98134410842986], [-81.35958884396901, 31.981786049690783], [-81.36036139511346, 31.981953682026067], [-81.36099919896527, 31.981770810372403], [-81.36165496912278, 31.98185462659222], [-81.36298447574345, 31.98233466346723], [-81.36348753230263, 31.982761360803366], [-81.36363126274811, 31.983660466551434], [-81.36412533615444, 31.984178591285982], [-81.36648790535202, 31.98498625047796], [-81.36752995108174, 31.984833862495336], [-81.36788029404259, 31.984902437118834], [-81.36842826636598, 31.985367219327053], [-81.36843724951882, 31.986014862739946], [-81.36867081149273, 31.986296776679705], [-81.36941641317866, 31.98665488232701], [-81.37003625072478, 31.986578689753156], [-81.37042252629699, 31.986235822387748], [-81.37088066709197, 31.9854205548397], [-81.37083575132775, 31.984681474259638], [-81.36937149741443, 31.983660466551434], [-81.3690031881479, 31.983668086054024], [-81.36880555878537, 31.98380523699242], [-81.36820368754492, 31.983675705555978], [-81.3680330076409, 31.983249012472015], [-81.36801504133523, 31.982418479172026], [-81.36821267069776, 31.981930823089275], [-81.369110985982, 31.981603177703033], [-81.36966794145823, 31.981755571051483], [-81.37053930728395, 31.98221274957818], [-81.37263238189624, 31.982738502067814], [-81.37330611835942, 31.983294729683053], [-81.3744649450761, 31.983904290320407], [-81.37475240596706, 31.983675705555978], [-81.37510274892792, 31.982913752228217], [-81.37662988491113, 31.982639447481244], [-81.37728565506863, 31.98221274957818], [-81.37734853713853, 31.98149650220855], [-81.37666581752251, 31.980871686107452], [-81.37645022185428, 31.9803154438036], [-81.37675564905093, 31.9795763221008], [-81.37715989092884, 31.979378205993488], [-81.37762701487664, 31.979462024398778], [-81.37794142522613, 31.979774437780417], [-81.37820193665856, 31.9807497702746], [-81.37961229165482, 31.981915583794944], [-81.38016924713105, 31.98207559625933], [-81.38126519177783, 31.981991780241366], [-81.38154366951595, 31.98211369442402], [-81.38166943365574, 31.98233466346723], [-81.38114841079087, 31.98287565439573], [-81.38108552872099, 31.983668086054024], [-81.3814897705989, 31.983881431869605], [-81.38211859129787, 31.98359189099967], [-81.3826126647042, 31.983675705555978], [-81.382909108748, 31.98407953825414], [-81.38263063100987, 31.984612899471003], [-81.38286419298379, 31.984917675917103], [-81.38329538432022, 31.98478814605122], [-81.38351996314128, 31.983919529284446], [-81.38401403654763, 31.983721422554424], [-81.38525371163988, 31.98364522754437], [-81.38717610634816, 31.9880034804115], [-81.38801153956251, 31.98935205867055], [-81.38383437349077, 31.989542534227887], [-81.38186706301828, 31.989435867964517], [-81.37508478262224, 31.98769109504884], [-81.37052134097827, 31.98839967495103], [-81.36754791738741, 31.98850634241932], [-81.3597774901787, 31.9900530067712], [-81.35919358524394, 31.99046443033566], [-81.35324673806225, 31.99632320638694], [-81.3513333265068, 31.99970573630403], [-81.35110874768574, 32.002189226127484], [-81.35088416886468, 32.002631066961555], [-81.35047094383393, 32.00301958041838], [-81.32992647328325, 32.0159310027204], [-81.32556066100183, 32.01811700449191], [-81.32571337460014, 32.01687548375176], [-81.32556964415467, 32.016083339029066], [-81.32432098590957, 32.01512361605657]]]}}, {"type": "Feature", "properties": {"FID": 41, "_Area_ID": "F-03", "_label": "FIREARM", "_Parent_ID": "Foxtrot", "_Type": " ", "Use_Restri": " ", "_ClosedSta": "_closed", "_OpenSta": "_open", "Status": " ", "ACRES": 3205.01576822, "Visual": " ", "FillTransp": 0, "OutlineTra": 49.8039215686, "FillTran_1": 0, "OutlineT_1": 0, "Id": 0, "Shape_Leng": 16859.7705147, "Shape_Area": 12972239.5, "area_name": "F-03", "area_type": " ", "area_syskey": 41}, "geometry": {"type": "Polygon", "coordinates": [[[-81.66960643171466, 32.01043910967382], [-81.6703789828591, 32.008839467289036], [-81.67098983725239, 32.00796346081979], [-81.6743585195683, 32.00465741316562], [-81.67637972895787, 32.000490404468316], [-81.6768109202943, 31.99988857220447], [-81.6792453547146, 31.997755464014887], [-81.68018858576306, 31.997313599685956], [-81.68476101055985, 31.997694517337482], [-81.68495863992239, 31.995157575956043], [-81.68555152801, 31.99472331769392], [-81.68715052921596, 31.9939843120647], [-81.69882862791113, 31.98259372994368], [-81.70217036076852, 31.98572532860281], [-81.70811720795022, 31.99053300075032], [-81.70930298412542, 31.991752021788276], [-81.71149487341897, 31.994959493495053], [-81.71539356175259, 32.00167882113415], [-81.71672306837328, 32.003537595799756], [-81.7183580021906, 32.00484023919176], [-81.72411620316261, 32.00853477033625], [-81.72334365201816, 32.00942600607164], [-81.72227465682991, 32.01004301035053], [-81.71998395285509, 32.00976878673935], [-81.71698357980571, 32.01061430690542], [-81.71491745465195, 32.01057622057921], [-81.71352506596136, 32.01020297374483], [-81.71197996367248, 32.01065239321579], [-81.70940179880668, 32.01069809676736], [-81.70781178075357, 32.01057622057921], [-81.70300579398287, 32.010751417548725], [-81.69615164836408, 32.011673100438294], [-81.69561265919354, 32.01162739737292], [-81.69510960263436, 32.011421733296714], [-81.69280093235385, 32.010081096898304], [-81.68892919347876, 32.009989689157045], [-81.68830037277978, 32.01050004787932], [-81.68744697325975, 32.01375256580299], [-81.68616238240328, 32.014956044348125], [-81.68556051116283, 32.015260719953744], [-81.6788411128367, 32.01754575470693], [-81.67593057131573, 32.015154083607], [-81.66960643171466, 32.01043910967382]]]}}, {"type": "Feature", "properties": {"FID": 42, "_Area_ID": "C-14", "_label": "FIREARM", "_Parent_ID": "Charlie", "_Type": " ", "Use_Restri": " ", "_ClosedSta": "_closed", "_OpenSta": "_open", "Status": " ", "ACRES": 2837.91145686, "Visual": " ", "FillTransp": 0, "OutlineTra": 49.8039215686, "FillTran_1": 0, "OutlineT_1": 0, "Id": 0, "Shape_Leng": 16928.2877806, "Shape_Area": 11472853, "area_name": "C-14", "area_type": " ", "area_syskey": 42}, "geometry": {"type": "Polygon", "coordinates": [[[-81.36111597995223, 32.016334693384685], [-81.36033444565493, 32.01574819881571], [-81.35849289932224, 32.01483417382225], [-81.35810662375, 32.0139658416341], [-81.35708254432596, 32.01239672926954], [-81.35577998716381, 32.012023489848985], [-81.35523201484042, 32.01161978019315], [-81.35511523385347, 32.0111932171152], [-81.35580693662234, 32.009951602571306], [-81.35561829041265, 32.00818436758837], [-81.35513320015916, 32.00773493601619], [-81.35182739991313, 32.005792452183115], [-81.35125247813123, 32.00515256614297], [-81.35113569714426, 32.00257774145664], [-81.35099196669879, 32.0024787082938], [-81.35117162975564, 32.00187688908089], [-81.3512884107426, 31.99981239062358], [-81.35344436742477, 31.996079415626703], [-81.35964274288607, 31.99012157749343], [-81.36754791738741, 31.98850634241932], [-81.37130287527556, 31.988293007358724], [-81.37207542642001, 31.9933291062174], [-81.37374629284871, 31.995843242709675], [-81.37512969838644, 31.99730598131679], [-81.37598309790647, 31.99798401369439], [-81.37639632293723, 31.99854776713503], [-81.37667480067535, 31.999446718154328], [-81.3766029354526, 32.00049802257291], [-81.37733955398568, 32.0024406185873], [-81.37758209911243, 32.00352997794769], [-81.37947754436217, 32.006523745045556], [-81.38050162378622, 32.007277884699775], [-81.3808789162056, 32.00778825852131], [-81.38148078744605, 32.00938791925166], [-81.38114841079087, 32.01088091074571], [-81.38228927120187, 32.01225200396037], [-81.38260368155136, 32.012876606291016], [-81.38398708708908, 32.01382873579966], [-81.38522676218135, 32.01435430705114], [-81.38648440357929, 32.015222635558445], [-81.38812832054946, 32.01609095583785], [-81.38892782115244, 32.01630422622681], [-81.38966443968552, 32.01624329188062], [-81.39557535425585, 32.014544730673734], [-81.39968963825768, 32.014042011453505], [-81.40039930733225, 32.01467421851108], [-81.40137847099207, 32.016136656677276], [-81.37748328443116, 32.02449952654248], [-81.3778965094619, 32.023357103000286], [-81.37787854315623, 32.02277826963436], [-81.37741141920843, 32.02182623311752], [-81.37640530609006, 32.020973199994906], [-81.37457274291022, 32.02031057057039], [-81.37171610030632, 32.019556538154376], [-81.3635863469839, 32.01820078749422], [-81.36111597995223, 32.016334693384685]]]}}, {"type": "Feature", "properties": {"FID": 43, "_Area_ID": "C-12", "_label": "FIREARM", "_Parent_ID": "Charlie", "_Type": " ", "Use_Restri": " ", "_ClosedSta": "_closed", "_OpenSta": "_open", "Status": " ", "ACRES": 2283.1248261, "Visual": " ", "FillTransp": 0, "OutlineTra": 49.8039215686, "FillTran_1": 0, "OutlineT_1": 0, "Id": 0, "Shape_Leng": 13960.2323653, "Shape_Area": 9231717.5, "area_name": "C-12", "area_type": " ", "area_syskey": 43}, "geometry": {"type": "Polygon", "coordinates": [[[-81.43774227369829, 32.025398223050075], [-81.43746379596017, 32.025375374942996], [-81.43551445179335, 32.0261750552994], [-81.43301713530316, 32.026517773314986], [-81.4314181340972, 32.026472077653686], [-81.43035812206179, 32.025855183994594], [-81.4290465817468, 32.02644922981446], [-81.42755537837495, 32.02740121828658], [-81.42681875984186, 32.02634260648944], [-81.42585756248774, 32.025405839084485], [-81.42563298366667, 32.02489556337817], [-81.42478856729949, 32.0241034879946], [-81.42311770087079, 32.02362366976779], [-81.42194989100126, 32.02308291923022], [-81.42062936753342, 32.02227559558627], [-81.41894951795189, 32.020790406149565], [-81.4178715396108, 32.0201353918756], [-81.41770984285964, 32.01991451391348], [-81.41760204502553, 32.01878726636538], [-81.41686542649245, 32.01801798811764], [-81.41627253840484, 32.01775902170992], [-81.41347877787084, 32.01711160248853], [-81.41118807389603, 32.015679647257464], [-81.41037060698736, 32.01400392655173], [-81.40948127485595, 32.01265571083133], [-81.41159231577393, 32.01190923257965], [-81.42300990303667, 32.009791638738285], [-81.43022337476916, 32.009959219889716], [-81.43663734589867, 32.01105610713281], [-81.43873042051096, 32.01154360836053], [-81.44650983087251, 32.01400392655173], [-81.45430720753976, 32.018071304640166], [-81.4553941690337, 32.01906146299135], [-81.46055049876526, 32.02579425600035], [-81.46050558300104, 32.02689856960619], [-81.45987676230207, 32.03005911772309], [-81.456346383235, 32.030439899291224], [-81.4521153182462, 32.03117861101849], [-81.45007614255097, 32.03073690781532], [-81.44920477672525, 32.03011242723796], [-81.44815374784268, 32.029632640487264], [-81.44547676829563, 32.02931278125712], [-81.44361725565724, 32.02871113824997], [-81.43961975264236, 32.02697472867448], [-81.43874838681664, 32.0258932639704], [-81.43774227369829, 32.025398223050075]]]}}, {"type": "Feature", "properties": {"FID": 44, "_Area_ID": "E-09", "_label": "FIREARM", "_Parent_ID": "Echo", "_Type": " ", "Use_Restri": " ", "_ClosedSta": "_closed", "_OpenSta": "_open", "Status": " ", "ACRES": 2434.39286889, "Visual": " ", "FillTransp": 0, "OutlineTra": 49.8039215686, "FillTran_1": 0, "OutlineT_1": 0, "Id": 0, "Shape_Leng": 15291.1411107, "Shape_Area": 9846359, "area_name": "E-09", "area_type": " ", "area_syskey": 44}, "geometry": {"type": "Polygon", "coordinates": [[[-81.73398868813646, 32.01488749219725], [-81.72861676273668, 32.011436967688546], [-81.72915575190723, 32.0062418932791], [-81.73430309848594, 32.006340922376864], [-81.73478818873944, 32.00653136264884], [-81.7388665401299, 32.00957835319333], [-81.74258556540669, 32.01286137213847], [-81.74613391077945, 32.014042011453505], [-81.74741850163592, 32.01466660158454], [-81.74710409128643, 32.01329554449352], [-81.74735561956602, 32.01169595196244], [-81.74801138972352, 32.009441240795184], [-81.74936784580274, 32.00693509471698], [-81.74984395290338, 32.0052592141265], [-81.75032006000403, 32.00477929722356], [-81.75164956662472, 32.00420796430147], [-81.7535090792631, 32.00306528777565], [-81.75532367613728, 32.00320240971072], [-81.75803658829568, 32.00429937780829], [-81.76005779768525, 32.00462694212581], [-81.76101001188654, 32.00442126234222], [-81.76250121525838, 32.003522360095026], [-81.76355224414095, 32.003400474365996], [-81.76737906725182, 32.00496212300663], [-81.7692565461959, 32.005175419292726], [-81.76922959673738, 32.007156003963885], [-81.76934637772433, 32.00736167761172], [-81.77420626341208, 32.009844960046955], [-81.7746733873599, 32.01027914669161], [-81.77487999987528, 32.01077426930265], [-81.77475423573549, 32.011330326892484], [-81.77052317074669, 32.01911477890665], [-81.76222273752026, 32.028634980625476], [-81.76015661236652, 32.029693565928255], [-81.7595637242789, 32.03064552067975], [-81.75738081813819, 32.029823032355786], [-81.75640165447837, 32.02932039696605], [-81.73398868813646, 32.01488749219725]]]}}, {"type": "Feature", "properties": {"FID": 45, "_Area_ID": "B-17", "_label": "FIREARM", "_Parent_ID": "Bravo", "_Type": " ", "Use_Restri": " ", "_ClosedSta": "_closed", "_OpenSta": "_open", "Status": " ", "ACRES": 3237.54070009, "Visual": " ", "FillTransp": 0, "OutlineTra": 49.8039215686, "FillTran_1": 0, "OutlineT_1": 0, "Id": 0, "Shape_Leng": 17764.5879241, "Shape_Area": 13115048.5, "area_name": "B-17", "area_type": " ", "area_syskey": 45}, "geometry": {"type": "Polygon", "coordinates": [[[-81.50573575756276, 32.036250429599704], [-81.50330132314245, 32.01359260860392], [-81.51638079368107, 32.02134640296335], [-81.52677430151977, 32.02532967871176], [-81.52764566734548, 32.025504847474345], [-81.52820262282171, 32.02544391924711], [-81.53676356748058, 32.02296867575049], [-81.53811104040693, 32.023303789553715], [-81.53853324859054, 32.0235855888485], [-81.55416393453638, 32.047740943148774], [-81.5546759742484, 32.048799307566455], [-81.55438851335745, 32.0511215750869], [-81.55273561323443, 32.054197537074415], [-81.54084191887104, 32.05017744720391], [-81.54004241826806, 32.049811975730954], [-81.52655870585154, 32.04113159930137], [-81.524537496462, 32.0401112202857], [-81.52213001150022, 32.03953249280453], [-81.50573575756276, 32.036250429599704]]]}}, {"type": "Feature", "properties": {"FID": 46, "_Area_ID": "E-11", "_label": "FIREARM", "_Parent_ID": "Echo", "_Type": " ", "Use_Restri": " ", "_ClosedSta": "_closed", "_OpenSta": "_open", "Status": " ", "ACRES": 6308.33719269, "Visual": " ", "FillTransp": 0, "OutlineTra": 49.8039215686, "FillTran_1": 0, "OutlineT_1": 0, "Id": 0, "Shape_Leng": 24866.6269013, "Shape_Area": 25541100.5, "area_name": "E-11", "area_type": " ", "area_syskey": 46}, "geometry": {"type": "Polygon", "coordinates": [[[-81.78866015633558, 32.01687548375176], [-81.78784268942692, 32.01681454978546], [-81.78654911541761, 32.01711160248853], [-81.7854262213123, 32.017606688187016], [-81.7841146809973, 32.01848260248524], [-81.78344992768696, 32.01861208475807], [-81.78167126342417, 32.01825410391036], [-81.77890445234868, 32.01714968609876], [-81.7758142477709, 32.01618997429444], [-81.77489796618096, 32.01551207656578], [-81.77357744271312, 32.01352405543313], [-81.77486203356959, 32.01102563822], [-81.7746733873599, 32.01027914669161], [-81.77420626341208, 32.009844960046955], [-81.76954400708686, 32.007529263205804], [-81.76922959673738, 32.007156003963885], [-81.76931044511296, 31.99950766366714], [-81.76878043909525, 31.99618607416405], [-81.76826839938323, 31.99074633060145], [-81.76463920563488, 31.987706333383894], [-81.75431756301892, 31.9780066212122], [-81.75037395892107, 31.9733659406969], [-81.75261974713169, 31.974371822401395], [-81.7570664077887, 31.975415794027775], [-81.76169273150256, 31.975865383989746], [-81.77101724415303, 31.977381781348594], [-81.77178979529747, 31.977808501716044], [-81.7739098193683, 31.98023162617783], [-81.77613764127322, 31.98089454530808], [-81.77904818279417, 31.981001221502385], [-81.78185990963385, 31.98053641717733], [-81.78488723214176, 31.979820156722667], [-81.78756421168882, 31.978875293953962], [-81.7927924066431, 31.978113300763724], [-81.79390631759557, 31.977778021755594], [-81.79451717198886, 31.978791475012738], [-81.80086826104846, 31.98334044687134], [-81.80302421773065, 31.985009108653504], [-81.80393151616775, 31.985908192374676], [-81.80424592651724, 31.986487258581], [-81.80507237657874, 31.99338243710089], [-81.80911479535783, 31.998502057525698], [-81.8116480444594, 32.00036089659319], [-81.81303144999714, 32.00208257457268], [-81.81411841149108, 32.00292054773278], [-81.81560063171008, 32.003613774285455], [-81.81907711186011, 32.00472597296814], [-81.82232901318908, 32.006813213525305], [-81.82367648611545, 32.01111704492809], [-81.82435022257862, 32.01390490573301], [-81.82442208780137, 32.01487225837899], [-81.81033650414442, 32.01663174764337], [-81.80961785191701, 32.021384484813446], [-81.80840512628328, 32.023897851919415], [-81.80145216598324, 32.020653310526235], [-81.80015859197393, 32.019746950966315], [-81.79894586634019, 32.01912239546346], [-81.79148984948095, 32.01839120312368], [-81.79053763527966, 32.01801037146905], [-81.78866015633558, 32.01687548375176]]]}}, {"type": "Feature", "properties": {"FID": 47, "_Area_ID": "B-23", "_label": "FIREARM", "_Parent_ID": "Bravo", "_Type": " ", "Use_Restri": " ", "_ClosedSta": "_closed", "_OpenSta": "_open", "Status": " ", "ACRES": 2906.20853312, "Visual": " ", "FillTransp": 0, "OutlineTra": 49.8039215686, "FillTran_1": 0, "OutlineT_1": 0, "Id": 0, "Shape_Leng": 26774.0013697, "Shape_Area": 11768919.5, "area_name": "B-23", "area_type": " ", "area_syskey": 47}, "geometry": {"type": "Polygon", "coordinates": [[[-81.41444895837783, 31.989717771391348], [-81.39071546856809, 31.989260630262528], [-81.38801153956251, 31.98935205867055], [-81.38717610634816, 31.9880034804115], [-81.38525371163988, 31.98364522754437], [-81.38567591982347, 31.98326425154488], [-81.38584659972747, 31.98288327396351], [-81.38580168396327, 31.982570871166374], [-81.3852986274041, 31.98213655331524], [-81.38516388011146, 31.98180128900664], [-81.38545134100241, 31.981534600613685], [-81.3867808476231, 31.98089454530808], [-81.38676288131741, 31.98009446989778], [-81.38721203895953, 31.979774437780417], [-81.38768814606019, 31.979911594538823], [-81.38822713523074, 31.980604995012683], [-81.38888290538823, 31.980345922921284], [-81.38837086567621, 31.979340106693037], [-81.38901765268086, 31.978760995378764], [-81.38894578745813, 31.97809044087027], [-81.38941291140593, 31.978098060835393], [-81.38967342283837, 31.97830379965445], [-81.38973630490825, 31.9795763221008], [-81.38979020382531, 31.979728718815398], [-81.39019444570323, 31.9799192143527], [-81.39106581152895, 31.979713479155325], [-81.39164971646369, 31.978669556416108], [-81.39226057085699, 31.978242840052445], [-81.39270074534626, 31.97857811736239], [-81.39273667795764, 31.979195329207098], [-81.39288939155595, 31.979378205993488], [-81.39359007747767, 31.979500123648595], [-81.39382363945157, 31.97921056895322], [-81.3938326226044, 31.97799900123947], [-81.39398533620273, 31.977755161778607], [-81.39433567916359, 31.977648481810785], [-81.39478483680571, 31.97773230179595], [-81.395054331391, 31.977953281389926], [-81.39536874174047, 31.978753375468706], [-81.39584484884112, 31.979050551492715], [-81.39634790540029, 31.978981972495674], [-81.39735401851866, 31.978387619041083], [-81.39775826039657, 31.978372379158294], [-81.39833318217848, 31.978593357211], [-81.39830623271996, 31.979042931606678], [-81.39858471045807, 31.979088650913393], [-81.39923149746272, 31.978898153651897], [-81.39951895835368, 31.97855525758471], [-81.39949200889515, 31.978250460004894], [-81.3990787838644, 31.97774754178504], [-81.39928539637978, 31.977412261440644], [-81.39966268879917, 31.97731320110447], [-81.4002825263453, 31.977457981559724], [-81.40090236389142, 31.97740464141858], [-81.40161203296597, 31.977122700157476], [-81.40277085968265, 31.97717604046248], [-81.40330984885318, 31.977076979871352], [-81.4035883265913, 31.976886478433993], [-81.40383087171806, 31.97625401082627], [-81.40402850108059, 31.97619304986268], [-81.40480105222504, 31.976345452195716], [-81.40540292346547, 31.97725986087918], [-81.40601377785877, 31.977442741522566], [-81.40719955403398, 31.9775113216699], [-81.40775650951021, 31.978242840052445], [-81.4090680498252, 31.97857811736239], [-81.40964297160713, 31.9791115105582], [-81.41001128087366, 31.979058171378117], [-81.41025382600041, 31.97861621697919], [-81.41072094994821, 31.978341899385143], [-81.41161028207962, 31.978181880409956], [-81.41206842287458, 31.978242840052445], [-81.41228401854279, 31.97840285892135], [-81.41223910277859, 31.979423925133133], [-81.41259842889228, 31.979721098985667], [-81.4129397887003, 31.979782057605696], [-81.41320928328557, 31.979728718815398], [-81.41372132299759, 31.97923342856765], [-81.41486218340859, 31.979042931606678], [-81.41521252636943, 31.97854001772976], [-81.41558083563596, 31.97828093980843], [-81.41629948786337, 31.978501918081303], [-81.41648813407306, 31.978844814347827], [-81.41693729171519, 31.979202949080463], [-81.41765594394258, 31.97915722983072], [-81.41818594996028, 31.97873051573469], [-81.41820391626597, 31.978212360236263], [-81.41859917499103, 31.977739921790814], [-81.41848239400409, 31.976894098499084], [-81.41858120868535, 31.976581675311746], [-81.41901240002178, 31.97615494923991], [-81.42000054683446, 31.975888244437428], [-81.42020715934983, 31.975629159030063], [-81.42103360941134, 31.97534721231454], [-81.42202175622401, 31.975636779199554], [-81.42197684045979, 31.976284491292862], [-81.42272244214571, 31.97702363950874], [-81.42272244214571, 31.977938041435003], [-81.42318058294069, 31.97809044087027], [-81.42376448787545, 31.97799900123947], [-81.42420466236473, 31.9784866782175], [-81.42466280315969, 31.97828093980843], [-81.42504907873192, 31.97857811736239], [-81.42597434347468, 31.978654316580165], [-81.42613604022586, 31.978319039548634], [-81.42585756248774, 31.977846601652377], [-81.42604620869743, 31.977343681219292], [-81.42788775503013, 31.97676455730656], [-81.42910048066385, 31.976993159287613], [-81.4293430257906, 31.977160800378506], [-81.42919031219228, 31.97774754178504], [-81.4279865697114, 31.97781612170457], [-81.42764520990337, 31.978212360236263], [-81.42806741808697, 31.978669556416108], [-81.42824708114382, 31.97918770933307], [-81.42788775503013, 31.979820156722667], [-81.42847165996488, 31.98039164157881], [-81.42989998126683, 31.979896354909105], [-81.43030422314474, 31.98009446989778], [-81.43087914492666, 31.98009446989778], [-81.43140915094436, 31.979439164841295], [-81.43235238199281, 31.978974352603935], [-81.43309798367873, 31.97921056895322], [-81.43321476466569, 31.97992683416597], [-81.43281052278778, 31.980673572796814], [-81.43307103422022, 31.981085038425206], [-81.43333154565265, 31.98122219322467], [-81.4336818886135, 31.981161235561327], [-81.43500241208133, 31.980277344892297], [-81.43546953602915, 31.98013256888501], [-81.43574801376727, 31.98013256888501], [-81.4360714072696, 31.980437360213536], [-81.43634090185486, 31.980498318357753], [-81.43842499331431, 31.980262105323344], [-81.43996111245038, 31.979766817954506], [-81.44002399452027, 31.97953822288261], [-81.43896398248486, 31.97903531172003], [-81.4389100835678, 31.978791475012738], [-81.43964670210089, 31.978189500367467], [-81.43981738200489, 31.97768658181353], [-81.43951195480825, 31.976848378099074], [-81.43943110643268, 31.975309111340604], [-81.4391616118474, 31.974912860274067], [-81.43842499331431, 31.97435658185176], [-81.43839804385578, 31.973823161020032], [-81.43901788140192, 31.973632652828854], [-81.43938619066846, 31.973754578116758], [-81.44103010763862, 31.975027163641904], [-81.44164096203191, 31.97514908707735], [-81.44288063712416, 31.974912860274067], [-81.44498269488929, 31.97364027316409], [-81.4467793254578, 31.972276223077426], [-81.44765069128351, 31.970752120791097], [-81.45012105831518, 31.969807164665276], [-81.45134276710175, 31.968839336614753], [-81.45225904869169, 31.968808853675753], [-81.4534268585612, 31.96832112527538], [-81.45396584773175, 31.96832112527538], [-81.45673265880721, 31.968915543917934], [-81.45866403666835, 31.96897650971495], [-81.45789148552389, 31.97279441209017], [-81.45795436759379, 31.973739337464636], [-81.45813403065064, 31.974227037077654], [-81.46165542656487, 31.978890533753216], [-81.46225729780532, 31.979347726554394], [-81.46420664197214, 31.980292584458734], [-81.46505105833933, 31.980932643963158], [-81.46597632308209, 31.98287565439573], [-81.4635239223561, 31.98282231740369], [-81.45931980682585, 31.982281326160724], [-81.45732554689482, 31.98246419679689], [-81.45574451199455, 31.98289089353063], [-81.45254650958263, 31.984529085770824], [-81.45023783930212, 31.985001489262284], [-81.44180265878308, 31.98472719075693], [-81.44039230378681, 31.98480338486847], [-81.42944184047187, 31.986319634528744], [-81.42645943372818, 31.988072052665792], [-81.42524670809445, 31.98846062780525], [-81.41876087174221, 31.988993963551973], [-81.41557185248313, 31.989679676384288], [-81.41444895837783, 31.989717771391348]], [[-81.44109298970852, 31.97833427944025], [-81.44059891630219, 31.978181880409956], [-81.44032043856407, 31.97856287751123], [-81.4405809499965, 31.97866193649847], [-81.44091332665168, 31.97857811736239], [-81.44109298970852, 31.97833427944025]], [[-81.45796335074664, 31.975179567910928], [-81.45785555291252, 31.97493572095902], [-81.45680452402996, 31.97584252353634], [-81.45653502944468, 31.97592634517096], [-81.45664282727878, 31.976284491292862], [-81.45727164797776, 31.97608636807899], [-81.45796335074664, 31.975179567910928]]]}}, {"type": "Feature", "properties": {"FID": 48, "_Area_ID": "F-01", "_label": "FIREARM", "_Parent_ID": "Foxtrot", "_Type": " ", "Use_Restri": " ", "_ClosedSta": "_closed", "_OpenSta": "_open", "Status": " ", "ACRES": 3228.29763627, "Visual": " ", "FillTransp": 0, "OutlineTra": 49.8039215686, "FillTran_1": 0, "OutlineT_1": 0, "Id": 0, "Shape_Leng": 16555.4535585, "Shape_Area": 13054798, "area_name": "F-01", "area_type": " ", "area_syskey": 48}, "geometry": {"type": "Polygon", "coordinates": [[[-81.64818161218543, 31.961789887517167], [-81.64680718980053, 31.949937972393325], [-81.64789415129447, 31.950707821679426], [-81.69005208758406, 31.971216974670494], [-81.69138159420474, 31.972108573064645], [-81.68776138360924, 31.976695976601203], [-81.6837548974415, 31.97915722983072], [-81.67452919947232, 31.982944230482822], [-81.66615690102316, 31.988384436731167], [-81.66604910318904, 31.99151583772755], [-81.66186295396446, 31.994464285470773], [-81.66120718380697, 31.99463189463989], [-81.64887331495429, 31.965150827514865], [-81.64848703938206, 31.963756166666116], [-81.64818161218543, 31.961789887517167]]]}}, {"type": "Feature", "properties": {"FID": 49, "_Area_ID": "E-05", "_label": "FIREARM", "_Parent_ID": "Echo", "_Type": " ", "Use_Restri": " ", "_ClosedSta": "_closed", "_OpenSta": "_open", "Status": " ", "ACRES": 2535.46363282, "Visual": " ", "FillTransp": 0, "OutlineTra": 49.8039215686, "FillTran_1": 0, "OutlineT_1": 0, "Id": 0, "Shape_Leng": 13916.6685239, "Shape_Area": 10266658, "area_name": "E-05", "area_type": " ", "area_syskey": 49}, "geometry": {"type": "Polygon", "coordinates": [[[-81.70256561949358, 31.961058238016], [-81.70263748471633, 31.960997266961098], [-81.70379631143301, 31.962010905490846], [-81.70553904308443, 31.962955941860816], [-81.70661702142553, 31.96384762048555], [-81.70740753887566, 31.964960301325817], [-81.70892569170604, 31.96809250169572], [-81.70947366402943, 31.968785991464873], [-81.71022824886819, 31.96943375190195], [-81.71103673262401, 31.969784302703015], [-81.71209674465942, 31.97003578397483], [-81.7129411610266, 31.970546365043727], [-81.72390959064724, 31.978463818417048], [-81.72675725009829, 31.98073453078409], [-81.72729623926884, 31.981374587205845], [-81.72795200942635, 31.982601349534868], [-81.72967677477209, 31.987005367351657], [-81.73247951845893, 31.990319670403025], [-81.73298257501811, 31.99112727553018], [-81.71708239448698, 31.99415954074216], [-81.71612119713284, 31.9946928433527], [-81.7144413475513, 31.996742220241924], [-81.71292319472093, 31.99734407315632], [-81.70972519230901, 31.992292957184166], [-81.70854839928666, 31.990913946564998], [-81.70217036076852, 31.98572532860281], [-81.69744522237339, 31.9812983902469], [-81.69246855569868, 31.97342690353824], [-81.69138159420474, 31.972108573064645], [-81.69581028855607, 31.965707161724175], [-81.69639419349082, 31.965348974332088], [-81.69798421154394, 31.965150827514865], [-81.70256561949358, 31.961058238016]]]}}, {"type": "Feature", "properties": {"FID": 50, "_Area_ID": "E-20", "_label": "FIREARM", "_Parent_ID": "Echo", "_Type": " ", "Use_Restri": " ", "_ClosedSta": "_closed", "_OpenSta": "_open", "Status": " ", "ACRES": 2251.82316534, "Visual": " ", "FillTransp": 0, "OutlineTra": 49.8039215686, "FillTran_1": 0, "OutlineT_1": 0, "Id": 0, "Shape_Leng": 16848.0421839, "Shape_Area": 9105492.5, "area_name": "E-20", "area_type": " ", "area_syskey": 50}, "geometry": {"type": "Polygon", "coordinates": [[[-81.84173262332875, 32.001488370781864], [-81.84552351382827, 31.994068117126112], [-81.85103018652069, 31.971483693046665], [-81.85153324307987, 31.968343987602033], [-81.859222821913, 31.96578337162732], [-81.86549306259703, 31.964053391246182], [-81.86786461494744, 31.96281113853185], [-81.87299399522047, 31.961203044109123], [-81.87850066791289, 31.95862698582652], [-81.87946186526703, 31.958505040447942], [-81.88149205780941, 31.9585888779131], [-81.88062069198371, 31.959107144180805], [-81.8801535680359, 31.959564435517578], [-81.87983017453357, 31.95958730002464], [-81.87893185924932, 31.96051711848918], [-81.87802456081224, 31.96082197495279], [-81.87786286406107, 31.961187801373228], [-81.87789879667244, 31.961477412922545], [-81.87811439234066, 31.961606975688365], [-81.87729692543199, 31.96200328419025], [-81.87710827922231, 31.96233099954409], [-81.87659623951029, 31.96253677370341], [-81.87671302049723, 31.962849244693192], [-81.87638064384207, 31.963184578231093], [-81.87639861014776, 31.963512289369042], [-81.87663217212166, 31.96359612226298], [-81.8767489531086, 31.96415246589241], [-81.87696454877683, 31.964419204793156], [-81.8769825150825, 31.964838364357366], [-81.87675793626144, 31.965097480221797], [-81.87715319498652, 31.965379458419854], [-81.87697353192966, 31.965455668595], [-81.87724302651495, 31.965943412218014], [-81.8762818291608, 31.96755904446246], [-81.87637166068923, 31.967947706467474], [-81.87538351387656, 31.968580231310703], [-81.87532961495951, 31.969075579048734], [-81.8749074067759, 31.96941088984669], [-81.87455706381505, 31.969388027785726], [-81.87421570400704, 31.969563303440893], [-81.87337128763986, 31.97036347065892], [-81.87267060171814, 31.97024154086659], [-81.87217652831181, 31.97050826207696], [-81.87227534299308, 31.97083594707447], [-81.87195194949074, 31.971186492521007], [-81.8713500782503, 31.97120935413407], [-81.87062244287006, 31.971605621189077], [-81.86990379064267, 31.97146083150192], [-81.86958938029318, 31.97215429582577], [-81.8686820818561, 31.973045885115546], [-81.86852936825777, 31.9737164764817], [-81.86936480147212, 31.977191280543938], [-81.86970616128013, 31.97785422163775], [-81.86877191338452, 31.97855525758471], [-81.8682598736725, 31.97915722983072], [-81.8679005475588, 31.979964933222814], [-81.86786461494744, 31.98073453078409], [-81.86188183515436, 31.984963392296688], [-81.85913299038457, 31.9861443908739], [-81.85966299640228, 31.989313963511613], [-81.85948333334544, 31.991371079454247], [-81.85382394705469, 31.998243035975882], [-81.85172188928956, 32.00103890638198], [-81.8510571359792, 32.00126744787761], [-81.8479848977071, 32.001831181131145], [-81.84670030685062, 32.00177023716274], [-81.8445353670156, 32.001214121579586], [-81.84348433813302, 32.00119888548873], [-81.84248720816753, 32.00144266263844], [-81.8413822803679, 32.00212828239709], [-81.84173262332875, 32.001488370781864]]]}}, {"type": "Feature", "properties": {"FID": 51, "_Area_ID": "B-21", "_label": "FIREARM", "_Parent_ID": "Bravo", "_Type": " ", "Use_Restri": " ", "_ClosedSta": "_closed", "_OpenSta": "_open", "Status": " ", "ACRES": 1849.43599551, "Visual": " ", "FillTransp": 0, "OutlineTra": 49.8039215686, "FillTran_1": 0, "OutlineT_1": 0, "Id": 0, "Shape_Leng": 12016.2178064, "Shape_Area": 7484681, "area_name": "B-21", "area_type": " ", "area_syskey": 51}, "geometry": {"type": "Polygon", "coordinates": [[[-81.38861341080295, 31.990007292927913], [-81.38801153956251, 31.98935205867055], [-81.39071546856809, 31.989260630262528], [-81.41536523996776, 31.989702533390407], [-81.41813205104323, 31.98907015411979], [-81.42484246621655, 31.988521580618958], [-81.42585756248774, 31.988308245593803], [-81.42811233385119, 31.9918891606412], [-81.42821114853245, 31.992483426634557], [-81.42522874178876, 32.000124734702965], [-81.42074614852038, 32.006013364183616], [-81.41986579954182, 32.00663039143392], [-81.41681152757539, 32.00791013841654], [-81.41435014369657, 32.00857285751072], [-81.41205943972174, 32.00899943278378], [-81.40878058893425, 32.010987552064705], [-81.4081158356239, 32.01021059104236], [-81.40622937352698, 32.00640948092035], [-81.4051963109501, 32.004992593935036], [-81.38861341080295, 31.990007292927913]]]}}, {"type": "Feature", "properties": {"FID": 52, "_Area_ID": "F-02", "_label": "FIREARM", "_Parent_ID": "Foxtrot", "_Type": " ", "Use_Restri": " ", "_ClosedSta": "_closed", "_OpenSta": "_open", "Status": " ", "ACRES": 2116.88066134, "Visual": " ", "FillTransp": 0, "OutlineTra": 49.8039215686, "FillTran_1": 0, "OutlineT_1": 0, "Id": 0, "Shape_Leng": 13878.9513827, "Shape_Area": 8564712.5, "area_name": "F-02", "area_type": " ", "area_syskey": 52}, "geometry": {"type": "Polygon", "coordinates": [[[-81.6623570273708, 31.997389783342857], [-81.66120718380697, 31.99463189463989], [-81.66186295396446, 31.994464285470773], [-81.66604910318904, 31.99151583772755], [-81.66615690102316, 31.988384436731167], [-81.67452919947232, 31.982944230482822], [-81.6837548974415, 31.97915722983072], [-81.68776138360924, 31.976695976601203], [-81.69122888060642, 31.97228384352528], [-81.69138159420474, 31.972108573064645], [-81.69148040888601, 31.97218477765387], [-81.69246855569868, 31.97342690353824], [-81.69722962670517, 31.9810164609486], [-81.69882862791113, 31.98259372994368], [-81.68715052921596, 31.9939843120647], [-81.68555152801, 31.99472331769392], [-81.68495863992239, 31.995157575956043], [-81.68476101055985, 31.997694517337482], [-81.68018858576306, 31.997313599685956], [-81.6792453547146, 31.997755464014887], [-81.677340926312, 31.999385772600984], [-81.67637972895787, 32.000490404468316], [-81.6743585195683, 32.00465741316562], [-81.67098983725239, 32.00796346081979], [-81.6703789828591, 32.008839467289036], [-81.66960643171466, 32.01043910967382], [-81.66605808634189, 32.00784158099542], [-81.66427942207908, 32.00199877683542], [-81.6623570273708, 31.997389783342857]]]}}, {"type": "Feature", "properties": {"FID": 53, "_Area_ID": "E-16", "_label": "FIREARM", "_Parent_ID": "Echo", "_Type": " ", "Use_Restri": " ", "_ClosedSta": "_closed", "_OpenSta": "_open", "Status": " ", "ACRES": 2540.39582574, "Visual": " ", "FillTransp": 0, "OutlineTra": 49.8039215686, "FillTran_1": 0, "OutlineT_1": 0, "Id": 0, "Shape_Leng": 14196.2193547, "Shape_Area": 10283348.5, "area_name": "E-16", "area_type": " ", "area_syskey": 53}, "geometry": {"type": "Polygon", "coordinates": [[[-81.8052340733299, 31.993656709726146], [-81.80500949450884, 31.993214825648362], [-81.8099322622665, 31.993572904288765], [-81.810588032424, 31.993473861400425], [-81.81119888681728, 31.993123401090592], [-81.81148634770824, 31.99252913924379], [-81.81156719608381, 31.991249177573216], [-81.81189058958614, 31.989748247385595], [-81.81249246082659, 31.988140624868816], [-81.81339975926369, 31.98745490053185], [-81.81452265336898, 31.98703584424702], [-81.81594199151809, 31.9868606019603], [-81.81754997587689, 31.986967271218173], [-81.81902321294305, 31.987729190881723], [-81.8198137303932, 31.987843478285466], [-81.82168222618442, 31.987409185393798], [-81.82611092053574, 31.987485377277878], [-81.82882383269417, 31.98719584778168], [-81.83326151019833, 31.985740567264365], [-81.83627984955339, 31.985694851272044], [-81.84137329721506, 31.98398048511533], [-81.84413112513768, 31.982692784579616], [-81.84794896509572, 31.983866192899207], [-81.84546063175837, 31.99428905737556], [-81.8413822803679, 32.00212828239709], [-81.8280512815497, 32.01217583265323], [-81.82435022257862, 32.01390490573301], [-81.82367648611545, 32.01111704492809], [-81.82232901318908, 32.006813213525305], [-81.81907711186011, 32.00472597296814], [-81.81560063171008, 32.003613774285455], [-81.81426214193655, 32.00300434462754], [-81.81348060763926, 32.00248632623318], [-81.8116480444594, 32.00036089659319], [-81.8089171659953, 31.998303982288743], [-81.8052340733299, 31.993656709726146]]]}}, {"type": "Feature", "properties": {"FID": 54, "_Area_ID": "B-22", "_label": "FIREARM", "_Parent_ID": "Bravo", "_Type": " ", "Use_Restri": " ", "_ClosedSta": "_closed", "_OpenSta": "_open", "Status": " ", "ACRES": 2749.30620936, "Visual": " ", "FillTransp": 0, "OutlineTra": 49.8039215686, "FillTran_1": 0, "OutlineT_1": 0, "Id": 0, "Shape_Leng": 19566.3327822, "Shape_Area": 11113400, "area_name": "B-22", "area_type": " ", "area_syskey": 54}, "geometry": {"type": "Polygon", "coordinates": [[[-81.46165542656487, 31.978890533753216], [-81.45813403065064, 31.974227037077654], [-81.45795436759379, 31.973739337464636], [-81.45789148552389, 31.97279441209017], [-81.45866403666835, 31.96897650971495], [-81.4596072677168, 31.96872502554135], [-81.4604965998482, 31.968877440274245], [-81.46124220153412, 31.968694542564407], [-81.46149372981371, 31.968549748285675], [-81.4614038982853, 31.967856256731974], [-81.46162847710634, 31.967566665301906], [-81.46230221356953, 31.967208485164253], [-81.46284120274008, 31.967200864295066], [-81.46319154570094, 31.967353281558363], [-81.46451206916878, 31.968572610555405], [-81.46449410286309, 31.968846957347914], [-81.46375748433, 31.96986812987017], [-81.46349697289759, 31.97002816334034], [-81.46283221958724, 31.97011199028481], [-81.46258967446049, 31.97033298822601], [-81.46249085977922, 31.97072925906417], [-81.46292205111565, 31.971430349433422], [-81.46431443980624, 31.97248959537812], [-81.46451206916878, 31.973183051929947], [-81.46506004149217, 31.9733659406969], [-81.46541936760586, 31.973144950057623], [-81.46620090190316, 31.973480245991215], [-81.46653327855833, 31.97347262564267], [-81.46678480683791, 31.973312598177518], [-81.46677582368507, 31.972664865111224], [-81.4670363351175, 31.972360047969012], [-81.46734176231415, 31.97215429582577], [-81.46806939769438, 31.97213905490793], [-81.4693000896338, 31.97279441209017], [-81.46884194883884, 31.97364027316409], [-81.46885991514452, 31.974242277648788], [-81.46903957820138, 31.97447850617802], [-81.46964144944181, 31.97482903771383], [-81.47041400058626, 31.97483665794975], [-81.47094400660397, 31.9745242277586], [-81.47118655173071, 31.97404415002644], [-81.47057569733742, 31.972984922021137], [-81.47055773103175, 31.972718208007034], [-81.47081824246418, 31.972291463972493], [-81.47111468650797, 31.972222879924754], [-81.47398929541755, 31.973114468548367], [-81.47503134114729, 31.973975567288303], [-81.476073386877, 31.974318480466597], [-81.47707949999536, 31.974188935638697], [-81.47878629903542, 31.973510727378997], [-81.4798193616123, 31.973724096809967], [-81.48044818231128, 31.973221153786444], [-81.48188548676606, 31.973236394524623], [-81.48331380806802, 31.972581040498028], [-81.48338567329075, 31.972070470746303], [-81.48266702106335, 31.97154465713811], [-81.48228074549114, 31.97145321098575], [-81.48141836281826, 31.97204760934771], [-81.48034936763, 31.971651344200733], [-81.47983732791799, 31.971628482697767], [-81.4795408838742, 31.971331282640875], [-81.47943308604009, 31.970820705937733], [-81.47990919314073, 31.970348229443736], [-81.48188548676606, 31.970096749027874], [-81.48219989711555, 31.970134852165472], [-81.48290058303726, 31.970614950344096], [-81.4832688923038, 31.970668294431164], [-81.48379889832151, 31.969769061391677], [-81.48488585981545, 31.969502338033585], [-81.485424848986, 31.96919751038969], [-81.48564942780705, 31.968694542564407], [-81.48555061312578, 31.968435436851696], [-81.48535298376325, 31.968275400604977], [-81.48370906679308, 31.967917223232426], [-81.48322397653959, 31.967315177266272], [-81.48293651564863, 31.966492120696802], [-81.48319702708106, 31.966141557324733], [-81.48427500542216, 31.965387079440205], [-81.48473314621712, 31.96416008701459], [-81.4854068826803, 31.96367995508036], [-81.48592790554517, 31.963710439722256], [-81.48628723165886, 31.963923831932153], [-81.4866555409254, 31.964716427226957], [-81.48686215344078, 31.96578337162732], [-81.48739215945848, 31.96629397634662], [-81.48919777317982, 31.96685030362922], [-81.49094050483124, 31.967574286140685], [-81.49162322444728, 31.96774956525874], [-81.49426427138296, 31.967917223232426], [-81.49472241217792, 31.9683058837211], [-81.495459030711, 31.96848116144238], [-81.49591717150597, 31.968519265250542], [-81.49651005959356, 31.9683058837211], [-81.49797431350689, 31.966697885530888], [-81.50107350123753, 31.964312509325833], [-81.50176520400639, 31.963497047016467], [-81.50216046273147, 31.963176957027922], [-81.50317555900267, 31.962780653591416], [-81.503840312313, 31.962773032354708], [-81.50427150364943, 31.962933078192478], [-81.50581660593835, 31.96439634148916], [-81.50886189475193, 31.96662167638683], [-81.5085385012496, 31.967010342360126], [-81.50519676839221, 31.982548012383344], [-81.50344505358794, 31.983896670837435], [-81.50112740015459, 31.985077683146017], [-81.49692328462432, 31.98670821709103], [-81.48270295367473, 31.986792028800465], [-81.48132853128983, 31.98687584043331], [-81.4806008959096, 31.987127274872424], [-81.47288436761794, 31.98588533442312], [-81.46923720756389, 31.984925295315268], [-81.46787176833185, 31.984201449662766], [-81.46603022199915, 31.982951850044902], [-81.46505105833933, 31.980932643963158], [-81.46420664197214, 31.980292584458734], [-81.46225729780532, 31.979347726554394], [-81.46165542656487, 31.978890533753216]]]}}, {"type": "Feature", "properties": {"FID": 55, "_Area_ID": "E-15", "_label": "FIREARM", "_Parent_ID": "Echo", "_Type": " ", "Use_Restri": " ", "_ClosedSta": "_closed", "_OpenSta": "_open", "Status": " ", "ACRES": 2318.21434674, "Visual": " ", "FillTransp": 0, "OutlineTra": 49.8039215686, "FillTran_1": 0, "OutlineT_1": 0, "Id": 0, "Shape_Leng": 16844.4940495, "Shape_Area": 9388546.5, "area_name": "E-15", "area_type": " ", "area_syskey": 55}, "geometry": {"type": "Polygon", "coordinates": [[[-81.8099322622665, 31.993572904288765], [-81.80500949450884, 31.993214825648362], [-81.80431779173996, 31.986967271218173], [-81.80406626346038, 31.986106294382896], [-81.80329371231592, 31.985237690095854], [-81.80166776165144, 31.983957626683512], [-81.79431954262633, 31.978608597057097], [-81.79390631759557, 31.977778021755594], [-81.79548735249584, 31.97691695869054], [-81.79902671471577, 31.975979686171314], [-81.80813563169801, 31.976985539230764], [-81.81092040907916, 31.97631497174935], [-81.81228584831122, 31.97617780961548], [-81.82499700958327, 31.97617780961548], [-81.82839264135772, 31.975293870946615], [-81.83445626952637, 31.972862995710877], [-81.83574086038284, 31.972603901763772], [-81.8402593862626, 31.972062850280743], [-81.85153324307987, 31.968343987602033], [-81.85103018652069, 31.971483693046665], [-81.84794896509572, 31.983866192899207], [-81.84413112513768, 31.982692784579616], [-81.84137329721506, 31.98398048511533], [-81.83627984955339, 31.985694851272044], [-81.83326151019833, 31.985740567264365], [-81.82882383269417, 31.98719584778168], [-81.82611092053574, 31.987485377277878], [-81.82168222618442, 31.987409185393798], [-81.8198137303932, 31.987843478285466], [-81.81902321294305, 31.987729190881723], [-81.81754997587689, 31.986967271218173], [-81.81594199151809, 31.9868606019603], [-81.81452265336898, 31.98703584424702], [-81.81339975926369, 31.98745490053185], [-81.81249246082659, 31.988140624868816], [-81.81165702761224, 31.990670141425856], [-81.81142346563834, 31.99278055818734], [-81.81101024060759, 31.993260537893075], [-81.810588032424, 31.993473861400425], [-81.8099322622665, 31.993572904288765]]]}}, {"type": "Feature", "properties": {"FID": 56, "_Area_ID": "F-14", "_label": "SHOTGUN", "_Parent_ID": "Foxtrot", "_Type": " ", "Use_Restri": " ", "_ClosedSta": "_closed", "_OpenSta": "_open", "Status": " ", "ACRES": 1663.37456201, "Visual": " ", "FillTransp": 0, "OutlineTra": 49.8039215686, "FillTran_1": 0, "OutlineT_1": 0, "Id": 0, "Shape_Leng": 13630.278641, "Shape_Area": 6737915.5, "area_name": "F-14", "area_type": " ", "area_syskey": 56}, "geometry": {"type": "Polygon", "coordinates": [[[-81.6948850238133, 32.09348309047991], [-81.69166007194286, 32.09102490835066], [-81.68962089624763, 32.08849816305625], [-81.68860579997643, 32.087759914043026], [-81.68965682885899, 32.08677810972343], [-81.68984547506868, 32.08616162255024], [-81.6901868348767, 32.085918070916044], [-81.6904832789205, 32.08667155668216], [-81.69094141971546, 32.08719670975431], [-81.6912019311479, 32.08734131659209], [-81.69227990948899, 32.08748592320103], [-81.69266618506121, 32.08830789326253], [-81.6929177133408, 32.088444887553955], [-81.69409450636316, 32.08788929832177], [-81.69538808037248, 32.08772185980857], [-81.69596300215439, 32.08739459273778], [-81.69621453043398, 32.08772185980857], [-81.69577435594469, 32.0884524983419], [-81.69609774944702, 32.08868082168552], [-81.69722064355233, 32.088345947252954], [-81.6978494642513, 32.088642767834536], [-81.69798421154394, 32.08913746666122], [-81.69793929577973, 32.09000508582801], [-81.69829862189343, 32.0905758834186], [-81.69855913332586, 32.09072809550722], [-81.69896337520377, 32.09067482130502], [-81.69936761708168, 32.09036278606856], [-81.70227815860262, 32.089274459708946], [-81.70280816462034, 32.08889392295816], [-81.7029698613715, 32.08853621696747], [-81.70328427172099, 32.08840683360473], [-81.70525158219348, 32.08836877963962], [-81.70620379639477, 32.088764540101884], [-81.70700329699775, 32.089419063258696], [-81.70758720193251, 32.08954083449155], [-81.70822500578433, 32.08998986451012], [-81.70866518027361, 32.09051499851215], [-81.70924010205553, 32.091785962517854], [-81.70945569772374, 32.091945783087546], [-81.70996773743576, 32.09180879404493], [-81.71090198533138, 32.09078136967831], [-81.71160267125309, 32.090598715248056], [-81.71203386258952, 32.090682431907254], [-81.71269861589987, 32.09110101405265], [-81.7127704811226, 32.09186206758592], [-81.71365083010117, 32.09247851630083], [-81.71406405513193, 32.09249373720413], [-81.71449524646836, 32.09211321386072], [-81.71470185898373, 32.091131456315686], [-81.71454016223257, 32.0903095116534], [-81.71526779761281, 32.08940384184318], [-81.71639069171812, 32.08892436595654], [-81.7179986760769, 32.08911463446664], [-81.7188430924441, 32.089396231134465], [-81.71983123925676, 32.08993658987752], [-81.72195126332758, 32.090461724185744], [-81.72218482530148, 32.09064437888985], [-81.72362212975628, 32.09307974005335], [-81.72364907921481, 32.0941984623282], [-81.72384670857734, 32.09457136670892], [-81.72643385659596, 32.09473879267043], [-81.72818557140025, 32.095340001548536], [-81.72849998174972, 32.09567485034738], [-81.72920965082429, 32.09598686744163], [-81.72865269534805, 32.096747880275146], [-81.72836523445709, 32.097562156985965], [-81.72834726815141, 32.09818617721604], [-81.72872456057078, 32.09951791344997], [-81.7276465822297, 32.100872459529114], [-81.72631707560902, 32.10175518661203], [-81.72471807440306, 32.10253137061846], [-81.72233753889981, 32.10340647212619], [-81.72174465081221, 32.1038326054767], [-81.72137634154566, 32.10457833405552], [-81.72019954852331, 32.108618859545864], [-81.71959767728286, 32.10913627739142], [-81.7195617446715, 32.10938737617148], [-81.71846580002472, 32.10958521108761], [-81.71017434995113, 32.108284058200965], [-81.7094646808766, 32.10732530210394], [-81.70773093237798, 32.106457847436964], [-81.70697634753923, 32.10594041441362], [-81.70503598652526, 32.10377933891662], [-81.70317647388687, 32.10113119076484], [-81.70024796606023, 32.09747844663081], [-81.69825370612921, 32.09567485034738], [-81.6948850238133, 32.09348309047991]]]}}, {"type": "Feature", "properties": {"FID": 57, "_Area_ID": "F-20", "_label": "ARCHERY", "_Parent_ID": "Foxtrot", "_Type": " ", "Use_Restri": " ", "_ClosedSta": "_closed", "_OpenSta": "_open", "Status": " ", "ACRES": 4221.03263526, "Visual": " ", "FillTransp": 0, "OutlineTra": 49.8039215686, "FillTran_1": 0, "OutlineT_1": 0, "Id": 0, "Shape_Leng": 19800.7131388, "Shape_Area": 17067002, "area_name": "F-20", "area_type": " ", "area_syskey": 57}, "geometry": {"type": "Polygon", "coordinates": [[[-81.62583152791342, 32.096199951674066], [-81.62602915727595, 32.09482250553611], [-81.62672086004483, 32.09308735045523], [-81.63598249062538, 32.07855032720183], [-81.63776115488818, 32.08011830587873], [-81.64023152191986, 32.083672798715504], [-81.64164187691613, 32.08538529945328], [-81.6431420634408, 32.08649650498746], [-81.64377088413978, 32.08518741211894], [-81.64426495754611, 32.08457091421504], [-81.64514530652467, 32.083672798715504], [-81.64624125117145, 32.082843175709066], [-81.64713956645569, 32.083726076999845], [-81.64872958450881, 32.08429691381176], [-81.64942128727768, 32.084205580161445], [-81.65014892265792, 32.08384024464746], [-81.65102028848364, 32.083627131589886], [-81.6525564076197, 32.083764132898246], [-81.65299658210897, 32.083931578662856], [-81.6540386278387, 32.0847688028843], [-81.65632034866067, 32.08570496270365], [-81.65709289980512, 32.08655739257148], [-81.65995852556186, 32.088018682417285], [-81.66268042087313, 32.08877215086322], [-81.66609401895326, 32.08992136854823], [-81.66697436793181, 32.09145871000283], [-81.66768403700637, 32.092356748983086], [-81.66870811643041, 32.09432022719129], [-81.67001067359257, 32.09577378271216], [-81.67100780355807, 32.09606296901027], [-81.6726876531396, 32.09582705394114], [-81.67318172654595, 32.095598748455416], [-81.67515802017128, 32.09416802108706], [-81.67630786373512, 32.09412996952136], [-81.67684685290567, 32.094358278677724], [-81.67819432583204, 32.09564440959821], [-81.67868839923837, 32.09658806810599], [-81.67997299009484, 32.09728819553837], [-81.68086232222623, 32.097562156985965], [-81.68168877228774, 32.098536235478626], [-81.68200318263723, 32.09916785894958], [-81.68194030056733, 32.100149530132555], [-81.68249725604356, 32.10153450564112], [-81.68256013811346, 32.10208240224254], [-81.68183250273323, 32.10363475809697], [-81.68078147385066, 32.10430439365253], [-81.67792483124676, 32.10702093298382], [-81.67554429574352, 32.10839058603479], [-81.67402614291314, 32.10865690507555], [-81.67969451235672, 32.11167006067939], [-81.68024248468011, 32.11208854664842], [-81.62498711154623, 32.10666329797126], [-81.62583152791342, 32.096199951674066]]]}}, {"type": "Feature", "properties": {"FID": 58, "_Area_ID": "E-10", "_label": "FIREARM", "_Parent_ID": "Echo", "_Type": " ", "Use_Restri": " ", "_ClosedSta": "_closed", "_OpenSta": "_open", "Status": " ", "ACRES": 2729.5024864, "Visual": " ", "FillTransp": 0, "OutlineTra": 49.8039215686, "FillTran_1": 0, "OutlineT_1": 0, "Id": 0, "Shape_Leng": 14636.8196148, "Shape_Area": 11061313, "area_name": "E-10", "area_type": " ", "area_syskey": 58}, "geometry": {"type": "Polygon", "coordinates": [[[-81.77078368217911, 32.01874156684792], [-81.77357744271312, 32.01352405543313], [-81.77460152213716, 32.015154083607], [-81.77559865210267, 32.01607572221964], [-81.77890445234868, 32.01714968609876], [-81.78167126342417, 32.01825410391036], [-81.78344992768696, 32.01861208475807], [-81.78389010217626, 32.01855876855024], [-81.78616283984539, 32.0172639368345], [-81.78704318882394, 32.0169592678893], [-81.78838167859746, 32.016791699537634], [-81.79053763527966, 32.01801037146905], [-81.79148984948095, 32.01839120312368], [-81.79894586634019, 32.01912239546346], [-81.80015859197393, 32.019746950966315], [-81.80145216598324, 32.020653310526235], [-81.80840512628328, 32.023897851919415], [-81.80182945840262, 32.02887106905524], [-81.79940400713515, 32.031544156885886], [-81.7991614620084, 32.03207724199373], [-81.79805653420878, 32.03658549480874], [-81.7949483633253, 32.041938756734716], [-81.79432852577916, 32.04273067786587], [-81.79254986151636, 32.04449724647073], [-81.7879235378025, 32.04122297597182], [-81.78645928388919, 32.040491960054474], [-81.77016384463299, 32.03471215994971], [-81.7595637242789, 32.03064552067975], [-81.76015661236652, 32.029693565928255], [-81.76222273752026, 32.028634980625476], [-81.77078368217911, 32.01874156684792]]]}}, {"type": "Feature", "properties": {"FID": 59, "_Area_ID": "F-05", "_label": "FIREARM", "_Parent_ID": "Foxtrot", "_Type": " ", "Use_Restri": " ", "_ClosedSta": "_closed", "_OpenSta": "_open", "Status": " ", "ACRES": 2965.23281079, "Visual": " ", "FillTransp": 0, "OutlineTra": 49.8039215686, "FillTran_1": 0, "OutlineT_1": 0, "Id": 0, "Shape_Leng": 13779.1490266, "Shape_Area": 11992451.5, "area_name": "F-05", "area_type": " ", "area_syskey": 59}, "geometry": {"type": "Polygon", "coordinates": [[[-81.72845506598551, 32.04421551152137], [-81.72515824889234, 32.041002148862106], [-81.72167278558946, 32.03818465277891], [-81.71940903107317, 32.03029520248183], [-81.71781901302006, 32.026334990532916], [-81.72013666645341, 32.024248194585596], [-81.723181955267, 32.02075232405256], [-81.7260835136351, 32.018444519429], [-81.72826641977582, 32.01366116172341], [-81.72861676273668, 32.011436967688546], [-81.75640165447837, 32.02932039696605], [-81.75738081813819, 32.029823032355786], [-81.7595637242789, 32.03064552067975], [-81.75582673269645, 32.036037205646444], [-81.75249398299191, 32.039342121122935], [-81.74588238249986, 32.04382717273736], [-81.74316947034144, 32.044428716427724], [-81.73999841738807, 32.04406322199849], [-81.73809398898545, 32.04420028258048], [-81.73017983133127, 32.04602012307663], [-81.72845506598551, 32.04421551152137]]]}}, {"type": "Feature", "properties": {"FID": 60, "_Area_ID": "F-19", "_label": "SHOTGUN", "_Parent_ID": "Foxtrot", "_Type": " ", "Use_Restri": " ", "_ClosedSta": "_closed", "_OpenSta": "_open", "Status": " ", "ACRES": 4075.94087059, "Visual": " ", "FillTransp": 0, "OutlineTra": 49.8039215686, "FillTran_1": 0, "OutlineT_1": 0, "Id": 0, "Shape_Leng": 24881.2628506, "Shape_Area": 16495934.5, "area_name": "F-19", "area_type": " ", "area_syskey": 60}, "geometry": {"type": "Polygon", "coordinates": [[[-81.676029385997, 32.1081775302429], [-81.67812246060929, 32.106868748043276], [-81.68078147385066, 32.10430439365253], [-81.68183250273323, 32.10363475809697], [-81.6822097951526, 32.103048822957966], [-81.68259607072483, 32.101892160739546], [-81.68194030056733, 32.100149530132555], [-81.68200318263723, 32.09916785894958], [-81.68103300213025, 32.09770674741873], [-81.67893992751796, 32.09679354084356], [-81.67853568564004, 32.096397815159136], [-81.67799669646949, 32.09543893427592], [-81.67684685290567, 32.094358278677724], [-81.67630786373512, 32.09412996952136], [-81.67515802017128, 32.09416802108706], [-81.67318172654595, 32.095598748455416], [-81.6726876531396, 32.09582705394114], [-81.67100780355807, 32.09606296901027], [-81.67022626926078, 32.09586510479996], [-81.6697232127016, 32.09554547709331], [-81.66870811643041, 32.09432022719129], [-81.66768403700637, 32.092356748983086], [-81.66697436793181, 32.09145871000283], [-81.66609401895326, 32.08992136854823], [-81.66268042087313, 32.08877215086322], [-81.65995852556186, 32.088018682417285], [-81.65709289980512, 32.08655739257148], [-81.6565359443289, 32.08586479390952], [-81.6560508540754, 32.08554513121824], [-81.6540386278387, 32.0847688028843], [-81.65282590220497, 32.083832633475375], [-81.65186470485082, 32.08363474277909], [-81.65102028848364, 32.083627131589886], [-81.65014892265792, 32.08384024464746], [-81.64942128727768, 32.084205580161445], [-81.64872958450881, 32.08429691381176], [-81.64713956645569, 32.083726076999845], [-81.64624125117145, 32.082843175709066], [-81.64811873011551, 32.08136658035306], [-81.6484511067707, 32.08022486656035], [-81.64881043288439, 32.079562666026305], [-81.65060706345288, 32.07792617286608], [-81.65599695515834, 32.07591667142458], [-81.66022802014714, 32.07559697394086], [-81.66230312845374, 32.07590144776023], [-81.66328229211358, 32.07558175022328], [-81.6637943318256, 32.075239215907395], [-81.66473756287405, 32.072765318855375], [-81.66486332701385, 32.07204977922796], [-81.66463874819279, 32.07034464094963], [-81.6645578998172, 32.06687336834952], [-81.66491722593089, 32.063409576861105], [-81.66480044494394, 32.061544404033484], [-81.6644950177473, 32.06041766895999], [-81.66510587214059, 32.05947363699726], [-81.6654651982543, 32.06038721646809], [-81.66508790583491, 32.060767871888174], [-81.66510587214059, 32.061567243114425], [-81.66615690102316, 32.06262544761209], [-81.66678572172212, 32.062929964623656], [-81.66766607070069, 32.06274725453838], [-81.66868116697188, 32.06296041626905], [-81.66995677467551, 32.06350854415265], [-81.67310087817036, 32.06407950720516], [-81.67313681078174, 32.06433072981915], [-81.67257087215266, 32.065122457179484], [-81.67249002377709, 32.06554115637827], [-81.67267866998677, 32.066393774275404], [-81.6727685015152, 32.06839587255424], [-81.67317274339311, 32.068966805096245], [-81.67501428972581, 32.070740479455324], [-81.67505022233718, 32.07160827326014], [-81.67582277348163, 32.07370921362826], [-81.67666718984881, 32.07487384455591], [-81.67749363991032, 32.075345782276514], [-81.67818534267919, 32.07549040786453], [-81.67909264111627, 32.076046072469225], [-81.6800718047761, 32.07566548063863], [-81.68160792391215, 32.07588622409334], [-81.68253318865493, 32.07578727019682], [-81.68383574581709, 32.076068907928686], [-81.68474304425418, 32.07659412192179], [-81.68611746663906, 32.078025124447464], [-81.68754578794102, 32.07882434483238], [-81.68830935593262, 32.07969206191007], [-81.688686648352, 32.08036948442952], [-81.6889381766316, 32.08126763238878], [-81.68884834510317, 32.083657576342816], [-81.68912682284129, 32.08433496947246], [-81.6901868348767, 32.085918070916044], [-81.68984547506868, 32.08616162255024], [-81.68965682885899, 32.08677810972343], [-81.68860579997643, 32.087759914043026], [-81.68962089624763, 32.08849816305625], [-81.69166007194286, 32.09102490835066], [-81.6948850238133, 32.09348309047991], [-81.69825370612921, 32.09567485034738], [-81.69959219590274, 32.09684681147785], [-81.70102950035752, 32.098353596552485], [-81.70484734031557, 32.103528224714935], [-81.70655413935563, 32.10552950962994], [-81.70773093237798, 32.106457847436964], [-81.7094646808766, 32.10732530210394], [-81.71017434995113, 32.108284058200965], [-81.70572768929412, 32.108048174698126], [-81.69990660625223, 32.108519941094464], [-81.68921665436972, 32.1120200672575], [-81.68024248468011, 32.11208854664842], [-81.67969451235672, 32.11167006067939], [-81.67402614291314, 32.10865690507555], [-81.67527480115824, 32.10847428638842], [-81.676029385997, 32.1081775302429]]]}}, {"type": "Feature", "properties": {"FID": 61, "_Area_ID": "C-06", "_label": "FIREARM", "_Parent_ID": "Charlie", "_Type": " ", "Use_Restri": " ", "_ClosedSta": "_closed", "_OpenSta": "_open", "Status": " ", "ACRES": 1855.77545701, "Visual": " ", "FillTransp": 0, "OutlineTra": 49.8039215686, "FillTran_1": 0, "OutlineT_1": 0, "Id": 0, "Shape_Leng": 13503.590549, "Shape_Area": 7501462, "area_name": "C-06", "area_type": " ", "area_syskey": 61}, "geometry": {"type": "Polygon", "coordinates": [[[-81.49216221361783, 32.03465885311243], [-81.49370731590673, 32.033737401449265], [-81.49606090195145, 32.034377087885545], [-81.5057447407156, 32.03616666310585], [-81.50584355539686, 32.03774298336941], [-81.50528659992064, 32.039349735997824], [-81.5056189765758, 32.041352426098804], [-81.5054482966718, 32.04225857186235], [-81.50445116670629, 32.04447440312877], [-81.49721074551528, 32.05535480293336], [-81.49585428943607, 32.0621458312631], [-81.49245865766163, 32.067330122272345], [-81.49227001145194, 32.068205560914805], [-81.4817866720848, 32.0722781435472], [-81.48007987304474, 32.07252934363964], [-81.47775323645854, 32.072072615685556], [-81.47599253850143, 32.071387519476794], [-81.4765584771305, 32.0695529587977], [-81.47769035438864, 32.068137048627655], [-81.47848087183878, 32.066858143179445], [-81.47940613658155, 32.064696143298605], [-81.48107700301024, 32.06168143843363], [-81.48146327858247, 32.06050902637483], [-81.48564942780705, 32.054418332348455], [-81.4873292773886, 32.049515029084475], [-81.48873064923201, 32.04639322398079], [-81.4911650836523, 32.038748158932165], [-81.49186576957402, 32.03763637319276], [-81.49184780326834, 32.03716424091819], [-81.49138067932053, 32.03653980417063], [-81.49022185260385, 32.0360905116813], [-81.49216221361783, 32.03465885311243]]]}}, {"type": "Feature", "properties": {"FID": 62, "_Area_ID": "C-08", "_label": "FIREARM", "_Parent_ID": "Charlie", "_Type": " ", "Use_Restri": " ", "_ClosedSta": "_closed", "_OpenSta": "_open", "Status": " ", "ACRES": 3783.11749515, "Visual": " ", "FillTransp": 0, "OutlineTra": 49.8039215686, "FillTran_1": 0, "OutlineT_1": 0, "Id": 0, "Shape_Leng": 17576.6839536, "Shape_Area": 15312046, "area_name": "C-08", "area_type": " ", "area_syskey": 62}, "geometry": {"type": "Polygon", "coordinates": [[[-81.43068151556412, 32.032305706090035], [-81.42809436754551, 32.029883957670116], [-81.42776199089033, 32.029183314108295], [-81.42746554684653, 32.02766015743934], [-81.42763622675054, 32.02733267544712], [-81.4290465817468, 32.02644922981446], [-81.43035812206179, 32.025855183994594], [-81.4314181340972, 32.026472077653686], [-81.43301713530316, 32.026517773314986], [-81.43551445179335, 32.0261750552994], [-81.43746379596017, 32.025375374942996], [-81.43774227369829, 32.025398223050075], [-81.43874838681664, 32.0258932639704], [-81.43961975264236, 32.02697472867448], [-81.44361725565724, 32.02871113824997], [-81.44547676829563, 32.02931278125712], [-81.44815374784268, 32.029632640487264], [-81.44920477672525, 32.03011242723796], [-81.45007614255097, 32.03073690781532], [-81.45185480681377, 32.03115576435332], [-81.45235786337295, 32.03117099546406], [-81.456346383235, 32.030439899291224], [-81.45987676230207, 32.03005911772309], [-81.45858318829276, 32.03671495149296], [-81.4569213050169, 32.03961625621902], [-81.45662486097311, 32.04038535307883], [-81.45604993919119, 32.043248468747464], [-81.45613078756678, 32.046895765651904], [-81.45627451801225, 32.0477637856755], [-81.4570021533925, 32.04819779260014], [-81.45802623281654, 32.04859372694671], [-81.46027202102714, 32.048928746978994], [-81.46267950598892, 32.05205046559458], [-81.46235611248659, 32.05246922462513], [-81.4617452580933, 32.05473049027504], [-81.4603888020141, 32.05613138102657], [-81.45035462028909, 32.06320402906728], [-81.44422811005053, 32.058719927065475], [-81.44316809801512, 32.05820222371689], [-81.44029348910554, 32.05766167738836], [-81.42563298366667, 32.05761599727058], [-81.42495026405065, 32.05747895678038], [-81.42383635309818, 32.05662625578467], [-81.42186904262569, 32.054113787003494], [-81.41834764671145, 32.0480835804511], [-81.41754814610847, 32.04452008980698], [-81.4186979896723, 32.04424596939555], [-81.41947952396958, 32.04343883230582], [-81.42367465634702, 32.04204536190141], [-81.42503111242623, 32.04124582012516], [-81.42846267681205, 32.04007314622173], [-81.43007066117083, 32.037826748421125], [-81.43045693674307, 32.03677587222217], [-81.4305288019658, 32.035412761212754], [-81.43075338078687, 32.034811158279474], [-81.43068151556412, 32.032305706090035]]]}}, {"type": "Feature", "properties": {"FID": 63, "_Area_ID": "C-11", "_label": "FIREARM", "_Parent_ID": "Charlie", "_Type": " ", "Use_Restri": " ", "_ClosedSta": "_closed", "_OpenSta": "_open", "Status": " ", "ACRES": 3822.59773307, "Visual": " ", "FillTransp": 0, "OutlineTra": 49.8039215686, "FillTran_1": 0, "OutlineT_1": 0, "Id": 0, "Shape_Leng": 19762.8357884, "Shape_Area": 15456318, "area_name": "C-11", "area_type": " ", "area_syskey": 63}, "geometry": {"type": "Polygon", "coordinates": [[[-81.40672344693333, 32.01383635279582], [-81.40948127485595, 32.01265571083133], [-81.41037060698736, 32.01400392655173], [-81.41118807389603, 32.015679647257464], [-81.41347877787084, 32.01711160248853], [-81.41672169604696, 32.01791897163643], [-81.41760204502553, 32.01878726636538], [-81.41770984285964, 32.01991451391348], [-81.41799730375058, 32.020242022425364], [-81.41894951795189, 32.020790406149565], [-81.4204317381709, 32.02212326957261], [-81.42176124479157, 32.02297629198691], [-81.42311770087079, 32.02362366976779], [-81.42471670207674, 32.02404255883526], [-81.42563298366667, 32.02489556337817], [-81.42585756248774, 32.025405839084485], [-81.42681875984186, 32.02634260648944], [-81.42755537837495, 32.02740121828658], [-81.42746554684653, 32.02766015743934], [-81.42770809197327, 32.028992920909914], [-81.42809436754551, 32.029883957670116], [-81.43068151556412, 32.032305706090035], [-81.43075338078687, 32.034811158279474], [-81.4305288019658, 32.035412761212754], [-81.43037608836748, 32.03704239993597], [-81.43007066117083, 32.037826748421125], [-81.42846267681205, 32.04007314622173], [-81.42503111242623, 32.04124582012516], [-81.42367465634702, 32.04204536190141], [-81.41947952396958, 32.04343883230582], [-81.4186979896723, 32.04424596939555], [-81.41754814610847, 32.04452008980698], [-81.41758407871984, 32.044679993001225], [-81.41702712324361, 32.04532721736243], [-81.41362250831632, 32.0489972736527], [-81.40827753237507, 32.05369503549908], [-81.40439681034714, 32.05753225032874], [-81.40080354921015, 32.06139214334806], [-81.39930336268546, 32.06347047982242], [-81.39104784522326, 32.071943209017114], [-81.38925121465478, 32.07196604550133], [-81.39297023993154, 32.056512054155014], [-81.4002016779697, 32.03023427744106], [-81.3969407934879, 32.02644161386679], [-81.39672519781968, 32.02606843165523], [-81.39682401250096, 32.025390607015], [-81.39792894030057, 32.02298390822269], [-81.40654378387647, 32.016913567460136], [-81.40717260457544, 32.01551969342205], [-81.40702887412996, 32.0143695409555], [-81.40672344693333, 32.01383635279582]]]}}, {"type": "Feature", "properties": {"FID": 64, "_Area_ID": "C-15", "_label": "FIREARM", "_Parent_ID": "Charlie", "_Type": " ", "Use_Restri": " ", "_ClosedSta": "_closed", "_OpenSta": "_open", "Status": " ", "ACRES": 5377.23606029, "Visual": " ", "FillTransp": 0, "OutlineTra": 49.8039215686, "FillTran_1": 0, "OutlineT_1": 0, "Id": 0, "Shape_Leng": 35342.6052207, "Shape_Area": 21775442.5, "area_name": "C-15", "area_type": " ", "area_syskey": 64}, "geometry": {"type": "Polygon", "coordinates": [[[-81.39558433740869, 32.02606843165523], [-81.39456924113749, 32.02342564881458], [-81.3633977007742, 32.03494061747229], [-81.36135852507897, 32.03404201459528], [-81.35922951785531, 32.032854017595675], [-81.35530388006316, 32.0297697226725], [-81.35464810990567, 32.029152851223145], [-81.3534264011191, 32.027484992798456], [-81.35265384997464, 32.02667009202144], [-81.35127942758974, 32.02619790320699], [-81.34618597992808, 32.02487271514573], [-81.34421866945559, 32.0237379124307], [-81.34364374767367, 32.02265640951233], [-81.34358984875662, 32.02173483709144], [-81.34425460206695, 32.019906897422516], [-81.34417375369138, 32.01900814704499], [-81.34155067306138, 32.009532649083404], [-81.34154168990854, 32.008702353785615], [-81.35047094383393, 32.00301958041838], [-81.35099196669879, 32.0024787082938], [-81.35113569714426, 32.00257774145664], [-81.35125247813123, 32.00515256614297], [-81.35182739991313, 32.005792452183115], [-81.35301317608834, 32.00640186330695], [-81.3555643914956, 32.008100575428486], [-81.35580693662234, 32.009951602571306], [-81.35515116646485, 32.011109427705904], [-81.35515116646485, 32.01145981927156], [-81.35561829041265, 32.01194731835193], [-81.3572172916186, 32.012503368824795], [-81.35859171400351, 32.01492557673184], [-81.36033444565493, 32.01574819881571], [-81.3635863469839, 32.01820078749422], [-81.37171610030632, 32.019556538154376], [-81.37457274291022, 32.02031057057039], [-81.37640530609006, 32.020973199994906], [-81.37741141920843, 32.02182623311752], [-81.37787854315623, 32.02277826963436], [-81.3778965094619, 32.023357103000286], [-81.37748328443116, 32.02449952654248], [-81.40137847099207, 32.016136656677276], [-81.40181864548134, 32.01677646603591], [-81.40228576942916, 32.01706590213534], [-81.40569038435645, 32.01755337139417], [-81.39792894030057, 32.02298390822269], [-81.39691384402937, 32.02512404538916], [-81.396707231514, 32.0258932639704], [-81.3967701135839, 32.02619028723843], [-81.40019269481687, 32.030318049361675], [-81.39297023993154, 32.056512054155014], [-81.3893230798775, 32.07176812911536], [-81.38925121465478, 32.07196604550133], [-81.38675389816457, 32.072019330608946], [-81.38615202692412, 32.066393774275404], [-81.38599033017296, 32.065883727024314], [-81.38421166591016, 32.06445253447452], [-81.38043874171633, 32.0586742474761], [-81.37862414484215, 32.05686988545157], [-81.37689039634357, 32.05435742336055], [-81.37590224953088, 32.05351992066533], [-81.37331510151228, 32.0518220507702], [-81.36878759247968, 32.04142857314681], [-81.36668553471455, 32.038641549925934], [-81.36604773086273, 32.03727846669174], [-81.39558433740869, 32.02606843165523]]]}}, {"type": "Feature", "properties": {"FID": 65, "_Area_ID": "F-09", "_label": "FIREARM", "_Parent_ID": "Foxtrot", "_Type": " ", "Use_Restri": " ", "_ClosedSta": "_closed", "_OpenSta": "_open", "Status": " ", "ACRES": 5300.24702115, "Visual": " ", "FillTransp": 0, "OutlineTra": 49.8039215686, "FillTran_1": 0, "OutlineT_1": 0, "Id": 0, "Shape_Leng": 23814.9313372, "Shape_Area": 21457416, "area_name": "F-09", "area_type": " ", "area_syskey": 65}, "geometry": {"type": "Polygon", "coordinates": [[[-81.78204855584355, 32.096999013118925], [-81.77574238254815, 32.09646630626565], [-81.77206827303559, 32.097729577466126], [-81.76957993969823, 32.09523345849148], [-81.76871755702535, 32.09476162345959], [-81.76118069179054, 32.09377989437347], [-81.75156871824913, 32.09111623518543], [-81.7462506917664, 32.08859710319242], [-81.738462298252, 32.08406857951484], [-81.74248675072542, 32.08488296922936], [-81.74632255698914, 32.08440346962177], [-81.74694239453527, 32.08418274673461], [-81.75015836325287, 32.08220382807082], [-81.75514401308043, 32.08078811381371], [-81.76258206363397, 32.0808337823578], [-81.77505966293212, 32.07750753037505], [-81.79051966897397, 32.074691158332605], [-81.79381648606714, 32.073206819236304], [-81.79732889882855, 32.0706110709016], [-81.8081535980037, 32.06209254040244], [-81.81223194939417, 32.05958783493007], [-81.81656182906423, 32.0677792614053], [-81.8165797953699, 32.0684263223798], [-81.81640013231305, 32.06908099117688], [-81.81604080619937, 32.069332200052486], [-81.8139746810456, 32.0695986329543], [-81.8135075570978, 32.06985745274418], [-81.8133189108881, 32.0702076195292], [-81.81339077611084, 32.07090033682765], [-81.8142082430195, 32.07283382767493], [-81.81424417563088, 32.07354174913767], [-81.81097430799622, 32.08010308291407], [-81.81036345360293, 32.08209726969631], [-81.8101209084762, 32.085750628791004], [-81.81037243675578, 32.0884524983419], [-81.80985141389091, 32.09339176601099], [-81.8074798615405, 32.09938093576176], [-81.80741697947062, 32.101115971300686], [-81.80294336935508, 32.10298033678727], [-81.80068859799162, 32.103284719375104], [-81.79640363408578, 32.10360432000048], [-81.78967525260678, 32.103102089944144], [-81.78944169063288, 32.10288902181307], [-81.78888473515664, 32.100705044809565], [-81.78865117318274, 32.10030172627051], [-81.78204855584355, 32.096999013118925]]]}}, {"type": "Feature", "properties": {"FID": 66, "_Area_ID": "C-01", "_label": "FIREARM", "_Parent_ID": "Charlie", "_Type": " ", "Use_Restri": " ", "_ClosedSta": "_closed", "_OpenSta": "_open", "Status": " ", "ACRES": 6119.01494762, "Visual": " ", "FillTransp": 0, "OutlineTra": 49.8039215686, "FillTran_1": 0, "OutlineT_1": 0, "Id": 0, "Shape_Leng": 32035.9547546, "Shape_Area": 24740602, "area_name": "C-01", "area_type": " ", "area_syskey": 66}, "geometry": {"type": "Polygon", "coordinates": [[[-81.58510191292577, 32.103345595770925], [-81.53361048083288, 32.098650384622005], [-81.53411353739205, 32.09523345849148], [-81.5344818466586, 32.094396330148335], [-81.53603593210033, 32.09214365578652], [-81.5364132245197, 32.09193817259058], [-81.54109344715063, 32.09084986499552], [-81.5362425446157, 32.08946472749003], [-81.5351825325803, 32.088756929339944], [-81.53345776723455, 32.088041514885724], [-81.53496693691208, 32.075528467191766], [-81.53489507168933, 32.07440190439916], [-81.53530829672009, 32.07297084515999], [-81.53623356146286, 32.065259486219176], [-81.53632339299128, 32.06489407499041], [-81.53713187674711, 32.06362273704829], [-81.53670966856352, 32.062366607355195], [-81.53669170225783, 32.06171189049469], [-81.53781459636313, 32.05302502910594], [-81.53754510177785, 32.05205046559458], [-81.53691628107889, 32.05074087953183], [-81.535712538598, 32.04980436172642], [-81.53548795977694, 32.049423660691716], [-81.53591016796054, 32.04771048643759], [-81.53623356146286, 32.0471927207969], [-81.54069818842555, 32.049941413711224], [-81.5524122197321, 32.05383969532638], [-81.55384952418689, 32.0545934454628], [-81.55465800794272, 32.05527866747138], [-81.56312013792031, 32.06643945000987], [-81.59275555914753, 32.1034901770484], [-81.58668294782603, 32.103223842938704], [-81.58629667225381, 32.103391253041174], [-81.58503004770303, 32.10358149142147], [-81.58510191292577, 32.103345595770925]], [[-81.55517903080758, 32.076046072469225], [-81.55455919326145, 32.07086227557388], [-81.55098389843016, 32.07121243851106], [-81.55421783345344, 32.09648152650459], [-81.55755956631083, 32.09621517195736], [-81.55517903080758, 32.076046072469225]]]}}, {"type": "Feature", "properties": {"FID": 67, "_Area_ID": "C-07", "_label": "FIREARM", "_Parent_ID": "Charlie", "_Type": " ", "Use_Restri": " ", "_ClosedSta": "_closed", "_OpenSta": "_open", "Status": " ", "ACRES": 3940.53289077, "Visual": " ", "FillTransp": 0, "OutlineTra": 49.8039215686, "FillTran_1": 0, "OutlineT_1": 0, "Id": 0, "Shape_Leng": 19762.4400229, "Shape_Area": 15946199, "area_name": "C-07", "area_type": " ", "area_syskey": 67}, "geometry": {"type": "Polygon", "coordinates": [[[-81.47398031226471, 32.07055017269532], [-81.46890483090873, 32.06773358634], [-81.46497919311659, 32.068114211187215], [-81.46613801983327, 32.06393486356894], [-81.46248187662638, 32.062998480811565], [-81.46136796567392, 32.067109358161126], [-81.45255549273548, 32.064688530532685], [-81.45196260464787, 32.0643916321671], [-81.45035462028909, 32.06320402906728], [-81.4603888020141, 32.05613138102657], [-81.46182610646889, 32.054585831856095], [-81.46230221356953, 32.05263672770079], [-81.46267950598892, 32.05205046559458], [-81.46027202102714, 32.048928746978994], [-81.45758605832725, 32.04846428706035], [-81.45627451801225, 32.0477637856755], [-81.45616672017815, 32.04729931984475], [-81.45603197288551, 32.04375102768456], [-81.45619366963668, 32.04245655209573], [-81.45673265880721, 32.040042686959154], [-81.45858318829276, 32.03671495149296], [-81.46048761669536, 32.027088967158136], [-81.46055049876526, 32.02579425600035], [-81.4618081401632, 32.02707373536856], [-81.46291306796282, 32.02772108419243], [-81.46433240611194, 32.02822372835907], [-81.47035111851636, 32.02987634200806], [-81.47237232790592, 32.030173352359775], [-81.48583807401674, 32.031292844258786], [-81.48735622684711, 32.031666005184114], [-81.49376121482378, 32.03370694007893], [-81.49216221361783, 32.03465885311243], [-81.49022185260385, 32.0360905116813], [-81.49138067932053, 32.03653980417063], [-81.49184780326834, 32.03716424091819], [-81.49186576957402, 32.03763637319276], [-81.4911650836523, 32.038748158932165], [-81.48873064923201, 32.04639322398079], [-81.4873292773886, 32.049515029084475], [-81.48564942780705, 32.054418332348455], [-81.48146327858247, 32.06050902637483], [-81.48107700301024, 32.06168143843363], [-81.47940613658155, 32.064696143298605], [-81.47848087183878, 32.066858143179445], [-81.47769035438864, 32.068137048627655], [-81.4765584771305, 32.0695529587977], [-81.47599253850143, 32.071387519476794], [-81.47398031226471, 32.07055017269532]]]}}, {"type": "Feature", "properties": {"FID": 68, "_Area_ID": "F-08", "_label": "FIREARM", "_Parent_ID": "Foxtrot", "_Type": " ", "Use_Restri": " ", "_ClosedSta": "_closed", "_OpenSta": "_open", "Status": " ", "ACRES": 3039.517865, "Visual": " ", "FillTransp": 0, "OutlineTra": 49.8039215686, "FillTran_1": 0, "OutlineT_1": 0, "Id": 0, "Shape_Leng": 16920.9910004, "Shape_Area": 12300629, "area_name": "F-08", "area_type": " ", "area_syskey": 68}, "geometry": {"type": "Polygon", "coordinates": [[[-81.79676296019947, 32.06936264956627], [-81.79650244876704, 32.068852618872995], [-81.79468785189287, 32.067284446982704], [-81.79369072192736, 32.06808376125772], [-81.79284630556016, 32.06822078586053], [-81.79208273756856, 32.067992411408454], [-81.78978305044089, 32.066591702293316], [-81.78944169063288, 32.06617300790393], [-81.7888757520038, 32.064718981592605], [-81.78818404923494, 32.063950089225635], [-81.7864413175835, 32.06310506144626], [-81.78618978930392, 32.06258738291437], [-81.78479740061333, 32.06129317376664], [-81.78457282179227, 32.06142259550542], [-81.7811502405593, 32.062046862497134], [-81.77946140782491, 32.06053947882618], [-81.7775300299638, 32.05708306087786], [-81.77624543910733, 32.05626842353527], [-81.77440389277463, 32.05448685491136], [-81.7741882971064, 32.053915831985705], [-81.77404456666093, 32.05268241030454], [-81.7732360829051, 32.05002516760089], [-81.77064893488648, 32.04596682282331], [-81.76856484342704, 32.04383478723915], [-81.7670556737495, 32.042974344527906], [-81.76584294811578, 32.04199205933359], [-81.76467513824626, 32.0417864634241], [-81.76196222608785, 32.038435946491944], [-81.7602194944364, 32.03713378068784], [-81.75896185303846, 32.03582398119666], [-81.75756946434788, 32.033577479141975], [-81.7595637242789, 32.03064552067975], [-81.77016384463299, 32.03471215994971], [-81.78721386872795, 32.04082700974118], [-81.78880388678107, 32.041816922106484], [-81.79805653420878, 32.048388145865175], [-81.80857580618729, 32.05435742336055], [-81.80975259920965, 32.05527105392169], [-81.81061498188252, 32.0564511465609], [-81.81223194939417, 32.05958783493007], [-81.8081535980037, 32.06209254040244], [-81.79859552337933, 32.0695986329543], [-81.79832602879405, 32.06935503718876], [-81.7972121178416, 32.06984222807094], [-81.79676296019947, 32.06936264956627]]]}}, {"type": "Feature", "properties": {"FID": 69, "_Area_ID": "B-16", "_label": "FIREARM", "_Parent_ID": "Bravo", "_Type": " ", "Use_Restri": " ", "_ClosedSta": "_closed", "_OpenSta": "_open", "Status": " ", "ACRES": 1910.05946783, "Visual": " ", "FillTransp": 0, "OutlineTra": 49.8039215686, "FillTran_1": 0, "OutlineT_1": 0, "Id": 0, "Shape_Leng": 12607.1126459, "Shape_Area": 7720311, "area_name": "B-16", "area_type": " ", "area_syskey": 69}, "geometry": {"type": "Polygon", "coordinates": [[[-81.59874732209344, 32.10289663139775], [-81.59639373604873, 32.101077922629166], [-81.59408506576821, 32.10257702829577], [-81.59424676251938, 32.10354344377712], [-81.5927465759947, 32.103474957977326], [-81.58568581786054, 32.09453331531121], [-81.58900958441222, 32.09281337558782], [-81.59840596228543, 32.09111623518543], [-81.60028344122951, 32.090492166661775], [-81.60068768310741, 32.09047694542503], [-81.60217888647927, 32.09091074967883], [-81.60489179863768, 32.090279069116505], [-81.61150339912972, 32.09043128169955], [-81.61320121501694, 32.09013446692773], [-81.61537513800481, 32.08923640610518], [-81.6170460044335, 32.088886312206974], [-81.6223370814577, 32.089129855930324], [-81.62712510192273, 32.09001269648601], [-81.62865223790594, 32.090020307143384], [-81.62671187689197, 32.0930949608565], [-81.62602017412311, 32.09482250553611], [-81.62497812839338, 32.10664047015693], [-81.60048107059204, 32.104251127367654], [-81.59874732209344, 32.10289663139775]]]}}, {"type": "Feature", "properties": {"FID": 70, "_Area_ID": "F-12", "_label": "FIREARM", "_Parent_ID": "Foxtrot", "_Type": " ", "Use_Restri": " ", "_ClosedSta": "_closed", "_OpenSta": "_open", "Status": " ", "ACRES": 3394.84913049, "Visual": " ", "FillTransp": 0, "OutlineTra": 49.8039215686, "FillTran_1": 0, "OutlineT_1": 0, "Id": 0, "Shape_Leng": 20471.3521368, "Shape_Area": 13740264.5, "area_name": "F-12", "area_type": " ", "area_syskey": 70}, "geometry": {"type": "Polygon", "coordinates": [[[-81.76361512621085, 32.11596135304497], [-81.76286054137208, 32.115900485060116], [-81.76247426579987, 32.11628851776819], [-81.76206104076911, 32.11635699395721], [-81.76128848962465, 32.11466789963406], [-81.76061475316148, 32.1143939895014], [-81.75887202151003, 32.114743985636174], [-81.75805455460137, 32.115253760214394], [-81.75772217794619, 32.11530702008071], [-81.75724607084555, 32.11515484895168], [-81.75682386266196, 32.11467550823714], [-81.756877761579, 32.11396790543919], [-81.75721912138702, 32.11303964398932], [-81.75806353775423, 32.11249181313093], [-81.75815336928265, 32.11224072288882], [-81.75793777361442, 32.111966805473465], [-81.75712928985861, 32.11162440754854], [-81.7563028397971, 32.1118602818122], [-81.75535960874865, 32.11190593482511], [-81.75443434400587, 32.111867890649265], [-81.75424569779618, 32.11171571378741], [-81.75432654617175, 32.11109178600178], [-81.75482960273094, 32.110916781101075], [-81.75568300225096, 32.10992761666017], [-81.75667114906364, 32.10944824849902], [-81.75739878444388, 32.10889278700582], [-81.75760539695925, 32.10849711374429], [-81.75762336326493, 32.10809382961721], [-81.75697657626027, 32.10668612577986], [-81.75715623931713, 32.1052175251334], [-81.75703945833018, 32.10491314898761], [-81.75668911536933, 32.10463160014955], [-81.75618605881014, 32.10444136395674], [-81.75523384460885, 32.104760960534314], [-81.75428163040755, 32.10435765990636], [-81.75381450645973, 32.10377933891662], [-81.75328450044204, 32.1037869484271], [-81.75267364604875, 32.104243517895846], [-81.75261974713169, 32.1051262123962], [-81.75204482534977, 32.105187087564474], [-81.75145193726217, 32.10491314898761], [-81.750948880703, 32.10496641488637], [-81.75057158828362, 32.10482183594607], [-81.75008649803013, 32.103863043497086], [-81.7497631045278, 32.10364997714137], [-81.7484066484486, 32.103528224714935], [-81.74741850163592, 32.103672805703255], [-81.74676273147841, 32.10430439365253], [-81.74568475313733, 32.10466203790364], [-81.74142673869001, 32.10471530394885], [-81.73961214181584, 32.10344451982758], [-81.7375729661206, 32.10293467931158], [-81.7357943018578, 32.10214327943981], [-81.7334047832017, 32.099190688631786], [-81.73290172664252, 32.09812529738126], [-81.7326232489044, 32.09686203165336], [-81.73241663638903, 32.09663372875429], [-81.73182374830144, 32.09625322265451], [-81.72920965082429, 32.09598686744163], [-81.73000915142725, 32.09518018691638], [-81.73397970498361, 32.09217409770217], [-81.73538107682704, 32.09062154707182], [-81.73667465083635, 32.08849816305625], [-81.73680939812898, 32.08662589105499], [-81.7371058421728, 32.08565929659349], [-81.73769873026039, 32.0847459695982], [-81.73830060150082, 32.08414469101053], [-81.738462298252, 32.08406857951484], [-81.7462506917664, 32.08859710319242], [-81.75156871824913, 32.09111623518543], [-81.76118069179054, 32.09377989437347], [-81.76871755702535, 32.09476162345959], [-81.76957993969823, 32.09523345849148], [-81.77890445234868, 32.10466964734056], [-81.78015311059379, 32.10659481451118], [-81.78230906727597, 32.10740900343411], [-81.78212042106628, 32.108055783852876], [-81.78238991565155, 32.11090917218474], [-81.78323433201875, 32.11243094283262], [-81.78468960277922, 32.11426464276418], [-81.78797743671956, 32.124824819994934], [-81.7634803789182, 32.11763520672295], [-81.76412716592286, 32.11695045211019], [-81.76414513222855, 32.11645590391732], [-81.76395648601886, 32.116128739794064], [-81.76361512621085, 32.11596135304497]]]}}, {"type": "Feature", "properties": {"FID": 71, "_Area_ID": "D-05", "_label": "OFF LIMITS", "_Parent_ID": "Delta", "_Type": " ", "Use_Restri": "Small Arms Impact Area", "_ClosedSta": "_closed", "_OpenSta": "_open", "Status": " ", "ACRES": 6907.67923995, "Visual": " ", "FillTransp": 0, "OutlineTra": 49.8039215686, "FillTran_1": 0, "OutlineT_1": 0, "Id": 0, "Shape_Leng": 22532.4150023, "Shape_Area": 27976660, "area_name": "D-05", "area_type": " ", "area_syskey": 71}, "geometry": {"type": "Polygon", "coordinates": [[[-81.65756900690577, 31.900585565892403], [-81.65596102254698, 31.899899187881125], [-81.65393083000458, 31.899449226185283], [-81.65333794191699, 31.89097580801166], [-81.6520713173662, 31.888824915311126], [-81.65072384443982, 31.888161331890686], [-81.65092147380237, 31.887749450121266], [-81.65157724395986, 31.887268919062024], [-81.66126108272402, 31.883035560919332], [-81.66521366997469, 31.880670897804155], [-81.67006457250962, 31.87723058597447], [-81.67140306228315, 31.877261099282627], [-81.67801466277518, 31.87154730611031], [-81.6834135376335, 31.870029162636712], [-81.69068090828303, 31.867328483788267], [-81.69280991550669, 31.86635957689016], [-81.7247899396258, 31.87609395804551], [-81.72153803829684, 31.876772885139143], [-81.72223872421854, 31.87739840904436], [-81.72386467488303, 31.879763156162365], [-81.72416111892683, 31.885751034644734], [-81.7244306135121, 31.88709348646325], [-81.72540977717193, 31.888146077043185], [-81.72682911532104, 31.88909950015538], [-81.72724234035178, 31.889587648968057], [-81.72684708162672, 31.892302929508347], [-81.72467315863885, 31.89300461820146], [-81.71993903709087, 31.894964741977947], [-81.71379456054665, 31.8983433787741], [-81.71323760507042, 31.89845015082768], [-81.7116296207116, 31.898419644539313], [-81.70988688906019, 31.89793916916367], [-81.70851246667529, 31.89780189002432], [-81.70712906113755, 31.897954422388732], [-81.70638345945163, 31.898328125613467], [-81.7042185196166, 31.90060844507129], [-81.70058034271541, 31.90233961977941], [-81.69774166641719, 31.90179815453744], [-81.69568452441627, 31.901836285996783], [-81.68564135953842, 31.90051692832158], [-81.67343325482554, 31.903643699048263], [-81.66232109475943, 31.904963011903348], [-81.65918597441743, 31.90168376006467], [-81.65756900690577, 31.900585565892403]]]}}, {"type": "Feature", "properties": {"FID": 72, "_Area_ID": "D-09", "_label": "OFF LIMITS", "_Parent_ID": "Delta", "_Type": " ", "Use_Restri": "Small Arms Impact Area", "_ClosedSta": "_closed", "_OpenSta": "_open", "Status": " ", "ACRES": 3065.40684949, "Visual": " ", "FillTransp": 0, "OutlineTra": 49.8039215686, "FillTran_1": 0, "OutlineT_1": 0, "Id": 0, "Shape_Leng": 15216.3523051, "Shape_Area": 12414983.5, "area_name": "D-09", "area_type": " ", "area_syskey": 72}, "geometry": {"type": "Polygon", "coordinates": [[[-81.72816760509455, 31.90464271803529], [-81.7282394703173, 31.903963996393074], [-81.72808675671898, 31.90343779302368], [-81.72482587223716, 31.900280509630367], [-81.72466417548601, 31.899914440781437], [-81.72495163637696, 31.898373885087764], [-81.72589486742541, 31.897557837715517], [-81.72616436201069, 31.89713074461831], [-81.72724234035178, 31.889587648968057], [-81.72682911532104, 31.88909950015538], [-81.72540977717193, 31.888146077043185], [-81.7244306135121, 31.88709348646325], [-81.72416111892683, 31.885751034644734], [-81.72386467488303, 31.879763156162365], [-81.72223872421854, 31.87739840904436], [-81.72153803829684, 31.876772885139143], [-81.7260206315652, 31.875880361970246], [-81.72617334516353, 31.87651352032313], [-81.76539379047365, 31.888458800911845], [-81.76460327302351, 31.890388512508636], [-81.76230358589585, 31.895102025348024], [-81.75916846555384, 31.898861984731457], [-81.75841388071507, 31.900783851920572], [-81.75888100466287, 31.90343779302368], [-81.7549912994821, 31.90394111804826], [-81.75320365206645, 31.905176540529425], [-81.75075125134046, 31.905374816667187], [-81.74933191319136, 31.905695107987338], [-81.74551407323332, 31.904924881739404], [-81.74181301426223, 31.904627465918516], [-81.74056435601713, 31.90503164615861], [-81.73823771943094, 31.905435824623623], [-81.73585718392769, 31.906594968111932], [-81.73482412135081, 31.907357554549765], [-81.73432106479163, 31.90752532271802], [-81.73098831508709, 31.90667122704007], [-81.7284730322912, 31.90571798589614], [-81.72816760509455, 31.90464271803529]]]}}, {"type": "Feature", "properties": {"FID": 73, "_Area_ID": "C-03", "_label": "FIREARM", "_Parent_ID": "Charlie", "_Type": " ", "Use_Restri": " ", "_ClosedSta": "_closed", "_OpenSta": "_open", "Status": " ", "ACRES": 1898.8272477, "Visual": " ", "FillTransp": 0, "OutlineTra": 49.8039215686, "FillTran_1": 0, "OutlineT_1": 0, "Id": 0, "Shape_Leng": 10895.7907724, "Shape_Area": 7674061.5, "area_name": "C-03", "area_type": " ", "area_syskey": 73}, "geometry": {"type": "Polygon", "coordinates": [[[-81.52124067936882, 32.07142558051194], [-81.51903082376958, 32.07130378514372], [-81.5182313231666, 32.071600661069596], [-81.51744080571648, 32.07157021230102], [-81.51539264686839, 32.07035225324476], [-81.51418890438751, 32.06984984040789], [-81.514844674545, 32.05518730483341], [-81.5152489164229, 32.05429651433211], [-81.51569807406503, 32.05379401330035], [-81.53000823654304, 32.043179937769544], [-81.53623356146286, 32.0471927207969], [-81.53591016796054, 32.04771048643759], [-81.53548795977694, 32.049423660691716], [-81.535712538598, 32.04980436172642], [-81.53691628107889, 32.05074087953183], [-81.5377876469046, 32.05288036799072], [-81.53669170225783, 32.06171189049469], [-81.53670966856352, 32.062366607355195], [-81.53713187674711, 32.06362273704829], [-81.53626949407423, 32.0650387171097], [-81.53561372391674, 32.070245681055475], [-81.53364641344425, 32.07055778497332], [-81.53237080574061, 32.07106780615607], [-81.5294243316083, 32.07176812911536], [-81.52691803196525, 32.072590240527795], [-81.52412427143125, 32.07304696589632], [-81.52318104038278, 32.07296323308288], [-81.52268696697647, 32.0725674041995], [-81.52187848322063, 32.07157021230102], [-81.52124067936882, 32.07142558051194]]]}}, {"type": "Feature", "properties": {"FID": 74, "_Area_ID": "F-16", "_label": "FIREARM", "_Parent_ID": "Foxtrot", "_Type": " ", "Use_Restri": " ", "_ClosedSta": "_closed", "_OpenSta": "_open", "Status": " ", "ACRES": 3467.05289548, "Visual": " ", "FillTransp": 0, "OutlineTra": 49.8039215686, "FillTran_1": 0, "OutlineT_1": 0, "Id": 0, "Shape_Leng": 16427.2195664, "Shape_Area": 14038236.5, "area_name": "F-16", "area_type": " ", "area_syskey": 74}, "geometry": {"type": "Polygon", "coordinates": [[[-81.69347466881703, 32.071471253733236], [-81.69280991550669, 32.07107541839099], [-81.69174990347128, 32.070123884115645], [-81.69104023439672, 32.06845677219521], [-81.68977360984594, 32.067984798916896], [-81.68806681080588, 32.067756423875494], [-81.6870786639932, 32.067162646098836], [-81.68689001778353, 32.066713503937585], [-81.68711459660459, 32.06591417768631], [-81.68689001778353, 32.065251873500124], [-81.68651272536414, 32.064962589707015], [-81.68503050514514, 32.06449821117847], [-81.68393456049836, 32.06343241547634], [-81.68365608276024, 32.06117136490406], [-81.68317099250675, 32.06002178577461], [-81.68012570369315, 32.05853720857109], [-81.6778080502598, 32.0571439680513], [-81.67447530055526, 32.053755944927914], [-81.67337037275564, 32.053078325248634], [-81.67185221992526, 32.05090838577117], [-81.67943400092429, 32.040362508710764], [-81.68901902500718, 32.026494925487185], [-81.69079768926998, 32.02767538913141], [-81.69138159420474, 32.02822372835907], [-81.69176786977697, 32.031734544780626], [-81.69199244859803, 32.03242755337499], [-81.69501977110593, 32.037202316191866], [-81.69933168447031, 32.04247939594127], [-81.70340105270793, 32.04901250179545], [-81.70382326089153, 32.04983481774078], [-81.70515276751222, 32.05420515071341], [-81.70545819470885, 32.05476855824202], [-81.71079418749726, 32.06014359616795], [-81.7142077855774, 32.063790219704], [-81.71251895284301, 32.064840785730915], [-81.7112433451394, 32.06658408968515], [-81.71083012010864, 32.06898964232377], [-81.70966231023912, 32.07112109178716], [-81.70932993358394, 32.071319009573614], [-81.70815314056159, 32.071539763522345], [-81.70596125126802, 32.07140274389277], [-81.70144272538828, 32.07236948911521], [-81.69868489746565, 32.07348846491724], [-81.6981459082951, 32.073389508425485], [-81.69347466881703, 32.071471253733236]]]}}, {"type": "Feature", "properties": {"FID": 75, "_Area_ID": "F-06", "_label": "FIREARM", "_Parent_ID": "Foxtrot", "_Type": " ", "Use_Restri": " ", "_ClosedSta": "_closed", "_OpenSta": "_open", "Status": " ", "ACRES": 6692.29993052, "Visual": " ", "FillTransp": 0, "OutlineTra": 49.8039215686, "FillTran_1": 0, "OutlineT_1": 0, "Id": 0, "Shape_Leng": 27954.8324723, "Shape_Area": 27094809.5, "area_name": "F-06", "area_type": " ", "area_syskey": 75}, "geometry": {"type": "Polygon", "coordinates": [[[-81.738462298252, 32.08406857951484], [-81.72495163637696, 32.07494235179552], [-81.72160990351956, 32.0724760588292], [-81.71851969894178, 32.06840348501157], [-81.71079418749726, 32.06014359616795], [-81.70550311047306, 32.05483708054267], [-81.70515276751222, 32.05420515071341], [-81.70358969891763, 32.04933229220773], [-81.69933168447031, 32.04247939594127], [-81.69538808037248, 32.03770490832056], [-81.69211821273782, 32.03265601659734], [-81.69176786977697, 32.031734544780626], [-81.69148939203885, 32.02851312829461], [-81.69110311646662, 32.02792671168492], [-81.69013293595965, 32.02724890079593], [-81.69225296003046, 32.02685287413483], [-81.70031084813014, 32.02580948800272], [-81.70340105270793, 32.02643399791848], [-81.70844060145255, 32.028124722908025], [-81.70913230422141, 32.02820849675817], [-81.71523186500144, 32.02759923064573], [-81.71704646187561, 32.02696711277049], [-81.71781901302006, 32.026334990532916], [-81.71940903107317, 32.03029520248183], [-81.72167278558946, 32.03818465277891], [-81.72515824889234, 32.041002148862106], [-81.73017983133127, 32.04602012307663], [-81.73767178080186, 32.044261198328826], [-81.7400702826108, 32.04407845096221], [-81.7385880623918, 32.046789166134054], [-81.74142673869001, 32.0489363610564], [-81.74177708165087, 32.04933229220773], [-81.74308862196585, 32.052096148491046], [-81.74347489753809, 32.0532534409275], [-81.7441127013899, 32.055385257100404], [-81.74431931390528, 32.0569993134482], [-81.74460677479622, 32.05749418351165], [-81.74584644988849, 32.058659020941235], [-81.74460677479622, 32.059762938150136], [-81.74221725614015, 32.06407189438791], [-81.74336709970397, 32.06460479006561], [-81.74416660030695, 32.06519858444909], [-81.7467357820199, 32.06507678078728], [-81.74908038491176, 32.066279584839435], [-81.75040989153246, 32.06707129532948], [-81.75170346554177, 32.06806092380397], [-81.75279941018854, 32.07017717029677], [-81.75316771945508, 32.0706110709016], [-81.7568328458148, 32.07246083459194], [-81.75716522246996, 32.07249128306391], [-81.75902473510835, 32.07208022783679], [-81.76041712379893, 32.07118198961323], [-81.76283359191355, 32.07023806875149], [-81.76339953054263, 32.07016955798709], [-81.76386665449044, 32.07048927444845], [-81.76522311056965, 32.072019330608946], [-81.76906789998621, 32.075733987285076], [-81.7713496208082, 32.0784742110476], [-81.76258206363397, 32.0808337823578], [-81.75514401308043, 32.08078811381371], [-81.75015836325287, 32.08220382807082], [-81.7467178157142, 32.08429691381176], [-81.74285505999195, 32.08489058031397], [-81.74154351967695, 32.084753580694205], [-81.738462298252, 32.08406857951484]]]}}, {"type": "Feature", "properties": {"FID": 76, "_Area_ID": "C-09", "_label": "FIREARM", "_Parent_ID": "Charlie", "_Type": " ", "Use_Restri": " ", "_ClosedSta": "_closed", "_OpenSta": "_open", "Status": " ", "ACRES": 4780.60074674, "Visual": " ", "FillTransp": 0, "OutlineTra": 49.8039215686, "FillTran_1": 0, "OutlineT_1": 0, "Id": 0, "Shape_Leng": 26514.2075635, "Shape_Area": 19351877.5, "area_name": "C-09", "area_type": " ", "area_syskey": 76}, "geometry": {"type": "Polygon", "coordinates": [[[-81.43340341087539, 32.086154011571516], [-81.42985506550262, 32.08613117863146], [-81.42832792951941, 32.08632906392226], [-81.42203073937685, 32.085301577941046], [-81.41934477667695, 32.08501996865517], [-81.41790747222217, 32.084365413989595], [-81.41581439760988, 32.08315523662258], [-81.41294877185314, 32.08060543940911], [-81.41231995115416, 32.08038470734982], [-81.41183486090068, 32.080377095889986], [-81.41059518580842, 32.08116107292282], [-81.41015501131915, 32.0812828551595], [-81.40981365151112, 32.08122957545093], [-81.40781040842725, 32.079707284943176], [-81.40542088977118, 32.07871017091947], [-81.39942912682527, 32.07526205156837], [-81.41754814610847, 32.05468480869378], [-81.4150148970069, 32.052324562631235], [-81.39668926520831, 32.073191595120726], [-81.39490161779266, 32.07193559685442], [-81.39104784522326, 32.071943209017114], [-81.39930336268546, 32.06347047982242], [-81.40080354921015, 32.06139214334806], [-81.40439681034714, 32.05753225032874], [-81.40827753237507, 32.05369503549908], [-81.41362250831632, 32.0489972736527], [-81.41758407871984, 32.044679993001225], [-81.41850036030976, 32.048426216470666], [-81.42186904262569, 32.054113787003494], [-81.42383635309818, 32.05662625578467], [-81.42469873577106, 32.05734952946227], [-81.42563298366667, 32.05761599727058], [-81.43989823038048, 32.057638837332334], [-81.44121875384832, 32.05775303755549], [-81.44316809801512, 32.05820222371689], [-81.44451557094149, 32.058887418698056], [-81.45196260464787, 32.0643916321671], [-81.45255549273548, 32.064688530532685], [-81.45485517986315, 32.06533561337474], [-81.452070402482, 32.06845677219521], [-81.45036360344193, 32.0707252549291], [-81.45008512570381, 32.07197365766144], [-81.45035462028909, 32.07335906025265], [-81.45026478876066, 32.07373966168449], [-81.44398556492379, 32.0818384845553], [-81.4434375926004, 32.08303345688065], [-81.44193740607571, 32.085446187777656], [-81.43948500534972, 32.08661828011491], [-81.43731108236184, 32.08728042953037], [-81.43612530618665, 32.08715865528528], [-81.43417596201984, 32.086306231025965], [-81.43340341087539, 32.086154011571516]]]}}, {"type": "Feature", "properties": {"FID": 77, "_Area_ID": "F-18", "_label": "SHOTGUN", "_Parent_ID": "Foxtrot", "_Type": " ", "Use_Restri": " ", "_ClosedSta": "_closed", "_OpenSta": "_open", "Status": " ", "ACRES": 1676.74850818, "Visual": " ", "FillTransp": 0, "OutlineTra": 49.8039215686, "FillTran_1": 0, "OutlineT_1": 0, "Id": 0, "Shape_Leng": 11243.2586772, "Shape_Area": 6784113, "area_name": "F-18", "area_type": " ", "area_syskey": 77}, "geometry": {"type": "Polygon", "coordinates": [[[-81.63784200326376, 32.07562742136843], [-81.64441767114444, 32.0653203879487], [-81.64545971687416, 32.06391202507917], [-81.64735516212392, 32.06199357157881], [-81.65143351351439, 32.05863618113418], [-81.65345472290393, 32.05824790354198], [-81.65453270124503, 32.058209837022666], [-81.65608678668677, 32.05868186074257], [-81.65668865792722, 32.05872754032814], [-81.65857512002412, 32.05820222371689], [-81.66030886852272, 32.05725055550724], [-81.66066819463641, 32.05731146256918], [-81.66142277947519, 32.057836784295226], [-81.66462976503995, 32.05905491002401], [-81.66510587214059, 32.05947363699726], [-81.6644950177473, 32.06041766895999], [-81.66480044494394, 32.061544404033484], [-81.66491722593089, 32.063409576861105], [-81.6645578998172, 32.06687336834952], [-81.66463874819279, 32.07034464094963], [-81.66486332701385, 32.07204977922796], [-81.66400094434097, 32.07487384455591], [-81.66355178669885, 32.07544473665093], [-81.66230312845374, 32.07590144776023], [-81.66022802014714, 32.07559697394086], [-81.65599695515834, 32.07591667142458], [-81.65060706345288, 32.07792617286608], [-81.64881043288439, 32.079562666026305], [-81.6484511067707, 32.08022486656035], [-81.64811873011551, 32.08136658035306], [-81.64514530652467, 32.083672798715504], [-81.64426495754611, 32.08457091421504], [-81.64377088413978, 32.08518741211894], [-81.6431420634408, 32.08649650498746], [-81.64164187691613, 32.08538529945328], [-81.64023152191986, 32.083672798715504], [-81.63776115488818, 32.08011830587873], [-81.63598249062538, 32.07855032720183], [-81.63784200326376, 32.07562742136843]]]}}, {"type": "Feature", "properties": {"FID": 78, "_Area_ID": "C-05", "_label": "FIREARM", "_Parent_ID": "Charlie", "_Type": " ", "Use_Restri": " ", "_ClosedSta": "_closed", "_OpenSta": "_open", "Status": " ", "ACRES": 2965.63372328, "Visual": " ", "FillTransp": 0, "OutlineTra": 49.8039215686, "FillTran_1": 0, "OutlineT_1": 0, "Id": 0, "Shape_Leng": 20615.8979642, "Shape_Area": 12010499, "area_name": "C-05", "area_type": " ", "area_syskey": 78}, "geometry": {"type": "Polygon", "coordinates": [[[-81.452070402482, 32.06845677219521], [-81.45485517986315, 32.06533561337474], [-81.46136796567392, 32.067109358161126], [-81.45565468046613, 32.088041514885724], [-81.45262735795822, 32.08677049879605], [-81.45137869971312, 32.08655739257148], [-81.4474171293096, 32.085103690425385], [-81.44359928935157, 32.08266050541164], [-81.44436285734318, 32.08130568931081], [-81.45026478876066, 32.07373966168449], [-81.45035462028909, 32.07335906025265], [-81.45008512570381, 32.07197365766144], [-81.45042648551181, 32.07061868317454], [-81.452070402482, 32.06845677219521]], [[-81.4728574181594, 32.0944267713134], [-81.46143084774381, 32.09139782568468], [-81.46126915099266, 32.09069765310978], [-81.46147576350803, 32.089251627548585], [-81.45933777313152, 32.08856666008501], [-81.46497919311659, 32.068114211187215], [-81.4683927911967, 32.067710748798774], [-81.46904856135421, 32.067771648896006], [-81.47492354331318, 32.070984071530205], [-81.47775323645854, 32.072072615685556], [-81.48007987304474, 32.07252934363964], [-81.48196633514165, 32.07222485859039], [-81.49227001145194, 32.068205560914805], [-81.4922610282991, 32.07161588545005], [-81.48929658786109, 32.079737731001785], [-81.4891079416514, 32.08125240961552], [-81.48858691878654, 32.08288884322638], [-81.48806589592166, 32.08354340846704], [-81.48321499338675, 32.08758486443319], [-81.48258617268777, 32.08833072565869], [-81.48212803189281, 32.089175520306185], [-81.4826131221463, 32.09437349926788], [-81.48204718351722, 32.09428978599073], [-81.47560626292919, 32.095157356231816], [-81.4728574181594, 32.0944267713134]]]}}, {"type": "Feature", "properties": {"FID": 79, "_Area_ID": "C-16", "_label": "FIREARM", "_Parent_ID": "Charlie", "_Type": " ", "Use_Restri": " ", "_ClosedSta": "_closed", "_OpenSta": "_open", "Status": " ", "ACRES": 2738.0979502, "Visual": " ", "FillTransp": 0, "OutlineTra": 49.8039215686, "FillTran_1": 0, "OutlineT_1": 0, "Id": 0, "Shape_Leng": 31141.7909401, "Shape_Area": 11087400, "area_name": "C-16", "area_type": " ", "area_syskey": 79}, "geometry": {"type": "Polygon", "coordinates": [[[-81.3876072976846, 32.07937237762922], [-81.38510099804155, 32.079364766085114], [-81.38275639514968, 32.077355296266596], [-81.3819568945467, 32.076380991969515], [-81.38114841079087, 32.07587100042393], [-81.37904635302574, 32.073785333749846], [-81.3777887116278, 32.0730774141731], [-81.37442901246473, 32.07244561035217], [-81.37256949982635, 32.07140274389277], [-81.37185084759895, 32.070717642665045], [-81.37134779103977, 32.06970520589768], [-81.37033269476858, 32.068867843711], [-81.36918285120474, 32.068593796239114], [-81.36950624470707, 32.068167498539395], [-81.37207542642001, 32.06834258533511], [-81.37225508947687, 32.06876126979175], [-81.37349476456912, 32.068806944343756], [-81.37476138911991, 32.06810659870579], [-81.37539919297171, 32.066683053541716], [-81.37532732774898, 32.065563994461264], [-81.37465359128579, 32.064680917766125], [-81.37343188249922, 32.06454388785959], [-81.37248865145077, 32.06498542793448], [-81.37094354916186, 32.06410234565314], [-81.37047642521406, 32.06319641617716], [-81.37040455999131, 32.06207731443654], [-81.368940306078, 32.05964112724992], [-81.36990150343213, 32.05967157999019], [-81.37039557683848, 32.05891025844239], [-81.36919183435758, 32.05757031712998], [-81.36821267069776, 32.057128741261764], [-81.36739520378909, 32.057037380471186], [-81.36751198477604, 32.05657296170857], [-81.36903013760642, 32.056329331251035], [-81.3693625142616, 32.05546139247366], [-81.37064710511805, 32.055134009919115], [-81.37092558285617, 32.054509695754255], [-81.37021591378162, 32.053428556271214], [-81.36903912075927, 32.0530098016309], [-81.36834741799039, 32.051593635375674], [-81.36744011955331, 32.051037822200655], [-81.36843724951882, 32.0502535869104], [-81.36883250824388, 32.048471901176356], [-81.36730537226067, 32.04788561238845], [-81.36712570920382, 32.04680439464419], [-81.36654180426906, 32.04643129541613], [-81.36516738188416, 32.04727647720209], [-81.36463737586647, 32.047969368159514], [-81.36378397634644, 32.047512517567895], [-81.36298447574345, 32.04771048643759], [-81.36205022784783, 32.04818256432185], [-81.36146632291309, 32.04871555255489], [-81.36070275492148, 32.04839575998754], [-81.36056800762883, 32.0479465256841], [-81.3615112386773, 32.04701759352023], [-81.36187056479099, 32.04624855238216], [-81.36162801966424, 32.04541858984477], [-81.35834916887676, 32.042441322862224], [-81.35760356719084, 32.04198444467849], [-81.3562201616531, 32.04173316070551], [-81.35619321219457, 32.04098691938663], [-81.35551947573138, 32.0399208498075], [-81.35308504131108, 32.03760591311945], [-81.35195316405293, 32.036951019092946], [-81.35121654551985, 32.03575544466091], [-81.35153993902217, 32.03484923453166], [-81.35134230965964, 32.03451416296908], [-81.35080332048909, 32.03411055241348], [-81.35006670195601, 32.03404962991094], [-81.3494917801741, 32.03425524319457], [-81.34933008342294, 32.03554221955501], [-81.34958161170253, 32.03756783801361], [-81.34884499316945, 32.038862382729654], [-81.34820718931763, 32.03859586031384], [-81.34827007138753, 32.03713378068784], [-81.3484946502086, 32.036334196016895], [-81.3472280256578, 32.034803543027145], [-81.34570987282743, 32.034544624070875], [-81.34457799556928, 32.03381355483077], [-81.34438036620675, 32.03286924842396], [-81.34355391614524, 32.03257224681533], [-81.34319459003154, 32.033036787367976], [-81.34299696066901, 32.034141013649545], [-81.34254780302689, 32.03389732347728], [-81.34226932528877, 32.033402325818294], [-81.3421255948433, 32.03267886288822], [-81.34217949376036, 32.03168123621], [-81.34165847089548, 32.03115576435332], [-81.34077812191693, 32.03104914650723], [-81.33870301361033, 32.032549400497835], [-81.3381909738983, 32.03117099546406], [-81.33724774284984, 32.0303104337357], [-81.33612484874455, 32.02839127580161], [-81.33536128075293, 32.02808664385989], [-81.3356487416439, 32.025695247923316], [-81.33612484874455, 32.0250707329709], [-81.33727469230837, 32.02402732653909], [-81.33721181023849, 32.023159081470894], [-81.33669078737361, 32.022069955408], [-81.33287294741558, 32.01963270332663], [-81.33027681624411, 32.01830742029546], [-81.32992647328325, 32.01869586730769], [-81.32847120252278, 32.01881011611556], [-81.32763576930843, 32.019091929232474], [-81.32665660564861, 32.01984596547212], [-81.3257043914473, 32.02086657029611], [-81.32424912068683, 32.02091988516103], [-81.3240964070885, 32.02031057057039], [-81.32556066100183, 32.01811700449191], [-81.325893037657, 32.01786565502529], [-81.32992647328325, 32.0159310027204], [-81.33693333250037, 32.01159692865001], [-81.33967319411731, 32.00975355207024], [-81.3414877909915, 32.00872520605042], [-81.34155067306138, 32.009532649083404], [-81.34417375369138, 32.01900814704499], [-81.34425460206695, 32.019906897422516], [-81.34356289929808, 32.02208518802963], [-81.34364374767367, 32.02265640951233], [-81.34403900639875, 32.02353989172445], [-81.34439833251243, 32.023890235759616], [-81.34618597992808, 32.02487271514573], [-81.35127942758974, 32.02619790320699], [-81.35265384997464, 32.02667009202144], [-81.3548457392682, 32.02936609120638], [-81.35839408464096, 32.03225239785186], [-81.3603703782663, 32.03353940236097], [-81.36273294746387, 32.03459793097467], [-81.36522128080122, 32.03593059348362], [-81.36596688248714, 32.03710332044736], [-81.36668553471455, 32.038641549925934], [-81.36878759247968, 32.04142857314681], [-81.37331510151228, 32.0518220507702], [-81.37590224953088, 32.05351992066533], [-81.37689039634357, 32.05435742336055], [-81.37862414484215, 32.05686988545157], [-81.38043874171633, 32.0586742474761], [-81.38421166591016, 32.06445253447452], [-81.38599033017296, 32.065883727024314], [-81.3876701797545, 32.07862644329271], [-81.3876072976846, 32.07937237762922]]]}}, {"type": "Feature", "properties": {"FID": 80, "_Area_ID": "F-07", "_label": "FIREARM", "_Parent_ID": "Foxtrot", "_Type": " ", "Use_Restri": " ", "_ClosedSta": "_closed", "_OpenSta": "_open", "Status": " ", "ACRES": 4397.86178914, "Visual": " ", "FillTransp": 0, "OutlineTra": 49.8039215686, "FillTran_1": 0, "OutlineT_1": 0, "Id": 0, "Shape_Leng": 20524.3663456, "Shape_Area": 17783280, "area_name": "F-07", "area_type": " ", "area_syskey": 80}, "geometry": {"type": "Polygon", "coordinates": [[[-81.76386665449044, 32.07048927444845], [-81.76334563162557, 32.07014672105422], [-81.76283359191355, 32.07023806875149], [-81.76041712379893, 32.07118198961323], [-81.75902473510835, 32.07208022783679], [-81.75716522246996, 32.07249128306391], [-81.7568328458148, 32.07246083459194], [-81.75316771945508, 32.0706110709016], [-81.75279941018854, 32.07017717029677], [-81.75170346554177, 32.06806092380397], [-81.75040989153246, 32.06707129532948], [-81.74908038491176, 32.066279584839435], [-81.7467357820199, 32.06507678078728], [-81.74416660030695, 32.06519858444909], [-81.74336709970397, 32.06460479006561], [-81.74221725614015, 32.06407189438791], [-81.74460677479622, 32.059762938150136], [-81.74584644988849, 32.058659020941235], [-81.74460677479622, 32.05749418351165], [-81.74431931390528, 32.0569993134482], [-81.7441127013899, 32.055385257100404], [-81.74347489753809, 32.0532534409275], [-81.74308862196585, 32.052096148491046], [-81.74177708165087, 32.04933229220773], [-81.74142673869001, 32.0489363610564], [-81.7385880623918, 32.046789166134054], [-81.7400702826108, 32.04407845096221], [-81.74316947034144, 32.044428716427724], [-81.74574763520722, 32.043888088733986], [-81.75218855579526, 32.039585796804445], [-81.75582673269645, 32.036037205646444], [-81.75756946434788, 32.033577479141975], [-81.75896185303846, 32.03582398119666], [-81.7602194944364, 32.03713378068784], [-81.76196222608785, 32.038435946491944], [-81.76467513824626, 32.0417864634241], [-81.76584294811578, 32.04199205933359], [-81.7670556737495, 32.042974344527906], [-81.76856484342704, 32.04383478723915], [-81.77064893488648, 32.04596682282331], [-81.7732360829051, 32.05002516760089], [-81.77404456666093, 32.05268241030454], [-81.7741882971064, 32.053915831985705], [-81.77440389277463, 32.05448685491136], [-81.77624543910733, 32.05626842353527], [-81.7775300299638, 32.05708306087786], [-81.7793715762965, 32.06044050832225], [-81.7810873584894, 32.06199357157881], [-81.78431231035985, 32.0614758867564], [-81.78479740061333, 32.06129317376664], [-81.78618978930392, 32.06258738291437], [-81.7864413175835, 32.06310506144626], [-81.78818404923494, 32.063950089225635], [-81.7888757520038, 32.064718981592605], [-81.78968423575962, 32.06651557618326], [-81.79208273756856, 32.067992411408454], [-81.79290020447722, 32.068228398332444], [-81.79355597463473, 32.068137048627655], [-81.79468785189287, 32.067284446982704], [-81.79650244876704, 32.068852618872995], [-81.79714025261886, 32.06981177871686], [-81.79739178089844, 32.06982700339517], [-81.79832602879405, 32.06935503718876], [-81.79859552337933, 32.0695986329543], [-81.79359190724608, 32.073351448207845], [-81.79051966897397, 32.074691158332605], [-81.77505966293212, 32.07750753037505], [-81.7713496208082, 32.0784742110476], [-81.76906789998621, 32.075733987285076], [-81.76522311056965, 32.072019330608946], [-81.76386665449044, 32.07048927444845]]]}}, {"type": "Feature", "properties": {"FID": 81, "_Area_ID": "F-17", "_label": "FIREARM", "_Parent_ID": "Foxtrot", "_Type": " ", "Use_Restri": " ", "_ClosedSta": "_closed", "_OpenSta": "_open", "Status": " ", "ACRES": 2017.87918098, "Visual": " ", "FillTransp": 0, "OutlineTra": 49.8039215686, "FillTran_1": 0, "OutlineT_1": 0, "Id": 0, "Shape_Leng": 17825.9692093, "Shape_Area": 8166041.5, "area_name": "F-17", "area_type": " ", "area_syskey": 81}, "geometry": {"type": "Polygon", "coordinates": [[[-81.66066819463641, 32.05731146256918], [-81.66030886852272, 32.05725055550724], [-81.65857512002412, 32.05820222371689], [-81.65668865792722, 32.05872754032814], [-81.65608678668677, 32.05868186074257], [-81.65453270124503, 32.058209837022666], [-81.65345472290393, 32.05824790354198], [-81.65143351351439, 32.05863618113418], [-81.66556401293556, 32.04700997928322], [-81.66692945216761, 32.045357674866686], [-81.66780980114616, 32.043286541490815], [-81.6712054329206, 32.028124722908025], [-81.6713940791303, 32.026243599005106], [-81.67101678671091, 32.0242177300591], [-81.66605808634189, 32.00784158099542], [-81.67593057131573, 32.015154083607], [-81.67910162426912, 32.0177514050398], [-81.67958671452261, 32.018216020759134], [-81.68123961464562, 32.02047051604268], [-81.6838806615813, 32.023212395001686], [-81.68901902500718, 32.026494925487185], [-81.67943400092429, 32.040362508710764], [-81.67363986734091, 32.048479515291774], [-81.67013643773235, 32.053162076267284], [-81.66510587214059, 32.05947363699726], [-81.66462976503995, 32.05905491002401], [-81.66142277947519, 32.057836784295226], [-81.66066819463641, 32.05731146256918]]]}}, {"type": "Feature", "properties": {"FID": 82, "_Area_ID": "E-17", "_label": "FIREARM", "_Parent_ID": "Echo", "_Type": " ", "Use_Restri": " ", "_ClosedSta": "_closed", "_OpenSta": "_open", "Status": " ", "ACRES": 2462.06523626, "Visual": " ", "FillTransp": 0, "OutlineTra": 49.8039215686, "FillTran_1": 0, "OutlineT_1": 0, "Id": 0, "Shape_Leng": 15109.4236221, "Shape_Area": 9975178, "area_name": "E-17", "area_type": " ", "area_syskey": 82}, "geometry": {"type": "Polygon", "coordinates": [[[-81.81033650414442, 32.01663174764337], [-81.82435022257862, 32.01487987528844], [-81.82457480139968, 32.01635754374647], [-81.82467361608094, 32.018688250715435], [-81.82388309863082, 32.02252693295509], [-81.81952626950223, 32.02769062082096], [-81.81935558959822, 32.03005150207559], [-81.81715471715182, 32.03405724522599], [-81.81972389886477, 32.04139049963073], [-81.81967898310056, 32.04209104979198], [-81.81923880861127, 32.04293627165474], [-81.81698403724782, 32.04508355696361], [-81.81655284591139, 32.045761235841155], [-81.81406451257402, 32.05241592812769], [-81.81312128152557, 32.05389299099454], [-81.81249246082659, 32.055210145501455], [-81.8120073705731, 32.05913865557198], [-81.81038141990862, 32.056062859695274], [-81.80930344156752, 32.05485992129814], [-81.79805653420878, 32.048388145865175], [-81.79254986151636, 32.04449724647073], [-81.79432852577916, 32.04273067786587], [-81.7949483633253, 32.041938756734716], [-81.79805653420878, 32.03658549480874], [-81.7991614620084, 32.03207724199373], [-81.79940400713515, 32.031544156885886], [-81.80182945840262, 32.02887106905524], [-81.80846800835319, 32.023829306458424], [-81.80961785191701, 32.021384484813446], [-81.81033650414442, 32.01663174764337]]]}}, {"type": "Feature", "properties": {"FID": 83, "_Area_ID": "C-10", "_label": "FIREARM", "_Parent_ID": "Charlie", "_Type": " ", "Use_Restri": " ", "_ClosedSta": "_closed", "_OpenSta": "_open", "Status": " ", "ACRES": 2624.20563987, "Visual": " ", "FillTransp": 0, "OutlineTra": 49.8039215686, "FillTran_1": 0, "OutlineT_1": 0, "Id": 0, "Shape_Leng": 19946.983926, "Shape_Area": 10626210.5, "area_name": "C-10", "area_type": " ", "area_syskey": 83}, "geometry": {"type": "Polygon", "coordinates": [[[-81.42382736994534, 32.0955530872898], [-81.41887765272915, 32.09466268999869], [-81.41547303780186, 32.095187797143275], [-81.4059149631775, 32.09149676268108], [-81.40435189458292, 32.090393228577575], [-81.40154016774324, 32.08713582259625], [-81.39965370564632, 32.085248300575145], [-81.39636587170598, 32.08275945186805], [-81.39464110636024, 32.08173953710187], [-81.39144310394832, 32.08024008950473], [-81.38952070924005, 32.07966922735567], [-81.3876072976846, 32.07937237762922], [-81.38764323029596, 32.078352425068985], [-81.38675389816457, 32.072019330608946], [-81.39507229769667, 32.07198888197981], [-81.39942912682527, 32.07526205156837], [-81.40542088977118, 32.07871017091947], [-81.40781040842725, 32.079707284943176], [-81.4096160221486, 32.0811382387354], [-81.40998433141513, 32.08127524377445], [-81.41043348905725, 32.08122196406145], [-81.41183486090068, 32.080377095889986], [-81.41284097401902, 32.080559770750924], [-81.41325419904977, 32.08078811381371], [-81.41581439760988, 32.08315523662258], [-81.41790747222217, 32.084365413989595], [-81.41934477667695, 32.08501996865517], [-81.42203073937685, 32.085301577941046], [-81.42832792951941, 32.08632906392226], [-81.42985506550262, 32.08613117863146], [-81.43370883807204, 32.08617684450585], [-81.43612530618665, 32.08715865528528], [-81.43754464433576, 32.08725759687178], [-81.44004196082595, 32.086397562576934], [-81.44193740607571, 32.085453798815365], [-81.44359928935157, 32.08266050541164], [-81.44760577551929, 32.08518741211894], [-81.45156734592281, 32.08661828011491], [-81.45293278515486, 32.08686944080282], [-81.45631045062362, 32.088285060860656], [-81.4565799452089, 32.08835355804915], [-81.45678655772427, 32.0880110715932], [-81.45763995724431, 32.08814806632962], [-81.46147576350803, 32.089251627548585], [-81.46126915099266, 32.09069765310978], [-81.46143084774381, 32.09139782568468], [-81.45314838082308, 32.09336893487947], [-81.43976348308784, 32.09728058548642], [-81.43612530618665, 32.097889387638205], [-81.43528088981945, 32.097858947626996], [-81.42684570930041, 32.09596403695869], [-81.42382736994534, 32.0955530872898]]]}}, {"type": "Feature", "properties": {"FID": 84, "_Area_ID": "C-02", "_label": "FIREARM", "_Parent_ID": "Charlie", "_Type": " ", "Use_Restri": " ", "_ClosedSta": "_closed", "_OpenSta": "_open", "Status": " ", "ACRES": 2081.38074882, "Visual": " ", "FillTransp": 0, "OutlineTra": 49.8039215686, "FillTran_1": 0, "OutlineT_1": 0, "Id": 0, "Shape_Leng": 14132.814204, "Shape_Area": 8427711, "area_name": "C-02", "area_type": " ", "area_syskey": 84}, "geometry": {"type": "Polygon", "coordinates": [[[-81.507774933258, 32.09148915214669], [-81.50795459631485, 32.09125322526643], [-81.51098191882275, 32.09145109946526], [-81.5113322617836, 32.08697599361336], [-81.51191616671836, 32.08610834568573], [-81.51284143146114, 32.08374891054077], [-81.51321872388051, 32.07644188629229], [-81.51407212340055, 32.07304696589632], [-81.51418890438751, 32.06984984040789], [-81.51539264686839, 32.07035225324476], [-81.51744080571648, 32.07157021230102], [-81.5182313231666, 32.071600661069596], [-81.51903082376958, 32.07130378514372], [-81.52167187070526, 32.07146364153126], [-81.52281273111625, 32.072689197884586], [-81.52351341703796, 32.07306219003596], [-81.52691803196525, 32.072590240527795], [-81.5294243316083, 32.07176812911536], [-81.53237080574061, 32.07106780615607], [-81.53364641344425, 32.07055778497332], [-81.53561372391674, 32.070245681055475], [-81.53530829672009, 32.07297084515999], [-81.53489507168933, 32.07440190439916], [-81.53496693691208, 32.075528467191766], [-81.53345776723455, 32.088041514885724], [-81.5351825325803, 32.088756929339944], [-81.5362425446157, 32.08946472749003], [-81.54109344715063, 32.09084986499552], [-81.5364132245197, 32.09193817259058], [-81.53603593210033, 32.09214365578652], [-81.5344818466586, 32.094396330148335], [-81.53411353739205, 32.09523345849148], [-81.53361048083288, 32.098650384622005], [-81.50606813421793, 32.09349831121585], [-81.50617593205203, 32.09332327259936], [-81.50644542663731, 32.09327761029643], [-81.507774933258, 32.09148915214669]]]}}, {"type": "Feature", "properties": {"FID": 85, "_Area_ID": "F-10", "_label": "FIREARM", "_Parent_ID": "Foxtrot", "_Type": " ", "Use_Restri": " ", "_ClosedSta": "_closed", "_OpenSta": "_open", "Status": " ", "ACRES": 2236.49336999, "Visual": " ", "FillTransp": 0, "OutlineTra": 49.8039215686, "FillTran_1": 0, "OutlineT_1": 0, "Id": 0, "Shape_Leng": 13805.1519129, "Shape_Area": 9039569, "area_name": "F-10", "area_type": " ", "area_syskey": 85}, "geometry": {"type": "Polygon", "coordinates": [[[-81.80742596262346, 32.10133665328286], [-81.8074798615405, 32.09938093576176], [-81.80985141389091, 32.09339176601099], [-81.81037243675578, 32.0884524983419], [-81.8101209084762, 32.085750628791004], [-81.81036345360293, 32.08209726969631], [-81.81097430799622, 32.08010308291407], [-81.81312128152557, 32.0757948820388], [-81.81366925384896, 32.076259203202284], [-81.81940050536244, 32.07756081225309], [-81.82013712389552, 32.07760648240958], [-81.82098154026271, 32.07734007284181], [-81.82205053545096, 32.07832197854896], [-81.82411666060472, 32.079204923512115], [-81.82684753906882, 32.07941804688064], [-81.83849868830548, 32.082843175709066], [-81.83080910947234, 32.09626083279205], [-81.82861722017878, 32.103208623823235], [-81.82755720814338, 32.10285097388023], [-81.82064018045469, 32.10124533666525], [-81.81950830319654, 32.10285858346806], [-81.81777455469795, 32.103474957977326], [-81.8137860348359, 32.10543819720471], [-81.81345365818073, 32.106541549562266], [-81.81292365216304, 32.10727964680059], [-81.80745291208198, 32.111867890649265], [-81.80742596262346, 32.10133665328286]]]}}, {"type": "Feature", "properties": {"FID": 86, "_Area_ID": "F-13", "_label": "SHOTGUN", "_Parent_ID": "Foxtrot", "_Type": " ", "Use_Restri": " ", "_ClosedSta": "_closed", "_OpenSta": "_open", "Status": " ", "ACRES": 1141.46712333, "Visual": " ", "FillTransp": 0, "OutlineTra": 49.8039215686, "FillTran_1": 0, "OutlineT_1": 0, "Id": 0, "Shape_Leng": 14619.8101442, "Shape_Area": 4625182.5, "area_name": "F-13", "area_type": " ", "area_syskey": 86}, "geometry": {"type": "Polygon", "coordinates": [[[-81.76048898902168, 32.11675263315457], [-81.7312667928252, 32.10810904791848], [-81.71972344142266, 32.10944824849902], [-81.7195617446715, 32.10938737617148], [-81.71959767728286, 32.10913627739142], [-81.72019954852331, 32.108618859545864], [-81.72137634154566, 32.10457833405552], [-81.72174465081221, 32.1038326054767], [-81.72233753889981, 32.10340647212619], [-81.72593978318963, 32.10198347671043], [-81.72780827898086, 32.1007126545762], [-81.72872456057078, 32.09951791344997], [-81.72834726815141, 32.09818617721604], [-81.72836523445709, 32.097562156985965], [-81.72865269534805, 32.096747880275146], [-81.72920965082429, 32.09598686744163], [-81.73182374830144, 32.09625322265451], [-81.7326232489044, 32.09686203165336], [-81.73309037285222, 32.0985971150395], [-81.7338269913853, 32.09982991741738], [-81.7357943018578, 32.10214327943981], [-81.7375729661206, 32.10293467931158], [-81.73961214181584, 32.10344451982758], [-81.74142673869001, 32.10471530394885], [-81.74568475313733, 32.10466203790364], [-81.74676273147841, 32.10430439365253], [-81.74741850163592, 32.103672805703255], [-81.7484066484486, 32.103528224714935], [-81.7497631045278, 32.10364997714137], [-81.75008649803013, 32.103863043497086], [-81.75057158828362, 32.10482183594607], [-81.750948880703, 32.10496641488637], [-81.75145193726217, 32.10491314898761], [-81.75204482534977, 32.105187087564474], [-81.75261974713169, 32.1051262123962], [-81.75267364604875, 32.104243517895846], [-81.75328450044204, 32.1037869484271], [-81.75381450645973, 32.10377933891662], [-81.75428163040755, 32.10435765990636], [-81.75523384460885, 32.104760960534314], [-81.75618605881014, 32.10444136395674], [-81.75668911536933, 32.10463160014955], [-81.75703945833018, 32.10491314898761], [-81.75715623931713, 32.1052175251334], [-81.75697657626027, 32.10668612577986], [-81.75762336326493, 32.10809382961721], [-81.75760539695925, 32.10849711374429], [-81.75739878444388, 32.10889278700582], [-81.75667114906364, 32.10944824849902], [-81.75568300225096, 32.10992761666017], [-81.75482960273094, 32.110916781101075], [-81.75432654617175, 32.11109178600178], [-81.75419179887912, 32.11153310121835], [-81.75443434400587, 32.111867890649265], [-81.7563028397971, 32.1118602818122], [-81.75712928985861, 32.11162440754854], [-81.75793777361442, 32.111966805473465], [-81.75815336928265, 32.11224072288882], [-81.75806353775423, 32.11249181313093], [-81.75721912138702, 32.11303964398932], [-81.756877761579, 32.11396790543919], [-81.75682386266196, 32.11467550823714], [-81.75724607084555, 32.11515484895168], [-81.75772217794619, 32.11530702008071], [-81.75805455460137, 32.115253760214394], [-81.75887202151003, 32.114743985636174], [-81.76061475316148, 32.1143939895014], [-81.76095611296948, 32.11445485849081], [-81.76128848962465, 32.11466789963406], [-81.76206104076911, 32.11635699395721], [-81.76247426579987, 32.11628851776819], [-81.76286054137208, 32.115900485060116], [-81.76327376640283, 32.115870051052475], [-81.76395648601886, 32.116128739794064], [-81.76414513222855, 32.11645590391732], [-81.76412716592286, 32.11695045211019], [-81.7634803789182, 32.11763520672295], [-81.76048898902168, 32.11675263315457]]]}}, {"type": "Feature", "properties": {"FID": 87, "_Area_ID": "C-04", "_label": "FIREARM", "_Parent_ID": "Charlie", "_Type": " ", "Use_Restri": " ", "_ClosedSta": "_closed", "_OpenSta": "_open", "Status": " ", "ACRES": 4184.18568013, "Visual": " ", "FillTransp": 0, "OutlineTra": 49.8039215686, "FillTran_1": 0, "OutlineT_1": 0, "Id": 0, "Shape_Leng": 27258.0798313, "Shape_Area": 16926049, "area_name": "C-04", "area_type": " ", "area_syskey": 87}, "geometry": {"type": "Polygon", "coordinates": [[[-81.4923688261332, 32.06749759813913], [-81.49585428943607, 32.0621458312631], [-81.49712091398685, 32.05552230072666], [-81.50445116670629, 32.04447440312877], [-81.50556507765874, 32.04195398605185], [-81.5056189765758, 32.041352426098804], [-81.50528659992064, 32.039349735997824], [-81.50584355539686, 32.03774298336941], [-81.5057447407156, 32.03616666310585], [-81.52405240620851, 32.03982947183738], [-81.52601073352815, 32.0406594850511], [-81.53000823654304, 32.043179937769544], [-81.51569807406503, 32.05379401330035], [-81.5152489164229, 32.05429651433211], [-81.514844674545, 32.05518730483341], [-81.51407212340055, 32.07304696589632], [-81.5132546564919, 32.076053684289676], [-81.51284143146114, 32.08374891054077], [-81.51191616671836, 32.08610834568573], [-81.5113322617836, 32.08697599361336], [-81.51292227983672, 32.066287197472946], [-81.50940088392248, 32.066104494094084], [-81.5075234049784, 32.091222783043975], [-81.50795459631485, 32.09125322526643], [-81.50644542663731, 32.09327761029643], [-81.50617593205203, 32.09332327259936], [-81.50606813421793, 32.09349831121585], [-81.49608785140997, 32.094282175689], [-81.49346477077998, 32.09472357214114], [-81.48854200302232, 32.09512691531021], [-81.4826131221463, 32.09437349926788], [-81.48212803189281, 32.089175520306185], [-81.48258617268777, 32.08833072565869], [-81.48321499338675, 32.08758486443319], [-81.48806589592166, 32.08354340846704], [-81.48858691878654, 32.08288884322638], [-81.4891079416514, 32.08125240961552], [-81.48929658786109, 32.079737731001785], [-81.4922610282991, 32.07161588545005], [-81.4923688261332, 32.06749759813913]]]}}, {"type": "Feature", "properties": {"FID": 88, "_Area_ID": "F-15", "_label": "FIREARM", "_Parent_ID": "Foxtrot", "_Type": " ", "Use_Restri": " ", "_ClosedSta": "_closed", "_OpenSta": "_open", "Status": " ", "ACRES": 4286.29363683, "Visual": " ", "FillTransp": 0, "OutlineTra": 49.8039215686, "FillTran_1": 0, "OutlineT_1": 0, "Id": 0, "Shape_Leng": 25691.744826, "Shape_Area": 17350528.5, "area_name": "F-15", "area_type": " ", "area_syskey": 88}, "geometry": {"type": "Polygon", "coordinates": [[[-81.7179986760769, 32.08911463446664], [-81.71639069171812, 32.08892436595654], [-81.71526779761281, 32.08940384184318], [-81.71454016223257, 32.0903095116534], [-81.71470185898373, 32.091131456315686], [-81.71449524646836, 32.09211321386072], [-81.71406405513193, 32.09249373720413], [-81.71365083010117, 32.09247851630083], [-81.7127704811226, 32.09186206758592], [-81.71269861589987, 32.09110101405265], [-81.71203386258952, 32.090682431907254], [-81.71160267125309, 32.090598715248056], [-81.71090198533138, 32.09078136967831], [-81.70996773743576, 32.09180879404493], [-81.70945569772374, 32.091945783087546], [-81.70924010205553, 32.091785962517854], [-81.70866518027361, 32.09051499851215], [-81.70822500578433, 32.08998986451012], [-81.70758720193251, 32.08954083449155], [-81.70700329699775, 32.089419063258696], [-81.70620379639477, 32.088764540101884], [-81.70525158219348, 32.08836877963962], [-81.70328427172099, 32.08840683360473], [-81.7029698613715, 32.08853621696747], [-81.70280816462034, 32.08889392295816], [-81.70227815860262, 32.089274459708946], [-81.69936761708168, 32.09036278606856], [-81.69896337520377, 32.09067482130502], [-81.69855913332586, 32.09072809550722], [-81.69829862189343, 32.0905758834186], [-81.69793929577973, 32.09000508582801], [-81.69798421154394, 32.08913746666122], [-81.6978494642513, 32.088642767834536], [-81.69722064355233, 32.088345947252954], [-81.69609774944702, 32.08868082168552], [-81.69577435594469, 32.0884524983419], [-81.69621453043398, 32.08772185980857], [-81.69596300215439, 32.08739459273778], [-81.69538808037248, 32.08772185980857], [-81.69409450636316, 32.08788929832177], [-81.6929177133408, 32.088444887553955], [-81.69266618506121, 32.08830789326253], [-81.69227990948899, 32.08748592320103], [-81.6912019311479, 32.08734131659209], [-81.69094141971546, 32.08719670975431], [-81.6904832789205, 32.08667155668216], [-81.69000717181984, 32.085507076061475], [-81.68912682284129, 32.08433496947246], [-81.68884834510317, 32.083657576342816], [-81.68894715978443, 32.08152641914603], [-81.68883936195033, 32.08088706229708], [-81.688515968448, 32.07999652209049], [-81.68754578794102, 32.07882434483238], [-81.68611746663906, 32.078025124447464], [-81.68474304425418, 32.07659412192179], [-81.68383574581709, 32.076068907928686], [-81.68253318865493, 32.07578727019682], [-81.68160792391215, 32.07588622409334], [-81.6800718047761, 32.07566548063863], [-81.67909264111627, 32.076046072469225], [-81.67818534267919, 32.07549040786453], [-81.67714329694947, 32.075155485101625], [-81.67637074580502, 32.07454653148026], [-81.67582277348163, 32.07370921362826], [-81.67505022233718, 32.07160827326014], [-81.67501428972581, 32.070740479455324], [-81.67317274339311, 32.068966805096245], [-81.6727685015152, 32.06839587255424], [-81.67267866998677, 32.066393774275404], [-81.67249002377709, 32.06554115637827], [-81.67257087215266, 32.065122457179484], [-81.67313681078174, 32.06433072981915], [-81.67310087817036, 32.06407950720516], [-81.66995677467551, 32.06350854415265], [-81.66868116697188, 32.06296041626905], [-81.66766607070069, 32.06274725453838], [-81.66678572172212, 32.062929964623656], [-81.66587842328504, 32.06241228510081], [-81.66510587214059, 32.061567243114425], [-81.66508790583491, 32.060767871888174], [-81.6654651982543, 32.06038721646809], [-81.66510587214059, 32.05947363699726], [-81.67185221992526, 32.05090838577117], [-81.67337037275564, 32.053078325248634], [-81.67447530055526, 32.053755944927914], [-81.6778080502598, 32.0571439680513], [-81.68012570369315, 32.05853720857109], [-81.68317099250675, 32.06002178577461], [-81.68365608276024, 32.06117136490406], [-81.68393456049836, 32.06343241547634], [-81.68503050514514, 32.06449821117847], [-81.68651272536414, 32.064962589707015], [-81.68689001778353, 32.065251873500124], [-81.68711459660459, 32.06591417768631], [-81.68689001778353, 32.066713503937585], [-81.6870786639932, 32.067162646098836], [-81.68806681080588, 32.067756423875494], [-81.68977360984594, 32.067984798916896], [-81.69104023439672, 32.06845677219521], [-81.69174990347128, 32.070123884115645], [-81.69280991550669, 32.07107541839099], [-81.69401365798758, 32.07170723167967], [-81.69842438603322, 32.07348846491724], [-81.69913405510776, 32.073366672296814], [-81.70144272538828, 32.07236948911521], [-81.70596125126802, 32.07140274389277], [-81.70853043298098, 32.07152453912919], [-81.70956349555786, 32.07120482628756], [-81.71083012010864, 32.06898964232377], [-81.7112433451394, 32.06658408968515], [-81.71251895284301, 32.064840785730915], [-81.7142077855774, 32.063790219704], [-81.71851969894178, 32.06840348501157], [-81.72160990351956, 32.0724760588292], [-81.72495163637696, 32.07494235179552], [-81.73016186502558, 32.07832197854896], [-81.738462298252, 32.08406857951484], [-81.73769873026039, 32.0847459695982], [-81.7371058421728, 32.08565929659349], [-81.73680939812898, 32.08662589105499], [-81.73672854975341, 32.08830789326253], [-81.73639617309823, 32.089129855930324], [-81.73538107682704, 32.09062154707182], [-81.73397970498361, 32.09217409770217], [-81.73000915142725, 32.09518018691638], [-81.72920965082429, 32.09598686744163], [-81.72849998174972, 32.09567485034738], [-81.72818557140025, 32.095340001548536], [-81.72643385659596, 32.09473879267043], [-81.72384670857734, 32.09457136670892], [-81.72364907921481, 32.0941984623282], [-81.72362212975628, 32.09307974005335], [-81.72218482530148, 32.09064437888985], [-81.72195126332758, 32.090461724185744], [-81.71983123925676, 32.08993658987752], [-81.7188430924441, 32.089396231134465], [-81.7179986760769, 32.08911463446664]]]}}, {"type": "Feature", "properties": {"FID": 89, "_Area_ID": "B-04", "_label": "FIREARM", "_Parent_ID": "Bravo", "_Type": " ", "Use_Restri": "Small Arms Impact Area", "_ClosedSta": "_closed", "_OpenSta": "_open", "Status": " ", "ACRES": 8610.26621708, "Visual": " ", "FillTransp": 0, "OutlineTra": 49.8039215686, "FillTran_1": 0, "OutlineT_1": 0, "Id": 0, "Shape_Leng": 23992.6520342, "Shape_Area": 34833139.5, "area_name": "B-04", "area_type": " ", "area_syskey": 89}, "geometry": {"type": "Polygon", "coordinates": [[[-81.5721571896798, 31.919794447222525], [-81.57623554107028, 31.91668347540915], [-81.58658413314477, 31.909576645132088], [-81.58992586600216, 31.90754820017182], [-81.59164164819506, 31.90668647881813], [-81.59678899477379, 31.904635091977223], [-81.60010377817265, 31.910323955687858], [-81.60119073966658, 31.911734678458814], [-81.60367907300395, 31.9156007105376], [-81.60681419334595, 31.917819602311386], [-81.60694894063859, 31.917667102871413], [-81.60939235821174, 31.919230210145844], [-81.61072186483241, 31.920884787442066], [-81.61281493944472, 31.92289768927348], [-81.62949665427314, 31.934707350637105], [-81.62979309831694, 31.934958927953478], [-81.62980208146978, 31.935286739787156], [-81.6254901681054, 31.937207846102424], [-81.62263352550151, 31.941072807392903], [-81.61962416929929, 31.94559315746733], [-81.61594107663389, 31.949076648218934], [-81.60690402487438, 31.954518861737576], [-81.59925936180547, 31.95630999594534], [-81.59784002365635, 31.95637859188013], [-81.55048982502382, 31.94854308052059], [-81.55442444596882, 31.940996576986045], [-81.55567310421392, 31.937756726246413], [-81.55560123899117, 31.93474546845658], [-81.55682294777775, 31.930521917915993], [-81.55588869988213, 31.92829570849723], [-81.55850279735928, 31.927213080327526], [-81.5721571896798, 31.919794447222525]]]}}, {"type": "Feature", "properties": {"FID": 90, "_Area_ID": "B-18", "_label": "OFF LIMITS", "_Parent_ID": "Bravo", "_Type": " ", "Use_Restri": "Small Arms Impact Area", "_ClosedSta": "_closed", "_OpenSta": "_open", "Status": " ", "ACRES": 4998.08519579, "Visual": " ", "FillTransp": 0, "OutlineTra": 49.8039215686, "FillTran_1": 0, "OutlineT_1": 0, "Id": 0, "Shape_Leng": 26502.1609522, "Shape_Area": 20118861, "area_name": "B-18", "area_type": " ", "area_syskey": 90}, "geometry": {"type": "Polygon", "coordinates": [[[-81.51380262881527, 32.01982311598028], [-81.50348996935215, 32.01379826780858], [-81.4987827972627, 32.01097993483176], [-81.4977227852273, 32.01021059104236], [-81.49654599220494, 32.008070105533164], [-81.49380613058798, 32.00144266263844], [-81.49345578762714, 32.00087892699613], [-81.48822759267283, 31.995165194503702], [-81.48485891035692, 31.99023586191656], [-81.48207413297575, 31.98788157405507], [-81.48108598616308, 31.987332993446437], [-81.4806008959096, 31.987211086198997], [-81.48132853128983, 31.986959651989594], [-81.4826939705219, 31.98687584043331], [-81.49686938570727, 31.986792028800465], [-81.50106451808469, 31.985169115722957], [-81.50380437970163, 31.983675705555978], [-81.50512490316947, 31.982647067068616], [-81.50849358548538, 31.966972237925674], [-81.5087720632235, 31.966751231894087], [-81.50929308608836, 31.967338039843423], [-81.50930206924122, 31.968420195316394], [-81.50961647959069, 31.96879361220246], [-81.51011055299703, 31.969037475471456], [-81.5121587118451, 31.96943375190195], [-81.51268871786282, 31.96934992433816], [-81.51288634722535, 31.969128924030326], [-81.51237430751333, 31.96846591991469], [-81.51258990318154, 31.968130605665223], [-81.51285939776682, 31.968001052104437], [-81.51433263483298, 31.968008672907214], [-81.51470094409953, 31.96774194443446], [-81.51505128706037, 31.96713989731891], [-81.51574298982923, 31.96719324342527], [-81.51638079368107, 31.967025584129466], [-81.51657842304358, 31.966735990079204], [-81.51643469259811, 31.9664006695114], [-81.51557230992523, 31.966659780966772], [-81.51516806804733, 31.966408290447], [-81.51528484903427, 31.965989138049828], [-81.5158597708162, 31.965562362733944], [-81.51598553495599, 31.96527276406837], [-81.51587773712188, 31.96499078554264], [-81.51509620282458, 31.964899332861844], [-81.51458416311256, 31.964579247761684], [-81.51465602833531, 31.962468182368205], [-81.51487162400352, 31.962094739755475], [-81.51656943989074, 31.960837217749397], [-81.51753063724489, 31.960486632787166], [-81.51794386227564, 31.960113182116054], [-81.51837505361209, 31.96004458897058], [-81.51877929548999, 32.00413178630952], [-81.52336968659247, 32.00378136673117], [-81.53167910297174, 32.00289769402092], [-81.53380811019541, 32.00701127037949], [-81.5345267624228, 32.010309615852606], [-81.53440998143584, 32.0153445055677], [-81.5339338743352, 32.019716484942975], [-81.5350567684405, 32.01970886843558], [-81.53670068541066, 32.022945827037454], [-81.52894822450763, 32.02517735777638], [-81.52758278527558, 32.025459151307714], [-81.52611853136227, 32.02509358115396], [-81.51705453014424, 32.02165105732075], [-81.51380262881527, 32.01982311598028]]]}}, {"type": "Feature", "properties": {"FID": 91, "_Area_ID": "D-07", "_label": "OFF LIMITS", "_Parent_ID": "Delta", "_Type": " ", "Use_Restri": "Small Arms Impact Area", "_ClosedSta": "_closed", "_OpenSta": "_open", "Status": " ", "ACRES": 3479.03001615, "Visual": " ", "FillTransp": 0, "OutlineTra": 49.8039215686, "FillTran_1": 0, "OutlineT_1": 0, "Id": 0, "Shape_Leng": 18478.1082684, "Shape_Area": 14078855, "area_name": "D-07", "area_type": " ", "area_syskey": 91}, "geometry": {"type": "Polygon", "coordinates": [[[-81.7171722260154, 31.92989675496065], [-81.69859506593723, 31.924468332071825], [-81.69406755690463, 31.92294343653035], [-81.6939777253762, 31.92221910229068], [-81.69523536677416, 31.9208085402946], [-81.69528028253836, 31.92049592632917], [-81.69507367002299, 31.92009181401883], [-81.695244349927, 31.919375082157973], [-81.69687030059148, 31.916858851618596], [-81.69795726208541, 31.91620309538402], [-81.70199069771168, 31.91439592901127], [-81.7041556375467, 31.912985247045178], [-81.70696736438639, 31.909477511643203], [-81.70755126932114, 31.908188766568877], [-81.70762313454388, 31.907456690322515], [-81.70749737040408, 31.90665597525952], [-81.70707516222049, 31.905344312673805], [-81.70667092034259, 31.904665596205685], [-81.7048742897741, 31.90296497003866], [-81.70453292996609, 31.900364400203205], [-81.70638345945163, 31.898328125613467], [-81.70712906113755, 31.897954422388732], [-81.70826992154853, 31.897794263399447], [-81.70988688906019, 31.89793916916367], [-81.7116296207116, 31.898419644539313], [-81.71360591433695, 31.8984043913913], [-81.71993903709087, 31.894964741977947], [-81.72467315863885, 31.89300461820146], [-81.72684708162672, 31.892302929508347], [-81.72616436201069, 31.89713074461831], [-81.72589486742541, 31.897557837715517], [-81.72495163637696, 31.898373885087764], [-81.72471807440306, 31.90012798112025], [-81.72814065563604, 31.903529306869263], [-81.72818557140025, 31.904963011903348], [-81.72851794805541, 31.905870505142698], [-81.72879642579353, 31.90736518038222], [-81.72944321279819, 31.90871494277356], [-81.73039542699948, 31.910018931704304], [-81.73068288789044, 31.911635547294992], [-81.73110509607403, 31.91277173653862], [-81.73106916346268, 31.913732529916057], [-81.73129374228373, 31.91524232780816], [-81.73176086623154, 31.916073468598263], [-81.73413241858195, 31.919306458601714], [-81.7356056556481, 31.92314929890477], [-81.73591108284475, 31.92359152022496], [-81.73777957863597, 31.924910547049297], [-81.73976485541415, 31.925878837936022], [-81.73853416347474, 31.926328670391243], [-81.7375100840507, 31.926915736556733], [-81.7301438987199, 31.931795102497748], [-81.7245384113462, 31.93277094461241], [-81.72420603469104, 31.933037774637246], [-81.72016361591194, 31.930857369456643], [-81.7171722260154, 31.92989675496065]], [[-81.71938208161464, 31.92878364942056], [-81.71921140171064, 31.928699784758656], [-81.719076654418, 31.928806521587823], [-81.71865444623441, 31.92942406795284], [-81.71864546308156, 31.929652787776217], [-81.71881614298557, 31.929675659727252], [-81.7194808962959, 31.929096235213837], [-81.71951682890727, 31.92887513805544], [-81.71938208161464, 31.92878364942056]], [[-81.71129724405644, 31.92656502215534], [-81.71017434995113, 31.9263591674272], [-81.7096353607806, 31.926618391824448], [-81.70955451240502, 31.926915736556733], [-81.7109289347899, 31.927274073802668], [-81.7112433451394, 31.92699960284586], [-81.71129724405644, 31.92656502215534]], [[-81.69645707556073, 31.921418515704456], [-81.69629537880955, 31.92134226899947], [-81.69572045702765, 31.92156338426983], [-81.69563062549922, 31.92173112653412], [-81.69579232225038, 31.922424966286446], [-81.69604385052997, 31.922554584121432], [-81.6963672440323, 31.922485962937436], [-81.69651097447777, 31.92201323783411], [-81.69645707556073, 31.921418515704456]]]}}, {"type": "Feature", "properties": {"FID": 92, "_Area_ID": "D-06", "_label": "OFF LIMITS", "_Parent_ID": "Delta", "_Type": " ", "Use_Restri": "Small Arms Impact Area", "_ClosedSta": "_closed", "_OpenSta": "_open", "Status": " ", "ACRES": 2203.36432408, "Visual": " ", "FillTransp": 0, "OutlineTra": 49.8039215686, "FillTran_1": 0, "OutlineT_1": 0, "Id": 0, "Shape_Leng": 13138.1622766, "Shape_Area": 8904013, "area_name": "D-06", "area_type": " ", "area_syskey": 92}, "geometry": {"type": "Polygon", "coordinates": [[[-81.66911235830831, 31.9121617037897], [-81.66232109475943, 31.904963011903348], [-81.67343325482554, 31.903643699048263], [-81.68514728613208, 31.900577939498163], [-81.68627018023739, 31.90057031310331], [-81.69568452441627, 31.901836285996783], [-81.69774166641719, 31.90179815453744], [-81.70058034271541, 31.90233961977941], [-81.70299681083003, 31.901256686110177], [-81.70453292996609, 31.900364400203205], [-81.7048742897741, 31.90296497003866], [-81.70683261709375, 31.90488675155966], [-81.70756923562683, 31.906938132790987], [-81.70752431986261, 31.908303152956265], [-81.70680566763522, 31.90975966052326], [-81.7041556375467, 31.912985247045178], [-81.70199069771168, 31.91439592901127], [-81.69747217183192, 31.9164318480898], [-81.69676250275737, 31.9169808522628], [-81.695244349927, 31.919375082157973], [-81.69507367002299, 31.92009181401883], [-81.69528926569122, 31.92070179418196], [-81.69400467483473, 31.92215048085636], [-81.69406755690463, 31.92294343653035], [-81.67315477708742, 31.91588284064032], [-81.67188815253664, 31.915089824095556], [-81.66911235830831, 31.9121617037897]], [[-81.67063949429154, 31.911582168931773], [-81.67052271330459, 31.911483037603606], [-81.67003762305109, 31.91183380951584], [-81.67017237034372, 31.911902438646596], [-81.67063949429154, 31.911582168931773]]]}}, {"type": "Feature", "properties": {"FID": 93, "_Area_ID": "D-08", "_label": "OFF LIMITS", "_Parent_ID": "Delta", "_Type": " ", "Use_Restri": "Small Arms Impact Area", "_ClosedSta": "_closed", "_OpenSta": "_open", "Status": " ", "ACRES": 1364.70403365, "Visual": " ", "FillTransp": 0, "OutlineTra": 49.8039215686, "FillTran_1": 0, "OutlineT_1": 0, "Id": 0, "Shape_Leng": 11027.0111427, "Shape_Area": 5522843, "area_name": "D-08", "area_type": " ", "area_syskey": 93}, "geometry": {"type": "Polygon", "coordinates": [[[-81.73176086623154, 31.916073468598263], [-81.73123086021383, 31.915051698127932], [-81.73110509607403, 31.91277173653862], [-81.73068288789044, 31.911635547294992], [-81.73035949438811, 31.909904547449795], [-81.7294881285624, 31.908783574230597], [-81.72892218993333, 31.907654961547667], [-81.7284730322912, 31.90571798589614], [-81.73098831508709, 31.90667122704007], [-81.73432106479163, 31.90752532271802], [-81.73482412135081, 31.907357554549765], [-81.73585718392769, 31.906594968111932], [-81.73823771943094, 31.905435824623623], [-81.74056435601713, 31.90503164615861], [-81.74181301426223, 31.904627465918516], [-81.74551407323332, 31.904924881739404], [-81.74933191319136, 31.905695107987338], [-81.75075125134046, 31.905374816667187], [-81.75320365206645, 31.905176540529425], [-81.7549912994821, 31.90394111804826], [-81.75888100466287, 31.90343779302368], [-81.75985118516986, 31.90622892437712], [-81.75929422969362, 31.906777989433316], [-81.75476672066104, 31.912550600134495], [-81.75623097457435, 31.913587649017458], [-81.75610521043457, 31.914540808636982], [-81.75549435604127, 31.915051698127932], [-81.75459604075704, 31.91540245643429], [-81.75245805038053, 31.916569099440213], [-81.75259279767317, 31.91606584348754], [-81.7512453247468, 31.916218345582106], [-81.75021226216992, 31.916073468598263], [-81.74825393485027, 31.91649284871526], [-81.74528949441226, 31.918970964923115], [-81.74247776757257, 31.923957494881837], [-81.74169623327528, 31.924956293304902], [-81.74113927779905, 31.925390881598197], [-81.73976485541415, 31.925878837936022], [-81.73777957863597, 31.924910547049297], [-81.73591108284475, 31.92359152022496], [-81.73529124529863, 31.92254695954797], [-81.73404258705352, 31.919138711915362], [-81.73176086623154, 31.916073468598263]]]}}, {"type": "Feature", "properties": {"FID": 94, "_Area_ID": "G-2", "_label": "ARCHERY", "_Parent_ID": "Garrison Archery Only", "_Type": " ", "Use_Restri": "Archery Only", "_ClosedSta": "_closed", "_OpenSta": "_open", "Status": " ", "ACRES": 460.022482426, "Visual": " ", "FillTransp": 0, "OutlineTra": 49.8039215686, "FillTran_1": 0, "OutlineT_1": 0, "Id": 0, "Shape_Leng": 7580.65260978, "Shape_Area": 1856559, "area_name": "G-2", "area_type": " ", "area_syskey": 94}, "geometry": {"type": "Polygon", "coordinates": [[[-81.64019558930849, 31.85329741271306], [-81.63884811638212, 31.85326689147092], [-81.63700657004942, 31.853732339316103], [-81.63555129928895, 31.853831532815487], [-81.63502129327124, 31.85396124723064], [-81.6319849876105, 31.85538046361778], [-81.63050276739149, 31.855647518022987], [-81.6256608480094, 31.85451825411569], [-81.62198673849684, 31.85324400053266], [-81.62113333897682, 31.853259261158794], [-81.62033383837384, 31.852893005434748], [-81.61983078181466, 31.852335988732722], [-81.61957925353508, 31.85031391352624], [-81.61967806821633, 31.849237998836497], [-81.6235857397028, 31.849253260125533], [-81.6258494942191, 31.849093016464796], [-81.6381653967661, 31.849581377228773], [-81.64224374815656, 31.85109985745861], [-81.64941230412484, 31.853121915432748], [-81.64806483119847, 31.85487687320645], [-81.64694193709316, 31.855784859987356], [-81.64662752674367, 31.856219774858296], [-81.64507344130193, 31.8554796553443], [-81.6435013895545, 31.85522786075327], [-81.64209103455825, 31.854022289245194], [-81.64019558930849, 31.85329741271306]]]}}, {"type": "Feature", "properties": {"FID": 95, "_Area_ID": "G-1", "_label": "ARCHERY", "_Parent_ID": "Garrison Archery Only", "_Type": " ", "Use_Restri": "Archery Only", "_ClosedSta": "_closed", "_OpenSta": "_open", "Status": " ", "ACRES": 89.7636658522, "Visual": " ", "FillTransp": 0, "OutlineTra": 49.8039215686, "FillTran_1": 0, "OutlineT_1": 0, "Id": 0, "Shape_Leng": 3054.72879363, "Shape_Area": 362537.5, "area_name": "G-1", "area_type": " ", "area_syskey": 95}, "geometry": {"type": "Polygon", "coordinates": [[[-81.6091318467793, 31.856349485913867], [-81.6138300357159, 31.853587364009687], [-81.61440495749783, 31.85363314571003], [-81.61515954233658, 31.852328358343577], [-81.61842042681839, 31.852419922971603], [-81.61846534258261, 31.85313717607906], [-81.61803415124618, 31.854197784812005], [-81.61735143163014, 31.853945986720685], [-81.61649803211012, 31.855357573204213], [-81.61727058325457, 31.855601737322765], [-81.61705498758634, 31.856128214003302], [-81.61621057121916, 31.855815380396116], [-81.61587819456399, 31.855990872550368], [-81.61586921141114, 31.856311335622355], [-81.61519547494797, 31.856311335622355], [-81.61519547494797, 31.8567004678553], [-81.61451275533193, 31.856845438267303], [-81.61434207542793, 31.857287978115103], [-81.61009304413345, 31.85742531763599], [-81.6091318467793, 31.856349485913867]]]}}, {"type": "Feature", "properties": {"FID": 96, "_Area_ID": "G-3", "_label": "ARCHERY", "_Parent_ID": "Garrison Archery Only", "_Type": " ", "Use_Restri": "Archery Only", "_ClosedSta": "_closed", "_OpenSta": "_open", "Status": " ", "ACRES": 138.018258576, "Visual": " ", "FillTransp": 0, "OutlineTra": 49.8039215686, "FillTran_1": 0, "OutlineT_1": 0, "Id": 0, "Shape_Leng": 3327.13415308, "Shape_Area": 556613.5, "area_name": "G-3", "area_type": " ", "area_syskey": 96}, "geometry": {"type": "Polygon", "coordinates": [[[-81.62168131130021, 31.859454866706322], [-81.62255267712592, 31.859088635591167], [-81.62132198518651, 31.85909626542089], [-81.62206758687243, 31.85807386260955], [-81.6224628455975, 31.8581349019016], [-81.62367557123123, 31.855700928811224], [-81.62431337508305, 31.855586477084277], [-81.62461880227968, 31.854701378932038], [-81.62521169036728, 31.85447247285477], [-81.62708916931136, 31.854968435303974], [-81.62737663020232, 31.85568566858917], [-81.62747544488359, 31.85692173839258], [-81.6266310285164, 31.862018443777597], [-81.62407981310913, 31.8633688708883], [-81.62310963260215, 31.863262058165017], [-81.62217538470654, 31.861873481499547], [-81.62046858566647, 31.8601186568945], [-81.62168131130021, 31.859454866706322]]]}}, {"type": "Feature", "properties": {"FID": 97, "_Area_ID": "G-4", "_label": "ARCHERY", "_Parent_ID": "Garrison Archery Only", "_Type": " ", "Use_Restri": "Archery Only", "_ClosedSta": "_closed", "_OpenSta": "_open", "Status": " ", "ACRES": 164.392294659, "Visual": " ", "FillTransp": 0, "OutlineTra": 49.8039215686, "FillTran_1": 0, "OutlineT_1": 0, "Id": 0, "Shape_Leng": 3790.55253354, "Shape_Area": 667409, "area_name": "G-4", "area_type": " ", "area_syskey": 97}, "geometry": {"type": "Polygon", "coordinates": [[[-81.62444812237568, 31.863429906674615], [-81.62831986125077, 31.861278370811448], [-81.63115853754898, 31.8641012976567], [-81.63422179266826, 31.866832587829425], [-81.6337007698034, 31.867893039016618], [-81.63183227401217, 31.868465219841124], [-81.6305476831557, 31.868640687915576], [-81.62984699723398, 31.869167090134518], [-81.6307812451296, 31.86970874725007], [-81.63053870000286, 31.87099803095703], [-81.63026022226474, 31.871295555404778], [-81.62945173850892, 31.871593078891944], [-81.6290025808668, 31.871112463550602], [-81.62726883236822, 31.868343154896667], [-81.62633458447259, 31.866054407253994], [-81.62602915727595, 31.86478794246667], [-81.62444812237568, 31.863429906674615]]]}}, {"type": "Feature", "properties": {"FID": 98, "_Area_ID": "G-5", "_label": "ARCHERY", "_Parent_ID": "Garrison Archery Only", "_Type": " ", "Use_Restri": "Archery Only", "_ClosedSta": "_closed", "_OpenSta": "_open", "Status": " ", "ACRES": 411.384872169, "Visual": " ", "FillTransp": 0, "OutlineTra": 49.8039215686, "FillTran_1": 0, "OutlineT_1": 0, "Id": 0, "Shape_Leng": 9053.98150008, "Shape_Area": 1668925.5, "area_name": "G-5", "area_type": " ", "area_syskey": 98}, "geometry": {"type": "Polygon", "coordinates": [[[-81.64917874215092, 31.882944026702372], [-81.64421105862905, 31.877947646044852], [-81.64289951831407, 31.878832520991715], [-81.6432049455107, 31.879152904652607], [-81.64312409713513, 31.87965636243997], [-81.64616938594871, 31.883310163024483], [-81.64625921747714, 31.883638158910497], [-81.64571124515375, 31.88409582563674], [-81.64234256283783, 31.88215072634503], [-81.64018660615565, 31.881662538113908], [-81.63853370603263, 31.88070140997286], [-81.63739284562165, 31.879801296747512], [-81.63590164224979, 31.879076622929635], [-81.63444637148932, 31.879084251104786], [-81.63673707546414, 31.87728398425712], [-81.63624300205781, 31.876772885139143], [-81.63697962059089, 31.876116843309912], [-81.63582977702706, 31.874987830155384], [-81.63919845934296, 31.8744538326281], [-81.63770725597112, 31.870822567370876], [-81.638228278836, 31.870174112088502], [-81.6502297710335, 31.878130724317373], [-81.6527270875237, 31.882867748118738], [-81.65430812242397, 31.885468812170892], [-81.65392184685174, 31.886002745851236], [-81.65181080593378, 31.887139251521226], [-81.65168504179397, 31.886895170949177], [-81.65218809835315, 31.886605324429667], [-81.65247555924411, 31.88626208395054], [-81.65243962663274, 31.885545088600452], [-81.65172995755819, 31.88485097076332], [-81.65003214167096, 31.884683161270225], [-81.64916975899808, 31.88408819787659], [-81.64873856766165, 31.883531369680497], [-81.64917874215092, 31.882944026702372]]]}}, {"type": "Feature", "properties": {"FID": 99, "_Area_ID": "G-6", "_label": "ARCHERY", "_Parent_ID": "Garrison Archery Only", "_Type": " ", "Use_Restri": "Archery Only", "_ClosedSta": "_closed", "_OpenSta": "_open", "Status": " ", "ACRES": 191.505733419, "Visual": " ", "FillTransp": 0, "OutlineTra": 49.8039215686, "FillTran_1": 0, "OutlineT_1": 0, "Id": 0, "Shape_Leng": 4663.95594529, "Shape_Area": 776680.5, "area_name": "G-6", "area_type": " ", "area_syskey": 99}, "geometry": {"type": "Polygon", "coordinates": [[[-81.60269990934412, 31.88485859846027], [-81.60236753268896, 31.884774693758896], [-81.59587271318387, 31.885270493158387], [-81.60349940994709, 31.879091879279297], [-81.60336466265446, 31.878382456348064], [-81.60499959647179, 31.878466366872114], [-81.60558350140654, 31.881151463287377], [-81.60673334497038, 31.884477212838107], [-81.60868268913718, 31.886391752726336], [-81.60871862174855, 31.88663583463259], [-81.60819759888369, 31.887352821491156], [-81.6073082667523, 31.88805454790514], [-81.60411924749322, 31.88909950015538], [-81.60400246650627, 31.8887257594717], [-81.60454145567682, 31.888123194767203], [-81.60393958443638, 31.88727654655875], [-81.60310415122203, 31.886574814216672], [-81.60276279141401, 31.885972235438604], [-81.60285262294244, 31.885316259122263], [-81.60269990934412, 31.88485859846027]]]}}, {"type": "Feature", "properties": {"FID": 100, "_Area_ID": "Pond 01 - Pineview", "_label": "Pond", "_Parent_ID": "Ponds", "_Type": " ", "Use_Restri": " ", "_ClosedSta": "_closedPond", "_OpenSta": "_openPond", "Status": " ", "ACRES": 145.876560595, "Visual": " ", "FillTransp": 0, "OutlineTra": 49.8039215686, "FillTran_1": 0, "OutlineT_1": 0, "Id": 0, "Shape_Leng": 5370.85304326, "Shape_Area": 589956.5, "area_name": "Pond 01 - Pineview", "area_type": " ", "area_syskey": 100}, "geometry": {"type": "Polygon", "coordinates": [[[-81.86648120940968, 31.954503617892303], [-81.8667776534535, 31.954137764846706], [-81.86613984960168, 31.953688068481796], [-81.86609493383747, 31.95341367639801], [-81.86674172084213, 31.952102680684668], [-81.86653510832674, 31.95096697741346], [-81.86646324310401, 31.950837399637813], [-81.86555594466692, 31.950974599629852], [-81.86449593263151, 31.950837399637813], [-81.86449593263151, 31.950585865786902], [-81.86613984960168, 31.950029439972933], [-81.86674172084213, 31.949572101164193], [-81.8670112154274, 31.947826570451237], [-81.86662493985517, 31.946995716672347], [-81.86619374851874, 31.946782285130922], [-81.86509780387196, 31.946683191746747], [-81.86260048738175, 31.94684326562192], [-81.86230404333796, 31.946736549736123], [-81.86208844766975, 31.946340175360852], [-81.86084877257748, 31.946035270831732], [-81.86117216607981, 31.94567700671713], [-81.86261845368745, 31.945448326764705], [-81.86383117932117, 31.94541783606136], [-81.86448694947866, 31.94523489162892], [-81.86631951265854, 31.945303495833766], [-81.86737054154109, 31.944922360714234], [-81.86761308666784, 31.944503110256846], [-81.8683676715066, 31.944358277836137], [-81.87134109509746, 31.946271571930026], [-81.87131414563892, 31.946667946601238], [-81.8708200722326, 31.94674417230352], [-81.86940971723632, 31.95033433124731], [-81.86959836344602, 31.95066208823871], [-81.86956243083465, 31.950982221845635], [-81.86887072806579, 31.9519578602432], [-81.86847546934071, 31.95293348827913], [-81.86894259328852, 31.95444264248589], [-81.86817902529693, 31.95443502055725], [-81.86693935020466, 31.955867932025612], [-81.86666087246654, 31.955936528290547], [-81.86613086644884, 31.95580695752487], [-81.8659332370863, 31.955486840731957], [-81.86622968113011, 31.955006663450725], [-81.86610391699031, 31.954823738111894], [-81.8656367930425, 31.95472465340122], [-81.86559187727829, 31.954579837093405], [-81.86648120940968, 31.954503617892303]]]}}, {"type": "Feature", "properties": {"FID": 101, "_Area_ID": "Pond 28 - Dogwood", "_label": "Pond", "_Parent_ID": "Ponds", "_Type": " ", "Use_Restri": " ", "_ClosedSta": "_closedPond", "_OpenSta": "_openPond", "Status": " ", "ACRES": 62.4852203652, "Visual": " ", "FillTransp": 0, "OutlineTra": 49.8039215686, "FillTran_1": 0, "OutlineT_1": 0, "Id": 0, "Shape_Leng": 2868.41634741, "Shape_Area": 251316, "area_name": "Pond 28 - Dogwood", "area_type": " ", "area_syskey": 101}, "geometry": {"type": "Polygon", "coordinates": [[[-81.61869890455651, 31.954259716023817], [-81.61825873006724, 31.95415300875269], [-81.61738736424152, 31.954259716023817], [-81.61679447615391, 31.95384813015216], [-81.6155188684503, 31.95393197186817], [-81.61412647975972, 31.95354325053971], [-81.61266222584639, 31.95386337410621], [-81.61232984919121, 31.95347465248748], [-81.61338986122664, 31.953047819011314], [-81.61316528240556, 31.952476163927432], [-81.61399173246707, 31.95275055881166], [-81.61578836303556, 31.952819157404658], [-81.6174053305472, 31.95207981431436], [-81.6180611007047, 31.951355709643742], [-81.61915704535149, 31.951492908861713], [-81.61922891057422, 31.95172919592343], [-81.61957925353508, 31.951912127424777], [-81.62089977700292, 31.951813039573445], [-81.62128605257514, 31.95188926100704], [-81.62169029445305, 31.95269720431504], [-81.62237301406907, 31.953146905530755], [-81.61957027038223, 31.955463975204065], [-81.61938162417255, 31.954968554035194], [-81.61950738831234, 31.954640812408723], [-81.61934569156116, 31.954396910904524], [-81.61869890455651, 31.954259716023817]]]}}, {"type": "Feature", "properties": {"FID": 102, "_Area_ID": "Pond 02 - Glissons", "_label": "Pond", "_Parent_ID": "Ponds", "_Type": " ", "Use_Restri": " ", "_ClosedSta": "_closedPond", "_OpenSta": "_openPond", "Status": " ", "ACRES": 70.1808353034, "Visual": " ", "FillTransp": 0, "OutlineTra": 49.8039215686, "FillTran_1": 0, "OutlineT_1": 0, "Id": 0, "Shape_Leng": 3115.93883865, "Shape_Area": 283412, "area_name": "Pond 02 - Glissons", "area_type": " ", "area_syskey": 102}, "geometry": {"type": "Polygon", "coordinates": [[[-81.82274223821983, 32.07820780400863], [-81.82234697949475, 32.077279179117305], [-81.82248172678739, 32.0768453101562], [-81.8228230865954, 32.07689098067013], [-81.82250867624593, 32.07677680434252], [-81.82270630560845, 32.07606129610947], [-81.82247274363455, 32.0751707088902], [-81.82285003605394, 32.0746530986568], [-81.82380225025524, 32.074066977648734], [-81.82446700356557, 32.07424205314859], [-81.8238381828666, 32.073998469753164], [-81.82350580621143, 32.073397120467135], [-81.82382021656092, 32.073039353825536], [-81.82439513834284, 32.073092638307685], [-81.82428734050872, 32.07255217997744], [-81.82476344760937, 32.0725674041995], [-81.82510480741739, 32.07243038610985], [-81.82528447047424, 32.072521731525754], [-81.82564379658793, 32.07222485859039], [-81.82588634171468, 32.07224769500427], [-81.8259761732431, 32.07234665273175], [-81.82549108298961, 32.073123086569254], [-81.82526650416855, 32.073206819236304], [-81.82576956072774, 32.073404732508116], [-81.82590430802037, 32.07361786939869], [-81.82612888684143, 32.07328293977616], [-81.82636244881533, 32.0734275686273], [-81.82632651620396, 32.07377772174054], [-81.82603007216017, 32.07381578178073], [-81.82601210585447, 32.07413548549295], [-81.82620075206417, 32.0739756337766], [-81.8266948254705, 32.07392996180628], [-81.82687448852735, 32.07404414168926], [-81.8266948254705, 32.07436384460295], [-81.82679364015176, 32.07443235222471], [-81.82738652823937, 32.074120261531995], [-81.82743144400358, 32.074211605259656], [-81.8269912695143, 32.07451608369274], [-81.82703618527852, 32.074691158332605], [-81.82619176891133, 32.07607651974721], [-81.82624566782837, 32.07632009760618], [-81.82647024664944, 32.07647994522343], [-81.82603007216017, 32.077576035641115], [-81.82548209983678, 32.07740857823339], [-81.82589532486753, 32.07769021097053], [-81.82475446445653, 32.07882434483238], [-81.82274223821983, 32.07820780400863]]]}}, {"type": "Feature", "properties": {"FID": 103, "_Area_ID": "Pond 03 - Holbrook", "_label": "Pond", "_Parent_ID": "Ponds", "_Type": " ", "Use_Restri": " ", "_ClosedSta": "_closedPond", "_OpenSta": "_openPond", "Status": " ", "ACRES": 29.6139151473, "Visual": " ", "FillTransp": 0, "OutlineTra": 49.8039215686, "FillTran_1": 0, "OutlineT_1": 0, "Id": 0, "Shape_Leng": 1487.4428006, "Shape_Area": 117000.5, "area_name": "Pond 03 - Holbrook", "area_type": " ", "area_syskey": 103}, "geometry": {"type": "Polygon", "coordinates": [[[-81.55604141348046, 31.911803307663533], [-81.55694871191754, 31.91161267085739], [-81.55803567341148, 31.911643172772905], [-81.559032803377, 31.911437284646905], [-81.55917653382247, 31.911460161128094], [-81.55925738219806, 31.911696551100754], [-81.559032803377, 31.912550600134495], [-81.55829618484391, 31.91279461268804], [-81.55805363971716, 31.913122503537735], [-81.55730803803124, 31.91343514256192], [-81.55716430758577, 31.913702028693216], [-81.5574068527125, 31.914083293252038], [-81.5572361728085, 31.91431967648503], [-81.55635582382993, 31.914815316775822], [-81.55606836293899, 31.914769565476238], [-81.55520598026611, 31.91409854380154], [-81.55490055306946, 31.913610524963985], [-81.55604141348046, 31.911803307663533]]]}}, {"type": "Feature", "properties": {"FID": 104, "_Area_ID": "Pond 22 - RH Middle", "_label": "Pond", "_Parent_ID": "Ponds", "_Type": " ", "Use_Restri": " ", "_ClosedSta": "_closedPond", "_OpenSta": "_openPond", "Status": " ", "ACRES": 7.30657000808, "Visual": " ", "FillTransp": 0, "OutlineTra": 49.8039215686, "FillTran_1": 0, "OutlineT_1": 0, "Id": 0, "Shape_Leng": 874.389637491, "Shape_Area": 29177.5, "area_name": "Pond 22 - RH Middle", "area_type": " ", "area_syskey": 104}, "geometry": {"type": "Polygon", "coordinates": [[[-81.33298074524969, 31.97343452389057], [-81.33233395824503, 31.972824893705706], [-81.33262141913599, 31.97238290928977], [-81.33373533008846, 31.973038264730974], [-81.3336185491015, 31.97334307962097], [-81.33381617846403, 31.97312208892663], [-81.33394194260383, 31.97315257043334], [-81.33487619049944, 31.973899364185794], [-81.33431025187036, 31.97454708854037], [-81.33298074524969, 31.97343452389057]]]}}, {"type": "Feature", "properties": {"FID": 105, "_Area_ID": "Pond 23 - Richmond Hill E", "_label": "Pond", "_Parent_ID": "Ponds", "_Type": " ", "Use_Restri": " ", "_ClosedSta": "_closedPond", "_OpenSta": "_openPond", "Status": " ", "ACRES": 9.51795454355, "Visual": " ", "FillTransp": 0, "OutlineTra": 49.8039215686, "FillTran_1": 0, "OutlineT_1": 0, "Id": 0, "Shape_Leng": 863.515043597, "Shape_Area": 37149, "area_name": "Pond 23 - Richmond Hill E", "area_type": " ", "area_syskey": 105}, "geometry": {"type": "Polygon", "coordinates": [[[-81.3222728270615, 31.971300800529352], [-81.32306334451162, 31.97093501440158], [-81.32393471033734, 31.971026461070185], [-81.32442878374368, 31.970904532158485], [-81.32473421094032, 31.970988358302673], [-81.32561455991888, 31.971636103199383], [-81.3251743854296, 31.971963784170818], [-81.32484200877443, 31.97200188653343], [-81.32456353103632, 31.972321945755045], [-81.3222728270615, 31.971300800529352]]]}}, {"type": "Feature", "properties": {"FID": 106, "_Area_ID": "Pond 19 - Evans Field East", "_label": "Pond", "_Parent_ID": "Ponds", "_Type": " ", "Use_Restri": " ", "_ClosedSta": "_closedPond", "_OpenSta": "_openPond", "Status": " ", "ACRES": 13.1852913202, "Visual": " ", "FillTransp": 0, "OutlineTra": 49.8039215686, "FillTran_1": 0, "OutlineT_1": 0, "Id": 0, "Shape_Leng": 941.495259893, "Shape_Area": 53641.5, "area_name": "Pond 19 - Evans Field East", "area_type": " ", "area_syskey": 106}, "geometry": {"type": "Polygon", "coordinates": [[[-81.5169377491573, 31.945036701416107], [-81.51701859753288, 31.944960474297332], [-81.51897692485252, 31.945585534804465], [-81.51903082376958, 31.945707497334475], [-81.51859963243315, 31.946141987532005], [-81.51765640138468, 31.94659934341511], [-81.51695571546297, 31.946873755852256], [-81.51619214747137, 31.94694235883348], [-81.51576095613493, 31.946187723222778], [-81.51647960836232, 31.94561602545214], [-81.5169377491573, 31.945036701416107]]]}}, {"type": "Feature", "properties": {"FID": 107, "_Area_ID": "Pond 30 - Cedar Bay East", "_label": "Pond", "_Parent_ID": "Ponds", "_Type": " ", "Use_Restri": " ", "_ClosedSta": "_closedPond", "_OpenSta": "_openPond", "Status": " ", "ACRES": 11.1750970008, "Visual": " ", "FillTransp": 0, "OutlineTra": 49.8039215686, "FillTran_1": 0, "OutlineT_1": 0, "Id": 0, "Shape_Leng": 929.491755336, "Shape_Area": 45084, "area_name": "Pond 30 - Cedar Bay East", "area_type": " ", "area_syskey": 107}, "geometry": {"type": "Polygon", "coordinates": [[[-81.63788691902798, 31.90074572002526], [-81.63803064947345, 31.89983054979851], [-81.6389918468276, 31.900105101821904], [-81.64046508389376, 31.900013584571777], [-81.64049203335229, 31.900684708959893], [-81.6401147409329, 31.900585565892403], [-81.63980931373627, 31.90156173913703], [-81.63808454839051, 31.901256686110177], [-81.63788691902798, 31.90074572002526]]]}}, {"type": "Feature", "properties": {"FID": 108, "_Area_ID": "Pond 31 - Cedar Bay Middle", "_label": "Pond", "_Parent_ID": "Ponds", "_Type": " ", "Use_Restri": " ", "_ClosedSta": "_closedPond", "_OpenSta": "_openPond", "Status": " ", "ACRES": 3.42290544732, "Visual": " ", "FillTransp": 0, "OutlineTra": 49.8039215686, "FillTran_1": 0, "OutlineT_1": 0, "Id": 0, "Shape_Leng": 547.739522173, "Shape_Area": 12053.5, "area_name": "Pond 31 - Cedar Bay Middle", "area_type": " ", "area_syskey": 108}, "geometry": {"type": "Polygon", "coordinates": [[[-81.64113882035694, 31.902240478494456], [-81.64117475296831, 31.90204219560417], [-81.64211798401676, 31.902217599721205], [-81.64304324875954, 31.90211845830483], [-81.64302528245386, 31.90275143628151], [-81.64260307427027, 31.90281244597697], [-81.64113882035694, 31.902240478494456]]]}}, {"type": "Feature", "properties": {"FID": 109, "_Area_ID": "Pond 32 - Cedar Bay West", "_label": "Pond", "_Parent_ID": "Ponds", "_Type": " ", "Use_Restri": " ", "_ClosedSta": "_closedPond", "_OpenSta": "_openPond", "Status": " ", "ACRES": 8.14473378695, "Visual": " ", "FillTransp": 0, "OutlineTra": 49.8039215686, "FillTran_1": 0, "OutlineT_1": 0, "Id": 0, "Shape_Leng": 808.14217827, "Shape_Area": 32358.5, "area_name": "Pond 32 - Cedar Bay West", "area_type": " ", "area_syskey": 109}, "geometry": {"type": "Polygon", "coordinates": [[[-81.64394156404379, 31.902766688709164], [-81.64381579990399, 31.90265229544015], [-81.64315104659364, 31.902728557635278], [-81.6431600297465, 31.90216421589489], [-81.64457038474276, 31.902171842157685], [-81.64534293588721, 31.901965932840337], [-81.64562141362532, 31.902774314922038], [-81.64532496958152, 31.903178503300435], [-81.64433682276885, 31.903430166865768], [-81.64411224394779, 31.90332340058876], [-81.64394156404379, 31.902766688709164]]]}}, {"type": "Feature", "properties": {"FID": 110, "_Area_ID": "Pond 20 - Evans Field West", "_label": "Pond", "_Parent_ID": "Ponds", "_Type": " ", "Use_Restri": " ", "_ClosedSta": "_closedPond", "_OpenSta": "_openPond", "Status": " ", "ACRES": 8.46780545599, "Visual": " ", "FillTransp": 0, "OutlineTra": 49.8039215686, "FillTran_1": 0, "OutlineT_1": 0, "Id": 0, "Shape_Leng": 752.838234425, "Shape_Area": 33377, "area_name": "Pond 20 - Evans Field West", "area_type": " ", "area_syskey": 110}, "geometry": {"type": "Polygon", "coordinates": [[[-81.51801572749838, 31.944487864749618], [-81.51842895252913, 31.94382468273739], [-81.51861759873883, 31.943756077428457], [-81.51926438574348, 31.943992384388004], [-81.51956082978728, 31.944396391653175], [-81.51993812220667, 31.94428967292559], [-81.52008185265215, 31.944419259935835], [-81.51981235806687, 31.94538734534791], [-81.51792589596995, 31.945013833287106], [-81.51783606444152, 31.944952851581977], [-81.51801572749838, 31.944487864749618]]]}}, {"type": "Feature", "properties": {"FID": 111, "_Area_ID": "Pond 10", "_label": "Pond", "_Parent_ID": "Ponds", "_Type": " ", "Use_Restri": " ", "_ClosedSta": "_closedPond", "_OpenSta": "_openPond", "Status": " ", "ACRES": 5.72905792662, "Visual": " ", "FillTransp": 0, "OutlineTra": 49.8039215686, "FillTran_1": 0, "OutlineT_1": 0, "Id": 0, "Shape_Leng": 664.689755494, "Shape_Area": 22467.5, "area_name": "Pond 10", "area_type": " ", "area_syskey": 111}, "geometry": {"type": "Polygon", "coordinates": [[[-81.63432060734952, 31.883577136508514], [-81.63485959652007, 31.88261602834461], [-81.63511112479966, 31.882654167748548], [-81.63529977100936, 31.883088955837238], [-81.63542553514914, 31.882867748118738], [-81.63555129928895, 31.88300504952378], [-81.63562316451168, 31.88284486453135], [-81.63608130530665, 31.88299742167333], [-81.63614418737654, 31.883310163024483], [-81.63535366992642, 31.88396615362851], [-81.63511112479966, 31.88401954800694], [-81.63444637148932, 31.883790714738574], [-81.63432060734952, 31.883577136508514]]]}}, {"type": "Feature", "properties": {"FID": 112, "_Area_ID": "Pond 26 - Metz", "_label": "Pond", "_Parent_ID": "Ponds", "_Type": " ", "Use_Restri": " ", "_ClosedSta": "_closedPond", "_OpenSta": "_openPond", "Status": " ", "ACRES": 89.4210434221, "Visual": " ", "FillTransp": 0, "OutlineTra": 49.8039215686, "FillTran_1": 0, "OutlineT_1": 0, "Id": 0, "Shape_Leng": 3385.05537561, "Shape_Area": 362539.5, "area_name": "Pond 26 - Metz", "area_type": " ", "area_syskey": 112}, "geometry": {"type": "Polygon", "coordinates": [[[-81.8308180926252, 32.01546637541487], [-81.83134809864289, 32.01455996454644], [-81.83174335736796, 32.014438093493816], [-81.83232726230271, 32.014552347610405], [-81.83269557156926, 32.01379826780858], [-81.83378253306319, 32.0129070745885], [-81.83402507818994, 32.0127928184207], [-81.8347796630287, 32.01308226710244], [-81.83529170274072, 32.01261762535345], [-81.83578577614706, 32.01241196349931], [-81.83589357398117, 32.01205395843012], [-81.83692663655805, 32.010797121050906], [-81.83820224426168, 32.01004301035053], [-81.83886699757201, 32.00982972539051], [-81.83945090250677, 32.00989828132464], [-81.83932513836699, 32.01027914669161], [-81.83853462091685, 32.01096470036396], [-81.83819326110883, 32.01185591247188], [-81.8392892057556, 32.012594774059096], [-81.83931615521414, 32.01286898921506], [-81.8391364921573, 32.01316605470813], [-81.83801359805199, 32.012990862354336], [-81.83761833932691, 32.01312796944232], [-81.83734884474164, 32.013402183002896], [-81.837043417545, 32.0141791169689], [-81.837043417545, 32.01459043228427], [-81.8372320637547, 32.01501697955029], [-81.83750155833997, 32.015108382277546], [-81.83740274365869, 32.01538258991234], [-81.83662120936141, 32.01533688869685], [-81.83629781585908, 32.01547399227495], [-81.83569594461864, 32.0159310027204], [-81.83580374245274, 32.0162509086761], [-81.831626576381, 32.01650987934605], [-81.83077317686097, 32.01637277731784], [-81.83039588444159, 32.016037638163056], [-81.8305036822757, 32.01567203041448], [-81.8308180926252, 32.01546637541487]]]}}, {"type": "Feature", "properties": {"FID": 113, "_Area_ID": "Pond 17 - Daisy", "_label": "Pond", "_Parent_ID": "Ponds", "_Type": " ", "Use_Restri": " ", "_ClosedSta": "_closedPond", "_OpenSta": "_openPond", "Status": " ", "ACRES": 25.0825860281, "Visual": " ", "FillTransp": 0, "OutlineTra": 49.8039215686, "FillTran_1": 0, "OutlineT_1": 0, "Id": 0, "Shape_Leng": 2220.46813996, "Shape_Area": 102483.5, "area_name": "Pond 17 - Daisy", "area_type": " ", "area_syskey": 113}, "geometry": {"type": "Polygon", "coordinates": [[[-81.78101549326666, 32.106511112434674], [-81.78126702154626, 32.10567408744984], [-81.78106939218372, 32.1048903207358], [-81.78139278568605, 32.104517458481425], [-81.78149160036732, 32.10333798622368], [-81.78163533081279, 32.10313252820798], [-81.78198567377365, 32.10294989847267], [-81.78232703358167, 32.10244766481745], [-81.78296483743348, 32.10196825738831], [-81.78379128749498, 32.10185411239141], [-81.78450095656953, 32.10149645714397], [-81.78476146800196, 32.10154972503556], [-81.78468061962639, 32.101831283374906], [-81.78529147401967, 32.10205196362869], [-81.78530045717251, 32.102181327667495], [-81.78503994574008, 32.10232591078814], [-81.78450095656953, 32.102128060144295], [-81.78353975921539, 32.10247810329942], [-81.78293788797495, 32.103147747336116], [-81.78244381456861, 32.10405328089461], [-81.78225516835892, 32.10458594349944], [-81.78234499988734, 32.105065337187334], [-81.78221923574756, 32.105430587831805], [-81.78293788797495, 32.106183912672186], [-81.78296483743348, 32.10640458240818], [-81.7823360167345, 32.10631327085796], [-81.78223720205324, 32.10727203758117], [-81.7810424427252, 32.10691440355208], [-81.78101549326666, 32.106511112434674]]]}}, {"type": "Feature", "properties": {"FID": 114, "_Area_ID": "Pond 21 - RH West", "_label": "Pond", "_Parent_ID": "Ponds", "_Type": " ", "Use_Restri": " ", "_ClosedSta": "_closedPond", "_OpenSta": "_openPond", "Status": " ", "ACRES": 21.5805719069, "Visual": " ", "FillTransp": 0, "OutlineTra": 49.8039215686, "FillTran_1": 0, "OutlineT_1": 0, "Id": 0, "Shape_Leng": 1323.34915256, "Shape_Area": 85154, "area_name": "Pond 21 - RH West", "area_type": " ", "area_syskey": 114}, "geometry": {"type": "Polygon", "coordinates": [[[-81.33369939747708, 31.967856256731974], [-81.33444499916301, 31.967124655568526], [-81.3351816176961, 31.96723134776797], [-81.335756539478, 31.967475215186827], [-81.3373016417669, 31.967574286140685], [-81.3374723216709, 31.967719081957917], [-81.33740943960102, 31.967917223232426], [-81.33819995705115, 31.968824095146523], [-81.33821792335682, 31.969022234036125], [-81.33639434332981, 31.969418510532417], [-81.33593620253485, 31.969174648275605], [-81.3359901014519, 31.96883171588093], [-81.33359159964297, 31.968199192770417], [-81.33369939747708, 31.967856256731974]]]}}, {"type": "Feature", "properties": {"FID": 115, "_Area_ID": "F-04", "_label": "FIREARM", "_Parent_ID": "Foxtrot", "_Type": " ", "Use_Restri": " ", "_ClosedSta": "_closed", "_OpenSta": "_open", "Status": " ", "ACRES": 2386.1413879, "Visual": " ", "FillTransp": 0, "OutlineTra": 49.8039215686, "FillTran_1": 0, "OutlineT_1": 0, "Id": 0, "Shape_Leng": 13742.4752233, "Shape_Area": 9655698.5, "area_name": "F-04", "area_type": " ", "area_syskey": 115}, "geometry": {"type": "Polygon", "coordinates": [[[-81.70340105270793, 32.02643399791848], [-81.70042762911709, 32.02582472000254], [-81.69225296003046, 32.02685287413483], [-81.69013293595965, 32.02724890079593], [-81.6838806615813, 32.023212395001686], [-81.68123961464562, 32.02047051604268], [-81.67958671452261, 32.018216020759134], [-81.6788411128367, 32.01754575470693], [-81.68556051116283, 32.015260719953744], [-81.68616238240328, 32.014956044348125], [-81.68744697325975, 32.01375256580299], [-81.68830037277978, 32.01050004787932], [-81.68892919347876, 32.009989689157045], [-81.69280093235385, 32.010081096898304], [-81.69510960263436, 32.011421733296714], [-81.69561265919354, 32.01162739737292], [-81.69615164836408, 32.011673100438294], [-81.70300579398287, 32.010751417548725], [-81.70781178075357, 32.01057622057921], [-81.70940179880668, 32.01069809676736], [-81.71197996367248, 32.01065239321579], [-81.71352506596136, 32.01020297374483], [-81.71491745465195, 32.01057622057921], [-81.71698357980571, 32.01061430690542], [-81.71998395285509, 32.00976878673935], [-81.72227465682991, 32.01004301035053], [-81.72334365201816, 32.00942600607164], [-81.72411620316261, 32.00853477033625], [-81.72861676273668, 32.011436967688546], [-81.72826641977582, 32.01366116172341], [-81.7260835136351, 32.018444519429], [-81.723181955267, 32.02075232405256], [-81.72013666645341, 32.024248194585596], [-81.71704646187561, 32.02696711277049], [-81.7147827073593, 32.02768300497649], [-81.70894365801172, 32.02820849675817], [-81.70340105270793, 32.02643399791848]]]}}, {"type": "Feature", "properties": {"FID": 116, "_Area_ID": "Dove Field - Road 3", "_label": "Dove Field", "_Parent_ID": "Dove Field", "_Type": " ", "Use_Restri": " ", "_ClosedSta": "_closed", "_OpenSta": "_open", "Status": " ", "ACRES": 9.3932785258, "Visual": " ", "FillTransp": 0, "OutlineTra": 49.8039215686, "FillTran_1": 0, "OutlineT_1": 0, "Id": 0, "Shape_Leng": 1112.77373953, "Shape_Area": 53671, "area_name": "Dove Field - Road 3", "area_type": " ", "area_syskey": 116}, "geometry": {"type": "Polygon", "coordinates": [[[-81.87127821302755, 31.959732108437226], [-81.87243703974423, 31.95705692669922], [-81.87320060773584, 31.957293199448568], [-81.87335332133416, 31.956957844397625], [-81.87391925996323, 31.957125522076172], [-81.87233822506296, 31.959968374304363], [-81.87127821302755, 31.959732108437226]]]}}, {"type": "Feature", "properties": {"FID": 117, "_Area_ID": "Dove Field - Jaeck DZ", "_label": "Dove Field", "_Parent_ID": "Dove Field", "_Type": " ", "Use_Restri": " ", "_ClosedSta": "_closed", "_OpenSta": "_open", "Status": " ", "ACRES": 10.3586731032, "Visual": " ", "FillTransp": 0, "OutlineTra": 49.8039215686, "FillTran_1": 0, "OutlineT_1": 0, "Id": 0, "Shape_Leng": 2532.11524047, "Shape_Area": 97890.5, "area_name": "Dove Field - Jaeck DZ", "area_type": " ", "area_syskey": 117}, "geometry": {"type": "Polygon", "coordinates": [[[-81.85506362214694, 31.94300903852709], [-81.85313224428582, 31.942772729038875], [-81.85345563778814, 31.942467812672263], [-81.85506362214694, 31.942361091704928], [-81.85682432010407, 31.942528796026522], [-81.85840535500434, 31.942353468773955], [-81.85764178701272, 31.942871826640182], [-81.856599741283, 31.94318436452891], [-81.85680635379838, 31.94320723311319], [-81.85758788809568, 31.94297854701438], [-81.85859400121403, 31.942315354109567], [-81.85843230446287, 31.94307764439374], [-81.85824365825317, 31.943329198799862], [-81.85590803851414, 31.94419819963182], [-81.85423717208545, 31.94355788402608], [-81.85293461492329, 31.94329108454017], [-81.85329394103698, 31.943131004476832], [-81.8531681768972, 31.942948055491545], [-81.85253935619822, 31.94296330125421], [-81.85275495186644, 31.94274223744772], [-81.85506362214694, 31.94300903852709]]]}}, {"type": "Feature", "properties": {"FID": 118, "_Area_ID": "Dove Field - F2 North", "_label": "Dove Field", "_Parent_ID": "Dove Field", "_Type": " ", "Use_Restri": " ", "_ClosedSta": "_closed", "_OpenSta": "_open", "Status": " ", "ACRES": 8.74065054124, "Visual": " ", "FillTransp": 0, "OutlineTra": 49.8039215686, "FillTran_1": 0, "OutlineT_1": 0, "Id": 0, "Shape_Leng": 888.453844408, "Shape_Area": 47523.5, "area_name": "Dove Field - F2 North", "area_type": " ", "area_syskey": 118}, "geometry": {"type": "Polygon", "coordinates": [[[-81.67439445217968, 31.996437483082723], [-81.67593955446857, 31.99620892954877], [-81.67624498166522, 31.99768689899997], [-81.67557124520204, 31.99796877706681], [-81.67546344736793, 31.99828112742614], [-81.67555327889636, 31.998448729619387], [-81.6748436098218, 31.99838778340276], [-81.67452021631948, 31.998067815100836], [-81.67416089020577, 31.996574614929674], [-81.67439445217968, 31.996437483082723]]]}}, {"type": "Feature", "properties": {"FID": 119, "_Area_ID": "Pond 37 - 4th BCT South", "_label": "Pond", "_Parent_ID": "Ponds", "_Type": " ", "Use_Restri": " ", "_ClosedSta": "_closedPond", "_OpenSta": "_openPond", "Status": " ", "ACRES": 0, "Visual": " ", "FillTransp": 0, "OutlineTra": 49.8039215686, "FillTran_1": 0, "OutlineT_1": 0, "Id": 0, "Shape_Leng": 1308.20373191, "Shape_Area": 95505, "area_name": "Pond 37 - 4th BCT South", "area_type": " ", "area_syskey": 119}, "geometry": {"type": "Polygon", "coordinates": [[[-81.60486484917914, 31.915150825610937], [-81.60562841717076, 31.91483819241709], [-81.60643690092657, 31.91511269966858], [-81.60671537866469, 31.91456368434652], [-81.60687707541587, 31.91451030768212], [-81.60881743642982, 31.915471082903018], [-81.60899709948667, 31.91579133908018], [-81.60886235219404, 31.915943841629844], [-81.60782928961716, 31.916302221626378], [-81.60667944605332, 31.9173011031839], [-81.60585299599182, 31.91678260113384], [-81.60470315242799, 31.91579133908018], [-81.60461332089956, 31.915486333222425], [-81.60486484917914, 31.915150825610937]]]}}, {"type": "Feature", "properties": {"FID": 120, "_Area_ID": "Pond 36 - 4th BCT North", "_label": "Pond", "_Parent_ID": "Ponds", "_Type": " ", "Use_Restri": " ", "_ClosedSta": "_closedPond", "_OpenSta": "_openPond", "Status": " ", "ACRES": 0, "Visual": " ", "FillTransp": 0, "OutlineTra": 49.8039215686, "FillTran_1": 0, "OutlineT_1": 0, "Id": 0, "Shape_Leng": 1029.54226561, "Shape_Area": 62946, "area_name": "Pond 36 - 4th BCT North", "area_type": " ", "area_syskey": 120}, "geometry": {"type": "Polygon", "coordinates": [[[-81.60791912114557, 31.916805476285912], [-81.6088982848054, 31.916416597927107], [-81.60923066146057, 31.91646234840758], [-81.6095989707271, 31.917621352990103], [-81.61023677457894, 31.91822372460465], [-81.60987744846523, 31.91897858979303], [-81.60941032451743, 31.91908533790556], [-81.60718250261249, 31.917575603086043], [-81.60791912114557, 31.916805476285912]]]}}, {"type": "Feature", "properties": {"FID": 121, "_Area_ID": "Pond 35 - Wilson Gate (HAAF)", "_label": "Pond", "_Parent_ID": "Ponds", "_Type": " ", "Use_Restri": " ", "_ClosedSta": "_closedPond", "_OpenSta": "_openPond", "Status": " ", "ACRES": 0, "Visual": " ", "FillTransp": 0, "OutlineTra": 49.8039215686, "FillTran_1": 0, "OutlineT_1": 0, "Id": 0, "Shape_Leng": 909.535049524, "Shape_Area": 23943, "area_name": "Pond 35 - Wilson Gate (HAAF)", "area_type": " ", "area_syskey": 121}, "geometry": {"type": "Polygon", "coordinates": [[[-81.11729524550256, 32.01462851694232], [-81.11759168954637, 32.01395060766262], [-81.11868763419314, 32.01424005268766], [-81.12078969195828, 32.01539782364579], [-81.12050223106732, 32.01542829110503], [-81.11914577498811, 32.01494081054124], [-81.11787915043733, 32.01481893999511], [-81.11729524550256, 32.01462851694232]]]}}, {"type": "Feature", "properties": {"FID": 122, "_Area_ID": "Pond 24 - Halstrom (HAAF)", "_label": "Pond", "_Parent_ID": "Ponds", "_Type": " ", "Use_Restri": " ", "_ClosedSta": "_closedPond", "_OpenSta": "_openPond", "Status": " ", "ACRES": 0, "Visual": " ", "FillTransp": 0, "OutlineTra": 49.8039215686, "FillTran_1": 0, "OutlineT_1": 0, "Id": 0, "Shape_Leng": 704.894409558, "Shape_Area": 24088.5, "area_name": "Pond 24 - Halstrom (HAAF)", "area_type": " ", "area_syskey": 122}, "geometry": {"type": "Polygon", "coordinates": [[[-81.15961487854332, 31.99996475372205], [-81.15957894593195, 31.999781917973518], [-81.15983047421155, 31.999606700039056], [-81.1601179351025, 31.999903808513046], [-81.1601987834781, 31.9996752636185], [-81.16053116013326, 31.999896190359088], [-81.16101625038675, 32.00127506591765], [-81.16081862102422, 32.001511224845025], [-81.16051319382757, 32.00164834910437], [-81.16008200249114, 32.001328392180206], [-81.15961487854332, 31.99996475372205]]]}}, {"type": "Feature", "properties": {"FID": 123, "_Area_ID": "Pond 29 - Oglethorpe (HAAF)", "_label": "Pond", "_Parent_ID": "Ponds", "_Type": " ", "Use_Restri": " ", "_ClosedSta": "_closedPond", "_OpenSta": "_openPond", "Status": " ", "ACRES": 0, "Visual": " ", "FillTransp": 0, "OutlineTra": 49.8039215686, "FillTran_1": 0, "OutlineT_1": 0, "Id": 0, "Shape_Leng": 1361.37200019, "Shape_Area": 43508.5, "area_name": "Pond 29 - Oglethorpe (HAAF)", "area_type": " ", "area_syskey": 123}, "geometry": {"type": "Polygon", "coordinates": [[[-81.13802836226293, 32.02806379642343], [-81.13708513121448, 32.02754591966805], [-81.13838768837662, 32.02775916339254], [-81.13801039595724, 32.027492608659365], [-81.13790259812313, 32.02724128491475], [-81.13769598560776, 32.02746214521189], [-81.137112080673, 32.02735552306597], [-81.13699529968605, 32.02718035784252], [-81.13725581111848, 32.027111814837774], [-81.13760615407934, 32.027294596069716], [-81.1379564970402, 32.027142278401776], [-81.14028313362638, 32.0277134683505], [-81.14075025757418, 32.027957174977864], [-81.1407322912685, 32.02839127580161], [-81.1405616113645, 32.02876444854942], [-81.14017533579228, 32.02886345330894], [-81.13835175576526, 32.028079028048374], [-81.13802836226293, 32.02806379642343]]]}}, {"type": "Feature", "properties": {"FID": 124, "_Area_ID": "B-14", "_label": "FIREARM", "_Parent_ID": "Bravo", "_Type": " ", "Use_Restri": " ", "_ClosedSta": "_closed", "_OpenSta": "_open", "Status": " ", "ACRES": 3176.61739643, "Visual": " ", "FillTransp": 0, "OutlineTra": 49.8039215686, "FillTran_1": 0, "OutlineT_1": 0, "Id": 0, "Shape_Leng": 20922.6258758, "Shape_Area": 17965452, "area_name": "B-14", "area_type": " ", "area_syskey": 124}, "geometry": {"type": "Polygon", "coordinates": [[[-81.6002205591596, 32.074660710593236], [-81.59985224989306, 32.07449324784543], [-81.59706747251191, 32.074333396754575], [-81.59103079380179, 32.07363309344328], [-81.57013598029026, 32.07518593267624], [-81.56300335693335, 32.066287197472946], [-81.55504428351495, 32.05574309280388], [-81.55384952418689, 32.0545934454628], [-81.55623904284299, 32.05438787785956], [-81.55836805006665, 32.05402242320233], [-81.56632712348505, 32.050154605279594], [-81.56926461446453, 32.04973583565704], [-81.57633435575154, 32.05044393589947], [-81.57682842915787, 32.050641898428104], [-81.58022406093232, 32.05328389579396], [-81.58073610064434, 32.053557989135975], [-81.58498513193882, 32.0545934454628], [-81.58938687683161, 32.05468480869378], [-81.59227945204688, 32.05547661954072], [-81.59377963857158, 32.056123767547874], [-81.59512711149794, 32.05702976706786], [-81.59620508983903, 32.05729623580748], [-81.60098412715121, 32.05657296170857], [-81.60252024628727, 32.05651966760142], [-81.60607757481287, 32.0550883285393], [-81.60998524629935, 32.05710590107266], [-81.61840246051271, 32.06440685774777], [-81.62304675053227, 32.06950728461827], [-81.62946970481461, 32.071600661069596], [-81.6306734472955, 32.0721182885836], [-81.63139209952288, 32.07295562100513], [-81.63286533658905, 32.076419050926], [-81.62690052310167, 32.074691158332605], [-81.62602915727595, 32.07460742702492], [-81.60910489732079, 32.07701276859573], [-81.60729928359946, 32.07709649770045], [-81.60319398275045, 32.07660934547077], [-81.6002205591596, 32.074660710593236]]]}}, {"type": "Feature", "properties": {"FID": 125, "_Area_ID": "B-15", "_label": "FIREARM", "_Parent_ID": "Bravo", "_Type": " ", "Use_Restri": " ", "_ClosedSta": "_closed", "_OpenSta": "_open", "Status": " ", "ACRES": 2266.00325342, "Visual": " ", "FillTransp": 0, "OutlineTra": 49.8039215686, "FillTran_1": 0, "OutlineT_1": 0, "Id": 0, "Shape_Leng": 17355.7918136, "Shape_Area": 12826449.5, "area_name": "B-15", "area_type": " ", "area_syskey": 125}, "geometry": {"type": "Polygon", "coordinates": [[[-81.58246086599009, 32.090492166661775], [-81.57013598029026, 32.07518593267624], [-81.59062655192388, 32.073655929505414], [-81.59184826071044, 32.073655929505414], [-81.59595356155944, 32.074226829205394], [-81.59985224989306, 32.07449324784543], [-81.60319398275045, 32.07660934547077], [-81.60773945808873, 32.07711172116581], [-81.60987744846523, 32.076906204169696], [-81.62491524632348, 32.074691158332605], [-81.62635255077828, 32.07460742702492], [-81.62760120902338, 32.074881456473946], [-81.63361992142781, 32.076723522007526], [-81.63598249062538, 32.07855032720183], [-81.62866122105879, 32.09000508582801], [-81.62713408507557, 32.089997475169376], [-81.62234606461055, 32.08911463446664], [-81.61705498758634, 32.0888710907027], [-81.61538412115766, 32.08922118465922], [-81.61321019816978, 32.09011924563139], [-81.61151238228256, 32.09041606045268], [-81.60490078179052, 32.09026384784426], [-81.6021878696321, 32.09090313909563], [-81.60069666626026, 32.090461724185744], [-81.60029242438235, 32.09047694542503], [-81.59841494543828, 32.09110862461936], [-81.58901856756506, 32.09280576516312], [-81.58569480101337, 32.09453331531121], [-81.58246086599009, 32.090492166661775]]]}}, {"type": "Feature", "properties": {"FID": 126, "_Area_ID": "A-12", "_label": "FIREARM", "_Parent_ID": "Alpha", "_Type": " ", "Use_Restri": " ", "_ClosedSta": "_closed", "_OpenSta": "_open", "Status": " ", "ACRES": 1690.17574243, "Visual": " ", "FillTransp": 0, "OutlineTra": 49.8039215686, "FillTran_1": 0, "OutlineT_1": 0, "Id": 0, "Shape_Leng": 12339.227841, "Shape_Area": 9543321, "area_name": "A-12", "area_type": " ", "area_syskey": 126}, "geometry": {"type": "Polygon", "coordinates": [[[-81.5087271474593, 31.945067192245887], [-81.50850256863822, 31.94505194683227], [-81.50802646153758, 31.945440704089805], [-81.50768510172958, 31.945394968027216], [-81.50383132916016, 31.94293280972631], [-81.5022323279542, 31.942124780550508], [-81.49855821844164, 31.939327115220387], [-81.49836957223195, 31.93910604266719], [-81.49821685863363, 31.938008295216957], [-81.49734549280791, 31.937230716173882], [-81.49582733997754, 31.934913186674425], [-81.49442596813412, 31.931154700480842], [-81.49523445188994, 31.930781130577603], [-81.4958183568247, 31.930079729924177], [-81.49615971663272, 31.928021240589967], [-81.49745329064203, 31.92651165245524], [-81.49887262879113, 31.925268892109166], [-81.4992678875162, 31.924758059366233], [-81.50005840496634, 31.923088302693742], [-81.500705191971, 31.922554584121432], [-81.50162147356092, 31.921258397550975], [-81.50276233397192, 31.918482971933443], [-81.50448709931766, 31.917560353112986], [-81.50437930148355, 31.91623359577765], [-81.50481947597282, 31.91563121113097], [-81.50624779727478, 31.914967820943474], [-81.50874511376499, 31.91556258478168], [-81.51242820643039, 31.915486333222425], [-81.51523095011723, 31.91484581762959], [-81.51660537250213, 31.914243423895584], [-81.51793487912279, 31.9142129228421], [-81.51843793568197, 31.91454843387414], [-81.51851878405756, 31.915859965258818], [-81.51893200908832, 31.917049477554038], [-81.51884217755989, 31.918643094918544], [-81.51896794169969, 31.919878320006013], [-81.52162695494104, 31.92400324161155], [-81.523225956147, 31.926099942299164], [-81.52421410295968, 31.928493934809644], [-81.52529208130076, 31.92995012269598], [-81.52613649766795, 31.93524099867125], [-81.52662158792144, 31.937337443098674], [-81.52076457226816, 31.938282733308686], [-81.51893200908832, 31.938984071375746], [-81.51798877803985, 31.939654911475653], [-81.5172162268954, 31.940432470010006], [-81.5124102401247, 31.945943799275692], [-81.5087271474593, 31.945067192245887]]]}}, {"type": "Feature", "properties": {"FID": 127, "_Area_ID": "B-19", "_label": "FIREARM", "_Parent_ID": "Bravo", "_Type": " ", "Use_Restri": " ", "_ClosedSta": "_closed", "_OpenSta": "_open", "Status": " ", "ACRES": 4071.55895234, "Visual": " ", "FillTransp": 0, "OutlineTra": 49.8039215686, "FillTran_1": 0, "OutlineT_1": 0, "Id": 0, "Shape_Leng": 20242.5700916, "Shape_Area": 22992972.5, "area_name": "B-19", "area_type": " ", "area_syskey": 127}, "geometry": {"type": "Polygon", "coordinates": [[[-81.47813052887793, 31.98798062298201], [-81.48052903068685, 31.98715775172733], [-81.48108598616308, 31.98724918223124], [-81.4820831161286, 31.987797763341074], [-81.48486789350976, 31.99015967231696], [-81.48825454213136, 31.99509662755208], [-81.4934917202385, 32.00082560047213], [-81.4938510463522, 32.00138933644232], [-81.49659090796915, 32.00803201814977], [-81.49777668414436, 32.01018012184847], [-81.49883669617975, 32.01094946589361], [-81.50330132314245, 32.01359260860392], [-81.5057447407156, 32.03616666310585], [-81.49566564322637, 32.034285704382526], [-81.48624231589464, 32.03136138413458], [-81.4713751979404, 32.03007434901621], [-81.46360477073169, 32.02799525407981], [-81.46196983691436, 32.02719558961435], [-81.46106253847728, 32.026357838400614], [-81.4553941690337, 32.01906146299135], [-81.45483721355745, 32.01851306891884], [-81.45430720753976, 32.018071304640166], [-81.44776747227046, 32.01465898465735], [-81.45244769490138, 32.00719409171126], [-81.45289685254349, 32.00671418493773], [-81.46639853126568, 32.00069609307046], [-81.47125841695346, 31.9987915513332], [-81.47432167207273, 31.996978390843765], [-81.47467201503358, 31.99637653552937], [-81.47619016786396, 31.989908246189295], [-81.47813052887793, 31.98798062298201]]]}}, {"type": "Feature", "properties": {"FID": 128, "_Area_ID": "D-04", "_label": "ARCHERY", "_Parent_ID": "Delta", "_Type": " ", "Use_Restri": " ", "_ClosedSta": "_closed", "_OpenSta": "_open", "Status": " ", "ACRES": 476.237876376, "Visual": " ", "FillTransp": 0, "OutlineTra": 49.8039215686, "FillTran_1": 0, "OutlineT_1": 0, "Id": 0, "Shape_Leng": 9320.58629785, "Shape_Area": 2685943, "area_name": "D-04", "area_type": " ", "area_syskey": 128}, "geometry": {"type": "Polygon", "coordinates": [[[-81.63350314044087, 31.897984928831296], [-81.63058361576707, 31.886925681056074], [-81.63176939194227, 31.886094277028477], [-81.63236228002987, 31.88659006932444], [-81.63283838713052, 31.886796013032008], [-81.63450925355922, 31.886948563629602], [-81.63652147979593, 31.887406213906246], [-81.63835404297578, 31.887543508545765], [-81.63957575176235, 31.88736807647005], [-81.64044711758807, 31.890769873651337], [-81.6403483029068, 31.89199021869431], [-81.64009677462722, 31.892615639260384], [-81.64018660615565, 31.893607150964023], [-81.64186645573719, 31.893294444579407], [-81.64281866993848, 31.893492746312365], [-81.6434564737903, 31.89391985628659], [-81.64432783961601, 31.89485796588196], [-81.64520818859458, 31.89539184512365], [-81.64611548703165, 31.89559014233923], [-81.6476695724734, 31.895102025348024], [-81.64837924154796, 31.8943012028036], [-81.65011299004654, 31.890190204090253], [-81.65024773733919, 31.888069802767802], [-81.65170300809966, 31.888557957038696], [-81.65239471086852, 31.88922153760114], [-81.65338285768121, 31.89115123321463], [-81.65393083000458, 31.899449226185283], [-81.63686283960394, 31.899250937282122], [-81.63600045693107, 31.89918229871614], [-81.63497637750703, 31.898854358194423], [-81.63390738231877, 31.89809932790085], [-81.63350314044087, 31.897984928831296]]]}}, {"type": "Feature", "properties": {"FID": 129, "_Area_ID": "B-05", "_label": "ARCHERY", "_Parent_ID": "Bravo", "_Type": " ", "Use_Restri": " ", "_ClosedSta": "_closed", "_OpenSta": "_open", "Status": " ", "ACRES": 949.571274737, "Visual": " ", "FillTransp": 0, "OutlineTra": 49.8039215686, "FillTran_1": 0, "OutlineT_1": 0, "Id": 0, "Shape_Leng": 8934.7270858, "Shape_Area": 2423512.5, "area_name": "B-05", "area_type": " ", "area_syskey": 129}, "geometry": {"type": "Polygon", "coordinates": [[[-81.61302155196009, 31.911963442275415], [-81.61407258084266, 31.90889795987862], [-81.61659684679138, 31.90936312671564], [-81.61861805618094, 31.909347875381204], [-81.61866297194514, 31.90758632924883], [-81.61673159408402, 31.907273670350936], [-81.61582429564693, 31.907357554549765], [-81.61494394666836, 31.907799851788166], [-81.61246459648386, 31.90697626212076], [-81.6120513714531, 31.904505448893463], [-81.6111620393217, 31.902034569330638], [-81.6152853064764, 31.900936379343904], [-81.61490801405701, 31.900272883210857], [-81.6157524304242, 31.899876308525936], [-81.61668667831981, 31.901104159217642], [-81.61811499962175, 31.90057031310331], [-81.61831262898428, 31.900776225542767], [-81.61876178662641, 31.900585565892403], [-81.61756702729836, 31.898541669632184], [-81.61751312838132, 31.89748919788711], [-81.61693820659939, 31.896596875460425], [-81.6189055170719, 31.895788439127696], [-81.62054943404206, 31.896040122897972], [-81.62434032454158, 31.898289992700864], [-81.62642441600102, 31.899060274472454], [-81.62599322466458, 31.899586502868026], [-81.62548118495256, 31.90096688479823], [-81.62565186485656, 31.90177527565427], [-81.62556203332815, 31.902217599721205], [-81.62586746052479, 31.902667547884217], [-81.62582254476057, 31.90341491454808], [-81.62552610071677, 31.903887735221602], [-81.62581356160773, 31.904604587738657], [-81.62562491539803, 31.90561884825032], [-81.62583152791342, 31.906320435447327], [-81.62576864584351, 31.90670935648045], [-81.6261459382629, 31.907380432045272], [-81.62609203934585, 31.907677838969207], [-81.62570576377362, 31.908082005812346], [-81.62585847737193, 31.908364158971395], [-81.62579559530205, 31.90895896549941], [-81.62294793585099, 31.90937075238189], [-81.62007332694141, 31.910499344020565], [-81.61976789974476, 31.91083486859502], [-81.61898636544747, 31.912443844438837], [-81.61815991538597, 31.913732529916057], [-81.61682142561244, 31.914350177503092], [-81.61347070960221, 31.914876318473233], [-81.61339884437947, 31.913740155220207], [-81.61302155196009, 31.911963442275415]]]}}, {"type": "Feature", "properties": {"FID": 130, "_Area_ID": "E-04", "_label": "FIREARM", "_Parent_ID": "Echo", "_Type": " ", "Use_Restri": " ", "_ClosedSta": "_closed", "_OpenSta": "_open", "Status": " ", "ACRES": 4321.96303527, "Visual": " ", "FillTransp": 0, "OutlineTra": 49.8039215686, "FillTran_1": 0, "OutlineT_1": 0, "Id": 0, "Shape_Leng": 21149.4544802, "Shape_Area": 24379533, "area_name": "E-04", "area_type": " ", "area_syskey": 130}, "geometry": {"type": "Polygon", "coordinates": [[[-81.6786973823912, 31.9318942119351], [-81.68112283365868, 31.931833221524762], [-81.68234454244524, 31.932283024849845], [-81.69378009601367, 31.94026476186294], [-81.69723860985802, 31.940508700884788], [-81.69799319469678, 31.940661162444634], [-81.71638170856527, 31.94515866467457], [-81.71339031866873, 31.953909105953215], [-81.71271658220556, 31.954305447673477], [-81.70867416342645, 31.955220075885645], [-81.70263748471633, 31.960997266961098], [-81.69798421154394, 31.965150827514865], [-81.69639419349082, 31.965348974332088], [-81.69599893476575, 31.965547120721663], [-81.69138159420474, 31.972108573064645], [-81.69058209360176, 31.971491313560314], [-81.68950411526068, 31.970942634960778], [-81.64737312842959, 31.950402931644575], [-81.64679820664769, 31.94986174934075], [-81.64625921747714, 31.946012402951272], [-81.64331274334482, 31.934989422126836], [-81.65879969884519, 31.934829327603758], [-81.67443038479105, 31.932290648616057], [-81.6786973823912, 31.9318942119351]]]}}, {"type": "Feature", "properties": {"FID": 131, "_Area_ID": "Dove Field - PAA 1", "_label": "DOVE FIELD", "_Parent_ID": "Dove Field", "_Type": " ", "Use_Restri": " ", "_ClosedSta": "_closed", "_OpenSta": "_open", "Status": " ", "ACRES": 18.4464417763, "Visual": " ", "FillTransp": 0, "OutlineTra": 49.8039215686, "FillTran_1": 0, "OutlineT_1": 0, "Id": 0, "Shape_Leng": 1352.89422064, "Shape_Area": 106623, "area_name": "Dove Field - PAA 1", "area_type": " ", "area_syskey": 131}, "geometry": {"type": "Polygon", "coordinates": [[[-81.53553287554115, 31.937764349558645], [-81.53865901273032, 31.937726232991064], [-81.53868596218885, 31.937916815670985], [-81.53807510779556, 31.93861815653019], [-81.53812002355978, 31.93962441885006], [-81.5364132245197, 31.94044009310034], [-81.53430218360174, 31.938450445072448], [-81.53553287554115, 31.937764349558645]]]}}, {"type": "Feature", "properties": {"FID": 132, "_Area_ID": "Pond 33 - The Pits", "_label": "Pond", "_Parent_ID": "Ponds", "_Type": " ", "Use_Restri": " ", "_ClosedSta": "_closedPond", "_OpenSta": "_openPond", "Status": " ", "ACRES": 0, "Visual": " ", "FillTransp": 0, "OutlineTra": 49.8039215686, "FillTran_1": 0, "OutlineT_1": 0, "Id": 0, "Shape_Leng": 2379.64305033, "Shape_Area": 183802, "area_name": "Pond 33 - The Pits", "area_type": " ", "area_syskey": 132}, "geometry": {"type": "Polygon", "coordinates": [[[-81.53753611862501, 31.9564700530468], [-81.53741035448522, 31.956348104804324], [-81.53750018601365, 31.956104207833587], [-81.5382098550882, 31.95579171389338], [-81.5393327491935, 31.954892335156625], [-81.54018614871353, 31.95491520082683], [-81.5410664976921, 31.954290203792784], [-81.54159650370981, 31.954274959909572], [-81.54170430154392, 31.954061545278773], [-81.54156955425127, 31.95374142240291], [-81.5419558298235, 31.953649958519183], [-81.5429709260947, 31.95272769260262], [-81.54360872994651, 31.952811535341286], [-81.54382432561474, 31.953040196966924], [-81.54390517399031, 31.95320788179729], [-81.54353686472376, 31.953642336524766], [-81.54394110660168, 31.954259716023817], [-81.54383330876757, 31.954541727500754], [-81.54333025220839, 31.95471703149599], [-81.54350991526525, 31.955776470259348], [-81.54333923536123, 31.955921284680535], [-81.5423151559372, 31.95579933570943], [-81.54169531839108, 31.955936528290547], [-81.54071615473124, 31.956462431286397], [-81.54003343511522, 31.956454809525358], [-81.53903630514971, 31.957011196419465], [-81.53805714148987, 31.957133143781537], [-81.53750018601365, 31.95772763485303], [-81.53732950610964, 31.957720013196976], [-81.53721272512269, 31.957415146436226], [-81.53764391645913, 31.956607244626067], [-81.53753611862501, 31.9564700530468]]]}}, {"type": "Feature", "properties": {"FID": 133, "_Area_ID": "E-21", "_label": "FIREARM", "_Parent_ID": "Echo", "_Type": " ", "Use_Restri": " ", "_ClosedSta": "_closed", "_OpenSta": "_open", "Status": " ", "ACRES": 2134.16879217, "Visual": " ", "FillTransp": 0, "OutlineTra": 49.8039215686, "FillTran_1": 0, "OutlineT_1": 0, "Id": 0, "Shape_Leng": 24669.0406733, "Shape_Area": 8477652, "area_name": "E-21", "area_type": " ", "area_syskey": 133}, "geometry": {"type": "Polygon", "coordinates": [[[-81.85276393501928, 31.960364689877867], [-81.85324004211992, 31.958253527593193], [-81.85487497593725, 31.95572311752028], [-81.85508158845263, 31.954663678141547], [-81.85490192539578, 31.953627092534028], [-81.8542281889326, 31.95207981431436], [-81.84908084235389, 31.944426882695442], [-81.84855981948901, 31.94124813708875], [-81.84833524066796, 31.93692578142015], [-81.84801184716562, 31.936453130552678], [-81.84219974727657, 31.932839558121348], [-81.85174883874808, 31.9323897575192], [-81.85360835138647, 31.93219916337987], [-81.8547581949503, 31.932252529778705], [-81.85978876054207, 31.931993321265605], [-81.8602379181842, 31.932153420727655], [-81.86052537907516, 31.932450747560313], [-81.86024690133704, 31.935119022250866], [-81.86032774971262, 31.935911866090215], [-81.86217827919816, 31.940775508448542], [-81.86216929604532, 31.942841335081905], [-81.86384914562686, 31.943458787164595], [-81.86752325513942, 31.943717963345804], [-81.87265263541245, 31.94697284903089], [-81.8742067208542, 31.949190983751162], [-81.87665013842734, 31.95128710995793], [-81.87841083638446, 31.953169771635448], [-81.87833897116172, 31.956348104804324], [-81.88022543325863, 31.958543148396142], [-81.87850066791289, 31.95862698582652], [-81.87299399522047, 31.961203044109123], [-81.86786461494744, 31.96281113853185], [-81.86549306259703, 31.964053391246182], [-81.859222821913, 31.96578337162732], [-81.85153324307987, 31.968343987602033], [-81.85276393501928, 31.960364689877867]], [[-81.87391925996323, 31.957125522076172], [-81.87335332133416, 31.956957844397625], [-81.87320060773584, 31.957293199448568], [-81.87243703974423, 31.95705692669922], [-81.87127821302755, 31.959732108437226], [-81.87233822506296, 31.959968374304363], [-81.87391925996323, 31.957125522076172]], [[-81.86790953071164, 31.954808494317206], [-81.86817902529693, 31.95443502055725], [-81.86894259328852, 31.95444264248589], [-81.86847546934071, 31.95293348827913], [-81.86887072806579, 31.9519578602432], [-81.86956243083465, 31.950982221845635], [-81.86959836344602, 31.95066208823871], [-81.86940971723632, 31.95033433124731], [-81.87013735261657, 31.94832965257362], [-81.8708200722326, 31.94674417230352], [-81.87131414563892, 31.946667946601238], [-81.87134109509746, 31.946271571930026], [-81.8683676715066, 31.944358277836137], [-81.86761308666784, 31.944503110256846], [-81.86737054154109, 31.944922360714234], [-81.86631951265854, 31.945303495833766], [-81.86448694947866, 31.94523489162892], [-81.86383117932117, 31.94541783606136], [-81.86261845368745, 31.945448326764705], [-81.86117216607981, 31.94567700671713], [-81.86084877257748, 31.946035270831732], [-81.86208844766975, 31.946340175360852], [-81.86230404333796, 31.946736549736123], [-81.86260048738175, 31.94684326562192], [-81.86509780387196, 31.946683191746747], [-81.86619374851874, 31.946782285130922], [-81.86662493985517, 31.946995716672347], [-81.8670112154274, 31.947826570451237], [-81.86674172084213, 31.949572101164193], [-81.86613984960168, 31.950029439972933], [-81.86471152829974, 31.9504334206936], [-81.86449593263151, 31.950585865786902], [-81.86449593263151, 31.950837399637813], [-81.86555594466692, 31.950974599629852], [-81.86646324310401, 31.950837399637813], [-81.86653510832674, 31.95096697741346], [-81.86674172084213, 31.952102680684668], [-81.86609493383747, 31.95341367639801], [-81.86613984960168, 31.953688068481796], [-81.8667776534535, 31.954137764846706], [-81.86648120940968, 31.954503617892303], [-81.86559187727829, 31.954579837093405], [-81.8656367930425, 31.95472465340122], [-81.86610391699031, 31.954823738111894], [-81.86622968113011, 31.955006663450725], [-81.8659332370863, 31.955486840731957], [-81.86613086644884, 31.95580695752487], [-81.86666087246654, 31.955936528290547], [-81.86693935020466, 31.955867932025612], [-81.86790953071164, 31.954808494317206]], [[-81.85843230446287, 31.94307764439374], [-81.85859400121403, 31.942315354109567], [-81.85758788809568, 31.94297854701438], [-81.85680635379838, 31.94320723311319], [-81.856599741283, 31.94318436452891], [-81.85711178099503, 31.943070021522203], [-81.85840535500434, 31.942353468773955], [-81.85682432010407, 31.942528796026522], [-81.85544989771917, 31.94236871463527], [-81.8536981829149, 31.94243732097994], [-81.85331190734267, 31.94249830435443], [-81.85313224428582, 31.942772729038875], [-81.85514447052252, 31.94301666140369], [-81.85275495186644, 31.94274223744772], [-81.85253935619822, 31.94296330125421], [-81.8531681768972, 31.942948055491545], [-81.85329394103698, 31.943131004476832], [-81.85293461492329, 31.94329108454017], [-81.85423717208545, 31.94355788402608], [-81.85590803851414, 31.94419819963182], [-81.8568333032569, 31.943946647604548], [-81.8572555114405, 31.943656980780702], [-81.85824365825317, 31.943329198799862], [-81.85843230446287, 31.94307764439374]], [[-81.85608770157098, 31.943138627343306], [-81.85514447052252, 31.94301666140369], [-81.856599741283, 31.94318436452891], [-81.85608770157098, 31.943138627343306]]]}}, {"type": "Feature", "properties": {"FID": 134, "_Area_ID": "E-18", "_label": "FIREARM", "_Parent_ID": "Echo", "_Type": " ", "Use_Restri": " ", "_ClosedSta": "_closed", "_OpenSta": "_open", "Status": " ", "ACRES": 4017.57709065, "Visual": " ", "FillTransp": 0, "OutlineTra": 49.8039215686, "FillTran_1": 0, "OutlineT_1": 0, "Id": 0, "Shape_Leng": 19802.8510142, "Shape_Area": 16269766.5, "area_name": "E-18", "area_type": " ", "area_syskey": 134}, "geometry": {"type": "Polygon", "coordinates": [[[-81.82411666060472, 32.079204923512115], [-81.82205053545096, 32.07832197854896], [-81.82098154026271, 32.07734007284181], [-81.81971491571193, 32.07761409410011], [-81.8151604572208, 32.07662456901726], [-81.81332789404094, 32.076084131565146], [-81.81313924783124, 32.07568070434229], [-81.81414536094961, 32.07389190181362], [-81.8142711250894, 32.07324487951415], [-81.81339077611084, 32.07090033682765], [-81.8133189108881, 32.0702076195292], [-81.8135075570978, 32.06985745274418], [-81.8139746810456, 32.0695986329543], [-81.81578927791978, 32.06938548669494], [-81.81621148610337, 32.06923323906266], [-81.81648098068864, 32.068928743037674], [-81.81658877852274, 32.06801524887933], [-81.81223194939417, 32.05958783493007], [-81.81817879657586, 32.05581161437471], [-81.82082882666438, 32.05431935522251], [-81.82531141993276, 32.049271379834416], [-81.82788958479856, 32.04675109484759], [-81.83035995183022, 32.04608103761384], [-81.83430355592806, 32.04555564839726], [-81.83990904330173, 32.04424596939555], [-81.84863168471175, 32.04162655517524], [-81.85737229242746, 32.04983481774078], [-81.83849868830548, 32.082843175709066], [-81.82684753906882, 32.07941804688064], [-81.82411666060472, 32.079204923512115]], [[-81.82589532486753, 32.07769021097053], [-81.82545515037825, 32.07743902505762], [-81.82603007216017, 32.077576035641115], [-81.82647024664944, 32.07647994522343], [-81.82624566782837, 32.07632009760618], [-81.82619176891133, 32.07607651974721], [-81.82703618527852, 32.074691158332605], [-81.8269912695143, 32.07451608369274], [-81.82743144400358, 32.074211605259656], [-81.82738652823937, 32.074120261531995], [-81.82679364015176, 32.07443235222471], [-81.8266948254705, 32.07436384460295], [-81.82687448852735, 32.07404414168926], [-81.8266948254705, 32.07392996180628], [-81.82620075206417, 32.0739756337766], [-81.82601210585447, 32.07413548549295], [-81.82603007216017, 32.07381578178073], [-81.82632651620396, 32.07377772174054], [-81.82636244881533, 32.0734275686273], [-81.82612888684143, 32.07328293977616], [-81.82590430802037, 32.07361786939869], [-81.82576956072774, 32.073404732508116], [-81.82526650416855, 32.073206819236304], [-81.82549108298961, 32.073123086569254], [-81.8259761732431, 32.07234665273175], [-81.82564379658793, 32.07222485859039], [-81.82528447047424, 32.072521731525754], [-81.82510480741739, 32.07243038610985], [-81.82476344760937, 32.0725674041995], [-81.82428734050872, 32.07255217997744], [-81.82439513834284, 32.073092638307685], [-81.82382021656092, 32.073039353825536], [-81.82355072197564, 32.07326771567325], [-81.8238381828666, 32.073998469753164], [-81.82447598671841, 32.07420399328585], [-81.82380225025524, 32.074066977648734], [-81.82263444038571, 32.07488906839137], [-81.82247274363455, 32.07554369091823], [-81.82270630560845, 32.07606129610947], [-81.82250867624593, 32.07677680434252], [-81.8228230865954, 32.07689098067013], [-81.82248172678739, 32.0768453101562], [-81.82234697949475, 32.077279179117305], [-81.82279613713688, 32.07827630874995], [-81.82475446445653, 32.07882434483238], [-81.82589532486753, 32.07769021097053]]]}}, {"type": "Feature", "properties": {"FID": 135, "_Area_ID": "A-16", "_label": "SHOTGUN", "_Parent_ID": "Alpha", "_Type": " ", "Use_Restri": " ", "_ClosedSta": "_closed", "_OpenSta": "_open", "Status": "_base", "ACRES": 3892.99496225, "Visual": " ", "FillTransp": 0, "OutlineTra": 0, "FillTran_1": 0, "OutlineT_1": 0, "Id": 0, "Shape_Leng": 25310.3382426, "Shape_Area": 15757403.5, "area_name": "A-16", "area_type": " ", "area_syskey": 135}, "geometry": {"type": "Polygon", "coordinates": [[[-81.54438128109096, 31.919817321625615], [-81.54450704523074, 31.918338098516248], [-81.54421060118696, 31.917453603230673], [-81.54418365172842, 31.91685122657296], [-81.54455196099497, 31.915532084165584], [-81.5442195843398, 31.914426430004067], [-81.54270143150941, 31.91253534932841], [-81.54253973475826, 31.911940565919338], [-81.5425487179111, 31.910979753828485], [-81.54155158794559, 31.909668152873166], [-81.5411922618319, 31.908821702795738], [-81.53987173836406, 31.907738845398903], [-81.53961122693163, 31.90630518360861], [-81.53824578769957, 31.904612213799243], [-81.5364132245197, 31.903079362919087], [-81.53622457831003, 31.902759062495655], [-81.53609881417022, 31.901828659706176], [-81.5361976288515, 31.898922997004952], [-81.5381020572541, 31.894591025100134], [-81.53799425941997, 31.893515627254065], [-81.53760798384776, 31.892043608420657], [-81.53767086591765, 31.891296149434556], [-81.53858714750758, 31.889511375886656], [-81.53932376604067, 31.888802033203817], [-81.53978190683563, 31.887840979562558], [-81.5408778514824, 31.88682652317175], [-81.54083293571819, 31.884942503085206], [-81.54032987915902, 31.883859364778775], [-81.5394135975691, 31.88258551681008], [-81.53645814028393, 31.880411543962072], [-81.53513761681609, 31.879038482044475], [-81.55401122093807, 31.866298543043754], [-81.55737990325397, 31.868671204068345], [-81.55796380818875, 31.868236347937618], [-81.559203483281, 31.868663575031114], [-81.5672254387693, 31.8777645674085], [-81.56475507173762, 31.881738817695574], [-81.56379387438348, 31.88235667997906], [-81.56183554706382, 31.88163965422709], [-81.5610899453779, 31.881509978761063], [-81.56089231601538, 31.8811590912907], [-81.55703854344597, 31.88083108657712], [-81.55582581781223, 31.88160151440309], [-81.55479275523535, 31.88138793109689], [-81.55321172033509, 31.880548849028237], [-81.55227747243947, 31.879847065428827], [-81.55166661804618, 31.879000341143513], [-81.55148695498934, 31.878420597504842], [-81.549852021172, 31.87912239197099], [-81.54874709337238, 31.879862321650883], [-81.54792962646373, 31.880220842141778], [-81.5473097889176, 31.880739550169547], [-81.54798352538079, 31.881395559080644], [-81.54875607652524, 31.8814718388834], [-81.54905252056903, 31.88163965422709], [-81.5511006794171, 31.883462719395823], [-81.55154085390639, 31.88405005906645], [-81.55171153381039, 31.884553490088887], [-81.55142407291943, 31.885331514438498], [-81.55134322454386, 31.88677313042057], [-81.55146898868365, 31.887101113974502], [-81.55508919927915, 31.890861400090568], [-81.55778414513189, 31.892516487502775], [-81.5574068527125, 31.8929893641563], [-81.55585276727076, 31.89414866438631], [-81.5560503966333, 31.89453000995562], [-81.55662531841521, 31.894812204660038], [-81.55708345921018, 31.894537636850913], [-81.55776617882621, 31.894400352639288], [-81.5604521415261, 31.892714790911224], [-81.56076655187557, 31.892684282722332], [-81.56138638942171, 31.89323342857566], [-81.56213199110763, 31.89427832205711], [-81.5621050416491, 31.894438487163058], [-81.56181758075815, 31.894484248570727], [-81.56181758075815, 31.89460627887996], [-81.5641172678858, 31.89751970448384], [-81.56374895861927, 31.898724706968242], [-81.56259911505545, 31.9111170133129], [-81.55847584790075, 31.9251697755302], [-81.55299612466686, 31.924140481664125], [-81.54610604643672, 31.921029656848123], [-81.54435433163243, 31.92011468834795], [-81.54438128109096, 31.919817321625615]], [[-81.54527959637521, 31.917850102169055], [-81.54515383223541, 31.917682352826763], [-81.54508196701268, 31.918200849805263], [-81.54461484306486, 31.91830759882038], [-81.5444531463137, 31.919672450310056], [-81.5451089164712, 31.919504704291185], [-81.54520773115246, 31.91931408344382], [-81.54507298385982, 31.918383848041056], [-81.54526163006952, 31.918299973894843], [-81.54527959637521, 31.917850102169055]], [[-81.55923941589236, 31.911917689557583], [-81.55917653382247, 31.911460161128094], [-81.55747871793524, 31.911696551100754], [-81.55694871191754, 31.91161267085739], [-81.55604141348046, 31.911803307663533], [-81.55490953622231, 31.913511395821292], [-81.5550353003621, 31.913915537040815], [-81.55606836293899, 31.914769565476238], [-81.55635582382993, 31.914815316775822], [-81.55692176245901, 31.914586560050353], [-81.5574068527125, 31.914083293252038], [-81.55716430758577, 31.913702028693216], [-81.55730803803124, 31.91343514256192], [-81.55805363971716, 31.913122503537735], [-81.55829618484391, 31.91279461268804], [-81.559032803377, 31.912550600134495], [-81.55923941589236, 31.911917689557583]]]}}, {"type": "Feature", "properties": {"FID": 136, "_Area_ID": "F-11", "_label": "FIREARM", "_Parent_ID": "Foxtrot", "_Type": " ", "Use_Restri": " ", "_ClosedSta": "_closed", "_OpenSta": "_open", "Status": " ", "ACRES": 1732.3453053, "Visual": " ", "FillTransp": 0, "OutlineTra": 49.8039215686, "FillTran_1": 0, "OutlineT_1": 0, "Id": 0, "Shape_Leng": 15003.4653761, "Shape_Area": 7004360, "area_name": "F-11", "area_type": " ", "area_syskey": 136}, "geometry": {"type": "Polygon", "coordinates": [[[-81.78193177485659, 32.107294865237584], [-81.78015311059379, 32.10659481451118], [-81.77890445234868, 32.10466964734056], [-81.77206827303559, 32.097729577466126], [-81.77574238254815, 32.09646630626565], [-81.78204855584355, 32.096999013118925], [-81.78865117318274, 32.10030172627051], [-81.78888473515664, 32.100705044809565], [-81.78944169063288, 32.10288902181307], [-81.78995373034489, 32.10316296646169], [-81.79675397704663, 32.10361953905], [-81.80068859799162, 32.103284719375104], [-81.80294336935508, 32.10298033678727], [-81.80741697947062, 32.101115971300686], [-81.80745291208198, 32.111867890649265], [-81.79937705767662, 32.118555813161905], [-81.79164256307928, 32.123904276792715], [-81.78798641987241, 32.124824819994934], [-81.78468960277922, 32.11426464276418], [-81.78323433201875, 32.11243094283262], [-81.78238991565155, 32.11090917218474], [-81.78212042106628, 32.108055783852876], [-81.78230906727597, 32.10740900343411], [-81.78193177485659, 32.107294865237584]], [[-81.7823360167345, 32.10642741028146], [-81.7824617808743, 32.10626000574483], [-81.78296483743348, 32.10640458240818], [-81.78293788797495, 32.106183912672186], [-81.78221923574756, 32.105430587831805], [-81.78234499988734, 32.105065337187334], [-81.78225516835892, 32.10458594349944], [-81.78261449447263, 32.10366519618328], [-81.78353975921539, 32.10247810329942], [-81.78450095656953, 32.102128060144295], [-81.78503994574008, 32.10232591078814], [-81.78530045717251, 32.102181327667495], [-81.78529147401967, 32.10205196362869], [-81.78468061962639, 32.101831283374906], [-81.78476146800196, 32.10154972503556], [-81.78450095656953, 32.10149645714397], [-81.78379128749498, 32.10185411239141], [-81.78296483743348, 32.10196825738831], [-81.78149160036732, 32.10333798622368], [-81.78139278568605, 32.104517458481425], [-81.78106939218372, 32.1048903207358], [-81.78126702154626, 32.10567408744984], [-81.78101549326666, 32.106511112434674], [-81.7810424427252, 32.10691440355208], [-81.78223720205324, 32.10727203758117], [-81.78221025259471, 32.106632860884226], [-81.7823360167345, 32.10642741028146]]]}}, {"type": "Feature", "properties": {"FID": 137, "_Area_ID": "B-01", "_label": "FIREARM", "_Parent_ID": "Bravo", "_Type": " ", "Use_Restri": " ", "_ClosedSta": "_closed", "_OpenSta": "_open", "Status": " ", "ACRES": 2535.82946401, "Visual": " ", "FillTransp": 0, "OutlineTra": 49.8039215686, "FillTran_1": 0, "OutlineT_1": 0, "Id": 0, "Shape_Leng": 25552.0161167, "Shape_Area": 10278392, "area_name": "B-01", "area_type": " ", "area_syskey": 137}, "geometry": {"type": "Polygon", "coordinates": [[[-81.51849183459903, 31.94380181430677], [-81.51830318838934, 31.944053366730543], [-81.5184199693763, 31.94382468273739], [-81.51849183459903, 31.94380181430677]], [[-81.51962371185718, 31.945372099987395], [-81.51981235806687, 31.945379722667973], [-81.52005490319362, 31.944350655070807], [-81.51956082978728, 31.944388768891024], [-81.51926438574348, 31.943984761592343], [-81.51849183459903, 31.94380181430677], [-81.51855471666893, 31.943717963345804], [-81.52001897058224, 31.944243936290093], [-81.52015371787488, 31.944503110256846], [-81.51986625698393, 31.945608402791155], [-81.52143830873136, 31.946134364914684], [-81.521743735928, 31.948314407701282], [-81.51993812220667, 31.950616354775217], [-81.51886014386557, 31.95703406156218], [-81.51854573351609, 31.9569273575141], [-81.51849183459903, 31.959899781050726], [-81.5180606432626, 31.959968374304363], [-81.51764741823185, 31.960341825564335], [-81.51667723772485, 31.96068478966942], [-81.5149704386848, 31.961949935068464], [-81.51475484301658, 31.96233099954409], [-81.51468297779383, 31.96443444699266], [-81.51519501750585, 31.964754532597585], [-81.51597655180315, 31.964853606487274], [-81.5160933327901, 31.965127964393048], [-81.51595858549746, 31.965417563515327], [-81.51538366371554, 31.965859581467182], [-81.51527586588143, 31.966278734455837], [-81.51568010775935, 31.966530225330484], [-81.51653350727938, 31.966271113509478], [-81.5166862208777, 31.966606434550442], [-81.51626401269411, 31.96698747970135], [-81.51515908489449, 31.967010342360126], [-81.51479975878078, 31.96761239032527], [-81.51443144951425, 31.9678791191744], [-81.51294922929524, 31.967871498360886], [-81.51268871786282, 31.96799343130105], [-81.51246413904175, 31.96832874605157], [-81.51298516190661, 31.969006992598253], [-81.51277854939123, 31.969220372498107], [-81.51225752652637, 31.969311820874772], [-81.51019140137262, 31.968915543917934], [-81.50970631111912, 31.968664059577343], [-81.50938291761679, 31.968283021384956], [-81.50938291761679, 31.967200864295066], [-81.50911342303152, 31.96685030362922], [-81.50844866972118, 31.966225387818092], [-81.50581660593835, 31.96439634148916], [-81.50427150364943, 31.962925456968442], [-81.503840312313, 31.962773032354708], [-81.50317555900267, 31.962780653591416], [-81.50215147957863, 31.963176957027922], [-81.50107350123753, 31.964312509325833], [-81.49797431350689, 31.966697885530888], [-81.49650107644072, 31.9683058837211], [-81.49591717150597, 31.968519265250542], [-81.49472241217792, 31.9683058837211], [-81.49426427138296, 31.967917223232426], [-81.49162322444728, 31.96774956525874], [-81.4909315216784, 31.967574286140685], [-81.48919777317982, 31.96685030362922], [-81.48739215945848, 31.96629397634662], [-81.48686215344078, 31.96578337162732], [-81.48664655777256, 31.964708806150934], [-81.48628723165886, 31.963923831932153], [-81.48592790554517, 31.963710439722256], [-81.4854068826803, 31.96367995508036], [-81.48473314621712, 31.96416008701459], [-81.48426602226932, 31.965387079440205], [-81.48319702708106, 31.966133936367], [-81.48293651564863, 31.966492120696802], [-81.48322397653959, 31.967315177266272], [-81.48370008364024, 31.967909602422093], [-81.48535298376325, 31.968275400604977], [-81.48554162997294, 31.968435436851696], [-81.48564942780705, 31.968694542564407], [-81.485424848986, 31.969189889685616], [-81.48488585981545, 31.969502338033585], [-81.48379889832151, 31.969761440735052], [-81.48325990915096, 31.970660673849196], [-81.48290058303726, 31.970614950344096], [-81.48219989711555, 31.970134852165472], [-81.48188548676606, 31.970096749027874], [-81.47990020998789, 31.970348229443736], [-81.47942410288724, 31.970820705937733], [-81.47953190072135, 31.971331282640875], [-81.47982834476514, 31.971628482697767], [-81.48034936763, 31.971651344200733], [-81.48140937966541, 31.97204760934771], [-81.48228074549114, 31.971445590468942], [-81.48266702106335, 31.97154465713811], [-81.48338567329075, 31.972070470746303], [-81.48335872383223, 31.972459113651244], [-81.48314312816402, 31.972695346769786], [-81.48248735800651, 31.972862995710877], [-81.48188548676606, 31.973236394524623], [-81.48043919915843, 31.973213533416402], [-81.4798193616123, 31.9737164764817], [-81.47878629903542, 31.973503107032997], [-81.47707949999536, 31.974188935638697], [-81.476073386877, 31.974310860187643], [-81.47502235799445, 31.973975567288303], [-81.47398929541755, 31.973106848169472], [-81.47110570335514, 31.972222879924754], [-81.47081824246418, 31.972291463972493], [-81.4705487478789, 31.972718208007034], [-81.47056671418459, 31.972984922021137], [-81.47118655173071, 31.97404415002644], [-81.47109672020228, 31.974287999347048], [-81.47041400058626, 31.97482903771383], [-81.46932703909232, 31.97469187335927], [-81.46885991514452, 31.974242277648788], [-81.46883296568599, 31.973632652828854], [-81.46929110648095, 31.972786791684708], [-81.46848262272513, 31.972321945755045], [-81.46771007158068, 31.972085711675543], [-81.4673327791613, 31.972146675367156], [-81.46677582368507, 31.972657244695], [-81.46678480683791, 31.973304977815058], [-81.46652429540549, 31.97347262564267], [-81.46620090190316, 31.97347262564267], [-81.46541936760586, 31.973144950057623], [-81.46505105833933, 31.9733659406969], [-81.46451206916878, 31.973183051929947], [-81.46413477674939, 31.97228384352528], [-81.46291306796282, 31.971430349433422], [-81.46253577554344, 31.97093501440158], [-81.46258967446049, 31.97033298822601], [-81.46283221958724, 31.97010436965666], [-81.46349697289759, 31.97002816334034], [-81.46375748433, 31.96986812987017], [-81.46448511971025, 31.968846957347914], [-81.46451206916878, 31.968572610555405], [-81.4635418886618, 31.967627631994663], [-81.46283221958724, 31.96719324342527], [-81.46230221356953, 31.967208485164253], [-81.46162847710634, 31.967566665301906], [-81.46139491513244, 31.967856256731974], [-81.46149372981371, 31.968549748285675], [-81.46123321838128, 31.968694542564407], [-81.4604965998482, 31.968877440274245], [-81.4596072677168, 31.96872502554135], [-81.45866403666835, 31.968968888992524], [-81.45908624485195, 31.966941754366744], [-81.45975099816228, 31.96603486385887], [-81.4624639103207, 31.965897686363427], [-81.46711718349309, 31.965371837398866], [-81.48848810410527, 31.957216982499045], [-81.50403794167553, 31.952651471864698], [-81.50567287549286, 31.951706329460148], [-81.5101464856084, 31.94859643742987], [-81.51479077562794, 31.943146250209168], [-81.51715334482552, 31.944823265324224], [-81.51771030030174, 31.94483088805032], [-81.51830318838934, 31.944053366730543], [-81.51782708128869, 31.944952851581977], [-81.51962371185718, 31.945372099987395]], [[-81.51897692485252, 31.945577912140962], [-81.51700961438003, 31.944960474297332], [-81.51647960836232, 31.945608402791155], [-81.51592265288609, 31.94595142190884], [-81.51576993928778, 31.946279194535997], [-81.51619214747137, 31.94693473628252], [-81.51667723772485, 31.946911868625918], [-81.51859963243315, 31.946141987532005], [-81.51895895854683, 31.945829459702583], [-81.51897692485252, 31.945577912140962]]]}}, {"type": "Feature", "properties": {"FID": 138, "_Area_ID": "C-18", "_label": "FIREARM", "_Parent_ID": "Charlie", "_Type": " ", "Use_Restri": " ", "_ClosedSta": "_closed", "_OpenSta": "_open", "Status": " ", "ACRES": 3533.98600288, "Visual": " ", "FillTransp": 0, "OutlineTra": 49.8039215686, "FillTran_1": 0, "OutlineT_1": 0, "Id": 0, "Shape_Leng": 32626.4019726, "Shape_Area": 14182010.5, "area_name": "C-18", "area_type": " ", "area_syskey": 138}, "geometry": {"type": "Polygon", "coordinates": [[[-81.33792147931304, 31.983249012472015], [-81.33750825428228, 31.983050904294206], [-81.33674468629067, 31.983111860702174], [-81.33586433731212, 31.984925295315268], [-81.33519060084893, 31.98577104457994], [-81.33409465620215, 31.98635773093115], [-81.33343888604465, 31.98643392368851], [-81.33287294741558, 31.9863348730916], [-81.33237887400925, 31.986060578572808], [-81.33087868748456, 31.984399555356333], [-81.3311841146812, 31.98377475902381], [-81.3320105647427, 31.98340140308692], [-81.33271125066442, 31.982677545411818], [-81.33281904849852, 31.98180128900664], [-81.33254955391324, 31.98135172812481], [-81.33215429518819, 31.98103170039226], [-81.33134581143236, 31.98068119254744], [-81.33067207496919, 31.980582135739922], [-81.32974681022641, 31.980719291291063], [-81.32890239385922, 31.981168855271466], [-81.3272674600419, 31.983142338890953], [-81.32606371756101, 31.98369094455798], [-81.32530913272224, 31.98364522754437], [-81.32461742995338, 31.98334044687134], [-81.32425810383967, 31.982974708727298], [-81.32410539024136, 31.98172509240203], [-81.3230363950531, 31.979294387511636], [-81.3225063890354, 31.978669556416108], [-81.32165298951537, 31.978059961003456], [-81.32084450575954, 31.978044721066272], [-81.32008093776794, 31.978463818417048], [-81.31789803162722, 31.981565079326394], [-81.31735904245667, 31.98207559625933], [-81.31525698469154, 31.983172817069633], [-81.31420595580897, 31.98333282734155], [-81.31326272476052, 31.983256632008754], [-81.3109091387158, 31.981740331728016], [-81.3112684648295, 31.981229812929723], [-81.330339698314, 31.961142073150373], [-81.33193869951997, 31.962071875872716], [-81.33200158158986, 31.961957556373488], [-81.33389702683961, 31.962894972065918], [-81.3352894155302, 31.963306517395807], [-81.37728565506863, 31.972733448828745], [-81.37963924111335, 31.973983187595064], [-81.3806453542317, 31.974775696044745], [-81.38153468636311, 31.97575108166582], [-81.38245995110587, 31.97727510094672], [-81.38525371163988, 31.98364522754437], [-81.38401403654763, 31.983721422554424], [-81.38351996314128, 31.983919529284446], [-81.38329538432022, 31.98478814605122], [-81.38286419298379, 31.984917675917103], [-81.38263063100987, 31.984612899471003], [-81.382909108748, 31.98407953825414], [-81.3826126647042, 31.983675705555978], [-81.38211859129787, 31.98359189099967], [-81.3814897705989, 31.983881431869605], [-81.38108552872099, 31.983668086054024], [-81.38114841079087, 31.98287565439573], [-81.38166943365574, 31.98233466346723], [-81.38154366951595, 31.98211369442402], [-81.38126519177783, 31.981991780241366], [-81.38016924713105, 31.98207559625933], [-81.37961229165482, 31.981915583794944], [-81.37820193665856, 31.9807497702746], [-81.37794142522613, 31.979774437780417], [-81.37762701487664, 31.979462024398778], [-81.37715989092884, 31.979378205993488], [-81.37675564905093, 31.9795763221008], [-81.37645022185428, 31.9803154438036], [-81.37666581752251, 31.980871686107452], [-81.37734853713853, 31.98149650220855], [-81.37728565506863, 31.98221274957818], [-81.37662988491113, 31.982639447481244], [-81.37510274892792, 31.982913752228217], [-81.37475240596706, 31.983675705555978], [-81.3744649450761, 31.983904290320407], [-81.37330611835942, 31.983294729683053], [-81.37263238189624, 31.982738502067814], [-81.37053930728395, 31.98221274957818], [-81.36966794145823, 31.981755571051483], [-81.369110985982, 31.981603177703033], [-81.36821267069776, 31.981930823089275], [-81.36801504133523, 31.982418479172026], [-81.3680330076409, 31.983249012472015], [-81.36820368754492, 31.983675705555978], [-81.36880555878537, 31.98380523699242], [-81.3690031881479, 31.983668086054024], [-81.36937149741443, 31.983660466551434], [-81.37083575132775, 31.984681474259638], [-81.37088066709197, 31.9854205548397], [-81.37042252629699, 31.986235822387748], [-81.37003625072478, 31.986578689753156], [-81.36941641317866, 31.98665488232701], [-81.36867081149273, 31.986296776679705], [-81.36843724951882, 31.986014862739946], [-81.36842826636598, 31.985367219327053], [-81.36788029404259, 31.984902437118834], [-81.36752995108174, 31.984833862495336], [-81.36648790535202, 31.98498625047796], [-81.36412533615444, 31.984178591285982], [-81.36363126274811, 31.983660466551434], [-81.36348753230263, 31.982761360803366], [-81.36298447574345, 31.98233466346723], [-81.36165496912278, 31.98185462659222], [-81.36099919896527, 31.981770810372403], [-81.36036139511346, 31.981953682026067], [-81.35958884396901, 31.981786049690783], [-81.35914866947974, 31.98134410842986], [-81.35938223145364, 31.980384021804113], [-81.35933731568943, 31.980163048063428], [-81.35909477056268, 31.980033511485278], [-81.35876239390751, 31.980063990696593], [-81.35822340473696, 31.980444979983776], [-81.3578910280818, 31.98050593812293], [-81.35563625671833, 31.980544036939353], [-81.35498048656083, 31.98073453078409], [-81.35422590172207, 31.981039320113165], [-81.35374979462142, 31.981557459649153], [-81.35327368752077, 31.9825327731915], [-81.3528335130315, 31.982807078257395], [-81.3518812988302, 31.982944230482822], [-81.35125247813123, 31.982616588715313], [-81.35063264058509, 31.98201463916294], [-81.34979720737074, 31.980635474034184], [-81.34909652144903, 31.980178287648844], [-81.34869227957113, 31.980079230298447], [-81.34805447571931, 31.98028496467582], [-81.34791074527384, 31.98052879741467], [-81.34789277896814, 31.980871686107452], [-81.3484946502086, 31.982022258802218], [-81.34875516164102, 31.9831347193447], [-81.34828803769321, 31.983873812384722], [-81.34798261049657, 31.98404144090571], [-81.34726395826918, 31.98404144090571], [-81.34701242998959, 31.983881431869605], [-81.3468058174742, 31.983439500701117], [-81.34691361530832, 31.982738502067814], [-81.34643750820767, 31.98249467520083], [-81.34594343480134, 31.982654686655376], [-81.34541342878363, 31.983789998009375], [-81.34460494502781, 31.98430050256301], [-81.34411985477432, 31.984330980356965], [-81.34374256235493, 31.984186210745545], [-81.34137999315737, 31.98279183910858], [-81.34052659363734, 31.982776599957244], [-81.34025709905207, 31.98298232828686], [-81.34011336860658, 31.98326425154488], [-81.34093083551525, 31.984605280046885], [-81.34098473443231, 31.985511987074947], [-81.34144287522727, 31.98685298272284], [-81.34110151541925, 31.98776728669878], [-81.3403918463447, 31.98832348382634], [-81.33994268870258, 31.988369198508757], [-81.33869403045749, 31.98821681614541], [-81.33815504128694, 31.987561569098705], [-81.33749028797659, 31.98564151591888], [-81.33753520374081, 31.985291025683793], [-81.33804724345283, 31.98437669702891], [-81.33817300759262, 31.983576651981206], [-81.33792147931304, 31.983249012472015]], [[-81.33996963816111, 31.976200669985353], [-81.33936776692066, 31.97617780961548], [-81.33894555873707, 31.976398792952462], [-81.33834368749663, 31.977137940247786], [-81.33836165380231, 31.97735130124642], [-81.33961929520025, 31.97738940137257], [-81.34021218328785, 31.977846601652377], [-81.34069727354135, 31.977717061804338], [-81.34102066704368, 31.977366541298768], [-81.33996963816111, 31.976200669985353]], [[-81.33434618448175, 31.973457384943732], [-81.33381617846403, 31.97312208892663], [-81.3336185491015, 31.97334307962097], [-81.33373533008846, 31.973038264730974], [-81.33262141913599, 31.97238290928977], [-81.33233395824503, 31.972824893705706], [-81.33435516763458, 31.974554708799676], [-81.33487619049944, 31.973899364185794], [-81.33434618448175, 31.973457384943732]], [[-81.3740607031982, 31.97308398702899], [-81.3757764853911, 31.973381181411035], [-81.3759471652951, 31.972611522184422], [-81.37570462016836, 31.972497215808264], [-81.37555190657004, 31.97299254241016], [-81.3746356249801, 31.97288585690637], [-81.37434816408916, 31.972741069238634], [-81.37442901246473, 31.972276223077426], [-81.37402477058683, 31.972123813987547], [-81.37383612437714, 31.97279441209017], [-81.3740607031982, 31.97308398702899]], [[-81.32468929517611, 31.97218477765387], [-81.32561455991888, 31.971636103199383], [-81.32473421094032, 31.970988358302673], [-81.32306334451162, 31.97093501440158], [-81.3222728270615, 31.971300800529352], [-81.32450064896642, 31.97233718664253], [-81.32468929517611, 31.97218477765387]], [[-81.33069004127486, 31.971338903167172], [-81.33098648531868, 31.97154465713811], [-81.33181293538017, 31.971498934073306], [-81.33235192455072, 31.971605621189077], [-81.33405872359079, 31.97120935413407], [-81.33411262250783, 31.97041681489214], [-81.33357363333728, 31.96919751038969], [-81.33304362731958, 31.969037475471456], [-81.33251362130189, 31.969121303320577], [-81.33236090770356, 31.96934992433816], [-81.33271125066442, 31.969746199419923], [-81.33264836859452, 31.969875750517915], [-81.33197463213133, 31.96992147439122], [-81.33130089566815, 31.970134852165472], [-81.33096851901297, 31.971186492521007], [-81.33069004127486, 31.971338903167172]], [[-81.3362236634258, 31.969372786408613], [-81.33673570313782, 31.96941088984669], [-81.33821792335682, 31.969022234036125], [-81.33801131084145, 31.96853450676938], [-81.33740943960102, 31.967917223232426], [-81.3374723216709, 31.967719081957917], [-81.3371309618629, 31.967520940255763], [-81.335756539478, 31.967475215186827], [-81.33461567906701, 31.967124655568526], [-81.334274319259, 31.96722372690069], [-81.33359159964297, 31.968001052104437], [-81.33359159964297, 31.968199192770417], [-81.3359901014519, 31.96883171588093], [-81.33593620253485, 31.969174648275605], [-81.3362236634258, 31.969372786408613]]]}}, {"type": "Feature", "properties": {"FID": 139, "_Area_ID": "E-19", "_label": "OFF LIMITS", "_Parent_ID": "Echo", "_Type": " ", "Use_Restri": " ", "_ClosedSta": "_closed", "_OpenSta": "_open", "Status": " ", "ACRES": 4219.01016756, "Visual": " ", "FillTransp": 0, "OutlineTra": 49.8039215686, "FillTran_1": 0, "OutlineT_1": 0, "Id": 0, "Shape_Leng": 24310.1539258, "Shape_Area": 17065799, "area_name": "E-19", "area_type": " ", "area_syskey": 139}, "geometry": {"type": "Polygon", "coordinates": [[[-81.82458378455253, 32.016586047050865], [-81.82435022257862, 32.01390490573301], [-81.8280512815497, 32.01217583265323], [-81.8419751684555, 32.00170929315382], [-81.84284653428122, 32.001328392180206], [-81.84391552946947, 32.00117603134771], [-81.84479587844802, 32.00125982983693], [-81.84670030685062, 32.00177023716274], [-81.8479848977071, 32.001831181131145], [-81.8510571359792, 32.00126744787761], [-81.85172188928956, 32.00103890638198], [-81.85148832731565, 32.00180832714775], [-81.85003305655518, 32.01105610713281], [-81.85133561371732, 32.0175914548208], [-81.85121883273038, 32.02089703593701], [-81.84623318290282, 32.03898422128991], [-81.84642182911251, 32.03954772252198], [-81.84863168471175, 32.04162655517524], [-81.83990904330173, 32.04424596939555], [-81.83430355592806, 32.04555564839726], [-81.83035995183022, 32.04608103761384], [-81.82788958479856, 32.04675109484759], [-81.82531141993276, 32.049271379834416], [-81.82082882666438, 32.05431935522251], [-81.81817879657586, 32.05581161437471], [-81.81223194939417, 32.05958783493007], [-81.8120073705731, 32.05913865557198], [-81.81256432604934, 32.05501219285559], [-81.81406451257402, 32.05241592812769], [-81.8167684415796, 32.04534244611584], [-81.81923880861127, 32.04293627165474], [-81.81970593255907, 32.04195398605185], [-81.81972389886477, 32.04139049963073], [-81.81719064976319, 32.03433139614543], [-81.81722658237456, 32.03377547814793], [-81.81935558959822, 32.03005150207559], [-81.81952626950223, 32.02769062082096], [-81.82388309863082, 32.02252693295509], [-81.82463768346959, 32.01912239546346], [-81.82458378455253, 32.016586047050865]], [[-81.83629781585908, 32.01547399227495], [-81.83662120936141, 32.01533688869685], [-81.83740274365869, 32.01538258991234], [-81.83750155833997, 32.015108382277546], [-81.83709731646205, 32.01483417382225], [-81.837043417545, 32.0141791169689], [-81.83734884474164, 32.013402183002896], [-81.83761833932691, 32.01312796944232], [-81.83801359805199, 32.012990862354336], [-81.8391364921573, 32.01316605470813], [-81.83931615521414, 32.01286898921506], [-81.8392892057556, 32.012594774059096], [-81.83819326110883, 32.01185591247188], [-81.83853462091685, 32.01096470036396], [-81.83932513836699, 32.01027914669161], [-81.83945090250677, 32.00989828132464], [-81.83886699757201, 32.00982972539051], [-81.83786088445366, 32.01020297374483], [-81.83692663655805, 32.010797121050906], [-81.83589357398117, 32.01205395843012], [-81.83578577614706, 32.01241196349931], [-81.83529170274072, 32.01261762535345], [-81.83503119130829, 32.012960394084715], [-81.8347796630287, 32.01308226710244], [-81.83402507818994, 32.0127928184207], [-81.8328752346261, 32.01359260860392], [-81.83232726230271, 32.014552347610405], [-81.83174335736796, 32.014438093493816], [-81.83134809864289, 32.01455996454644], [-81.83102470514056, 32.015215018677466], [-81.8305036822757, 32.01567203041448], [-81.83039588444159, 32.016037638163056], [-81.83077317686097, 32.01637277731784], [-81.831626576381, 32.01650987934605], [-81.83580374245274, 32.0162509086761], [-81.83569594461864, 32.0159310027204], [-81.83629781585908, 32.01547399227495]], [[-81.83318066182275, 32.01282328674605], [-81.8340160950371, 32.01251860303683], [-81.83375558360467, 32.01172642065243], [-81.83334235857392, 32.01180259233309], [-81.83296506615453, 32.012442431951264], [-81.83294709984884, 32.01271664756304], [-81.83318066182275, 32.01282328674605]]]}}, {"type": "Feature", "properties": {"FID": 140, "_Area_ID": "B-08", "_label": "FIREARM", "_Parent_ID": "Bravo", "_Type": " ", "Use_Restri": " ", "_ClosedSta": "_closed", "_OpenSta": "_open", "Status": " ", "ACRES": 2746.82200503, "Visual": " ", "FillTransp": 0, "OutlineTra": 49.8039215686, "FillTran_1": 0, "OutlineT_1": 0, "Id": 0, "Shape_Leng": 24567.0791964, "Shape_Area": 11028056, "area_name": "B-08", "area_type": " ", "area_syskey": 140}, "geometry": {"type": "Polygon", "coordinates": [[[-81.6043258600086, 31.974318480466597], [-81.60420907902164, 31.973785059413448], [-81.60390365182501, 31.973655513832675], [-81.60323889851466, 31.974166074767723], [-81.60229566746621, 31.973754578116758], [-81.60145125109902, 31.973701235823246], [-81.60040920536929, 31.974105112417334], [-81.59969953629474, 31.974006048511583], [-81.59960072161347, 31.973739337464636], [-81.59927732811114, 31.972756310056504], [-81.59955580584926, 31.97296968124123], [-81.60000496349139, 31.972984922021137], [-81.6008942956228, 31.97233718664253], [-81.60122667227796, 31.971628482697767], [-81.6021878696321, 31.970371091265573], [-81.60228668431337, 31.969662372141446], [-81.60430789370291, 31.969639510143104], [-81.60461332089956, 31.969037475471456], [-81.60521519214001, 31.968686921818577], [-81.60526010790421, 31.96835160837631], [-81.60543078780822, 31.968206813556705], [-81.60405636542333, 31.966499741624816], [-81.6038587360608, 31.966377806700823], [-81.60357127516984, 31.966415911381958], [-81.60328381427887, 31.966225387818092], [-81.60239448214747, 31.964906953922043], [-81.6012356554308, 31.96425154043172], [-81.60016666024255, 31.963161714619673], [-81.5995647890021, 31.9630931237513], [-81.59829816445132, 31.963306517395807], [-81.59776815843362, 31.956370970112122], [-81.59925936180547, 31.95630999594534], [-81.60690402487438, 31.954518861737576], [-81.61594107663389, 31.949076648218934], [-81.61962416929929, 31.94559315746733], [-81.62277725594699, 31.940874608203522], [-81.62540033657697, 31.937314573053808], [-81.62585847737193, 31.936956274941036], [-81.63051175054433, 31.934966551497766], [-81.64331274334482, 31.934989422126836], [-81.64625921747714, 31.946012402951272], [-81.64679820664769, 31.94986174934075], [-81.6429713835368, 31.950128529748092], [-81.63653944610161, 31.949869371648845], [-81.63543451830199, 31.949701680724488], [-81.63342229206528, 31.948901333459865], [-81.63300906703452, 31.94936629795753], [-81.63150888050984, 31.949694058402475], [-81.63134718375868, 31.949854127032022], [-81.63111362178476, 31.950745932862635], [-81.63028717172327, 31.95139382055818], [-81.62924512599355, 31.95259049522881], [-81.62868817051731, 31.952552384810843], [-81.62841867593204, 31.952659093941325], [-81.62651424752944, 31.954747519113177], [-81.62636153393112, 31.955151479085636], [-81.62650526437659, 31.95529629449221], [-81.62694543886589, 31.95525056333587], [-81.6270352703943, 31.955433487824678], [-81.62671187689197, 31.955867932025612], [-81.62660407905786, 31.956317617718387], [-81.62547220179972, 31.956607244626067], [-81.62482541479505, 31.95767428324736], [-81.62396303212219, 31.95804012220661], [-81.62386421744091, 31.958268770816122], [-81.62396303212219, 31.95878703889023], [-81.6243672740001, 31.959503463470902], [-81.62412472887335, 31.960151289396975], [-81.62333421142321, 31.960669546847495], [-81.62240894668044, 31.96074576093177], [-81.62093570961427, 31.961904207225142], [-81.61948942200665, 31.96230051444422], [-81.6190761969759, 31.96263584998602], [-81.61872585401504, 31.96333700216167], [-81.61807008385755, 31.96383237818862], [-81.61775567350806, 31.96449541576535], [-81.61808805016322, 31.965455668595], [-81.6172975327131, 31.965920549293543], [-81.61693820659939, 31.965630951757777], [-81.61672261093118, 31.96569191973594], [-81.61640820058169, 31.9666445391367], [-81.61646209949875, 31.967086551181552], [-81.61693820659939, 31.96761239032527], [-81.61726160010171, 31.968519265250542], [-81.61709092019771, 31.968740267026014], [-81.61636328481748, 31.969174648275605], [-81.61593209348105, 31.96894602682149], [-81.61499784558542, 31.969220372498107], [-81.61456665424899, 31.968877440274245], [-81.61427919335803, 31.969441372585774], [-81.61365037265907, 31.96942613121749], [-81.61356952428348, 31.969746199419923], [-81.61374020418748, 31.970172955287246], [-81.61445885641488, 31.970401573685788], [-81.61438699119213, 31.970759741365484], [-81.61321019816978, 31.970752120791097], [-81.61282392259756, 31.971186492521007], [-81.61218611874574, 31.971178871982065], [-81.61206035460594, 31.971034081621774], [-81.61219510189858, 31.970569226816227], [-81.61201543884172, 31.970371091265573], [-81.61149441597688, 31.970569226816227], [-81.61082966266653, 31.971323662113942], [-81.6100391452164, 31.97134652369286], [-81.60950015604585, 31.97154465713811], [-81.60926659407194, 31.97187995891736], [-81.60909591416794, 31.972710587595262], [-81.60840421139908, 31.97346500529352], [-81.60862879022012, 31.97402128911941], [-81.60844014401043, 31.97415083418394], [-81.60815268311949, 31.974242277648788], [-81.60783827277, 31.97415845447615], [-81.60711063738977, 31.973571690124178], [-81.60684114280448, 31.973846021976424], [-81.60684114280448, 31.9742727587835], [-81.60667046290048, 31.974409923764423], [-81.60611350742424, 31.97429561962791], [-81.60497264701326, 31.974790936524787], [-81.6043258600086, 31.974318480466597]], [[-81.61957027038223, 31.955463975204065], [-81.62237301406907, 31.953146905530755], [-81.62169029445305, 31.95269720431504], [-81.62128605257514, 31.95188926100704], [-81.61957925353508, 31.951912127424777], [-81.61922891057422, 31.95172919592343], [-81.61915704535149, 31.951492908861713], [-81.6180611007047, 31.951355709643742], [-81.6174053305472, 31.95207981431436], [-81.61578836303556, 31.952819157404658], [-81.61399173246707, 31.95275055881166], [-81.61316528240556, 31.952476163927432], [-81.61338986122664, 31.953047819011314], [-81.61232984919121, 31.95347465248748], [-81.61266222584639, 31.95386337410621], [-81.61412647975972, 31.95354325053971], [-81.6155188684503, 31.95393197186817], [-81.61679447615391, 31.95384813015216], [-81.61738736424152, 31.954259716023817], [-81.61825873006724, 31.95415300875269], [-81.61934569156116, 31.954396910904524], [-81.61950738831234, 31.954640812408723], [-81.61938162417255, 31.954968554035194], [-81.61957027038223, 31.955463975204065]], [[-81.62213046894233, 31.94922909556361], [-81.62271437387709, 31.947590273352045], [-81.62363963861986, 31.945798969125747], [-81.62213046894233, 31.945204400854788], [-81.62188792381559, 31.945570289476823], [-81.6225077613617, 31.94641640133506], [-81.62238199722191, 31.946690814318547], [-81.62169029445305, 31.946370665758128], [-81.62152859770188, 31.946469759479363], [-81.6202619731511, 31.949663569108086], [-81.62184300805137, 31.95009041830876], [-81.62213046894233, 31.94922909556361]]]}}, {"type": "Feature", "properties": {"FID": 141, "_Area_ID": "E-01", "_label": "FIREARM", "_Parent_ID": "Echo", "_Type": " ", "Use_Restri": " ", "_ClosedSta": "_closed", "_OpenSta": "_open", "Status": " ", "ACRES": 1295.37454798, "Visual": " ", "FillTransp": 0, "OutlineTra": 49.8039215686, "FillTran_1": 0, "OutlineT_1": 0, "Id": 0, "Shape_Leng": 14961.1472032, "Shape_Area": 7222406.5, "area_name": "E-01", "area_type": " ", "area_syskey": 141}, "geometry": {"type": "Polygon", "coordinates": [[[-81.64331274334482, 31.934989422126836], [-81.63350314044087, 31.897984928831296], [-81.63390738231877, 31.89809932790085], [-81.63497637750703, 31.898854358194423], [-81.63642266511467, 31.89923568427189], [-81.65393083000458, 31.899449226185283], [-81.65390388054605, 31.907243166986948], [-81.65330200930562, 31.91364102621718], [-81.65262827284243, 31.916195470284034], [-81.65261030653674, 31.924453083241552], [-81.65243064347989, 31.925596738493972], [-81.6492146747623, 31.934249935570698], [-81.64916077584525, 31.9349360573168], [-81.64331274334482, 31.934989422126836]], [[-81.64545971687416, 31.902278609770523], [-81.64534293588721, 31.901965932840337], [-81.64457038474276, 31.902171842157685], [-81.6431600297465, 31.90216421589489], [-81.64315104659364, 31.902728557635278], [-81.64381579990399, 31.90265229544015], [-81.64404037872505, 31.902850577016075], [-81.64411224394779, 31.90332340058876], [-81.64465123311834, 31.903430166865768], [-81.64545073372132, 31.903079362919087], [-81.64562141362532, 31.902774314922038], [-81.64545971687416, 31.902278609770523]], [[-81.64302528245386, 31.90275143628151], [-81.64304324875954, 31.90211845830483], [-81.64211798401676, 31.902217599721205], [-81.6411298372041, 31.902110832037607], [-81.64117475296831, 31.902347246027677], [-81.64210001771109, 31.902675174105312], [-81.64260307427027, 31.90281244597697], [-81.64302528245386, 31.90275143628151]], [[-81.63996202733459, 31.900806731050196], [-81.64016863984996, 31.900547433914934], [-81.64049203335229, 31.900684708959893], [-81.64046508389376, 31.900013584571777], [-81.6389918468276, 31.900105101821904], [-81.63840794189284, 31.899861055619336], [-81.63799471686208, 31.899861055619336], [-81.63788691902798, 31.90074572002526], [-81.63808454839051, 31.901256686110177], [-81.63980931373627, 31.90156173913703], [-81.63996202733459, 31.900806731050196]]]}}, {"type": "Feature", "properties": {"FID": 142, "_Area_ID": "H-07", "_label": "ARCHERY", "_Parent_ID": "Hunter Army Airfield", "_Type": " ", "Use_Restri": " ", "_ClosedSta": "_closed", "_OpenSta": "_open", "Status": " ", "ACRES": 43.332, "Visual": " ", "FillTransp": 0, "OutlineTra": 49.803922, "FillTran_1": 0, "OutlineT_1": 0, "Id": 0, "Shape_Leng": 1922.85206366, "Shape_Area": 214953, "area_name": "H-07", "area_type": " ", "area_syskey": 142}, "geometry": {"type": "Polygon", "coordinates": [[[-81.11638794706548, 32.01335648079978], [-81.11721439712699, 32.011033255449156], [-81.12226292902443, 32.01229770671426], [-81.12101427077933, 32.01542829110503], [-81.11862475212325, 32.01421720179785], [-81.11759168954637, 32.01392013971207], [-81.11638794706548, 32.01335648079978]]]}}, {"type": "Feature", "properties": {"FID": 143, "_Area_ID": "H-06", "_label": "ARCHERY", "_Parent_ID": "Hunter Army Airfield", "_Type": " ", "Use_Restri": " ", "_ClosedSta": "_closed", "_OpenSta": "_open", "Status": " ", "ACRES": 46.231, "Visual": " ", "FillTransp": 0, "OutlineTra": 49.803922, "FillTran_1": 0, "OutlineT_1": 0, "Id": 0, "Shape_Leng": 1630.22785868, "Shape_Area": 161032.5, "area_name": "H-06", "area_type": " ", "area_syskey": 143}, "geometry": {"type": "Polygon", "coordinates": [[[-81.12004409027236, 32.005297302661965], [-81.12036748377469, 32.004291760019534], [-81.12495787487717, 32.00557153965027], [-81.12399667752302, 32.0079863132688], [-81.12118495068334, 32.00717123906472], [-81.11993629243824, 32.005594392695606], [-81.12004409027236, 32.005297302661965]]]}}, {"type": "Feature", "properties": {"FID": 144, "_Area_ID": "H-05", "_label": "SHOTGUN", "_Parent_ID": "Hunter Army Airfield", "_Type": " ", "Use_Restri": " ", "_ClosedSta": "_closed", "_OpenSta": "_open", "Status": " ", "ACRES": 127.449, "Visual": " ", "FillTransp": 0, "OutlineTra": 49.803922, "FillTran_1": 0, "OutlineT_1": 0, "Id": 0, "Shape_Leng": 3709.16981, "Shape_Area": 662801.5, "area_name": "H-05", "area_type": " ", "area_syskey": 144}, "geometry": {"type": "Polygon", "coordinates": [[[-81.13941176780067, 32.00576959918717], [-81.14146890980159, 32.00324811697684], [-81.14205281473635, 32.003415710090984], [-81.14297807947912, 32.00320240971072], [-81.15049697840824, 32.006767508036624], [-81.14915848863473, 32.008702353785615], [-81.13643834420981, 32.00820721998233], [-81.13941176780067, 32.00576959918717]]]}}, {"type": "Feature", "properties": {"FID": 145, "_Area_ID": "H-04", "_label": "ARCHERY", "_Parent_ID": "Hunter Army Airfield", "_Type": " ", "Use_Restri": " ", "_ClosedSta": "_closed", "_OpenSta": "_open", "Status": " ", "ACRES": 146.382, "Visual": " ", "FillTransp": 0, "OutlineTra": 49.803922, "FillTran_1": 0, "OutlineT_1": 0, "Id": 0, "Shape_Leng": 3679.13814168, "Shape_Area": 485447.5, "area_name": "H-04", "area_type": " ", "area_syskey": 145}, "geometry": {"type": "Polygon", "coordinates": [[[-81.14649947539336, 32.00149598880354], [-81.14657134061609, 32.00116079525053], [-81.14545742966364, 32.00077989199831], [-81.14660727322746, 31.99994189927343], [-81.1483500048789, 31.99918769927292], [-81.1487093309926, 31.999530518223974], [-81.148116442905, 32.00010188029422], [-81.14744270644181, 32.00117603134771], [-81.14885306143807, 32.001457898688784], [-81.1495357810541, 32.00140457250152], [-81.14956273051263, 32.00029233352645], [-81.15117969802428, 32.00080274623806], [-81.15104495073165, 32.001343628249536], [-81.15324582317804, 32.00195306894647], [-81.15146715891524, 32.007224561897765], [-81.14545742966364, 32.004139404111555], [-81.1460862503626, 32.00365186350457], [-81.14640066071209, 32.00312623088322], [-81.14649947539336, 32.00149598880354]]]}}, {"type": "Feature", "properties": {"FID": 146, "_Area_ID": "H-03", "_label": "ARCHERY", "_Parent_ID": "Hunter Army Airfield", "_Type": " ", "Use_Restri": " ", "_ClosedSta": "_closed", "_OpenSta": "_open", "Status": " ", "ACRES": 215.883, "Visual": " ", "FillTransp": 0, "OutlineTra": 49.803922, "FillTran_1": 0, "OutlineT_1": 0, "Id": 0, "Shape_Leng": 4894.92922571, "Shape_Area": 1068531.5, "area_name": "H-03", "area_type": " ", "area_syskey": 146}, "geometry": {"type": "Polygon", "coordinates": [[[-81.15013765229455, 32.00737691267838], [-81.15049697840824, 32.006767508036624], [-81.15146715891524, 32.007224561897765], [-81.15259005302053, 32.003880398486906], [-81.15488075699535, 32.004116550703515], [-81.15780028166915, 32.00397943013567], [-81.15864469803634, 32.001777855161], [-81.16184270044825, 32.002562505592394], [-81.16269609996829, 32.00209019254499], [-81.16334288697294, 32.00193021499343], [-81.16423221910435, 32.0019911588555], [-81.16364831416959, 32.00778825852131], [-81.16343271850137, 32.00841289127152], [-81.16239965592449, 32.009159397999376], [-81.14915848863473, 32.008702353785615], [-81.15013765229455, 32.00737691267838]]]}}, {"type": "Feature", "properties": {"FID": 147, "_Area_ID": "H-02", "_label": "ARCHERY", "_Parent_ID": "Hunter Army Airfield", "_Type": " ", "Use_Restri": " ", "_ClosedSta": "_closed", "_OpenSta": "_open", "Status": " ", "ACRES": 205.93, "Visual": " ", "FillTransp": 0, "OutlineTra": 49.803922, "FillTran_1": 0, "OutlineT_1": 0, "Id": 0, "Shape_Leng": 3527.23720093, "Shape_Area": 579766.5, "area_name": "H-02", "area_type": " ", "area_syskey": 147}, "geometry": {"type": "Polygon", "coordinates": [[[-81.16757395196173, 31.994045261207873], [-81.16761886772595, 31.99303197644168], [-81.1737902937287, 31.994837596383327], [-81.17396097363272, 31.994906163528604], [-81.17422148506515, 31.995637543221864], [-81.17396995678556, 31.99624702184399], [-81.17283807952741, 31.997161232182314], [-81.1705294092469, 31.997565005513515], [-81.16953227928138, 31.998250654267217], [-81.16836446941187, 32.001214121579586], [-81.16686428288718, 32.00106176055718], [-81.1638010277679, 32.00020853415299], [-81.16404357289466, 31.999362918008043], [-81.16448374738394, 31.998532530601114], [-81.16650495677348, 31.99689458844175], [-81.16703496279119, 31.99611750797571], [-81.1674392046691, 31.995325183858128], [-81.16757395196173, 31.994045261207873]]]}}, {"type": "Feature", "properties": {"FID": 148, "_Area_ID": "H-01", "_label": "SHOTGUN", "_Parent_ID": "Hunter Army Airfield", "_Type": " ", "Use_Restri": " ", "_ClosedSta": "_closed", "_OpenSta": "_open", "Status": " ", "ACRES": 183.9, "Visual": " ", "FillTransp": 0, "OutlineTra": 49.803922, "FillTran_1": 0, "OutlineT_1": 0, "Id": 0, "Shape_Leng": 5529.76654721, "Shape_Area": 986455, "area_name": "H-01", "area_type": " ", "area_syskey": 148}, "geometry": {"type": "Polygon", "coordinates": [[[-81.16984668963087, 31.991020611109597], [-81.1703587293429, 31.989374915758294], [-81.17477844054137, 31.990548238613275], [-81.17470657531864, 31.99085299534098], [-81.17659303741556, 31.99154631312439], [-81.17870407833352, 31.993085307497964], [-81.17923408435122, 31.993321487517225], [-81.1799078208144, 31.993344343615842], [-81.18030307953947, 31.993862413656807], [-81.18016833224685, 31.994296675995358], [-81.18129122635216, 31.995309946788783], [-81.17208349468865, 31.99987333589337], [-81.17167925281073, 32.00052849498501], [-81.17067313969238, 32.00088654506843], [-81.16836446941187, 32.00114555915084], [-81.16936159937738, 31.998486820984226], [-81.16964906026834, 31.998136379830953], [-81.1705294092469, 31.997565005513515], [-81.17283807952741, 31.997161232182314], [-81.17396995678556, 31.99624702184399], [-81.17422148506515, 31.99582038723381], [-81.17396097363272, 31.994898544959444], [-81.16907413848642, 31.993390055796002], [-81.16999042007635, 31.99116536993601], [-81.16984668963087, 31.991020611109597]]]}}, {"type": "Feature", "properties": {"FID": 149, "_Area_ID": "H-11", "_label": "SHOTGUN", "_Parent_ID": "Hunter Army Airfield", "_Type": " ", "Use_Restri": " ", "_ClosedSta": "_closed", "_OpenSta": "_open", "Status": " ", "ACRES": 159.667, "Visual": " ", "FillTransp": 0, "OutlineTra": 49.803922, "FillTran_1": 0, "OutlineT_1": 0, "Id": 0, "Shape_Leng": 8239.24804238, "Shape_Area": 1297090.5, "area_name": "H-11", "area_type": " ", "area_syskey": 149}, "geometry": {"type": "Polygon", "coordinates": [[[-81.18166851877153, 32.0084433610529], [-81.17818305546866, 32.003400474365996], [-81.17638642490017, 32.0029053119255], [-81.17327825401668, 32.00283675076142], [-81.17277519745751, 32.00246347241309], [-81.17287401213878, 32.00209019254499], [-81.17268536592908, 32.00158740501444], [-81.17473352477717, 32.001686439140016], [-81.1761798123848, 32.00100081607734], [-81.1767547341667, 32.00103890638198], [-81.17767999890948, 32.00231111346682], [-81.17879390986195, 32.001793091155626], [-81.18555822395231, 32.00188450707027], [-81.18557619025799, 32.00048278636308], [-81.18527076306135, 32.000299951647484], [-81.18453414452827, 32.00033804224332], [-81.18387837437076, 32.00077227391712], [-81.17980900613315, 32.00113794110003], [-81.17972815775757, 32.0007646558353], [-81.18222547424777, 31.999553372775164], [-81.18156970409026, 31.998601094983762], [-81.18249496883304, 31.998083051711948], [-81.18253090144441, 31.997907830531183], [-81.18357294717413, 31.997389783342857], [-81.18535161143693, 31.997877357248168], [-81.18556720710515, 31.9982049445098], [-81.1861061962757, 31.99815161643067], [-81.18710332624121, 31.998844879040153], [-81.1878219784686, 31.999119135328908], [-81.18752553442481, 31.999789536136994], [-81.1876063828004, 32.00066562071408], [-81.18715722515827, 32.000856072775335], [-81.18709434308838, 32.00141219053019], [-81.18722010722816, 32.00190736103471], [-81.18904368725518, 32.00404799044523], [-81.19297830820017, 32.00404037263558], [-81.1814080073391, 32.010233442931145], [-81.18165055246584, 32.009700230708354], [-81.18166851877153, 32.0084433610529]]]}}, {"type": "Feature", "properties": {"FID": 150, "_Area_ID": "H-10", "_label": "SHOTGUN", "_Parent_ID": "Hunter Army Airfield", "_Type": " ", "Use_Restri": " ", "_ClosedSta": "_closed", "_OpenSta": "_open", "Status": " ", "ACRES": 286.703, "Visual": " ", "FillTransp": 0, "OutlineTra": 49.803922, "FillTran_1": 0, "OutlineT_1": 0, "Id": 0, "Shape_Leng": 6985.69139961, "Shape_Area": 1632854.5, "area_name": "H-10", "area_type": " ", "area_syskey": 150}, "geometry": {"type": "Polygon", "coordinates": [[[-81.16822972211924, 32.017180152975556], [-81.16682835027581, 32.01506268092532], [-81.16436696639698, 32.016334693384685], [-81.16313627445757, 32.01382873579966], [-81.16441188216119, 32.01350120436481], [-81.16778056447711, 32.01340980003455], [-81.16840040202324, 32.01316605470813], [-81.170637207081, 32.007742553518796], [-81.17270333223478, 32.006013364183616], [-81.17403283885545, 32.006676096990944], [-81.17413165353672, 32.006950329854554], [-81.1752275981835, 32.00699603525207], [-81.17521861503066, 32.0060438347626], [-81.17476945738854, 32.00599051124276], [-81.17447301334474, 32.00570104016513], [-81.17433826605209, 32.00543442125867], [-81.17441911442768, 32.0050230648533], [-81.17399690624408, 32.00470311970635], [-81.17440114812199, 32.00423081768672], [-81.17330520347522, 32.00344618153337], [-81.17327825401668, 32.00283675076142], [-81.17584743572962, 32.00285960448849], [-81.1775991505339, 32.00319479183082], [-81.17836271852552, 32.0036594813465], [-81.18154275463174, 32.008260542212724], [-81.18168648507721, 32.009570735843255], [-81.1814080073391, 32.010233442931145], [-81.16822972211924, 32.017180152975556]]]}}, {"type": "Feature", "properties": {"FID": 151, "_Area_ID": "H-09", "_label": "SHOTGUN", "_Parent_ID": "Hunter Army Airfield", "_Type": " ", "Use_Restri": " ", "_ClosedSta": "_closed", "_OpenSta": "_open", "Status": " ", "ACRES": 443.758, "Visual": " ", "FillTransp": 0, "OutlineTra": 49.803922, "FillTran_1": 0, "OutlineT_1": 0, "Id": 0, "Shape_Leng": 8346.81908792, "Shape_Area": 2555815, "area_name": "H-09", "area_type": " ", "area_syskey": 151}, "geometry": {"type": "Polygon", "coordinates": [[[-81.15063172570089, 32.02301437315947], [-81.15069460777077, 32.02288489710814], [-81.14979629248654, 32.0230219893921], [-81.14925730331599, 32.02283919963456], [-81.14278045011659, 32.01997544581827], [-81.14386741161051, 32.01906907955257], [-81.14617608189103, 32.0162509086761], [-81.14658032376894, 32.015077914711924], [-81.14688575096558, 32.01481893999511], [-81.1487093309926, 32.01409533028941], [-81.14916747178756, 32.01368401275187], [-81.14912255602334, 32.013006096485356], [-81.15062274254804, 32.01305179886322], [-81.15058680993667, 32.01344788518324], [-81.15017358490591, 32.01372971479163], [-81.15008375337749, 32.01440000875664], [-81.1503173153514, 32.01468945236226], [-81.15085630452195, 32.014917959826185], [-81.1515030915266, 32.01478847233326], [-81.15188038394598, 32.014255286611004], [-81.15170072088914, 32.01368401275187], [-81.15141325999818, 32.013508821388214], [-81.15148512522092, 32.01308226710244], [-81.15858181596644, 32.0133336296897], [-81.15854588335507, 32.01407247936355], [-81.15907588937279, 32.01386682077423], [-81.16175286891983, 32.01401916051433], [-81.16313627445757, 32.01382873579966], [-81.16489697241468, 32.01740865422862], [-81.16501375340164, 32.01836073664956], [-81.16474425881637, 32.01878726636538], [-81.16388187614349, 32.01937374148262], [-81.14743372328897, 32.02776677923067], [-81.14642761017062, 32.027477376936886], [-81.14964357888822, 32.02499457231959], [-81.14905069080062, 32.02443098153172], [-81.15063172570089, 32.02301437315947]]]}}, {"type": "Feature", "properties": {"FID": 152, "_Area_ID": "H-08", "_label": "ARCHERY", "_Parent_ID": "Hunter Army Airfield", "_Type": " ", "Use_Restri": " ", "_ClosedSta": "_closed", "_OpenSta": "_open", "Status": " ", "ACRES": 75.038, "Visual": " ", "FillTransp": 0, "OutlineTra": 49.803922, "FillTran_1": 0, "OutlineT_1": 0, "Id": 0, "Shape_Leng": 2873.47502166, "Shape_Area": 353026, "area_name": "H-08", "area_type": " ", "area_syskey": 152}, "geometry": {"type": "Polygon", "coordinates": [[[-81.14622099765525, 32.02668532387816], [-81.1462748965723, 32.02599988781846], [-81.14578082316596, 32.02606843165523], [-81.14449623230949, 32.024004478090085], [-81.14477471004761, 32.023852154951136], [-81.14352605180251, 32.0236008212181], [-81.14313079307743, 32.02312861658223], [-81.14318469199449, 32.02222228151031], [-81.14410097358441, 32.02066854338341], [-81.14979629248654, 32.0230219893921], [-81.15069460777077, 32.02288489710814], [-81.14905069080062, 32.02443098153172], [-81.14964357888822, 32.02499457231959], [-81.14625693026662, 32.02750784037929], [-81.14598743568133, 32.02746214521189], [-81.14596946937566, 32.02725651667646], [-81.14622099765525, 32.02668532387816]]]}}, {"type": "Feature", "properties": {"FID": 153, "_Area_ID": "Dove Field - F2 South", "_label": "DOVE FIELD", "_Parent_ID": "Dove Field", "_Type": " ", "Use_Restri": " ", "_ClosedSta": "_closed", "_OpenSta": "_open", "Status": " ", "ACRES": 7.191, "Visual": " ", "FillTransp": 0, "OutlineTra": 49.803922, "FillTran_1": 0, "OutlineT_1": 0, "Id": 0, "Shape_Leng": 803.365041949, "Shape_Area": 40402, "area_name": "Dove Field - F2 South", "area_type": " ", "area_syskey": 153}, "geometry": {"type": "Polygon", "coordinates": [[[-81.6699747409812, 31.992178675324052], [-81.67021728610794, 31.992049155710497], [-81.67041491547047, 31.992102487338236], [-81.67189713568948, 31.99331386881644], [-81.67083712365407, 31.99419001526058], [-81.66936388658792, 31.993024357716852], [-81.6699747409812, 31.992178675324052]]]}}, {"type": "Feature", "properties": {"FID": 154, "_Area_ID": "G-7", "_label": "ARCHERY", "_Parent_ID": "Garrison Archery Only", "_Type": " ", "Use_Restri": "Archery Only", "_ClosedSta": "_closed", "_OpenSta": "_open", "Status": " ", "ACRES": 35.0093900935, "Visual": " ", "FillTransp": 0, "OutlineTra": 0, "FillTran_1": 0, "OutlineT_1": 0, "Id": 0, "Shape_Leng": 2325.76902656, "Shape_Area": 195472, "area_name": "G-7", "area_type": " ", "area_syskey": 154}, "geometry": {"type": "Polygon", "coordinates": [[[-81.61963315245212, 31.889152891557803], [-81.61981281550898, 31.888290997992396], [-81.6222741993878, 31.88832150763686], [-81.62425947616599, 31.888664740440518], [-81.62496914524054, 31.888466428309997], [-81.62723289975683, 31.88662820708281], [-81.62660407905786, 31.88862660352553], [-81.62396303212219, 31.89028935835284], [-81.62319946413058, 31.890998689578836], [-81.62130401888082, 31.89058682049996], [-81.61969603452204, 31.889900367941337], [-81.61963315245212, 31.889152891557803]]]}}, {"type": "Feature", "properties": {"FID": 155, "_Area_ID": "A-20", "_label": "ARCHERY", "_Parent_ID": "Alpha", "_Type": " ", "Use_Restri": " ", "_ClosedSta": "_closed", "_OpenSta": "_open", "Status": " ", "ACRES": 229.542698251, "Visual": " ", "FillTransp": 0, "OutlineTra": 49.803922, "FillTran_1": 0, "OutlineT_1": 0, "Id": 0, "Shape_Leng": 4030.09989977, "Shape_Area": 930999.5, "area_name": "A-20", "area_type": " ", "area_syskey": 155}, "geometry": {"type": "Polygon", "coordinates": [[[-81.61179984317351, 31.89346223838125], [-81.60946422343447, 31.88803929303993], [-81.6114584833655, 31.888123194767203], [-81.61587819456399, 31.888771523718557], [-81.6170460044335, 31.88868762258195], [-81.61767482513247, 31.888786778462446], [-81.61994756280161, 31.89005291339658], [-81.62130401888082, 31.89058682049996], [-81.62277725594699, 31.890830891287603], [-81.62319048097774, 31.891006316766642], [-81.6197768828976, 31.895246935349892], [-81.6189055170719, 31.895788439127696], [-81.61773770720237, 31.895368964648245], [-81.61616565545495, 31.895292696355714], [-81.61404563138413, 31.89460627887996], [-81.61266222584639, 31.893614777935753], [-81.61179984317351, 31.89346223838125]]]}}, {"type": "Feature", "properties": {"FID": 156, "_Area_ID": "B-01 Alligator Hunting", "_label": " ", "_Parent_ID": "Bravo", "_Type": " ", "Use_Restri": " ", "_ClosedSta": "_closed", "_OpenSta": "_open", "Status": " ", "ACRES": 0, "Visual": " ", "FillTransp": 0, "OutlineTra": 0, "FillTran_1": 0, "OutlineT_1": 0, "Id": 0, "Shape_Leng": 1073.84386492, "Shape_Area": 90558.5, "area_name": "B-01 Alligator Hunting", "area_type": " ", "area_syskey": 156}, "geometry": {"type": "Polygon", "coordinates": [[[-81.48734724369427, 31.959290060988753], [-81.48794911493472, 31.959152873416933], [-81.48847013779958, 31.959198602630313], [-81.48901811012297, 31.959450112896853], [-81.48941336884803, 31.959854052186493], [-81.4895750655992, 31.960364689877867], [-81.48950320037646, 31.960890567517623], [-81.48917980687413, 31.961340228618297], [-81.48867675031497, 31.961652703679725], [-81.48807487907452, 31.96177464487867], [-81.48746402468123, 31.961675567666855], [-81.48701486703911, 31.961446927539324], [-81.48664655777256, 31.961027752493603], [-81.48649384417425, 31.96051711848918], [-81.48655672624413, 31.96007507481933], [-81.48686215344078, 31.95961778602522], [-81.48734724369427, 31.959290060988753]]]}}, {"type": "Feature", "properties": {"FID": 157, "_Area_ID": "B-22 Alligator Hunting", "_label": " ", "_Parent_ID": "Bravo", "_Type": " ", "Use_Restri": " ", "_ClosedSta": "_closed", "_OpenSta": "_open", "Status": " ", "ACRES": 0, "Visual": " ", "FillTransp": 0, "OutlineTra": 0, "FillTran_1": 0, "OutlineT_1": 0, "Id": 0, "Shape_Leng": 1005.27870231, "Shape_Area": 79089.5, "area_name": "B-22 Alligator Hunting", "area_type": " ", "area_syskey": 157}, "geometry": {"type": "Polygon", "coordinates": [[[-81.4747798128677, 31.97710746006462], [-81.47538168410813, 31.977046499667935], [-81.47595660589005, 31.977198900583712], [-81.47640576353217, 31.977541801718925], [-81.47663034235323, 31.977922801477565], [-81.47667525811744, 31.97843333867425], [-81.47646864560207, 31.97891339344736], [-81.4761362689469, 31.97923342856765], [-81.47559727977635, 31.979462024398778], [-81.47460913296369, 31.979378205993488], [-81.47413302586304, 31.979065791262887], [-81.47388149758345, 31.97870003608046], [-81.47379166605502, 31.97819712032437], [-81.47395336280618, 31.977701821810207], [-81.47433963837841, 31.977305581074187], [-81.4747798128677, 31.97710746006462]]]}}, {"type": "Feature", "properties": {"FID": 158, "_Area_ID": "B-23 Alligator Hunting", "_label": " ", "_Parent_ID": "Bravo", "_Type": " ", "Use_Restri": " ", "_ClosedSta": "_closed", "_OpenSta": "_open", "Status": " ", "ACRES": 0, "Visual": " ", "FillTransp": 0, "OutlineTra": 0, "FillTran_1": 0, "OutlineT_1": 0, "Id": 0, "Shape_Leng": 834.17973194, "Shape_Area": 53164, "area_name": "B-23 Alligator Hunting", "area_type": " ", "area_syskey": 158}, "geometry": {"type": "Polygon", "coordinates": [[[-81.40629225559688, 31.98007161049785], [-81.40718158772829, 31.9799192143527], [-81.40795413887274, 31.9803306833637], [-81.40816973454096, 31.98107741870812], [-81.40797210517843, 31.981511741572497], [-81.40763972852325, 31.98179366934904], [-81.40675039639184, 31.98194606238109], [-81.4059778452474, 31.981542220292784], [-81.40576224957918, 31.98078786898978], [-81.40595987894172, 31.980353542699106], [-81.40629225559688, 31.98007161049785]]]}}, {"type": "Feature", "properties": {"FID": 159, "_Area_ID": "B-24 Alligator Hunting", "_label": " ", "_Parent_ID": "Bravo", "_Type": " ", "Use_Restri": " ", "_ClosedSta": "_closed", "_OpenSta": "_open", "Status": " ", "ACRES": 0, "Visual": " ", "FillTransp": 0, "OutlineTra": 0, "FillTran_1": 0, "OutlineT_1": 0, "Id": 0, "Shape_Leng": 1999.42133662, "Shape_Area": 314005, "area_name": "B-24 Alligator Hunting", "area_type": " ", "area_syskey": 159}, "geometry": {"type": "Polygon", "coordinates": [[[-81.43248712928545, 31.964144844769567], [-81.43361900654361, 31.964053391246182], [-81.43470596803755, 31.964342993757736], [-81.43557733386326, 31.96496792238098], [-81.43608937357529, 31.96582909753885], [-81.43617022195086, 31.9667969573236], [-81.43580191268433, 31.96771146113112], [-81.43504732784555, 31.968435436851696], [-81.43401426526867, 31.968846957347914], [-81.43288238801053, 31.968892681733617], [-81.43180440966944, 31.96855736904288], [-81.4310588079835, 31.96799343130105], [-81.43054676827148, 31.967132276444048], [-81.43046591989591, 31.966164420194165], [-81.43083422916246, 31.965249900976932], [-81.43158881400122, 31.96452590013652], [-81.43248712928545, 31.964144844769567]]]}}, {"type": "Feature", "properties": {"FID": 160, "_Area_ID": "C-16 Alligator Hunting", "_label": " ", "_Parent_ID": "Charlie", "_Type": " ", "Use_Restri": " ", "_ClosedSta": "_closed", "_OpenSta": "_open", "Status": " ", "ACRES": 0, "Visual": " ", "FillTransp": 0, "OutlineTra": 0, "FillTran_1": 0, "OutlineT_1": 0, "Id": 0, "Shape_Leng": 2673.37462026, "Shape_Area": 561371.5, "area_name": "C-16 Alligator Hunting", "area_type": " ", "area_syskey": 160}, "geometry": {"type": "Polygon", "coordinates": [[[-81.34398510748169, 32.024758473898046], [-81.34546732770067, 32.024758473898046], [-81.34683276693275, 32.02523067013258], [-81.347901762121, 32.02610651154239], [-81.34848566705574, 32.02725651667646], [-81.34852159966712, 32.02851312829461], [-81.34800057680226, 32.02968595025035], [-81.34698548053106, 32.030599827077744], [-81.34563800760469, 32.03112530212424], [-81.34415578738569, 32.03118622657226], [-81.34276339869511, 32.030759754584984], [-81.34165847089548, 32.02992203597099], [-81.34097575127947, 32.028657827919474], [-81.34096676812662, 32.027264132556375], [-81.34155067306138, 32.02612174349282], [-81.34261966824963, 32.02523828618094], [-81.34398510748169, 32.024758473898046]]]}}, {"type": "Feature", "properties": {"FID": 161, "_Area_ID": "C-17 Alligator Hunting", "_label": " ", "_Parent_ID": "Charlie", "_Type": " ", "Use_Restri": " ", "_ClosedSta": "_closed", "_OpenSta": "_open", "Status": " ", "ACRES": 0, "Visual": " ", "FillTransp": 0, "OutlineTra": 0, "FillTran_1": 0, "OutlineT_1": 0, "Id": 0, "Shape_Leng": 2453.9089434, "Shape_Area": 472968.5, "area_name": "C-17 Alligator Hunting", "area_type": " ", "area_syskey": 161}, "geometry": {"type": "Polygon", "coordinates": [[[-81.32786034812949, 32.004984976203886], [-81.3292796862786, 32.00496212300663], [-81.3305912265936, 32.005411568173464], [-81.33158835655911, 32.00626474615732], [-81.33210937942397, 32.007384530210786], [-81.3320734468126, 32.008580474943734], [-81.33157039025342, 32.00956311849255], [-81.33069004127486, 32.01033246771671], [-81.32939646726555, 32.01082759003969], [-81.32798611226929, 32.010850441774636], [-81.32667457195429, 32.01039340599309], [-81.32567744198877, 32.00954026643662], [-81.32518336858244, 32.008557622642826], [-81.32515641912391, 32.00735406007743], [-81.32569540829446, 32.0062418932791], [-81.32656677412018, 32.00547250972134], [-81.32786034812949, 32.004984976203886]]]}}, {"type": "Feature", "properties": {"FID": 162, "_Area_ID": "C-18 Alligator Hunting", "_label": " ", "_Parent_ID": "Charlie", "_Type": " ", "Use_Restri": " ", "_ClosedSta": "_closed", "_OpenSta": "_open", "Status": " ", "ACRES": 0, "Visual": " ", "FillTransp": 0, "OutlineTra": 0, "FillTran_1": 0, "OutlineT_1": 0, "Id": 0, "Shape_Leng": 2076.09818227, "Shape_Area": 338557.5, "area_name": "C-18 Alligator Hunting", "area_type": " ", "area_syskey": 162}, "geometry": {"type": "Polygon", "coordinates": [[[-81.36086445167264, 31.97291633849155], [-81.36196937947226, 31.97264200386067], [-81.36312820618893, 31.972733448828745], [-81.36414330246012, 31.973198292674432], [-81.3648799209932, 31.973952706364198], [-81.36522128080122, 31.974889999583418], [-81.36512246611996, 31.97587300413962], [-81.36459246010226, 31.97674169707714], [-81.36371211112369, 31.97737416132401], [-81.36260718332407, 31.977678961814238], [-81.36131360931475, 31.97756466174904], [-81.36030749619641, 31.97708459992062], [-81.35959782712185, 31.97631497174935], [-81.35927443361952, 31.975370072891323], [-81.35940918091215, 31.974394683221124], [-81.3599661363884, 31.973533588413172], [-81.36086445167264, 31.97291633849155]]]}}, {"type": "Feature", "properties": {"FID": 163, "_Area_ID": "F-12 Alligator Hunting", "_label": " ", "_Parent_ID": "Foxtrot", "_Type": " ", "Use_Restri": " ", "_ClosedSta": "_closed", "_OpenSta": "_open", "Status": " ", "ACRES": 0, "Visual": " ", "FillTransp": 0, "OutlineTra": 0, "FillTran_1": 0, "OutlineT_1": 0, "Id": 0, "Shape_Leng": 1426.8925004, "Shape_Area": 159898.5, "area_name": "F-12 Alligator Hunting", "area_type": " ", "area_syskey": 163}, "geometry": {"type": "Polygon", "coordinates": [[[-81.76417208168708, 32.10531644716234], [-81.76499853174859, 32.10523274391407], [-81.76580701550441, 32.10544580657695], [-81.76643583620337, 32.10590236775206], [-81.76676821285855, 32.106442628860485], [-81.76684906123413, 32.107150289983835], [-81.76659753295453, 32.107827508934086], [-81.76604057747831, 32.10836014952351], [-81.7652770094867, 32.10865690507555], [-81.7645583572593, 32.10869495058939], [-81.76376783980916, 32.108459068148015], [-81.76321986748579, 32.108063393007036], [-81.76283359191355, 32.1074318310563], [-81.76276172669081, 32.10683070176852], [-81.76299528866473, 32.10614586611207], [-81.76353427783526, 32.10559799388897], [-81.76417208168708, 32.10531644716234]]]}}, {"type": "Feature", "properties": {"FID": 164, "_Area_ID": "F-13 Alligator Hunting", "_label": " ", "_Parent_ID": "Foxtrot", "_Type": " ", "Use_Restri": " ", "_ClosedSta": "_closed", "_OpenSta": "_open", "Status": " ", "ACRES": 0, "Visual": " ", "FillTransp": 0, "OutlineTra": 0, "FillTran_1": 0, "OutlineT_1": 0, "Id": 0, "Shape_Leng": 1066.2131147, "Shape_Area": 89276, "area_name": "F-13 Alligator Hunting", "area_type": " ", "area_syskey": 164}, "geometry": {"type": "Polygon", "coordinates": [[[-81.72998220196872, 32.10105509341865], [-81.7304852585279, 32.100948557027486], [-81.73110509607403, 32.10101704472179], [-81.73164408524458, 32.10129099498546], [-81.73200341135828, 32.10172474788912], [-81.73213815865093, 32.10224220479881], [-81.73201239451112, 32.10275965877672], [-81.73172493362017, 32.10312491864297], [-81.73122187706099, 32.10343691028858], [-81.7306110226677, 32.10354344377712], [-81.73000016827442, 32.10344451982758], [-81.72955999378513, 32.103201014264556], [-81.72920066767144, 32.10276726837216], [-81.7290659203788, 32.1022574240753], [-81.72915575190723, 32.10181606402738], [-81.7294701622567, 32.10136709213509], [-81.72998220196872, 32.10105509341865]]]}}, {"type": "Feature", "properties": {"FID": 165, "_Area_ID": "F-14 Alligator Hunting", "_label": " ", "_Parent_ID": "Foxtrot", "_Type": " ", "Use_Restri": " ", "_ClosedSta": "_closed", "_OpenSta": "_open", "Status": " ", "ACRES": 0, "Visual": " ", "FillTransp": 0, "OutlineTra": 0, "FillTran_1": 0, "OutlineT_1": 0, "Id": 0, "Shape_Leng": 1376.6878744, "Shape_Area": 148842, "area_name": "F-14 Alligator Hunting", "area_type": " ", "area_syskey": 165}, "geometry": {"type": "Polygon", "coordinates": [[[-81.70247578796516, 32.09062154707182], [-81.7031405412755, 32.09040844982827], [-81.70396699133701, 32.09043128169955], [-81.70461377834167, 32.09067482130502], [-81.70517971697073, 32.091184730251605], [-81.70545819470885, 32.09183923607215], [-81.70542226209749, 32.09244046403147], [-81.70514378435938, 32.09298841518123], [-81.70455089627177, 32.093475480110975], [-81.70390410926711, 32.093703790902936], [-81.7030776592056, 32.093703790902936], [-81.70242188904811, 32.093475480110975], [-81.70183798411335, 32.09298080477109], [-81.70155950637523, 32.0924328535757], [-81.70155052322238, 32.09173268893249], [-81.70187391672471, 32.0910934034853], [-81.70247578796516, 32.09062154707182]]]}}, {"type": "Feature", "properties": {"FID": 166, "_Area_ID": "F-15 Alligator Hunting", "_label": " ", "_Parent_ID": "Foxtrot", "_Type": " ", "Use_Restri": " ", "_ClosedSta": "_closed", "_OpenSta": "_open", "Status": " ", "ACRES": 0, "Visual": " ", "FillTransp": 0, "OutlineTra": 0, "FillTran_1": 0, "OutlineT_1": 0, "Id": 0, "Shape_Leng": 1789.73384575, "Shape_Area": 251568.5, "area_name": "F-15 Alligator Hunting", "area_type": " ", "area_syskey": 166}, "geometry": {"type": "Polygon", "coordinates": [[[-81.68175165435764, 32.06819033596653], [-81.6826948854061, 32.068137048627655], [-81.68371896483013, 32.068441547288764], [-81.68441965075185, 32.06897441750605], [-81.68485084208828, 32.06968998119909], [-81.68494965676955, 32.07048927444845], [-81.68463524642006, 32.071364682848106], [-81.68403337517961, 32.07198126982097], [-81.68308116097832, 32.07240754974162], [-81.68213792992987, 32.0724760588292], [-81.68110486735299, 32.07220202217083], [-81.68030536675, 32.071593048878384], [-81.67989214171925, 32.0708698878259], [-81.6798382428022, 32.06995641305848], [-81.68016163630453, 32.069202789505795], [-81.68078147385066, 32.068593796239114], [-81.68175165435764, 32.06819033596653]]]}}, {"type": "Feature", "properties": {"FID": 167, "_Area_ID": "F-17 Alligator Hunting", "_label": " ", "_Parent_ID": "Foxtrot", "_Type": " ", "Use_Restri": " ", "_ClosedSta": "_closed", "_OpenSta": "_open", "Status": " ", "ACRES": 0, "Visual": " ", "FillTransp": 0, "OutlineTra": 0, "FillTran_1": 0, "OutlineT_1": 0, "Id": 0, "Shape_Leng": 1951.47945077, "Shape_Area": 299116, "area_name": "F-17 Alligator Hunting", "area_type": " ", "area_syskey": 167}, "geometry": {"type": "Polygon", "coordinates": [[[-81.66208753278552, 32.05301741536872], [-81.66302178068113, 32.052758547926835], [-81.66414467478644, 32.052819457979055], [-81.66514180475197, 32.053245827209295], [-81.6658694401322, 32.05396912760954], [-81.66621079994022, 32.05487514846529], [-81.66613893471747, 32.05570502524239], [-81.66564486131114, 32.056557734824], [-81.66480044494394, 32.057189648404766], [-81.66374043290854, 32.05747895678038], [-81.66261753880323, 32.05740282308602], [-81.66173718982466, 32.05702976706786], [-81.66099158813874, 32.0563217177888], [-81.66063226202506, 32.055423324794944], [-81.66071311040064, 32.054471627679604], [-81.66122515011266, 32.05362651234319], [-81.66208753278552, 32.05301741536872]]]}}, {"type": "Feature", "properties": {"FID": 168, "_Area_ID": "F-18 Alligator Hunting", "_label": " ", "_Parent_ID": "Foxtrot", "_Type": " ", "Use_Restri": " ", "_ClosedSta": "_closed", "_OpenSta": "_open", "Status": " ", "ACRES": 0, "Visual": " ", "FillTransp": 0, "OutlineTra": 0, "FillTran_1": 0, "OutlineT_1": 0, "Id": 0, "Shape_Leng": 2274.15462543, "Shape_Area": 406196.5, "area_name": "F-18 Alligator Hunting", "area_type": " ", "area_syskey": 168}, "geometry": {"type": "Polygon", "coordinates": [[[-81.6499962090596, 32.060250180129096], [-81.65134368198596, 32.06008269099154], [-81.65251149185548, 32.06033392458288], [-81.65349963866815, 32.060935359771186], [-81.6542093077427, 32.061917441641604], [-81.65440693710524, 32.062929964623656], [-81.6541464256728, 32.06393486356894], [-81.6533648913755, 32.06487884949085], [-81.65234081195148, 32.06542696587779], [-81.65100232217794, 32.065617283299396], [-81.64981654600275, 32.06538890234593], [-81.64871161820312, 32.06471136882856], [-81.6480738143513, 32.06384350957559], [-81.6478582186831, 32.062830996706104], [-81.64814567957406, 32.06170427748038], [-81.64884636549576, 32.06086684203794], [-81.6499962090596, 32.060250180129096]]]}}, {"type": "Feature", "properties": {"FID": 169, "_Area_ID": "F-19 Alligator Hunting", "_label": " ", "_Parent_ID": "Foxtrot", "_Type": " ", "Use_Restri": " ", "_ClosedSta": "_closed", "_OpenSta": "_open", "Status": " ", "ACRES": 0, "Visual": " ", "FillTransp": 0, "OutlineTra": 0, "FillTran_1": 0, "OutlineT_1": 0, "Id": 0, "Shape_Leng": 1572.47911133, "Shape_Area": 194233, "area_name": "F-19 Alligator Hunting", "area_type": " ", "area_syskey": 169}, "geometry": {"type": "Polygon", "coordinates": [[[-81.68209301416566, 32.09231869666299], [-81.68296437999136, 32.092181708179496], [-81.68382676266425, 32.09233391759293], [-81.68455439804448, 32.092752492172394], [-81.68503948829797, 32.093384155634446], [-81.68520118504914, 32.09411474889068], [-81.6850215219923, 32.09484533630436], [-81.68452744858595, 32.095469375093565], [-81.68379083005287, 32.09588032513903], [-81.68291946422715, 32.09601730807671], [-81.68205708155429, 32.09586510479996], [-81.68132944617405, 32.09543893427592], [-81.68084435592056, 32.09481489527878], [-81.68068265916939, 32.09408430762165], [-81.68086232222623, 32.09334610374228], [-81.68135639563258, 32.09272966088114], [-81.68209301416566, 32.09231869666299]]]}}, {"type": "Feature", "properties": {"FID": 170, "_Area_ID": "Pond 01 - Alligator Hunting", "_label": " ", "_Parent_ID": "Ponds", "_Type": " ", "Use_Restri": " ", "_ClosedSta": "_closed", "_OpenSta": "_open", "Status": " ", "ACRES": 0, "Visual": " ", "FillTransp": 0, "OutlineTra": 0, "FillTran_1": 0, "OutlineT_1": 0, "Id": 0, "Shape_Leng": 2391.10897152, "Shape_Area": 449056, "area_name": "Pond 01 - Alligator Hunting", "area_type": " ", "area_syskey": 170}, "geometry": {"type": "Polygon", "coordinates": [[[-81.86035469917114, 31.946355420560764], [-81.86171115525036, 31.946050516082224], [-81.86309456078808, 31.94622583628101], [-81.86428033696329, 31.94685851073835], [-81.86500797234353, 31.94771985570751], [-81.86534034899871, 31.94887084390241], [-81.86509780387196, 31.950037062267135], [-81.86433423588035, 31.951035577338324], [-81.86330117330347, 31.951630107874777], [-81.86193573407141, 31.95188926100704], [-81.86071402528484, 31.951706329460148], [-81.85951926595679, 31.951073688385556], [-81.85872874850666, 31.9500980405979], [-81.8584592539214, 31.949061403470562], [-81.85870179904813, 31.947895172721033], [-81.85936655235848, 31.946995716672347], [-81.86035469917114, 31.946355420560764]]]}}, {"type": "Feature", "properties": {"FID": 171, "_Area_ID": "Pond 02 - Alligator Hunting", "_label": " ", "_Parent_ID": "Ponds", "_Type": " ", "Use_Restri": " ", "_ClosedSta": "_closed", "_OpenSta": "_open", "Status": " ", "ACRES": 0, "Visual": " ", "FillTransp": 0, "OutlineTra": 0, "FillTran_1": 0, "OutlineT_1": 0, "Id": 0, "Shape_Leng": 3815.04244561, "Shape_Area": 1152770.5, "area_name": "Pond 02 - Alligator Hunting", "area_type": " ", "area_syskey": 171}, "geometry": {"type": "Polygon", "coordinates": [[[-81.83260574004083, 32.071950821179136], [-81.83359388685349, 32.07187469953028], [-81.83552526471463, 32.072171573602525], [-81.83641459684603, 32.07252934363964], [-81.83735782789448, 32.07313069863306], [-81.83800461489913, 32.07375488570883], [-81.83860648613958, 32.074622650904736], [-81.83892089648907, 32.07541428916252], [-81.83907361008738, 32.076411439135974], [-81.8390107280175, 32.0772411205189], [-81.83869631766801, 32.07820780400863], [-81.83824716002589, 32.07895374176125], [-81.83751952464564, 32.07974534251485], [-81.83661222620856, 32.080377095889986], [-81.83574086038284, 32.0807728909606], [-81.8346089831247, 32.08106212473605], [-81.83362981946486, 32.0811382387354], [-81.83169844160375, 32.080849005200754], [-81.83080910947234, 32.08048365626989], [-81.82986587842389, 32.07988234964169], [-81.82921010826638, 32.07925820440082], [-81.82861722017878, 32.078390483204736], [-81.82829382667646, 32.077598870718425], [-81.82814111307813, 32.07660934547077], [-81.82821297830088, 32.07577204651092], [-81.82852738865036, 32.074805337264934], [-81.82907536097375, 32.07392234980903], [-81.8304408002058, 32.07272725837789], [-81.83147386278269, 32.07224008286693], [-81.83260574004083, 32.071950821179136]]]}}, {"type": "Feature", "properties": {"FID": 172, "_Area_ID": "Pond 17 - Alligator Hunting", "_label": " ", "_Parent_ID": "Ponds", "_Type": " ", "Use_Restri": " ", "_ClosedSta": "_closed", "_OpenSta": "_open", "Status": " ", "ACRES": 0, "Visual": " ", "FillTransp": 0, "OutlineTra": 0, "FillTran_1": 0, "OutlineT_1": 0, "Id": 0, "Shape_Leng": 1599.83287149, "Shape_Area": 201037, "area_name": "Pond 17 - Alligator Hunting", "area_type": " ", "area_syskey": 172}, "geometry": {"type": "Polygon", "coordinates": [[[-81.77915598062829, 32.09992123545013], [-81.78004531275968, 32.09992123545013], [-81.78087176282119, 32.10020279880969], [-81.781509566673, 32.100735483872306], [-81.78185092648101, 32.101427969809166], [-81.78186889278669, 32.102181327667495], [-81.78146465090879, 32.10297272720956], [-81.78081786390413, 32.1034901770484], [-81.77998243068978, 32.10375651038137], [-81.77909309855838, 32.10373368184041], [-81.77827563164972, 32.103429300748935], [-81.77766477725643, 32.10288141222778], [-81.77733240060127, 32.102181327667495], [-81.77735036690694, 32.101427969809166], [-81.7777007098678, 32.100735483872306], [-81.77833851371962, 32.10020279880969], [-81.77915598062829, 32.09992123545013]]]}}, {"type": "Feature", "properties": {"FID": 173, "_Area_ID": "Pond 19 - Alligator Hunting", "_label": " ", "_Parent_ID": "Ponds", "_Type": " ", "Use_Restri": " ", "_ClosedSta": "_closed", "_OpenSta": "_open", "Status": " ", "ACRES": 0, "Visual": " ", "FillTransp": 0, "OutlineTra": 0, "FillTran_1": 0, "OutlineT_1": 0, "Id": 0, "Shape_Leng": 2028.04557687, "Shape_Area": 323068, "area_name": "Pond 19 - Alligator Hunting", "area_type": " ", "area_syskey": 173}, "geometry": {"type": "Polygon", "coordinates": [[[-81.51224854337353, 31.946721304599468], [-81.51320075757484, 31.94644689170702], [-81.51435060113866, 31.94648500465775], [-81.51539264686839, 31.946896623518345], [-81.51616519801283, 31.94761314083982], [-81.51655147358507, 31.948527835683695], [-81.51648859151517, 31.94950350014654], [-81.51599451810884, 31.950380064851178], [-81.5151411185888, 31.95102795512697], [-81.51405415709486, 31.951348087458978], [-81.51291329668386, 31.951279487767465], [-81.511880234107, 31.950852644091515], [-81.51112564926822, 31.950113285174268], [-81.51076632315453, 31.949190983751162], [-81.51085615468295, 31.948222938414226], [-81.51137717754781, 31.94735397564516], [-81.51224854337353, 31.946721304599468]]]}}, {"type": "Feature", "properties": {"FID": 174, "_Area_ID": "Pond 20 - Alligator Hunting", "_label": " ", "_Parent_ID": "Ponds", "_Type": " ", "Use_Restri": " ", "_ClosedSta": "_closed", "_OpenSta": "_open", "Status": " ", "ACRES": 0, "Visual": " ", "FillTransp": 0, "OutlineTra": 0, "FillTran_1": 0, "OutlineT_1": 0, "Id": 0, "Shape_Leng": 157.231694954, "Shape_Area": 1542, "area_name": "Pond 20 - Alligator Hunting", "area_type": " ", "area_syskey": 174}, "geometry": {"type": "Polygon", "coordinates": [[[-81.51928235204916, 31.94419057685326], [-81.51959676239865, 31.94408385788662], [-81.51974049284414, 31.944350655070807], [-81.51939014988328, 31.94447261923987], [-81.51928235204916, 31.94419057685326]]]}}, {"type": "Feature", "properties": {"FID": 175, "_Area_ID": "Pond 21 - Alligator Hunting", "_label": " ", "_Parent_ID": "Ponds", "_Type": " ", "Use_Restri": " ", "_ClosedSta": "_closed", "_OpenSta": "_open", "Status": " ", "ACRES": 0, "Visual": " ", "FillTransp": 0, "OutlineTra": 0, "FillTran_1": 0, "OutlineT_1": 0, "Id": 0, "Shape_Leng": 1604.37361557, "Shape_Area": 202182, "area_name": "Pond 21 - Alligator Hunting", "area_type": " ", "area_syskey": 175}, "geometry": {"type": "Polygon", "coordinates": [[[-81.33781368147892, 31.964304888216297], [-81.33869403045749, 31.96416008701459], [-81.33956539628319, 31.964304888216297], [-81.34031099796911, 31.964724048302344], [-81.3408140545283, 31.965348974332088], [-81.34100270073799, 31.966088210607296], [-81.34084100398682, 31.96683506183077], [-81.34036489688617, 31.967475215186827], [-81.3396282783531, 31.967909602422093], [-81.33875691252739, 31.9680772601035], [-81.33787656354882, 31.967947706467474], [-81.33712197871006, 31.96755142362236], [-81.33660095584519, 31.966941754366744], [-81.33638536017698, 31.966202524963848], [-81.33652010746961, 31.965455668595], [-81.33697824826457, 31.964807880089936], [-81.33781368147892, 31.964304888216297]]]}}, {"type": "Feature", "properties": {"FID": 176, "_Area_ID": "Pond 22 - Alligator Hunting", "_label": " ", "_Parent_ID": "Ponds", "_Type": " ", "Use_Restri": " ", "_ClosedSta": "_closed", "_OpenSta": "_open", "Status": " ", "ACRES": 0, "Visual": " ", "FillTransp": 0, "OutlineTra": 0, "FillTran_1": 0, "OutlineT_1": 0, "Id": 0, "Shape_Leng": 1514.27819596, "Shape_Area": 180105.5, "area_name": "Pond 22 - Alligator Hunting", "area_type": " ", "area_syskey": 176}, "geometry": {"type": "Polygon", "coordinates": [[[-81.33119309783405, 31.974646151862167], [-81.33205548050692, 31.97460043034232], [-81.33287294741558, 31.97483665794975], [-81.33351973442024, 31.975324351732077], [-81.33389702683961, 31.975987306311694], [-81.33393295945099, 31.97671883684202], [-81.33362753225434, 31.97740464141858], [-81.33313345884801, 31.97787708159003], [-81.33236090770356, 31.978212360236263], [-81.33149852503068, 31.978265699907933], [-81.33068105812202, 31.97802948112654], [-81.33003427111736, 31.977541801718925], [-81.32966596185082, 31.976878858368266], [-81.32963002923945, 31.976139708986345], [-81.32992647328325, 31.975453894957408], [-81.33051936137086, 31.97492048050302], [-81.33119309783405, 31.974646151862167]]]}}, {"type": "Feature", "properties": {"FID": 177, "_Area_ID": "Pond 23 - Alligator Hunting", "_label": " ", "_Parent_ID": "Ponds", "_Type": " ", "Use_Restri": " ", "_ClosedSta": "_closed", "_OpenSta": "_open", "Status": " ", "ACRES": 0, "Visual": " ", "FillTransp": 0, "OutlineTra": 0, "FillTran_1": 0, "OutlineT_1": 0, "Id": 0, "Shape_Leng": 2069.08411341, "Shape_Area": 336286.5, "area_name": "Pond 23 - Alligator Hunting", "area_type": " ", "area_syskey": 177}, "geometry": {"type": "Polygon", "coordinates": [[[-81.32700694860947, 31.96639304857517], [-81.32816577532614, 31.96630159729107], [-81.32927070312576, 31.966591192711515], [-81.33016901841, 31.96721610603278], [-81.33071699073339, 31.968084880899937], [-81.3308247885675, 31.96906795833453], [-81.33048342875949, 31.970012922069486], [-81.32974681022641, 31.970767361939235], [-81.32872273080237, 31.971232215741434], [-81.3275639040857, 31.971331282640875], [-81.32644999313322, 31.97104170217275], [-81.32556066100183, 31.97040919428928], [-81.32501268867844, 31.969540441417895], [-81.32490489084434, 31.96855736904288], [-81.3252372674995, 31.967620011160285], [-81.32598286918542, 31.96685792452749], [-81.32700694860947, 31.96639304857517]]]}}, {"type": "Feature", "properties": {"FID": 178, "_Area_ID": "Pond 26 - Alligator Hunting", "_label": " ", "_Parent_ID": "Ponds", "_Type": " ", "Use_Restri": " ", "_ClosedSta": "_closed", "_OpenSta": "_open", "Status": " ", "ACRES": 0, "Visual": " ", "FillTransp": 0, "OutlineTra": 0, "FillTran_1": 0, "OutlineT_1": 0, "Id": 0, "Shape_Leng": 2692.82751547, "Shape_Area": 569577, "area_name": "Pond 26 - Alligator Hunting", "area_type": " ", "area_syskey": 178}, "geometry": {"type": "Polygon", "coordinates": [[[-81.84130143199232, 32.00538871508256], [-81.84272975329426, 32.0050154471247], [-81.84421197351327, 32.00512209526773], [-81.84566724427374, 32.00578483451846], [-81.84659250901652, 32.00678274320204], [-81.84700573404727, 32.007993930750544], [-81.84684403729611, 32.009250806568645], [-81.84613436822156, 32.01037055414421], [-81.84498452465772, 32.01117036546572], [-81.84355620335577, 32.01154360836053], [-81.84207398313677, 32.011436967688546], [-81.84074447651608, 32.010858059018375], [-81.83969344763352, 32.00977640407296], [-81.83928022260277, 32.00856524007709], [-81.83944191935393, 32.007300737319724], [-81.84015158842848, 32.006188569874446], [-81.84130143199232, 32.00538871508256]]]}}, {"type": "Feature", "properties": {"FID": 179, "_Area_ID": "Pond 28 - Alligator Hunting", "_label": " ", "_Parent_ID": "Ponds", "_Type": " ", "Use_Restri": " ", "_ClosedSta": "_closed", "_OpenSta": "_open", "Status": " ", "ACRES": 0, "Visual": " ", "FillTransp": 0, "OutlineTra": 0, "FillTran_1": 0, "OutlineT_1": 0, "Id": 0, "Shape_Leng": 2374.97935322, "Shape_Area": 443019, "area_name": "Pond 28 - Alligator Hunting", "area_type": " ", "area_syskey": 179}, "geometry": {"type": "Polygon", "coordinates": [[[-81.61612073969074, 31.955921284680535], [-81.6173424484773, 31.955768848441362], [-81.61869890455651, 31.956058477079495], [-81.6197948492033, 31.956774922944668], [-81.62047756881931, 31.95781147302786], [-81.62061231611195, 31.958985199439763], [-81.62025298999826, 31.95999123871087], [-81.61938162417255, 31.960905810302854], [-81.61830364583145, 31.961416442145953], [-81.61707295389203, 31.96156886901152], [-81.61572548096566, 31.96127925775064], [-81.61462055316603, 31.960562847023244], [-81.61394681670286, 31.959533949499317], [-81.61381206941023, 31.958360230100535], [-81.61417139552393, 31.957354172962628], [-81.61504276134964, 31.956431944238425], [-81.61612073969074, 31.955921284680535]]]}}, {"type": "Feature", "properties": {"FID": 180, "_Area_ID": "Pond 30 - Alligator Hunting", "_label": " ", "_Parent_ID": "Ponds", "_Type": " ", "Use_Restri": " ", "_ClosedSta": "_closed", "_OpenSta": "_open", "Status": " ", "ACRES": 0, "Visual": " ", "FillTransp": 0, "OutlineTra": 0, "FillTran_1": 0, "OutlineT_1": 0, "Id": 0, "Shape_Leng": 1056.08074885, "Shape_Area": 87587.5, "area_name": "Pond 30 - Alligator Hunting", "area_type": " ", "area_syskey": 180}, "geometry": {"type": "Polygon", "coordinates": [[[-81.63557824874746, 31.899464479160148], [-81.63609028845949, 31.89939584075337], [-81.63669215969993, 31.899510238069553], [-81.6371952162591, 31.899815296884302], [-81.63751860976143, 31.90026525679074], [-81.63759945813702, 31.900783851920572], [-81.63741979508016, 31.901287191458376], [-81.63710538473067, 31.901638002235767], [-81.63657537871298, 31.901904922583775], [-81.6359645243197, 31.901973559119572], [-81.6353716362321, 31.901828659706176], [-81.63489552913144, 31.901493102294147], [-81.63464400085185, 31.901111785568272], [-81.63456315247628, 31.90059319228601], [-81.63473383238028, 31.90008222251791], [-81.63504824272977, 31.899739032275416], [-81.63557824874746, 31.899464479160148]]]}}, {"type": "Feature", "properties": {"FID": 181, "_Area_ID": "Pond 31 - Alligator Hunting", "_label": " ", "_Parent_ID": "Ponds", "_Type": " ", "Use_Restri": " ", "_ClosedSta": "_closed", "_OpenSta": "_open", "Status": " ", "ACRES": 0, "Visual": " ", "FillTransp": 0, "OutlineTra": 0, "FillTran_1": 0, "OutlineT_1": 0, "Id": 0, "Shape_Leng": 1023.44426356, "Shape_Area": 82252.5, "area_name": "Pond 31 - Alligator Hunting", "area_type": " ", "area_syskey": 181}, "geometry": {"type": "Polygon", "coordinates": [[[-81.63882116692359, 31.90217946841987], [-81.63937812239982, 31.901973559119572], [-81.63999795994596, 31.901981185398142], [-81.64046508389376, 31.90214133710271], [-81.64090525838304, 31.90250739709527], [-81.64111187089841, 31.902903960444313], [-81.6411298372041, 31.903422540707243], [-81.6408962752302, 31.903902987460945], [-81.6405369491165, 31.90421565781059], [-81.64007880832153, 31.90439868386382], [-81.63946795392825, 31.904436814245773], [-81.63889303214633, 31.904253788268363], [-81.63845285765704, 31.903887735221602], [-81.63824624514167, 31.90349117611132], [-81.638228278836, 31.902972596235124], [-81.6384618408099, 31.902492144624663], [-81.63882116692359, 31.90217946841987]]]}}, {"type": "Feature", "properties": {"FID": 182, "_Area_ID": "Pond 32 - Alligator Hunting", "_label": " ", "_Parent_ID": "Ponds", "_Type": " ", "Use_Restri": " ", "_ClosedSta": "_closed", "_OpenSta": "_open", "Status": " ", "ACRES": 0, "Visual": " ", "FillTransp": 0, "OutlineTra": 0, "FillTran_1": 0, "OutlineT_1": 0, "Id": 0, "Shape_Leng": 1078.55699921, "Shape_Area": 91361.5, "area_name": "Pond 32 - Alligator Hunting", "area_type": " ", "area_syskey": 182}, "geometry": {"type": "Polygon", "coordinates": [[[-81.6458280261407, 31.899380587767133], [-81.64644786368683, 31.899365334778402], [-81.64703176862159, 31.899563623435107], [-81.64747194311087, 31.899937320127133], [-81.64770550508477, 31.90043303788777], [-81.64771448823763, 31.900875368404897], [-81.64748990941655, 31.901371081113737], [-81.64704973492726, 31.9017523967654], [-81.64647481314536, 31.901958306560466], [-81.6459537902805, 31.901965932840337], [-81.64536988534573, 31.901782901949304], [-81.64491174455077, 31.901424465400066], [-81.64466021627118, 31.900936379343904], [-81.64465123311834, 31.90041015866527], [-81.64483987932803, 31.89999070524501], [-81.64526208751163, 31.899601755820147], [-81.6458280261407, 31.899380587767133]]]}}, {"type": "Feature", "properties": {"FID": 183, "_Area_ID": "Pond 33 - Alligator Hunting", "_label": " ", "_Parent_ID": "Ponds", "_Type": " ", "Use_Restri": " ", "_ClosedSta": "_closed", "_OpenSta": "_open", "Status": " ", "ACRES": 0, "Visual": " ", "FillTransp": 0, "OutlineTra": 0, "FillTran_1": 0, "OutlineT_1": 0, "Id": 0, "Shape_Leng": 1449.86643077, "Shape_Area": 165096, "area_name": "Pond 33 - Alligator Hunting", "area_type": " ", "area_syskey": 183}, "geometry": {"type": "Polygon", "coordinates": [[[-81.54633062525777, 31.95306306309818], [-81.54712114270791, 31.952819157404658], [-81.54784877808814, 31.952842023590925], [-81.5486213292326, 31.953131661457807], [-81.54919625101451, 31.953649958519183], [-81.54948371190547, 31.954320691551647], [-81.54942981298841, 31.955037150971787], [-81.54905252056903, 31.95567738657645], [-81.54851353139848, 31.956081342459377], [-81.5477140307955, 31.956325239490827], [-81.54699537856811, 31.95630999594534], [-81.54621384427082, 31.956020368100337], [-81.5456389224889, 31.955502084414082], [-81.54535146159795, 31.954823738111894], [-81.54537841105648, 31.95421398435136], [-81.54571078771164, 31.953558494544367], [-81.54633062525777, 31.95306306309818]]]}}, {"type": "Feature", "properties": {"FID": 184, "_Area_ID": "Dove Field - C18 West", "_label": "DOVE FIELD-C18 WEST", "_Parent_ID": "Dove Field", "_Type": " ", "Use_Restri": " ", "_ClosedSta": "_closed", "_OpenSta": "_open", "Status": " ", "ACRES": 0, "Visual": " ", "FillTransp": 0, "OutlineTra": 0, "FillTran_1": 0, "OutlineT_1": 0, "Id": 0, "Shape_Leng": 807.614860145, "Shape_Area": 37496.5, "area_name": "Dove Field - C18 West", "area_type": " ", "area_syskey": 184}, "geometry": {"type": "Polygon", "coordinates": [[[-81.33893657558423, 31.976391172846252], [-81.33935878376782, 31.976170189490926], [-81.33997862131395, 31.97619304986268], [-81.34101168389083, 31.977366541298768], [-81.34067930723566, 31.977717061804338], [-81.3402211664407, 31.97785422163775], [-81.3396282783531, 31.97738940137257], [-81.33836165380231, 31.97735130124642], [-81.3383347043438, 31.977130320202924], [-81.33893657558423, 31.976391172846252]]]}}, {"type": "Feature", "properties": {"FID": 185, "_Area_ID": "Dove Field - Remagen DZ", "_label": "Dove Field", "_Parent_ID": "Dove Field", "_Type": " ", "Use_Restri": " ", "_ClosedSta": "_closed", "_OpenSta": "_open", "Status": " ", "ACRES": 15.0380028577, "Visual": " ", "FillTransp": 0, "OutlineTra": 0, "FillTran_1": 0, "OutlineT_1": 0, "Id": 0, "Shape_Leng": 1347.50311259, "Shape_Area": 79632, "area_name": "Dove Field - Remagen DZ", "area_type": " ", "area_syskey": 185}, "geometry": {"type": "Polygon", "coordinates": [[[-81.80330269546877, 32.093703790902936], [-81.80335659438583, 32.09382555642537], [-81.80260200954706, 32.09416802108706], [-81.80179352579124, 32.09353636304462], [-81.80031130557224, 32.091009687202636], [-81.80041910340634, 32.0905758834186], [-81.8013174186906, 32.08988331521387], [-81.80330269546877, 32.093703790902936]]]}}, {"type": "Feature", "properties": {"FID": 186, "_Area_ID": "Dove Field - Remagen DZ", "_label": "Dove Field", "_Parent_ID": "Dove Field", "_Type": " ", "Use_Restri": " ", "_ClosedSta": "_closed", "_OpenSta": "_open", "Status": " ", "ACRES": 9.19492271463, "Visual": " ", "FillTransp": 0, "OutlineTra": 0, "FillTran_1": 0, "OutlineT_1": 0, "Id": 0, "Shape_Leng": 984.76633927, "Shape_Area": 49877, "area_name": "Dove Field - Remagen DZ", "area_type": " ", "area_syskey": 186}, "geometry": {"type": "Polygon", "coordinates": [[[-81.80058080015752, 32.0886884324538], [-81.79995197945854, 32.089167909578464], [-81.79952078812211, 32.08908419153163], [-81.79811941627868, 32.08686182988302], [-81.79809246682015, 32.08667155668216], [-81.79830806248837, 32.08645845022686], [-81.79887400111744, 32.08622251035739], [-81.79942197344084, 32.08674005508011], [-81.80058080015752, 32.0886884324538]]]}}, {"type": "Feature", "properties": {"FID": 187, "_Area_ID": "B-03", "_label": "FIREARM", "_Parent_ID": "Bravo", "_Type": " ", "Use_Restri": " ", "_ClosedSta": "_closed", "_OpenSta": "_open", "Status": " ", "ACRES": 0, "Visual": " ", "FillTransp": 0, "OutlineTra": 0, "FillTran_1": 0, "OutlineT_1": 0, "Id": 0, "Shape_Leng": 13905.8828206, "Shape_Area": 5437515.5, "area_name": "B-03", "area_type": " ", "area_syskey": 187}, "geometry": {"type": "Polygon", "coordinates": [[[-81.54889082381787, 31.952117924928377], [-81.55048982502382, 31.94854308052059], [-81.59158774927802, 31.95534964747918], [-81.5913092715399, 31.955715495697895], [-81.59082418128641, 31.957148387190415], [-81.59024027635165, 31.958299257254396], [-81.58994383230784, 31.95990740252587], [-81.58962942195836, 31.960402797054417], [-81.58947670836004, 31.96106585939502], [-81.58943179259582, 31.96253677370341], [-81.58990789969647, 31.963878105071775], [-81.59006959644763, 31.964929817098895], [-81.589934849155, 31.965821476555163], [-81.58947670836004, 31.966553088103126], [-81.58893771918949, 31.96705606766056], [-81.58778787562566, 31.967871498360886], [-81.58689854349426, 31.968206813556705], [-81.58638650378224, 31.96948709667543], [-81.58323341713454, 31.968183951195908], [-81.58283815840947, 31.96788673998725], [-81.58196679258376, 31.967978189692396], [-81.58210153987639, 31.967307556405967], [-81.58147271917743, 31.967124655568526], [-81.57990965058283, 31.96595865416447], [-81.57949642555208, 31.96598151707945], [-81.57888557115879, 31.96525752200805], [-81.5784633629752, 31.96520417477694], [-81.57800522218024, 31.965333732284385], [-81.57707995743746, 31.964807880089936], [-81.5769811427562, 31.964518279044665], [-81.57619960845891, 31.963885726216752], [-81.57583129919236, 31.963870483926158], [-81.5752024784934, 31.96359612226298], [-81.57510366381213, 31.963230305436827], [-81.57480721976832, 31.963397971663063], [-81.57483416922685, 31.96322268423745], [-81.57459162410011, 31.962948320638663], [-81.57370229196871, 31.962369105904685], [-81.57351364575902, 31.962010905490846], [-81.57249854948782, 31.961744159594126], [-81.5710971776444, 31.961157315893853], [-81.56997428353908, 31.961081102151145], [-81.56933647968728, 31.961271636389334], [-81.56915681663043, 31.961606975688365], [-81.56874359159967, 31.961462170232192], [-81.56835731602746, 31.960951538643364], [-81.56824951819334, 31.96004458897058], [-81.56796205730238, 31.959480598942974], [-81.56698289364256, 31.959602543026204], [-81.56629119087368, 31.95906141492188], [-81.5656803364804, 31.95880228202461], [-81.56546474081217, 31.958489797264225], [-81.56490778533595, 31.958360230100535], [-81.56457540868078, 31.95855076998388], [-81.56313810422598, 31.958642228987465], [-81.56254521613839, 31.958878497658528], [-81.5624014856929, 31.95855076998388], [-81.5624643677628, 31.958322122076435], [-81.56206910903774, 31.95842120290622], [-81.5619343617451, 31.958032500576486], [-81.5612785915876, 31.958291635645768], [-81.5608114676398, 31.95807060872076], [-81.56024552901071, 31.958611742663056], [-81.55982332082712, 31.958573634743328], [-81.55892500554289, 31.958848011412538], [-81.55816143755126, 31.958474554077988], [-81.55790092611885, 31.958184933058735], [-81.55783804404894, 31.957720013196976], [-81.55804465656432, 31.957460876514844], [-81.55749668424093, 31.957224604196856], [-81.55753261685231, 31.956249021738074], [-81.55692176245901, 31.955395378586214], [-81.55667921733226, 31.954290203792784], [-81.55682294777775, 31.95353562853644], [-81.55724515596134, 31.952857267711966], [-81.55778414513189, 31.952384698783902], [-81.55776617882621, 31.952232256675615], [-81.55794584188305, 31.95222463456357], [-81.55801770710579, 31.95146242016433], [-81.55859262888771, 31.951035577338324], [-81.5586105951934, 31.950875510767283], [-81.55839499952518, 31.950745932862635], [-81.5576583809921, 31.951203265827907], [-81.55735295379546, 31.951881638866524], [-81.55684989723628, 31.952209390337547], [-81.55649057112258, 31.952582873146483], [-81.55630192491289, 31.9530325749219], [-81.55602344717477, 31.953230747886792], [-81.55567310421392, 31.953223125857594], [-81.55472089001262, 31.952430431367066], [-81.55345426546184, 31.951713951615222], [-81.55293324259698, 31.951584374893176], [-81.55189119686725, 31.951454797988394], [-81.55132525823817, 31.951637730036158], [-81.54987897063054, 31.95175968453229], [-81.54889082381787, 31.952117924928377]]]}}, {"type": "Feature", "properties": {"FID": 188, "_Area_ID": "Dove Field - Galahad DZ", "_label": "Dove Field", "_Parent_ID": "Dove Field", "_Type": " ", "Use_Restri": " ", "_ClosedSta": "_closed", "_OpenSta": "_open", "Status": " ", "ACRES": 0, "Visual": " ", "FillTransp": 0, "OutlineTra": 0, "FillTran_1": 0, "OutlineT_1": 0, "Id": 0, "Shape_Leng": 2327.3827362, "Shape_Area": 108706.701018, "area_name": "Dove Field - Galahad DZ", "area_type": " ", "area_syskey": 188}, "geometry": {"type": "Polygon", "coordinates": [[[-81.5189948911582, 32.02760684649714], [-81.51875234603146, 32.02282396713832], [-81.52008185265215, 32.023448497407955], [-81.52025253255614, 32.0273402913207], [-81.5189948911582, 32.02760684649714]], [[-81.51952489717591, 32.03174216028818], [-81.51925540259064, 32.03168123621], [-81.51930930150769, 32.03010481159485], [-81.51963269501002, 32.02965548753237], [-81.51963269501002, 32.02907669396594], [-81.5199471053595, 32.0289700736995], [-81.520090835805, 32.029114772602455], [-81.52003693688793, 32.03169646723334], [-81.5199021895953, 32.03184116182881], [-81.51952489717591, 32.03174216028818]]]}}]}