{"type": "FeatureCollection", "features": [{"type": "Feature", "properties": {"FID": 0, "AREA_ID": "56", "ACRES": 659.135, "area_name": "56", "area_type": null, "area_syskey": 0}, "geometry": {"type": "Polygon", "coordinates": [[[-96.8311130843926, 39.190081465608344], [-96.83111128776203, 39.189668592442395], [-96.8311085928162, 39.18911228901192], [-96.83110949113147, 39.188120122401585], [-96.83121189907388, 39.1881222111881], [-96.83129903565644, 39.18812429997457], [-96.83156853024173, 39.188129173809386], [-96.83180209221564, 39.18813892147806], [-96.83199972157817, 39.18815006166917], [-96.83224675828131, 39.188172342046066], [-96.83246504889539, 39.18819949624585], [-96.832612372602, 39.188222472868254], [-96.83281000196453, 39.188253108353116], [-96.83297259703099, 39.188277477479254], [-96.83587146045325, 39.18876625073922], [-96.8373689520321, 39.18901829488102], [-96.83843615058977, 39.18919375049035], [-96.83921409162593, 39.189321164408256], [-96.83951233230029, 39.18937199066079], [-96.83990759102535, 39.18943674186075], [-96.8403558503522, 39.18950636674041], [-96.84045646166403, 39.18951889921144], [-96.84062264999163, 39.18953978665815], [-96.84085441533495, 39.18957459905557], [-96.84114187622592, 39.189607322693384], [-96.84134040390371, 39.189627513866576], [-96.84153264337456, 39.18964770503397], [-96.84196922460269, 39.189681124884494], [-96.84259355372525, 39.18971802595097], [-96.84294928657782, 39.189732647122895], [-96.84345593639812, 39.189746572045706], [-96.84396797611014, 39.18975283826009], [-96.8444548629942, 39.18975005327601], [-96.84507200559449, 39.189746572045706], [-96.8467186175105, 39.18973195087668], [-96.84720550439455, 39.18972777339927], [-96.84829605914963, 39.18971941844369], [-96.8496318539773, 39.18970618976196], [-96.84977648273808, 39.18970479726899], [-96.8499229081294, 39.18969713855723], [-96.84990853508485, 39.19005640086474], [-96.84990763676957, 39.1900821618511], [-96.84990314519315, 39.19017128086623], [-96.84986451763592, 39.19068023182602], [-96.8497971439896, 39.19147463354968], [-96.84978816083677, 39.1916904641932], [-96.8497692962158, 39.192169466608036], [-96.84977288947694, 39.192745239898876], [-96.84979355072848, 39.19426993719154], [-96.84979804230488, 39.19524739695637], [-96.84980612714244, 39.19731784018355], [-96.84981061871888, 39.198351646596], [-96.8498258900787, 39.20164092943034], [-96.84957076853797, 39.20173072991305], [-96.84955100560173, 39.20173838731325], [-96.84952675108906, 39.2017481330941], [-96.84946386901916, 39.20177180141341], [-96.84935157960864, 39.20180521549766], [-96.84910544122074, 39.20187622037393], [-96.84887906576911, 39.20193608717465], [-96.848856607887, 39.201942352302], [-96.84875779320575, 39.20197158955562], [-96.84862124928253, 39.20201196479059], [-96.8484909935663, 39.20205234000237], [-96.84840475529903, 39.20207879271474], [-96.84829426251908, 39.20211290277654], [-96.8482349737103, 39.20213239423297], [-96.84819634615309, 39.202145620575315], [-96.84803824266308, 39.20219852591985], [-96.84791337683855, 39.20225073510236], [-96.84779839248216, 39.20230503261102], [-96.84762950920873, 39.20238787103696], [-96.84729803086886, 39.202561204906274], [-96.84618771317753, 39.203176571493636], [-96.84513488766437, 39.20374877404899], [-96.84508098874733, 39.203777314443684], [-96.84500014037174, 39.2038197769607], [-96.8449112071586, 39.20386711219532], [-96.8441422492753, 39.20424788123095], [-96.84397246768657, 39.20432306024808], [-96.84389341594155, 39.20435508091616], [-96.84386736479831, 39.204366218536414], [-96.84367153206634, 39.20443791692447], [-96.8435601409711, 39.20447481024128], [-96.84343078357018, 39.204510311339156], [-96.84313613615693, 39.204586882273496], [-96.84281543760046, 39.20465092335446], [-96.84259984193224, 39.20468642436333], [-96.84241029740727, 39.2047107877904], [-96.84216056575825, 39.204742808281694], [-96.84210217526477, 39.20474698486643], [-96.8420608527617, 39.20474976925613], [-96.84195754650402, 39.20475603413255], [-96.84178147670829, 39.2047643873002], [-96.84136016683999, 39.20477691704985], [-96.8410511463822, 39.204780397535465], [-96.84053461509376, 39.20478457411797], [-96.83859335576452, 39.20477065217532], [-96.83697638825286, 39.204759514619184], [-96.83453386899502, 39.204733062916326], [-96.83318190449224, 39.20471705267027], [-96.83286120593576, 39.20471217998597], [-96.83271837380556, 39.2047100916926], [-96.83250098150675, 39.20470661120349], [-96.83187395743836, 39.204691297049436], [-96.831307120494, 39.20467041410664], [-96.83127657777435, 39.20466762971381], [-96.83124962831583, 39.20466484532085], [-96.83118135635422, 39.20465788433801], [-96.83117416983194, 39.20427294091227], [-96.83117506814723, 39.200030070265164], [-96.8311705765708, 39.198886992221055], [-96.83114093216642, 39.19485822479029], [-96.83114003385113, 39.19346721255807], [-96.83113464395943, 39.192677010662194], [-96.8311130843926, 39.19056326394257], [-96.8311130843926, 39.190081465608344]]]}}, {"type": "Feature", "properties": {"FID": 1, "AREA_ID": "39", "ACRES": 495.218, "area_name": "39", "area_type": null, "area_syskey": 1}, "geometry": {"type": "Polygon", "coordinates": [[[-96.80661153501482, 39.17533906808822], [-96.8064938557126, 39.1753334969777], [-96.80638605787848, 39.17533488975537], [-96.80593959518224, 39.17533837169941], [-96.80570782983888, 39.1753418536433], [-96.80546887797328, 39.175347424753156], [-96.80498648266564, 39.17535090669659], [-96.80434508555268, 39.17535717419434], [-96.80414206629845, 39.17535926336013], [-96.80398306449314, 39.1753550850285], [-96.80395252177345, 39.175354388639846], [-96.8038537070922, 39.175347424753156], [-96.80375579072623, 39.17533419336653], [-96.80365877267553, 39.175314694476455], [-96.80356534788596, 39.1752882316884], [-96.80347461804224, 39.175256197773734], [-96.80338837977496, 39.175217896334885], [-96.8033057347688, 39.17517402375201], [-96.80322937796964, 39.17512458001469], [-96.8031575127469, 39.17507095789407], [-96.80309283404645, 39.17501176459657], [-96.80303444355297, 39.174949089286066], [-96.80298503621233, 39.17488711031295], [-96.80294281539399, 39.174821649315746], [-96.80290867941319, 39.174753402679286], [-96.8028835265852, 39.17468237039551], [-96.80286106870312, 39.17460228489145], [-96.80284669565856, 39.174532645248554], [-96.80283591587515, 39.17445116677882], [-96.80283232261402, 39.17438849096862], [-96.80282513609176, 39.17421926600205], [-96.80282603440703, 39.17385435151939], [-96.80282513609176, 39.173269370153314], [-96.80282513609176, 39.17305000088636], [-96.8028224411459, 39.17278884610486], [-96.8028170512542, 39.17256181476008], [-96.80280986473191, 39.172294390395344], [-96.80280267820963, 39.17204646481542], [-96.80278650853454, 39.17173864588466], [-96.80276045739127, 39.17136396853544], [-96.80272182983406, 39.17076712707394], [-96.80269577869082, 39.1703875694839], [-96.80266882923229, 39.1699341869988], [-96.8026499646113, 39.16966257397174], [-96.80263289662093, 39.16938051317952], [-96.80261403199994, 39.169081736439864], [-96.80260325221654, 39.16894801776762], [-96.80258977748728, 39.16882195982815], [-96.80257450612744, 39.16868684775268], [-96.80255923476761, 39.16860466605401], [-96.80253767520078, 39.16850576930631], [-96.8025080307964, 39.16838876452376], [-96.80247838639201, 39.16829892143365], [-96.80243706388896, 39.16817982692797], [-96.80239124980946, 39.168071179132845], [-96.80235531719808, 39.16798969317637], [-96.80230590985747, 39.16788592032588], [-96.80220260359977, 39.16768464234715], [-96.80208492429753, 39.16746664859241], [-96.80184058254021, 39.16701394374836], [-96.80159534246762, 39.16657446902779], [-96.80157198627022, 39.16653128752833], [-96.8014713749584, 39.166349507054356], [-96.80126027086659, 39.16596713969644], [-96.8009126228516, 39.165338214001686], [-96.80060270407853, 39.16476918114649], [-96.80018408915606, 39.16400860617615], [-96.79982386472707, 39.16335737473491], [-96.80056227989073, 39.16272703267809], [-96.80099436954245, 39.16231051626395], [-96.80127823717227, 39.162033998152005], [-96.80140579794264, 39.16190932086438], [-96.8016537329611, 39.16168782659057], [-96.80178039541617, 39.1615910096921], [-96.80191244776296, 39.161503247496334], [-96.80204719505558, 39.16142454003715], [-96.80212984006174, 39.16138344495711], [-96.80217655245653, 39.16136045956289], [-96.80234274078411, 39.16129916514158], [-96.80245952177106, 39.161263642213875], [-96.80259067580255, 39.16123369149619], [-96.80278650853454, 39.1611953824201], [-96.8029706631678, 39.161164735144204], [-96.80337131178456, 39.1611090127902], [-96.80368392550349, 39.16107488282654], [-96.80395880998047, 39.16105189733151], [-96.80434778049853, 39.16101776734017], [-96.8046523093799, 39.16099617488812], [-96.80504127989798, 39.1609766720225], [-96.80572399951402, 39.16095647262027], [-96.80621178471335, 39.160947417713935], [-96.80802099169581, 39.16093070096073], [-96.81044374801743, 39.16091955645639], [-96.81223229374837, 39.160923039114174], [-96.81253951757556, 39.16091955645639], [-96.81253951757556, 39.16091955645639], [-96.81279463911629, 39.16091746686163], [-96.81321235572348, 39.16091398420354], [-96.81475566138181, 39.16090214316482], [-96.81546083887994, 39.16089308825149], [-96.81606450675095, 39.16089308825149], [-96.8160950494706, 39.16089308825149], [-96.81615972817107, 39.16135488734498], [-96.81616511806277, 39.16165578648065], [-96.81618128773789, 39.16213708311678], [-96.81619566078244, 39.16243171025758], [-96.81616601637808, 39.16262952069522], [-96.81613727028896, 39.16280922124439], [-96.8161516433335, 39.16309200489996], [-96.81616152480164, 39.163542645469775], [-96.81618308436846, 39.16383796322634], [-96.81623069507853, 39.164480135766695], [-96.81622530518683, 39.1646605280828], [-96.81621183045756, 39.16485276031206], [-96.81619296583659, 39.164955144654506], [-96.81614266018066, 39.16506240428203], [-96.81612379555969, 39.1651884689598], [-96.81610852419988, 39.165441294124356], [-96.81610403262344, 39.16607996962479], [-96.81614176186538, 39.16639268866545], [-96.81612199892915, 39.16677644665716], [-96.81612738882085, 39.16709543083534], [-96.8161588298558, 39.16730855046259], [-96.8162091355117, 39.16764006859921], [-96.81626483105933, 39.16780652354493], [-96.8163348996515, 39.167984817945204], [-96.81644000253978, 39.16826479495848], [-96.81657295320183, 39.16863879236428], [-96.81663224201057, 39.16892921355895], [-96.8166996156569, 39.16932897602363], [-96.81673464995298, 39.16967302064604], [-96.81670859880974, 39.170027510206985], [-96.81665559820799, 39.17026917495409], [-96.81660978412847, 39.1705164103634], [-96.81657295320183, 39.170728823189876], [-96.81657654646295, 39.17085905631049], [-96.8166259538036, 39.17097327125519], [-96.81672117522373, 39.1712922363989], [-96.8167687859338, 39.17145171842824], [-96.81679393876175, 39.17163348571495], [-96.81681190506742, 39.17177485994647], [-96.81680292191459, 39.17232085431011], [-96.81681819327441, 39.17253813660217], [-96.81685143093993, 39.17270318712529], [-96.81692060121682, 39.172886344003416], [-96.81699336475486, 39.17322271071573], [-96.81707690807629, 39.173654483433296], [-96.81715775645186, 39.17396020477041], [-96.8171793160187, 39.17422483720083], [-96.81719907895496, 39.174559108320985], [-96.81720626547721, 39.17482861325452], [-96.81719907895496, 39.17506260119628], [-96.81717392612697, 39.17535856697155], [-96.81716494297413, 39.17535787058295], [-96.81681729495914, 39.17535299586256], [-96.81659990266036, 39.17534951391923], [-96.81624866138421, 39.175342550032056], [-96.81613727028896, 39.17533976447697], [-96.81601330277975, 39.17533837169941], [-96.81300035331638, 39.175291713634756], [-96.81272277389355, 39.17529241002399], [-96.81153699771835, 39.175296588359366], [-96.80927144657149, 39.175291713634756], [-96.80796619446349, 39.17528892807769], [-96.80786378652108, 39.17529519558096], [-96.80771286955334, 39.17530494502937], [-96.80744696822917, 39.175320265588454], [-96.80730772936012, 39.175329318644515], [-96.80698074259668, 39.17543516967513], [-96.8069214537879, 39.175407314156224], [-96.80687923296954, 39.175391993616095], [-96.80682353742192, 39.175374583907384], [-96.80675167219918, 39.17535717419434], [-96.80667351876944, 39.17534533558701], [-96.80661153501482, 39.17533906808822]]]}}, {"type": "Feature", "properties": {"FID": 2, "AREA_ID": "46", "ACRES": 346.342, "area_name": "46", "area_type": null, "area_syskey": 2}, "geometry": {"type": "Polygon", "coordinates": [[[-96.79358416676273, 39.20715892107239], [-96.79360033643783, 39.20713734278953], [-96.79361560779768, 39.20717910720194], [-96.79365513367019, 39.2072925670636], [-96.79370184606496, 39.20742342851694], [-96.79375484666673, 39.20761972023971], [-96.79375215172087, 39.208292815704716], [-96.79380425400737, 39.20979281393208], [-96.79385455966327, 39.21097747666306], [-96.79390486531919, 39.21135403095997], [-96.793945289507, 39.21163801142315], [-96.79400906989218, 39.21197349666704], [-96.79400368000044, 39.21214541483273], [-96.79399290021706, 39.2122769632664], [-96.79394259456114, 39.21243983241421], [-96.79393900129999, 39.212515002662734], [-96.79396056086682, 39.21274399301643], [-96.79396505244326, 39.212866492108766], [-96.79394888276812, 39.21296880652779], [-96.79392822151658, 39.21302309575083], [-96.79387522091481, 39.213104529506644], [-96.79380515232265, 39.21319640337425], [-96.7937332870999, 39.21327366085165], [-96.79370633764137, 39.21331959768981], [-96.79368837133569, 39.213364142473885], [-96.79365423535491, 39.21352283303749], [-96.79364704883261, 39.21367177911737], [-96.79364345557148, 39.21374068397267], [-96.79364884546318, 39.21380262868386], [-96.79366681176886, 39.213851349204845], [-96.79380605063794, 39.21415202367191], [-96.79382850852002, 39.21425503222101], [-96.79384288156459, 39.21431628047586], [-96.79384916977158, 39.214381008687134], [-96.79385186471744, 39.2144826248984], [-96.79384647482571, 39.21460303295842], [-96.79381952536718, 39.21479095263947], [-96.79381323716021, 39.21498861576124], [-96.79380425400737, 39.2151890623024], [-96.79380605063794, 39.21542500385201], [-96.79381323716021, 39.215667904501046], [-96.79386264450083, 39.216842028454856], [-96.79386264450083, 39.21761455929147], [-96.79383928830346, 39.21797646270548], [-96.79381952536718, 39.21811635179442], [-96.7938356950423, 39.218274335654264], [-96.7938761192301, 39.21856942349757], [-96.79144348144035, 39.21854924064213], [-96.79075447361735, 39.218547848720846], [-96.78588650309202, 39.218501915303214], [-96.78431175639875, 39.21847964454444], [-96.78305591163138, 39.218465725316626], [-96.77727974435368, 39.21841283222575], [-96.77717913304186, 39.21841561607364], [-96.77700845313784, 39.218382209891764], [-96.77704797901033, 39.218371074494264], [-96.7770839116217, 39.218355067357294], [-96.77711625097196, 39.21833488444023], [-96.77714320043049, 39.21831052573952], [-96.7771647599973, 39.21828268721406], [-96.77718003135713, 39.218252064823304], [-96.77720069260866, 39.21818873210912], [-96.7772950157135, 39.21776210475473], [-96.7773695758821, 39.21744126257307], [-96.77761930753113, 39.216402865243715], [-96.77783310656878, 39.2155196586461], [-96.77793551451119, 39.2150895350983], [-96.77798043027539, 39.21487795232148], [-96.77802175277846, 39.214666368907125], [-96.77803882076888, 39.2145577929601], [-96.77805049886757, 39.21444921684517], [-96.77805858370513, 39.214382400691015], [-96.77806397359684, 39.214315584473276], [-96.77806307528154, 39.21427173629581], [-96.77806307528154, 39.21418473586266], [-96.77805858370513, 39.21409843132647], [-96.77804960055228, 39.21401143067859], [-96.77802893930075, 39.21384369312521], [-96.77799929489636, 39.213675955171134], [-96.77797953196011, 39.21355276148077], [-96.77796246396971, 39.21342956757426], [-96.77796695554612, 39.21337597467741], [-96.77798043027539, 39.213323773764515], [-96.77800288815749, 39.21327296483873], [-96.77803432919245, 39.213224939929866], [-96.77807385506496, 39.21318039505747], [-96.77811966914446, 39.21314072225672], [-96.77817266974623, 39.21310592153584], [-96.77850863966253, 39.21290546904786], [-96.77972585687269, 39.21219900866879], [-96.78079485206095, 39.211571192593944], [-96.78200039117237, 39.210865414828085], [-96.78331642306381, 39.21008028093167], [-96.78386259875664, 39.209759403647574], [-96.7843144513446, 39.209500473403644], [-96.78448153798746, 39.20940859470053], [-96.7846800656653, 39.20930209878059], [-96.78479774496752, 39.20924293431082], [-96.78492800068373, 39.209184465844686], [-96.78517144412578, 39.20907170509398], [-96.78547956626828, 39.20894084671186], [-96.78561521187619, 39.20888098588132], [-96.78576702715924, 39.20881834077144], [-96.78618025218998, 39.20864989475444], [-96.786783920061, 39.20840557770604], [-96.78698514268466, 39.20832831487281], [-96.78722319623499, 39.208243395264375], [-96.78742980875037, 39.208175877141755], [-96.78751335207178, 39.20815290704402], [-96.78768133702995, 39.20810348650521], [-96.78790771248158, 39.208050585608234], [-96.78802898504495, 39.2080241351448], [-96.7881915801114, 39.20799559647572], [-96.78835866675428, 39.20796984205708], [-96.7885733641072, 39.207937823036936], [-96.78925698203852, 39.20784455015599], [-96.78956240923517, 39.20780487434072], [-96.7907401005728, 39.207648259061564], [-96.79120991946645, 39.20758422071349], [-96.79167075520728, 39.2075243587266], [-96.79210553980487, 39.20746519275923], [-96.79243252656833, 39.207422732446005], [-96.79284215833793, 39.20736704675044], [-96.7931925012988, 39.20731901780257], [-96.79329311261063, 39.20730300814596], [-96.79336048625694, 39.20728699848571], [-96.79340450370587, 39.20727307703905], [-96.79346199588407, 39.20725149879127], [-96.79349882681072, 39.20723131268254], [-96.7935446408902, 39.20719790117942], [-96.79358416676273, 39.20715892107239]]]}}, {"type": "Feature", "properties": {"FID": 3, "AREA_ID": "51", "ACRES": 635.234, "area_name": "51", "area_type": null, "area_syskey": 3}, "geometry": {"type": "Polygon", "coordinates": [[[-96.86708971321133, 39.1611055301416], [-96.86831142199787, 39.16110204749282], [-96.8683159135743, 39.16144473930499], [-96.86831771020489, 39.16287956900876], [-96.86833028661884, 39.16403507320882], [-96.86834735460927, 39.16513135681334], [-96.86835993102324, 39.16562377343052], [-96.86836352428439, 39.16575819490671], [-96.86835813439266, 39.16588495481983], [-96.86835274450095, 39.16598385525278], [-96.86834196471756, 39.16609668515434], [-96.86831232031317, 39.16627010853902], [-96.86828896411579, 39.16640243934814], [-96.86826650623367, 39.166513875625874], [-96.86816319997598, 39.16699235313683], [-96.86812187747293, 39.16717204254039], [-96.86806887687113, 39.16736775024446], [-96.86797365545101, 39.16763728273902], [-96.86786855256277, 39.1678928849515], [-96.8674894635128, 39.168744653466206], [-96.86742658144291, 39.16890344482039], [-96.86739963198438, 39.16898284036301], [-96.86738076736343, 39.16906084291409], [-96.86736459768828, 39.16913954182885], [-96.86735741116603, 39.16919177557323], [-96.86735202127433, 39.169250973769934], [-96.86734752969791, 39.16931017191682], [-96.86734932632847, 39.16938051317952], [-96.8673592077966, 39.16944667568912], [-96.867376275787, 39.1695295528502], [-96.86739783535383, 39.169610340577044], [-96.86742298818176, 39.16969669976867], [-96.86745532753203, 39.169779576635094], [-96.86753437927702, 39.16995925891763], [-96.86761702428316, 39.170137547860534], [-96.86768529624477, 39.17028310373268], [-96.8677688395662, 39.17047671346893], [-96.86782902669026, 39.170622965074585], [-96.8678829256073, 39.17077548428222], [-96.86791257001168, 39.17087646713721], [-96.86793772283964, 39.170968396230876], [-96.867979943658, 39.17114389689413], [-96.86801587626937, 39.17130477211735], [-96.86803923246677, 39.17143639702626], [-96.86806079203357, 39.171569414541054], [-96.86809223306854, 39.17177764564276], [-96.86811828421177, 39.17197125126442], [-96.8681344538869, 39.17209173219158], [-96.86815062356202, 39.172231016243195], [-96.86814972524672, 39.172391888979455], [-96.86815960671485, 39.172572261003694], [-96.86815511513842, 39.17294693191512], [-96.86814343703973, 39.17322131789623], [-96.8681003179061, 39.17386967239454], [-96.86806797855586, 39.17422483720083], [-96.86804552067376, 39.17444281000734], [-96.86801677458467, 39.174618301999566], [-96.86797545208157, 39.174823738497466], [-96.86787933234616, 39.17521162882472], [-96.8677634496745, 39.17566428089963], [-96.86720829082884, 39.17566915559841], [-96.86553113619316, 39.175661495357296], [-96.86402466146147, 39.175658013429256], [-96.86338775592495, 39.175652442344], [-96.86062274148004, 39.17565453150101], [-96.85779035338881, 39.17564269294376], [-96.85606019815137, 39.17563642547145], [-96.85442885759517, 39.17563224715629], [-96.85007292678189, 39.17561901582327], [-96.84966060006641, 39.175615533893094], [-96.84964532870656, 39.175615533893094], [-96.84963904049958, 39.17544213355314], [-96.8496327522926, 39.17528126779512], [-96.84961209104105, 39.174084860697256], [-96.84960490451878, 39.17374153406329], [-96.84960759946463, 39.17159657515452], [-96.84960400620349, 39.16880245913226], [-96.84960310788821, 39.168435427168724], [-96.84961298935634, 39.167353820888486], [-96.84963724386901, 39.164992058700626], [-96.8496444303913, 39.164735749452475], [-96.84965790512055, 39.16425098810345], [-96.84972348213631, 39.163116382748065], [-96.84976121137824, 39.16261001828241], [-96.84978187262979, 39.161981062570824], [-96.84980163556604, 39.161281751943974], [-96.84981870355644, 39.16111110237925], [-96.84981870355644, 39.16110970931989], [-96.8500136379731, 39.16109508219478], [-96.85034421799772, 39.161088813425955], [-96.85080325710796, 39.161082544656566], [-96.85152280765062, 39.16108393771646], [-96.85445760368428, 39.16108742036613], [-96.85591197612948, 39.16109438566493], [-96.85756757119832, 39.161099261373714], [-96.85900307902254, 39.16110135096305], [-96.86187139972515, 39.1611055301416], [-96.8627688166941, 39.16110692320104], [-96.86537842259483, 39.16110970931989], [-96.86708971321133, 39.1611055301416]]]}}, {"type": "Feature", "properties": {"FID": 4, "AREA_ID": "54", "ACRES": 628.504, "area_name": "54", "area_type": null, "area_syskey": 4}, "geometry": {"type": "Polygon", "coordinates": [[[-96.86612132933492, 39.18984474267328], [-96.86539998216166, 39.189830817769916], [-96.86447831068003, 39.189818981599885], [-96.86345602788656, 39.18980784167334], [-96.86237355796902, 39.189805056691426], [-96.85954476313896, 39.1897667631789], [-96.8574894177686, 39.18973543210769], [-96.85539544484104, 39.1897068860084], [-96.85291070476481, 39.1896853023647], [-96.85220552726668, 39.189684606118], [-96.8520447288308, 39.189684606118], [-96.85200340632771, 39.189684606118], [-96.85153268911877, 39.18968599861135], [-96.8512865507309, 39.18968599861135], [-96.85120929561646, 39.18968669485803], [-96.8499633323172, 39.18969713855723], [-96.8499229081294, 39.18969713855723], [-96.8499229081294, 39.18969296107773], [-96.84992560307528, 39.189284263133395], [-96.84991931486826, 39.188726564148325], [-96.84987260247348, 39.18782003275916], [-96.84985104290668, 39.18746632916887], [-96.84983127997043, 39.18714465231091], [-96.84981061871888, 39.18683272183047], [-96.84980163556604, 39.186643334791945], [-96.84979804230488, 39.186573707075944], [-96.84979355072848, 39.18649572395214], [-96.8497809743145, 39.18629380296164], [-96.84976839790052, 39.18603269737255], [-96.84976660126995, 39.185768805671614], [-96.84976749958523, 39.18568246621922], [-96.8497692962158, 39.18553972737588], [-96.84977648273808, 39.18491097672746], [-96.8497809743145, 39.18449946578288], [-96.8497863642062, 39.18384076473862], [-96.84978366926035, 39.183635354588034], [-96.84977468610751, 39.183479381733754], [-96.84976210969351, 39.18332967532047], [-96.84974055012671, 39.18306716609581], [-96.84970012593892, 39.18259297586033], [-96.84967856637209, 39.182219052670085], [-96.84966868490397, 39.18171909267122], [-96.84966149838169, 39.18097959100042], [-96.84965880343583, 39.18008410116266], [-96.84966329501226, 39.1789581074721], [-96.8496552101747, 39.17831606712765], [-96.84964892196771, 39.177598117021994], [-96.84964532870656, 39.176197710219725], [-96.8496444303913, 39.175932388831384], [-96.84964532870656, 39.175615533893094], [-96.84964532870656, 39.175615533893094], [-96.84966060006641, 39.175615533893094], [-96.85007292678189, 39.17561901582327], [-96.85442885759517, 39.17563224715629], [-96.85606019815137, 39.17563642547145], [-96.85779035338881, 39.17564269294376], [-96.86062274148004, 39.17565453150101], [-96.86338775592495, 39.175652442344], [-96.86402466146147, 39.175658013429256], [-96.86553113619316, 39.175661495357296], [-96.86720829082884, 39.17566915559841], [-96.8677634496745, 39.17566428089963], [-96.86776165304394, 39.17567333391139], [-96.86770236423517, 39.175901051593414], [-96.86770236423517, 39.175901051593414], [-96.8676673299391, 39.17609603862493], [-96.86764307542641, 39.17624088578399], [-96.8676376855347, 39.17630007804677], [-96.86763499058885, 39.176354395608755], [-96.86763409227358, 39.176358573881025], [-96.86763409227358, 39.17636414491032], [-96.86763588890413, 39.176440746518395], [-96.86764487205697, 39.17652152630556], [-96.86765205857925, 39.17658420021445], [-96.86765295689456, 39.17659743136584], [-96.86766822825437, 39.17667890734851], [-96.86771044907273, 39.17681609319151], [-96.8677463816841, 39.176899658040846], [-96.86776614462035, 39.176933780325726], [-96.86779758565531, 39.176988793770626], [-96.86782902669026, 39.1770472890319], [-96.86783531489723, 39.17705912735265], [-96.86785597614879, 39.17708976770302], [-96.86791706158812, 39.177179599562386], [-96.86799790996369, 39.17729101876335], [-96.86819823427207, 39.17754171131994], [-96.86827998096294, 39.17764964811766], [-96.86834735460927, 39.17774853200622], [-96.86839227037348, 39.17781816846401], [-96.8684075417333, 39.17784254120794], [-96.8684704238032, 39.17794908481795], [-96.86851533956742, 39.17805632462838], [-96.86854228902595, 39.17813710255937], [-96.86856474690805, 39.1782137022358], [-96.86858181489845, 39.178293087266965], [-96.86858900142073, 39.17836341954422], [-96.86860067951943, 39.178511743819094], [-96.86860786604169, 39.178779840892844], [-96.86860876435698, 39.17909946697726], [-96.86860876435698, 39.179161442237195], [-96.86861505256397, 39.181546403711714], [-96.86862134077094, 39.182785855387586], [-96.86863751044608, 39.184822547336836], [-96.86864559528364, 39.18595471364849], [-96.86864918854477, 39.18640242260104], [-96.86864918854477, 39.186424007252974], [-96.8686527818059, 39.1868243665307], [-96.86866266327402, 39.187920294870395], [-96.86866535821989, 39.18893544069103], [-96.86866266327402, 39.19005431213568], [-96.86855396712464, 39.190045260975815], [-96.86834645629398, 39.19002228494934], [-96.86818835280397, 39.1899979164282], [-96.867986231865, 39.18996797794782], [-96.86782992500554, 39.18994709062835], [-96.86780117891645, 39.18994291316372], [-96.86776614462035, 39.189938735698824], [-96.86763049901245, 39.18992272208113], [-96.86744544606388, 39.189901138503714], [-96.86721457903582, 39.18988442863275], [-96.86710408625586, 39.18987816243009], [-96.86697383053965, 39.189871199982086], [-96.86667648818057, 39.18985936381885], [-96.86612132933492, 39.18984474267328]]]}}, {"type": "Feature", "properties": {"FID": 5, "AREA_ID": "55", "ACRES": 600.306, "area_name": "55", "area_type": null, "area_syskey": 5}, "geometry": {"type": "Polygon", "coordinates": [[[-96.83180209221564, 39.18813892147806], [-96.83156853024173, 39.188129173809386], [-96.83129903565644, 39.18812429997457], [-96.83121189907388, 39.1881222111881], [-96.83110949113147, 39.188120122401585], [-96.8311139827079, 39.18763969985188], [-96.83109601640221, 39.1859616764845], [-96.83110230460919, 39.184706962296346], [-96.83110230460919, 39.182331160204065], [-96.83109601640221, 39.17970807559079], [-96.83108613493407, 39.17555843021391], [-96.83153798752205, 39.175570268785364], [-96.83193594119298, 39.17557375071775], [-96.83263752542999, 39.175580714582026], [-96.83402632085942, 39.17559742785351], [-96.83528036899621, 39.17561971220928], [-96.83529564035605, 39.17561971220928], [-96.83623258319753, 39.17563851462897], [-96.83793668729173, 39.17568517246351], [-96.83920331184252, 39.17572556280274], [-96.83984560727076, 39.17575132904148], [-96.84030374806572, 39.1757757025019], [-96.84059031064137, 39.17579241572703], [-96.84099994241102, 39.17580912894816], [-96.8412909965631, 39.17580912894816], [-96.84153803326625, 39.175800075953845], [-96.84183986720178, 39.17578405911496], [-96.84207971738267, 39.17576734588785], [-96.8428190308616, 39.17569492185785], [-96.84356193760168, 39.17562319413923], [-96.84386107659134, 39.17560439171544], [-96.84399672219924, 39.17559116037716], [-96.84414943579756, 39.17558628567298], [-96.84432730222383, 39.17558419651393], [-96.84470998453493, 39.17558141096844], [-96.8449983437412, 39.17557932180924], [-96.8453334153422, 39.175585589286634], [-96.84869940271227, 39.175616230279154], [-96.84964532870656, 39.175615533893094], [-96.84964532870656, 39.175615533893094], [-96.8496444303913, 39.175932388831384], [-96.84964532870656, 39.176197710219725], [-96.84964892196771, 39.177598117021994], [-96.8496552101747, 39.17831606712765], [-96.84966329501226, 39.1789581074721], [-96.84965880343583, 39.18008410116266], [-96.84966149838169, 39.18097959100042], [-96.84966868490397, 39.18171909267122], [-96.84967856637209, 39.182219052670085], [-96.84970012593892, 39.18259297586033], [-96.84974055012671, 39.18306716609581], [-96.84976210969351, 39.18332967532047], [-96.84977468610751, 39.183479381733754], [-96.84978366926035, 39.183635354588034], [-96.8497863642062, 39.18384076473862], [-96.8497809743145, 39.18449946578288], [-96.84977648273808, 39.18491097672746], [-96.8497692962158, 39.18553972737588], [-96.84976749958523, 39.18568246621922], [-96.84976660126995, 39.185768805671614], [-96.84976839790052, 39.18603269737255], [-96.8497809743145, 39.18629380296164], [-96.84979355072848, 39.18649572395214], [-96.84979804230488, 39.186573707075944], [-96.84980163556604, 39.186643334791945], [-96.84981061871888, 39.18683272183047], [-96.84983127997043, 39.18714465231091], [-96.84985104290668, 39.18746632916887], [-96.84987260247348, 39.18782003275916], [-96.84991931486826, 39.188726564148325], [-96.84992560307528, 39.189284263133395], [-96.8499229081294, 39.18969296107773], [-96.8499229081294, 39.18969713855723], [-96.84977648273808, 39.18970479726899], [-96.8496318539773, 39.18970618976196], [-96.84829605914963, 39.18971941844369], [-96.84720550439455, 39.18972777339927], [-96.8467186175105, 39.18973195087668], [-96.84507200559449, 39.189746572045706], [-96.8444548629942, 39.18975005327601], [-96.84396797611014, 39.18975283826009], [-96.84345593639812, 39.189746572045706], [-96.84294928657782, 39.189732647122895], [-96.84259355372525, 39.18971802595097], [-96.84196922460269, 39.189681124884494], [-96.84153264337456, 39.18964770503397], [-96.84134040390371, 39.189627513866576], [-96.84114187622592, 39.189607322693384], [-96.84085441533495, 39.18957459905557], [-96.84062264999163, 39.18953978665815], [-96.84045646166403, 39.18951889921144], [-96.8403558503522, 39.18950636674041], [-96.83990759102535, 39.18943674186075], [-96.83951233230029, 39.18937199066079], [-96.83921409162593, 39.189321164408256], [-96.83843615058977, 39.18919375049035], [-96.8373689520321, 39.18901829488102], [-96.83587146045325, 39.18876625073922], [-96.83297259703099, 39.188277477479254], [-96.83281000196453, 39.188253108353116], [-96.832612372602, 39.188222472868254], [-96.83246504889539, 39.18819949624585], [-96.83224675828131, 39.188172342046066], [-96.83199972157817, 39.18815006166917], [-96.83180209221564, 39.18813892147806]]]}}, {"type": "Feature", "properties": {"FID": 6, "AREA_ID": "60", "ACRES": 1325.95, "area_name": "60", "area_type": null, "area_syskey": 6}, "geometry": {"type": "Polygon", "coordinates": [[[-96.93237297986322, 39.226990039655874], [-96.93211336674608, 39.22698308088604], [-96.92706034327219, 39.22684738473641], [-96.9266956272668, 39.22682790013955], [-96.92649889621954, 39.226805632022185], [-96.92636953881862, 39.22678684329269], [-96.92624018141768, 39.22676109576632], [-96.92602997564119, 39.22670751304602], [-96.92584222774677, 39.22664905912268], [-96.92565986974407, 39.226579471055224], [-96.9255098510916, 39.22650988291876], [-96.92534545939458, 39.22642776882902], [-96.92518825421983, 39.226329649324605], [-96.92504003219794, 39.22622457083795], [-96.92488103039264, 39.22609931150927], [-96.92474628309999, 39.225974051957046], [-96.92461782401435, 39.2258369620798], [-96.9245235009095, 39.22572701162941], [-96.92443546601164, 39.225603143194164], [-96.92434563448323, 39.2254514388577], [-96.92428814230503, 39.22533035350978], [-96.92424412485609, 39.225223185843696], [-96.92420819224472, 39.22510349189334], [-96.92416776805695, 39.224971271594626], [-96.92414261522896, 39.224853664909084], [-96.92412824218442, 39.22472909903318], [-96.92412015734686, 39.22461357964347], [-96.92412644555387, 39.22434983285432], [-96.92412554723859, 39.22411183358183], [-96.92412105566216, 39.22399144182958], [-96.92410578430231, 39.223896798457424], [-96.92407524158264, 39.22375970452292], [-96.9240375123407, 39.22364348762766], [-96.92397373195554, 39.22350152181781], [-96.92391444314677, 39.22338321675696], [-96.92385066276158, 39.22327047880753], [-96.92377250933187, 39.22315356518727], [-96.92367189802003, 39.22301994938278], [-96.92356679513178, 39.222901643510276], [-96.92349223496318, 39.22281674152594], [-96.92339701354305, 39.22272627208535], [-96.92326496119627, 39.22261214124011], [-96.92310236612983, 39.222491050994115], [-96.92297570367475, 39.222411019969755], [-96.92283197322928, 39.22233098885415], [-96.92269093772964, 39.222262092429375], [-96.9225840382108, 39.222212681820466], [-96.92249600331297, 39.22218275706858], [-96.92237832401072, 39.22214656897949], [-96.9222597463932, 39.222106205319676], [-96.92212140583942, 39.2220665375624], [-96.92187077587512, 39.22201434311076], [-96.92174321510475, 39.221992769392756], [-96.92159589139814, 39.221974675301574], [-96.92144587274568, 39.22196075676672], [-96.92131471871419, 39.22195518935203], [-96.92098413868958, 39.22194335859429], [-96.92051072653477, 39.22193361561584], [-96.91871679091213, 39.22189673147088], [-96.9173217072757, 39.22186263101771], [-96.9161637788743, 39.22183966539708], [-96.9154289569718, 39.221820179410024], [-96.91410933181925, 39.22179095041934], [-96.91275736731646, 39.22175684991477], [-96.91189139138245, 39.22173458018858], [-96.9115464383133, 39.221723445322844], [-96.91129850329486, 39.22170813487955], [-96.9111700442092, 39.22170187151543], [-96.91105865311394, 39.22169491222131], [-96.91085024396801, 39.221676122123725], [-96.91064812302905, 39.22165454830176], [-96.91043881556783, 39.22163019075289], [-96.91023220305244, 39.22159956982232], [-96.91000313265496, 39.221563381432574], [-96.90972106165572, 39.22151744998798], [-96.90912637693754, 39.221424891076474], [-96.90862691363951, 39.22135321003109], [-96.9082729774175, 39.22129962318239], [-96.90806097501043, 39.22126482650544], [-96.90790556646624, 39.221234205415485], [-96.90775824275964, 39.22120080057484], [-96.90759205443207, 39.22115695669736], [-96.9073962217001, 39.221097106280745], [-96.90727045756029, 39.221053958274325], [-96.9071554732039, 39.22100941836889], [-96.90705755683794, 39.2209676621819], [-96.90697850509291, 39.22092938565532], [-96.90690035166318, 39.2208925009827], [-96.90682399486404, 39.22085631222847], [-96.90666139979757, 39.2207790630945], [-96.90646107548919, 39.22067397629832], [-96.90592747621035, 39.22040812687975], [-96.90555737031326, 39.22021187090386], [-96.90559509955519, 39.21945815934375], [-96.90559779450103, 39.21939343581311], [-96.90564091363467, 39.218844327329954], [-96.90565977825564, 39.218254152713996], [-96.90567684624604, 39.21772452244917], [-96.90568942266003, 39.217190016370324], [-96.90571098222685, 39.216891442843924], [-96.90572086369497, 39.21655806903789], [-96.90572805021725, 39.216213557909256], [-96.9057594912522, 39.21566164059801], [-96.90579452554826, 39.21458284896277], [-96.90580261038585, 39.21416107172621], [-96.90579632217884, 39.2140406629083], [-96.90577655924258, 39.21398707047788], [-96.9057702710356, 39.21390494173885], [-96.9058053053317, 39.2138297729783], [-96.9058223733221, 39.21338154277251], [-96.90582327163737, 39.2129096451472], [-96.90581339016926, 39.21255676387713], [-96.9058610008793, 39.21246976131909], [-96.9058331531055, 39.212338909268816], [-96.90582866152909, 39.21183637944774], [-96.90581878006097, 39.211665156554325], [-96.90583135647493, 39.211367255565854], [-96.90587806886971, 39.21057168668531], [-96.90587178066274, 39.21011369106353], [-96.90593017115621, 39.209402330239136], [-96.90592567957978, 39.208853839673885], [-96.90599035828023, 39.206581177663544], [-96.90599395154139, 39.20644753031864], [-96.9059930532261, 39.20628882376624], [-96.90600203637895, 39.20594983093794], [-96.90604335888203, 39.205523129220374], [-96.90604425719731, 39.20537695022182], [-96.90605773192655, 39.20470661120349], [-96.90604515551259, 39.204064806065595], [-96.90602269763048, 39.20271922376382], [-96.90604515551259, 39.20204120201523], [-96.90604515551259, 39.20185742497248], [-96.90604515551259, 39.201709846090104], [-96.90604695214316, 39.20098030064523], [-96.9060217993152, 39.19925386521565], [-96.90604425719731, 39.19780237356787], [-96.90616463144539, 39.19786572466853], [-96.90625985286552, 39.19791236775008], [-96.90645029570578, 39.19800495765603], [-96.90661289077224, 39.19807944719104], [-96.906928199437, 39.198216591268576], [-96.90736028908873, 39.198388543109374], [-96.90795677043747, 39.198614794890254], [-96.90956026321983, 39.19920583072006], [-96.91082598945533, 39.199672251245076], [-96.91361525841292, 39.2006941886744], [-96.91557987393956, 39.20141886417784], [-96.91667312364046, 39.2018184419016], [-96.91694171991048, 39.201915899538236], [-96.91781039079035, 39.202235420412855], [-96.92093023977252, 39.20338262063942], [-96.92275651474539, 39.20405088398028], [-96.92403571571016, 39.204523537233776], [-96.92406266516869, 39.20453397872776], [-96.9274196693859, 39.205762583684496], [-96.92807723617396, 39.20602291987911], [-96.92844285049466, 39.2061774505329], [-96.9288569738407, 39.206377922225776], [-96.92928277528542, 39.20660971690736], [-96.92967893232577, 39.20684916766702], [-96.93011371692336, 39.20714151923188], [-96.93052065374711, 39.20744222242903], [-96.93092848888615, 39.20778468839101], [-96.93129050994573, 39.20812576055517], [-96.93154832643228, 39.2084000092164], [-96.9317639221005, 39.20865267898941], [-96.93193729695038, 39.208866368694], [-96.93227326686669, 39.209327156658645], [-96.93255982944234, 39.20980325464273], [-96.93275296722845, 39.21016589436273], [-96.93291196903378, 39.21052992429037], [-96.93305659779453, 39.21091274531436], [-96.933212904654, 39.21144869124196], [-96.93330093955183, 39.21190389405112], [-96.93336022836061, 39.212400159195056], [-96.93338448287328, 39.213064160648045], [-96.93340694075539, 39.21484315246164], [-96.93342490706107, 39.216609571566444], [-96.93340694075539, 39.217092579927844], [-96.93343029695278, 39.21993627647964], [-96.93342311043051, 39.22055009894582], [-96.93341143233182, 39.22179790970394], [-96.93340783907067, 39.22223564731907], [-96.9334293986375, 39.22274019046841], [-96.93341322896237, 39.224006055868344], [-96.93340065254841, 39.22504155715284], [-96.93338627950384, 39.22605755835005], [-96.93337100814402, 39.22701717885164], [-96.93305300453339, 39.22701161183797], [-96.93284998527915, 39.227005348947095], [-96.93237297986322, 39.226990039655874]]]}}, {"type": "Feature", "properties": {"FID": 7, "AREA_ID": "62", "ACRES": 656.434, "area_name": "62", "area_type": null, "area_syskey": 7}, "geometry": {"type": "Polygon", "coordinates": [[[-96.83119393276819, 39.20843481226941], [-96.83118944119175, 39.20715126426309], [-96.83117955972364, 39.205326831637976], [-96.83118135635422, 39.20465788433801], [-96.83124962831583, 39.20466484532085], [-96.83127657777435, 39.20466762971381], [-96.831307120494, 39.20467041410664], [-96.83187395743836, 39.204691297049436], [-96.83250098150675, 39.20470661120349], [-96.83271837380556, 39.2047100916926], [-96.83286120593576, 39.20471217998597], [-96.83318190449224, 39.20471705267027], [-96.83453386899502, 39.204733062916326], [-96.83697638825286, 39.204759514619184], [-96.83859335576452, 39.20477065217532], [-96.84053461509376, 39.20478457411797], [-96.8410511463822, 39.204780397535465], [-96.84136016683999, 39.20477691704985], [-96.84178147670829, 39.2047643873002], [-96.84195754650402, 39.20475603413255], [-96.8420608527617, 39.20474976925613], [-96.84210217526477, 39.20474698486643], [-96.84216056575825, 39.204742808281694], [-96.84241029740727, 39.2047107877904], [-96.84259984193224, 39.20468642436333], [-96.84281543760046, 39.20465092335446], [-96.84313613615693, 39.204586882273496], [-96.84343078357018, 39.204510311339156], [-96.8435601409711, 39.20447481024128], [-96.84367153206634, 39.20443791692447], [-96.84386736479831, 39.204366218536414], [-96.84389341594155, 39.20435508091616], [-96.84397246768657, 39.20432306024808], [-96.8441422492753, 39.20424788123095], [-96.8449112071586, 39.20386711219532], [-96.84500014037174, 39.2038197769607], [-96.84508098874733, 39.203777314443684], [-96.84513488766437, 39.20374877404899], [-96.84618771317753, 39.203176571493636], [-96.84729803086886, 39.202561204906274], [-96.84762950920873, 39.20238787103696], [-96.84779839248216, 39.20230503261102], [-96.84791337683855, 39.20225073510236], [-96.84803824266308, 39.20219852591985], [-96.84819634615309, 39.202145620575315], [-96.8482349737103, 39.20213239423297], [-96.84829426251908, 39.20211290277654], [-96.84840475529903, 39.20207879271474], [-96.8484909935663, 39.20205234000237], [-96.84862124928253, 39.20201196479059], [-96.84875779320575, 39.20197158955562], [-96.848856607887, 39.201942352302], [-96.84887906576911, 39.20193608717465], [-96.84910544122074, 39.20187622037393], [-96.84935157960864, 39.20180521549766], [-96.84946386901916, 39.20177180141341], [-96.84952675108906, 39.2017481330941], [-96.84955100560173, 39.20173838731325], [-96.84957076853797, 39.20173072991305], [-96.8498258900787, 39.20164092943034], [-96.849826788394, 39.201663205529776], [-96.849826788394, 39.20166599004171], [-96.84984295806909, 39.20287097722192], [-96.84985104290668, 39.20326080111612], [-96.84985283953723, 39.203345726748935], [-96.84987439910405, 39.20405993333603], [-96.84988338225689, 39.20486810571603], [-96.84988787383332, 39.20543054922327], [-96.84988338225689, 39.206843599053975], [-96.84988607720275, 39.20915314343211], [-96.84988787383332, 39.21013039612349], [-96.84988338225689, 39.211405537305694], [-96.84987978899576, 39.21258878079135], [-96.84988517888748, 39.21447357688555], [-96.84988697551803, 39.215607353415], [-96.84989236540973, 39.216599827847716], [-96.84990134856257, 39.21781847817533], [-96.84990943340013, 39.21882484051145], [-96.84991123003071, 39.218869381802925], [-96.84991751823769, 39.219011356980864], [-96.84974863496424, 39.21901483676103], [-96.8468102456695, 39.219002309551634], [-96.84055886960644, 39.2189549845181], [-96.83210392615113, 39.21890835540977], [-96.83127118788263, 39.218893044352534], [-96.83120201760575, 39.21889165243804], [-96.83120830581275, 39.215124334836034], [-96.83121100075859, 39.21280663462443], [-96.83120201760575, 39.210128307991205], [-96.83119393276819, 39.20843481226941]]]}}, {"type": "Feature", "properties": {"FID": 8, "AREA_ID": "66", "ACRES": 867.918, "area_name": "66", "area_type": null, "area_syskey": 8}, "geometry": {"type": "Polygon", "coordinates": [[[-96.90551604781015, 39.22654606875833], [-96.90553221748527, 39.226530759366945], [-96.90555287873683, 39.2264973570469], [-96.9055663534661, 39.2264604753], [-96.90557533661894, 39.22642150588602], [-96.90557982819534, 39.22635957230856], [-96.90558252314119, 39.226280241578955], [-96.90556186188967, 39.22536166870598], [-96.90556365852024, 39.22478268326389], [-96.90557353998835, 39.22430738275081], [-96.90558791303289, 39.22422596198863], [-96.90559330292461, 39.22411113767631], [-96.90558791303289, 39.22391280433081], [-96.90558611640235, 39.22356345791722], [-96.90557803156477, 39.22178120741972], [-96.9055663534661, 39.221030296453094], [-96.90556904841192, 39.220600902605575], [-96.90556815009664, 39.22036985004809], [-96.90555737031326, 39.22021187090386], [-96.90592747621035, 39.22040812687975], [-96.90646107548919, 39.22067397629832], [-96.90666139979757, 39.2207790630945], [-96.90682399486404, 39.22085631222847], [-96.90690035166318, 39.2208925009827], [-96.90697850509291, 39.22092938565532], [-96.90705755683794, 39.2209676621819], [-96.9071554732039, 39.22100941836889], [-96.90727045756029, 39.221053958274325], [-96.9073962217001, 39.221097106280745], [-96.90759205443207, 39.22115695669736], [-96.90775824275964, 39.22120080057484], [-96.90790556646624, 39.221234205415485], [-96.90806097501043, 39.22126482650544], [-96.9082729774175, 39.22129962318239], [-96.90862691363951, 39.22135321003109], [-96.90912637693754, 39.221424891076474], [-96.90972106165572, 39.22151744998798], [-96.91000313265496, 39.221563381432574], [-96.91023220305244, 39.22159956982232], [-96.91043881556783, 39.22163019075289], [-96.91064812302905, 39.22165454830176], [-96.91085024396801, 39.221676122123725], [-96.91105865311394, 39.22169491222131], [-96.9111700442092, 39.22170187151543], [-96.91129850329486, 39.22170813487955], [-96.9115464383133, 39.221723445322844], [-96.91189139138245, 39.22173458018858], [-96.91275736731646, 39.22175684991477], [-96.91410933181925, 39.22179095041934], [-96.9154289569718, 39.221820179410024], [-96.9161637788743, 39.22183966539708], [-96.9173217072757, 39.22186263101771], [-96.91871679091213, 39.22189673147088], [-96.92051072653477, 39.22193361561584], [-96.92098413868958, 39.22194335859429], [-96.92131471871419, 39.22195518935203], [-96.92144587274568, 39.22196075676672], [-96.92159589139814, 39.221974675301574], [-96.92174321510475, 39.221992769392756], [-96.92187077587512, 39.22201434311076], [-96.92212140583942, 39.2220665375624], [-96.9222597463932, 39.222106205319676], [-96.92237832401072, 39.22214656897949], [-96.92249600331297, 39.22218275706858], [-96.9225840382108, 39.222212681820466], [-96.92269093772964, 39.222262092429375], [-96.92283197322928, 39.22233098885415], [-96.92297570367475, 39.222411019969755], [-96.92310236612983, 39.222491050994115], [-96.92326496119627, 39.22261214124011], [-96.92339701354305, 39.22272627208535], [-96.92349223496318, 39.22281674152594], [-96.92356679513178, 39.222901643510276], [-96.92367189802003, 39.22301994938278], [-96.92377250933187, 39.22315356518727], [-96.92385066276158, 39.22327047880753], [-96.92391444314677, 39.22338321675696], [-96.92397373195554, 39.22350152181781], [-96.9240375123407, 39.22364348762766], [-96.92407524158264, 39.22375970452292], [-96.92410578430231, 39.223896798457424], [-96.92412105566216, 39.22399144182958], [-96.92412554723859, 39.22411183358183], [-96.92412644555387, 39.22434983285432], [-96.92412015734686, 39.22461357964347], [-96.92412824218442, 39.22472909903318], [-96.92414261522896, 39.224853664909084], [-96.92416776805695, 39.224971271594626], [-96.92420819224472, 39.22510349189334], [-96.92424412485609, 39.225223185843696], [-96.92428814230503, 39.22533035350978], [-96.92434563448323, 39.2254514388577], [-96.92443546601164, 39.225603143194164], [-96.9245235009095, 39.22572701162941], [-96.92461782401435, 39.2258369620798], [-96.92474628309999, 39.225974051957046], [-96.92488103039264, 39.22609931150927], [-96.92504003219794, 39.22622457083795], [-96.92518825421983, 39.226329649324605], [-96.92534545939458, 39.22642776882902], [-96.9255098510916, 39.22650988291876], [-96.92565986974407, 39.226579471055224], [-96.92584222774677, 39.22664905912268], [-96.92602997564119, 39.22670751304602], [-96.92624018141768, 39.22676109576632], [-96.92636953881862, 39.22678684329269], [-96.92649889621954, 39.226805632022185], [-96.9266956272668, 39.22682790013955], [-96.92706034327219, 39.22684738473641], [-96.93211336674608, 39.22698308088604], [-96.93237297986322, 39.226990039655874], [-96.93284998527915, 39.227005348947095], [-96.93305300453339, 39.22701161183797], [-96.93337100814402, 39.22701717885164], [-96.93334675363134, 39.229786017540654], [-96.93332968564094, 39.231311302467155], [-96.93331621091168, 39.232924227377104], [-96.93330543112826, 39.234258793815556], [-96.91496362965457, 39.2340834507684], [-96.8955303751105, 39.23394428930801], [-96.89559146054984, 39.23393872284385], [-96.89565344430446, 39.23392898153051], [-96.89570824153678, 39.23391576117453], [-96.89575046235515, 39.233899061773926], [-96.8957863949665, 39.2338865372209], [-96.89582502252375, 39.23386635876962], [-96.89586544671153, 39.23383922222252], [-96.89591395573687, 39.233796082049174], [-96.89595617655525, 39.23373345916966], [-96.89598492264433, 39.233675011098356], [-96.8960208552557, 39.233565072927604], [-96.89616728064703, 39.23296458481573], [-96.89628046837284, 39.23244480706336], [-96.89629573973268, 39.23229103004248], [-96.8963056212008, 39.232150473375675], [-96.89631101109251, 39.23189440902138], [-96.89630831614664, 39.231686356045515], [-96.89630741783137, 39.230191000621474], [-96.89631370603838, 39.22826835396909], [-96.89631460435365, 39.227915549895336], [-96.8963235875065, 39.227413131565456], [-96.8963289773982, 39.22728996197998], [-96.89633885886632, 39.22722385392119], [-96.89635053696503, 39.22717723030548], [-96.89636221506369, 39.22713408603644], [-96.89638377463052, 39.22707911184879], [-96.89639904599036, 39.227051972676996], [-96.89642330050305, 39.22700674070067], [-96.89645833479912, 39.22695176641326], [-96.89651672529261, 39.226882178645944], [-96.89657331915551, 39.22682998777518], [-96.89665506584637, 39.22676457516233], [-96.89672423612326, 39.22672073476002], [-96.89681855922811, 39.22667480669015], [-96.89690210254955, 39.226645579720945], [-96.8970081037531, 39.22662331154577], [-96.89709883359679, 39.22661217745553], [-96.89720932637675, 39.22660521864821], [-96.89737012481264, 39.22660730629049], [-96.89764141602848, 39.22660939393269], [-96.8985244599529, 39.22661565685892], [-96.899773118198, 39.22661148157482], [-96.90133888173841, 39.22660452276748], [-96.90176647981374, 39.226603826886695], [-96.90305915550775, 39.22660173924431], [-96.90339692205464, 39.22660173924431], [-96.90410209955277, 39.22659895572107], [-96.90457641002284, 39.22660313100591], [-96.90468151291111, 39.226605914528996], [-96.90511629750867, 39.2266184403815], [-96.90519445093841, 39.22661983214276], [-96.90525553637772, 39.226621223903976], [-96.90532380833933, 39.22661635273955], [-96.90538669040924, 39.226608002171226], [-96.90543699606515, 39.22659825984024], [-96.90549089498222, 39.22657181636359], [-96.90551604781015, 39.22654606875833]]]}}, {"type": "Feature", "properties": {"FID": 9, "AREA_ID": "69", "ACRES": 644.863, "area_name": "69", "area_type": null, "area_syskey": 9}, "geometry": {"type": "Polygon", "coordinates": [[[-96.8312047125516, 39.21945398363389], [-96.83120201760575, 39.21889165243804], [-96.83127118788263, 39.218893044352534], [-96.83210392615113, 39.21890835540977], [-96.84055886960644, 39.2189549845181], [-96.8468102456695, 39.219002309551634], [-96.84974863496424, 39.21901483676103], [-96.84991751823769, 39.219011356980864], [-96.84991751823769, 39.21910670289508], [-96.84992380644469, 39.21938856414707], [-96.84991931486826, 39.21957855887103], [-96.84991392497656, 39.21982910057803], [-96.849912128346, 39.22025293159669], [-96.84990943340013, 39.22063221991178], [-96.849905840139, 39.22117087539159], [-96.84990314519315, 39.22152649709307], [-96.84989416204031, 39.22228923345327], [-96.84989056877917, 39.222599614672625], [-96.84989056877917, 39.22290651493251], [-96.84989146709445, 39.22371168678714], [-96.84988248394161, 39.22527676969718], [-96.8498654159512, 39.22724333840816], [-96.84985733111367, 39.227852921767905], [-96.84985373785251, 39.22817232463357], [-96.84985104290668, 39.229249515736875], [-96.84985194122193, 39.22970529898406], [-96.84986002605952, 39.231767072323436], [-96.84986361932064, 39.23226737200937], [-96.84986182269007, 39.23277880124197], [-96.84985194122193, 39.233624216901646], [-96.84985194122193, 39.23363117501296], [-96.84480520595507, 39.23359568863802], [-96.84120296166525, 39.233562289680535], [-96.83119303445291, 39.233405731855356], [-96.83120740749744, 39.22927874162169], [-96.83120740749744, 39.22479312174563], [-96.83121279738916, 39.22339852683489], [-96.83121279738916, 39.22145620801508], [-96.8312047125516, 39.21945398363389]]]}}, {"type": "Feature", "properties": {"FID": 10, "AREA_ID": "76", "ACRES": 319.331, "area_name": "76", "area_type": null, "area_syskey": 10}, "geometry": {"type": "Polygon", "coordinates": [[[-96.93336471993703, 39.248823261078456], [-96.93362343473889, 39.248827435040866], [-96.93376087697737, 39.24882882636159], [-96.93510745158848, 39.24884482654821], [-96.93612254785968, 39.24886987031119], [-96.93625549852173, 39.248874044270806], [-96.93650702680132, 39.248881696529494], [-96.93675136855865, 39.24888378350897], [-96.93717267842693, 39.248888653127544], [-96.93795870430066, 39.248910914236745], [-96.94022156050167, 39.2489930020158], [-96.94042996964762, 39.24899787162679], [-96.94252933246689, 39.24905143732539], [-96.94254190888088, 39.25008239513704], [-96.94254370551145, 39.25020900294617], [-96.94254370551145, 39.25025074173423], [-96.94254190888088, 39.250492826215144], [-96.94253831561973, 39.25108690355464], [-96.9425401122503, 39.25163436849682], [-96.9425401122503, 39.252907364480954], [-96.94254280719616, 39.25385200995075], [-96.94255089203372, 39.25428815639972], [-96.94253831561973, 39.255309298877336], [-96.94254999371844, 39.255762826053015], [-96.94254909540314, 39.25631512359056], [-96.94254999371844, 39.2574224879141], [-96.9425571802407, 39.25855557061488], [-96.94255628192542, 39.2592733888537], [-96.94255628192542, 39.26014978487785], [-96.94256077350185, 39.260580327800106], [-96.94255897687128, 39.2613127315748], [-96.94256077350185, 39.2620423455802], [-96.94256616339354, 39.26275039080497], [-96.94256975665469, 39.26352519830722], [-96.93945619587949, 39.263514765588035], [-96.93816801176189, 39.26350224632297], [-96.93725891669425, 39.26348833602583], [-96.9367756230713, 39.26347790330118], [-96.934603496714, 39.26339722351134], [-96.9332353625361, 39.26334645083737], [-96.93324344737366, 39.25953909102787], [-96.93329375302957, 39.253759493688555], [-96.93333687216322, 39.25046360916696], [-96.93334046542435, 39.2500705691212], [-96.93335034689247, 39.24947857013348], [-96.93336471993703, 39.248823261078456]]]}}, {"type": "Feature", "properties": {"FID": 11, "AREA_ID": "80", "ACRES": 317.077, "area_name": "80", "area_type": null, "area_syskey": 11}, "geometry": {"type": "Polygon", "coordinates": [[[-96.9331033101893, 39.27779222717165], [-96.93311858154915, 39.27551553907575], [-96.93314283606182, 39.27160591612113], [-96.93318685351076, 39.26748465085812], [-96.93320302318588, 39.26578280221051], [-96.9332353625361, 39.26334645083737], [-96.934603496714, 39.26339722351134], [-96.9367756230713, 39.26347790330118], [-96.93725891669425, 39.26348833602583], [-96.93816801176189, 39.26350224632297], [-96.93945619587949, 39.263514765588035], [-96.94256975665469, 39.26352519830722], [-96.94256975665469, 39.263525893821786], [-96.94256257013241, 39.263799926020056], [-96.94254280719616, 39.26553590205958], [-96.94251765436819, 39.26676413477499], [-96.94249609480137, 39.26754793907907], [-96.94249609480137, 39.2681509129994], [-96.94249160322497, 39.26860713895397], [-96.9424889082791, 39.268734408774286], [-96.94249789143194, 39.268964606605316], [-96.94250238300837, 39.26911830322558], [-96.94249609480137, 39.2695863456084], [-96.94250777290006, 39.27017678391748], [-96.9424996880625, 39.27056484313567], [-96.94248441670268, 39.27158783482516], [-96.94245117903716, 39.27274016039863], [-96.9424143481105, 39.274522507168264], [-96.94241704305637, 39.27470192153782], [-96.94239458517426, 39.27639242739872], [-96.94238200876028, 39.27794242757215], [-96.94076593956392, 39.277890274691785], [-96.94013083065796, 39.2778826255994], [-96.93873035712983, 39.27785967831726], [-96.93743049491351, 39.27783951251764], [-96.93712506771689, 39.27783534028252], [-96.93657440044764, 39.27782630043886], [-96.93515506229853, 39.2778075253753], [-96.93330992270468, 39.27778944567969], [-96.93318595519548, 39.277790836425694], [-96.9331033101893, 39.27779222717165]]]}}, {"type": "Feature", "properties": {"FID": 12, "AREA_ID": "82", "ACRES": 320.182, "area_name": "82", "area_type": null, "area_syskey": 12}, "geometry": {"type": "Polygon", "coordinates": [[[-96.93299910561635, 39.29243664169376], [-96.9330251567596, 39.29022161155876], [-96.93304941127225, 39.28870595106752], [-96.93307636073078, 39.28690519252404], [-96.9330997169282, 39.283911937365666], [-96.9331033101893, 39.28112993791454], [-96.93310600513516, 39.28065293316063], [-96.93310690345045, 39.27912107231427], [-96.9331033101893, 39.27779222717165], [-96.93318595519548, 39.277790836425694], [-96.93330992270468, 39.27778944567969], [-96.93515506229853, 39.2778075253753], [-96.93657440044764, 39.27782630043886], [-96.93712506771689, 39.27783534028252], [-96.93743049491351, 39.27783951251764], [-96.93873035712983, 39.27785967831726], [-96.94013083065796, 39.2778826255994], [-96.94076593956392, 39.277890274691785], [-96.94238200876028, 39.27794242757215], [-96.94236044919344, 39.27895905329819], [-96.94235595761704, 39.27938183174647], [-96.9423514660406, 39.279746197967306], [-96.94235326267119, 39.2802044344744], [-96.94235505930176, 39.28051873152922], [-96.94236044919344, 39.280578531251656], [-96.94237751718384, 39.28078365781862], [-96.9423856020214, 39.28093871919773], [-96.94239189022841, 39.2811973858465], [-96.94239997506597, 39.28152419449399], [-96.94236763571573, 39.282380843116314], [-96.94236494076988, 39.28248514215197], [-96.94233978794192, 39.28317907444857], [-96.94233799131133, 39.283241653175466], [-96.94233170310436, 39.2837742654102], [-96.9423290081585, 39.28392375767246], [-96.94230924522225, 39.284893711343784], [-96.94230116038469, 39.285184347176056], [-96.94230205869997, 39.28556606561161], [-96.94229307554713, 39.28676613588443], [-96.9422274985314, 39.29020909706517], [-96.94218348108247, 39.29221277805198], [-96.94218437939774, 39.29235877616041], [-96.94218437939774, 39.29256108732177], [-96.94218437939774, 39.29256803958496], [-96.94176935773643, 39.29256317300078], [-96.94122587698946, 39.29256108732177], [-96.93957118023586, 39.29254092575458], [-96.93771975243506, 39.29251103100636], [-96.93769639623765, 39.292510335779504], [-96.93635071994184, 39.2924887837436], [-96.93349407733795, 39.29244150828674], [-96.93339077108027, 39.292440813059194], [-96.93299910561635, 39.29243664169376]]]}}, {"type": "Feature", "properties": {"FID": 13, "AREA_ID": "89", "ACRES": 643.563, "area_name": "89", "area_type": null, "area_syskey": 13}, "geometry": {"type": "Polygon", "coordinates": [[[-96.79515532019488, 39.2331566302401], [-96.79472323054316, 39.233139930658844], [-96.79384377987986, 39.23314062647482], [-96.79384647482571, 39.23307382811071], [-96.79389408553578, 39.23073862866502], [-96.79390217037334, 39.23043315433678], [-96.79390217037334, 39.230280068751824], [-96.79388869564409, 39.227955214347155], [-96.79386983102313, 39.22697194685289], [-96.79385186471744, 39.22647021765013], [-96.79385635629386, 39.22630946870029], [-96.7938653394467, 39.2257416253068], [-96.79387522091481, 39.22542777851876], [-96.79389049227466, 39.22494691519664], [-96.79388510238294, 39.224635152555976], [-96.79391474678734, 39.223394351359424], [-96.7938931872205, 39.22273671087289], [-96.79386983102313, 39.22259056770582], [-96.79388600069822, 39.22218971631433], [-96.79391744173319, 39.2208938928575], [-96.79391744173319, 39.22058002439369], [-96.79388600069822, 39.219749762467586], [-96.7938590512397, 39.21951453140246], [-96.79385815292441, 39.21929600242864], [-96.79387342428424, 39.21892505837751], [-96.7938761192301, 39.21856942349757], [-96.79688547543232, 39.218588910386956], [-96.79953281057497, 39.21860143767012], [-96.79993076424591, 39.218599349789756], [-96.80063055185234, 39.21860422151055], [-96.80259606569426, 39.21861883667085], [-96.80582550914112, 39.21864737102267], [-96.80899207051807, 39.21867729728165], [-96.80957777208341, 39.2186877366713], [-96.81174091528786, 39.21871279120015], [-96.81253951757556, 39.218719054830956], [-96.81253592431443, 39.21934959080681], [-96.81253412768386, 39.21972331641082], [-96.81252424621574, 39.21993488458586], [-96.81252244958516, 39.21997733733367], [-96.8125269411616, 39.22120358431217], [-96.8125323310533, 39.222621188204116], [-96.81252783947687, 39.22348760358572], [-96.81251795800874, 39.22508887808308], [-96.81251705969346, 39.225128544132396], [-96.81251077148647, 39.22604851182893], [-96.81252783947687, 39.22683277128926], [-96.81255029735898, 39.227377642046044], [-96.81256646703409, 39.22786196805644], [-96.81258173839394, 39.228320543770224], [-96.81258263670922, 39.22854739498826], [-96.81255658556596, 39.22921820227533], [-96.81254580578258, 39.229475668099745], [-96.81252873779215, 39.229881348819845], [-96.81251795800874, 39.23060363561787], [-96.81251346643232, 39.23090215082277], [-96.81251346643232, 39.23109141854663], [-96.81250987317118, 39.232095503117506], [-96.81250807654062, 39.2326452037613], [-96.81250358496419, 39.23322551597078], [-96.80821951937364, 39.23323316993667], [-96.80321949650151, 39.233206728960035], [-96.79663394715273, 39.2331580218717], [-96.79644979251947, 39.23315941350325], [-96.79638241887315, 39.23317402563301], [-96.79625395978749, 39.23321577455841], [-96.79618209456474, 39.23323177830657], [-96.79605543210968, 39.23325543601453], [-96.79592158313231, 39.23326517742138], [-96.79580929372179, 39.23326796068025], [-96.79567454642914, 39.233251956940336], [-96.79553800250595, 39.23321647037363], [-96.7954041535286, 39.2331775047111], [-96.79515532019488, 39.2331566302401]]]}}, {"type": "Feature", "properties": {"FID": 14, "AREA_ID": "52", "ACRES": 644.113, "area_name": "52", "area_type": null, "area_syskey": 14}, "geometry": {"type": "Polygon", "coordinates": [[[-96.83623258319753, 39.17563851462897], [-96.83529564035605, 39.17561971220928], [-96.83528036899621, 39.17561971220928], [-96.83402632085942, 39.17559742785351], [-96.83263752542999, 39.175580714582026], [-96.83193594119298, 39.17557375071775], [-96.83153798752205, 39.175570268785364], [-96.83108613493407, 39.17555843021391], [-96.83108164335766, 39.17491426964495], [-96.83107984672709, 39.17353191596359], [-96.83106996525898, 39.17110628964599], [-96.83107625346595, 39.1696026796759], [-96.83107445683538, 39.168312850602426], [-96.83107176188953, 39.166194888810224], [-96.8310564905297, 39.164476653285014], [-96.83105559221443, 39.163717468159355], [-96.8310564905297, 39.16249509324005], [-96.83105738884498, 39.16172474235131], [-96.83105469389912, 39.160965527525434], [-96.83124603505468, 39.160957169151466], [-96.83159008980854, 39.160957169151466], [-96.8319988232629, 39.16095577608905], [-96.83238150557396, 39.16095507955783], [-96.83291330822222, 39.16095647262027], [-96.83349900978757, 39.16096274140088], [-96.83466681965707, 39.16097318936736], [-96.83532438644514, 39.16097388589841], [-96.83631702483424, 39.1609787616155], [-96.83677426731393, 39.16098085120846], [-96.8388727318179, 39.16098851304871], [-96.83986986178343, 39.16099478182647], [-96.84044478356535, 39.161001050603666], [-96.84056336118284, 39.16100244366519], [-96.84109785877698, 39.161008015911044], [-96.84138891292908, 39.161010802033786], [-96.84149311750204, 39.16101149856445], [-96.84180393459042, 39.161014981217704], [-96.84180393459042, 39.161014981217704], [-96.841963834711, 39.16101637427895], [-96.8424713828466, 39.16102194652368], [-96.84453121979337, 39.16105259386176], [-96.84462194963709, 39.16105329039205], [-96.84536395806187, 39.16106304181489], [-96.84537473784528, 39.16106373834504], [-96.84630449416447, 39.16108324118654], [-96.84699080704162, 39.16110344055234], [-96.84845326432438, 39.16113408785495], [-96.84924827335094, 39.1611285156191], [-96.8495006999458, 39.1611285156191], [-96.84981870355644, 39.16110970931989], [-96.84981870355644, 39.16111110237925], [-96.84980163556604, 39.161281751943974], [-96.84978187262979, 39.161981062570824], [-96.84976121137824, 39.16261001828241], [-96.84972348213631, 39.163116382748065], [-96.84965790512055, 39.16425098810345], [-96.8496444303913, 39.164735749452475], [-96.84963724386901, 39.164992058700626], [-96.84961298935634, 39.167353820888486], [-96.84960310788821, 39.168435427168724], [-96.84960400620349, 39.16880245913226], [-96.84960759946463, 39.17159657515452], [-96.84960490451878, 39.17374153406329], [-96.84961209104105, 39.174084860697256], [-96.8496327522926, 39.17528126779512], [-96.84963904049958, 39.17544213355314], [-96.84964532870656, 39.175615533893094], [-96.84869940271227, 39.175616230279154], [-96.8453334153422, 39.175585589286634], [-96.8449983437412, 39.17557932180924], [-96.84470998453493, 39.17558141096844], [-96.84432730222383, 39.17558419651393], [-96.84414943579756, 39.17558628567298], [-96.84399672219924, 39.17559116037716], [-96.84386107659134, 39.17560439171544], [-96.84356193760168, 39.17562319413923], [-96.8428190308616, 39.17569492185785], [-96.84207971738267, 39.17576734588785], [-96.84183986720178, 39.17578405911496], [-96.84153803326625, 39.175800075953845], [-96.8412909965631, 39.17580912894816], [-96.84099994241102, 39.17580912894816], [-96.84059031064137, 39.17579241572703], [-96.84030374806572, 39.1757757025019], [-96.83984560727076, 39.17575132904148], [-96.83920331184252, 39.17572556280274], [-96.83793668729173, 39.17568517246351], [-96.83623258319753, 39.17563851462897]]]}}, {"type": "Feature", "properties": {"FID": 15, "AREA_ID": "45", "ACRES": 629.055, "area_name": "45", "area_type": null, "area_syskey": 15}, "geometry": {"type": "Polygon", "coordinates": [[[-96.79361111622124, 39.20711506842609], [-96.79362189600465, 39.20708583331337], [-96.79363087915749, 39.20705102959185], [-96.79363986231033, 39.20700300042786], [-96.79364435388676, 39.20695984375972], [-96.79364794714789, 39.20689302047935], [-96.79364435388676, 39.20664521692619], [-96.79362369263524, 39.206050067180755], [-96.7936021330684, 39.2053679010357], [-96.79359225160027, 39.2050045404459], [-96.79359314991557, 39.204904998806896], [-96.79359225160027, 39.20480197654243], [-96.79359584486143, 39.20470661120349], [-96.7936021330684, 39.2046571882397], [-96.79361291285181, 39.204609853537505], [-96.79363087915749, 39.204563214902706], [-96.79365603198545, 39.204518664536046], [-96.79368747302041, 39.20447689854165], [-96.79372520226234, 39.20443861302499], [-96.793768321396, 39.20440380799171], [-96.79379886411566, 39.20437874835707], [-96.79400368000044, 39.20426597989058], [-96.79480048565759, 39.203849013432915], [-96.79487863908732, 39.20380863925381], [-96.7949019952847, 39.20383091466583], [-96.7950690819276, 39.2040035488695], [-96.79527120286653, 39.20417687875197], [-96.7957697678493, 39.204569479795765], [-96.79633211321722, 39.205003844351005], [-96.79663394715273, 39.205229378733705], [-96.79675881297725, 39.20531639026185], [-96.79715137675646, 39.20526487945022], [-96.7974181763959, 39.205236339659926], [-96.79777570587902, 39.20519039753414], [-96.79857610479726, 39.20504352174862], [-96.79905131358264, 39.20493841140074], [-96.79953640383613, 39.204820771155994], [-96.79995591707387, 39.20473097462356], [-96.80018678410192, 39.20469756193104], [-96.80050927928896, 39.20467528679384], [-96.8006727726707, 39.20464257017329], [-96.80086052056511, 39.20461751062385], [-96.80140400131208, 39.204563214902706], [-96.80257540444273, 39.20444000522593], [-96.80288622153108, 39.204405200193364], [-96.80305779975036, 39.2043940625793], [-96.80338298988327, 39.2043884937716], [-96.80415823597356, 39.2043836210645], [-96.80541767400209, 39.20437178734586], [-96.80590815414728, 39.204366914637625], [-96.80655763609778, 39.204362041928995], [-96.80692594536433, 39.20435995362524], [-96.80708494716963, 39.20434603159842], [-96.80724574560551, 39.20431818753645], [-96.80734725523264, 39.20430565770497], [-96.80742630697765, 39.204311922621], [-96.80749996883094, 39.204325148552975], [-96.80764280096115, 39.20434672769981], [-96.80775598868696, 39.204366218536414], [-96.8078565999988, 39.204372483446996], [-96.80829767280336, 39.2043710912447], [-96.80890762888137, 39.204375963952664], [-96.80969185812451, 39.2043808366603], [-96.81000986173514, 39.204384317165534], [-96.81025510180774, 39.204377356154886], [-96.81076175162805, 39.204352992612144], [-96.811403148741, 39.20432723685781], [-96.81194573117268, 39.20431609923137], [-96.81229517581825, 39.204313314824496], [-96.81261677269, 39.20432166804479], [-96.81266258676952, 39.20614960719696], [-96.81264102720269, 39.20632362786546], [-96.81261138279831, 39.206496952022675], [-96.81258802660092, 39.2067329227781], [-96.81257275524109, 39.20696262806169], [-96.81258084007864, 39.20723618519206], [-96.81259611143847, 39.207491643433166], [-96.81262755247343, 39.2093494303205], [-96.81261587437473, 39.21278366604132], [-96.81257814513279, 39.21324582032906], [-96.81276229976608, 39.213417039368245], [-96.812720977263, 39.2139112057986], [-96.8126580951931, 39.2142473761854], [-96.81253772094499, 39.214600248959364], [-96.81252065295459, 39.214961471914805], [-96.8125485007284, 39.216193374376566], [-96.81251436474761, 39.217401592179776], [-96.81250178833363, 39.217699467567634], [-96.81250807654062, 39.21806345844032], [-96.81253951757556, 39.218719054830956], [-96.81174091528786, 39.21871279120015], [-96.80957777208341, 39.2186877366713], [-96.80899207051807, 39.21867729728165], [-96.80582550914112, 39.21864737102267], [-96.80259606569426, 39.21861883667085], [-96.80063055185234, 39.21860422151055], [-96.79993076424591, 39.218599349789756], [-96.79953281057497, 39.21860143767012], [-96.79688547543232, 39.218588910386956], [-96.7938761192301, 39.21856942349757], [-96.7938356950423, 39.218274335654264], [-96.79381952536718, 39.21811635179442], [-96.79383928830346, 39.21797646270548], [-96.79386264450083, 39.21761455929147], [-96.79386264450083, 39.216842028454856], [-96.79381323716021, 39.215667904501046], [-96.79380605063794, 39.21542500385201], [-96.79380425400737, 39.2151890623024], [-96.79381323716021, 39.21498861576124], [-96.79381952536718, 39.21479095263947], [-96.79384647482571, 39.21460303295842], [-96.79385186471744, 39.2144826248984], [-96.79384916977158, 39.214381008687134], [-96.79384288156459, 39.21431628047586], [-96.79382850852002, 39.21425503222101], [-96.79380605063794, 39.21415202367191], [-96.79366681176886, 39.213851349204845], [-96.79364884546318, 39.21380262868386], [-96.79364345557148, 39.21374068397267], [-96.79364704883261, 39.21367177911737], [-96.79365423535491, 39.21352283303749], [-96.79368837133569, 39.213364142473885], [-96.79370633764137, 39.21331959768981], [-96.7937332870999, 39.21327366085165], [-96.79380515232265, 39.21319640337425], [-96.79387522091481, 39.213104529506644], [-96.79392822151658, 39.21302309575083], [-96.79394888276812, 39.21296880652779], [-96.79396505244326, 39.212866492108766], [-96.79396056086682, 39.21274399301643], [-96.79393900129999, 39.212515002662734], [-96.79394259456114, 39.21243983241421], [-96.79399290021706, 39.2122769632664], [-96.79400368000044, 39.21214541483273], [-96.79400906989218, 39.21197349666704], [-96.793945289507, 39.21163801142315], [-96.79390486531919, 39.21135403095997], [-96.79385455966327, 39.21097747666306], [-96.79380425400737, 39.20979281393208], [-96.79375215172087, 39.208292815704716], [-96.79375484666673, 39.20761972023971], [-96.79370184606496, 39.20742342851694], [-96.79365513367019, 39.2072925670636], [-96.79361560779768, 39.20717910720194], [-96.79360033643783, 39.20713734278953], [-96.79361111622124, 39.20711506842609]]]}}, {"type": "Feature", "properties": {"FID": 16, "AREA_ID": "6", "ACRES": 370.398, "area_name": "6", "area_type": null, "area_syskey": 16}, "geometry": {"type": "Polygon", "coordinates": [[[-96.73389201443996, 39.12259849610605], [-96.73514875752262, 39.122335063316505], [-96.73533021721003, 39.122275128734756], [-96.73537872623537, 39.12225979662428], [-96.7357991377884, 39.12197684889517], [-96.73599137725924, 39.12183955611467], [-96.7361135481379, 39.121734321365736], [-96.73636866967863, 39.12151827602427], [-96.7364495180542, 39.121455553059086], [-96.73651599338523, 39.12140885925985], [-96.73657618050929, 39.121357983891166], [-96.73662379121934, 39.12132522849734], [-96.73671002948663, 39.121272959220335], [-96.73676841998011, 39.12124159763552], [-96.7368259121583, 39.121196297543925], [-96.7368825060212, 39.121145422021726], [-96.736922930209, 39.121104303422115], [-96.73705498255578, 39.120949585764535], [-96.73711966125626, 39.12086456060082], [-96.73725620517945, 39.12065408803287], [-96.73745113959613, 39.120342559601], [-96.73753468291757, 39.120182264792824], [-96.73762990433768, 39.120015000256295], [-96.73767032852548, 39.119930670901915], [-96.73770536282156, 39.11984355369424], [-96.73773590554123, 39.11976201189027], [-96.73776195668448, 39.11969162102634], [-96.73778890614301, 39.11964980463822], [-96.73782124549324, 39.11960798822529], [-96.73786077136576, 39.119543869677244], [-96.737874246095, 39.1195055379087], [-96.73787604272557, 39.11945814587513], [-96.73788322924786, 39.11936893725484], [-96.73789131408543, 39.11933409010687], [-96.73789670397713, 39.11930830320627], [-96.73790389049938, 39.11928181935258], [-96.73791736522865, 39.11925672937675], [-96.73794341637189, 39.1192149127305], [-96.73797665403741, 39.11918006550635], [-96.73801887485578, 39.1191514907697], [-96.73807187545755, 39.11912570380226], [-96.73806109567414, 39.11929645516771], [-96.73805390915186, 39.11943584373064], [-96.73805031589073, 39.11967280365476], [-96.73805031589073, 39.11973274045045], [-96.73805660409771, 39.11977804148313], [-96.73810062154664, 39.119942518833845], [-96.73811948616759, 39.12004566545105], [-96.73814194404972, 39.12012650999144], [-96.73818416486807, 39.120198991224626], [-96.73822997894756, 39.12025404903461], [-96.73827040313536, 39.12028959266126], [-96.73831621721484, 39.120332105602884], [-96.73847701565073, 39.12045894734189], [-96.73866117028402, 39.12057463795961], [-96.73885520638541, 39.12070426698033], [-96.73890820698718, 39.12074817353004], [-96.73908427678288, 39.12091404247087], [-96.73921363418383, 39.12103461082563], [-96.7392828044607, 39.12110639419897], [-96.73932682190964, 39.12115657282426], [-96.73937263598913, 39.12121581143312], [-96.73939509387122, 39.12125205149867], [-96.73942383996034, 39.1213008361729], [-96.73945438268001, 39.12135728696802], [-96.7394939085525, 39.12146391612434], [-96.73950289170534, 39.12150085298399], [-96.73950917991233, 39.12154197135211], [-96.73951816306518, 39.12157542356612], [-96.73953343442501, 39.121615148049635], [-96.73955050241541, 39.1216555694309], [-96.73956667209053, 39.12168693083142], [-96.73959631649491, 39.121734321365736], [-96.73962057100759, 39.121767076569334], [-96.73965111372723, 39.12179913483898], [-96.73968524970805, 39.121826314664844], [-96.73972028400415, 39.121843737624616], [-96.73976070819192, 39.121861857498246], [-96.73990174369155, 39.121914823255885], [-96.7401092545222, 39.12198660573234], [-96.74019998436594, 39.12202075465177], [-96.74028352768735, 39.12205420663841], [-96.74039042720618, 39.122096718515195], [-96.74057548015475, 39.12218662059637], [-96.74086653430685, 39.122332275662664], [-96.74096804393396, 39.12237896884983], [-96.74103182431914, 39.12240614845199], [-96.74110099459602, 39.122429843481214], [-96.741198910962, 39.12245702306376], [-96.74130581048084, 39.12248071807586], [-96.74144684598045, 39.12249744396196], [-96.74154925392286, 39.12250720072704], [-96.74165076354998, 39.12251556366742], [-96.74190139351427, 39.12253507719118], [-96.74226071962796, 39.122558075265815], [-96.74298655837765, 39.12260964667859], [-96.74293894766758, 39.12267376243643], [-96.74282486162649, 39.12282359794728], [-96.74274940314261, 39.122931618699276], [-96.7426928092797, 39.12302151971497], [-96.74259219796787, 39.12321038116493], [-96.74254009568138, 39.123318401323814], [-96.7424879933949, 39.123442450076155], [-96.74245655235994, 39.1235253814236], [-96.74242690795555, 39.12360343436727], [-96.74234066968826, 39.12387034690505], [-96.74229126234765, 39.124036905391364], [-96.74226700783497, 39.12412541120502], [-96.74212597233533, 39.12468362247519], [-96.7419804452593, 39.12527597666321], [-96.74195529243134, 39.1253930531367], [-96.7419355294951, 39.125473891540516], [-96.74191666487413, 39.125562395548684], [-96.74189420699201, 39.125688530990175], [-96.74188881710032, 39.12578260976355], [-96.74189420699201, 39.12586762899143], [-96.74190498677541, 39.12593661992878], [-96.74191576655885, 39.1259902795], [-96.74195349580077, 39.12609132663352], [-96.74201547955538, 39.12621606737774], [-96.74209542961569, 39.12634289852247], [-96.74230383876161, 39.12663488803703], [-96.74250416307001, 39.1268920329317], [-96.74300901625975, 39.12755057045443], [-96.74360998918492, 39.12833035454312], [-96.74424330146032, 39.12916587768965], [-96.74450740615389, 39.129509421862544], [-96.74465383154521, 39.1297038406418], [-96.74479037546841, 39.12988780630432], [-96.74489996993309, 39.130059925258], [-96.74495207221958, 39.13015957288103], [-96.74496914020996, 39.130198595688], [-96.74499519135323, 39.13027176339278], [-96.74502124249646, 39.13038116639048], [-96.74503202227987, 39.13045084973992], [-96.74503741217158, 39.13051913935547], [-96.7450428020633, 39.1308717357046], [-96.74503202227987, 39.1313957491519], [-96.74502932733402, 39.13161385466359], [-96.74502842901875, 39.13164660527315], [-96.74501046271305, 39.13164660527315], [-96.74364322685044, 39.13163754659544], [-96.7425095529617, 39.131627094273554], [-96.74156183033683, 39.13161873241492], [-96.74031047714588, 39.13161315784195], [-96.73904834417151, 39.131606886446846], [-96.73779339771943, 39.13158737543623], [-96.73747090253238, 39.13158807225813], [-96.73722206919867, 39.13158667861431], [-96.73584135860676, 39.13157552946287], [-96.73468522683595, 39.13156507713175], [-96.73341411070875, 39.13156298666534], [-96.73101920216095, 39.131551140687876], [-96.73017748073961, 39.131543475642594], [-96.72871951503329, 39.13153859788605], [-96.72768285919526, 39.131535113774035], [-96.72655277856768, 39.1315344169516], [-96.72568051442668, 39.131535810596446], [-96.72218606797097, 39.13149191077066], [-96.72130302404653, 39.13147936795827], [-96.72056101562175, 39.13147030925904], [-96.72032835196313, 39.131472399728196], [-96.72006514558487, 39.13146682514365], [-96.71978217627033, 39.13148076160418], [-96.72013880743816, 39.13133860957708], [-96.72031667386445, 39.131286347730274], [-96.72063108421395, 39.13119785091459], [-96.72112605593556, 39.13109263014648], [-96.72148089047283, 39.13102016012204], [-96.7217045709786, 39.13097625997482], [-96.72220493259192, 39.13087591667841], [-96.7229595174307, 39.130726098296144], [-96.72341226833395, 39.13064108493282], [-96.72376171297952, 39.130578370090845], [-96.72400605473683, 39.130546315816694], [-96.72406264859976, 39.13054143799112], [-96.7242827358444, 39.13052053302041], [-96.72427285437628, 39.13044109407515], [-96.72427914258326, 39.130201383030524], [-96.72428632910552, 39.13017560010793], [-96.72430070215009, 39.130139364633216], [-96.72431866845577, 39.13010312913984], [-96.72433393981558, 39.13006062209501], [-96.72434112633786, 39.130027870747895], [-96.72435460106713, 39.12997978895537], [-96.72441119493003, 39.12975819418301], [-96.72444982248726, 39.12958119659981], [-96.72448575509863, 39.129411167006495], [-96.72452258602527, 39.12926064866335], [-96.72453156917813, 39.129219534800704], [-96.7245441455921, 39.129176330376815], [-96.72455582369079, 39.12914845654089], [-96.72457558662704, 39.1290961930688], [-96.72460343440088, 39.12904532325206], [-96.72462499396768, 39.129011177738015], [-96.72465284174149, 39.12897076057755], [-96.72469865582099, 39.1289143158836], [-96.72476692778261, 39.128841843617636], [-96.72484418289706, 39.128761009079156], [-96.72490975991279, 39.128699686263936], [-96.72502115100804, 39.12859515861492], [-96.72513613536444, 39.128492721368374], [-96.7253777821759, 39.12827599989999], [-96.72540922321085, 39.128251609982364], [-96.72543976593049, 39.12822652320116], [-96.72549007158642, 39.128189589868086], [-96.72555025871047, 39.12815195965981], [-96.72570566725464, 39.12803976577125], [-96.72581705834988, 39.12795544602309], [-96.72593833091324, 39.127874610467266], [-96.72597606015519, 39.12785440156385], [-96.72601378939713, 39.12783349579554], [-96.72605960347661, 39.12781677117645], [-96.72612967206881, 39.12779586539699], [-96.72620602886796, 39.127774262751686], [-96.72624106316405, 39.12776520357588], [-96.72627070756842, 39.127754053819444], [-96.72629945365753, 39.12773454174144], [-96.72633089469247, 39.12770457675396], [-96.72644947231, 39.127518514802254], [-96.72650786280347, 39.127430710114986], [-96.72658691454848, 39.12732548371862], [-96.72663452525853, 39.12726764397684], [-96.72665338987952, 39.127239769385525], [-96.7267683742359, 39.127005622382974], [-96.72684473103506, 39.126871823746335], [-96.72691390131195, 39.126759627818615], [-96.72694713897747, 39.12671224066503], [-96.72698307158883, 39.12664952232452], [-96.72700013957923, 39.12661328503564], [-96.72705583512685, 39.126492726228854], [-96.72708907279238, 39.126422342090216], [-96.72710793741335, 39.12638052969731], [-96.72712590371904, 39.12632199230555], [-96.72714297170944, 39.12625718299364], [-96.72715914138453, 39.12619237362212], [-96.72717171779853, 39.12615474234675], [-96.72718788747365, 39.126112929794985], [-96.72722022682389, 39.12605787656399], [-96.72724627796713, 39.126018154585786], [-96.72730826172172, 39.12592546988289], [-96.727400788196, 39.125806303657036], [-96.72757326473057, 39.125595148972316], [-96.72775382610273, 39.12539444690306], [-96.72786072562153, 39.125286429927684], [-96.72791642116916, 39.12523276982027], [-96.72802781226443, 39.1251352058839], [-96.72814998314308, 39.12503833869908], [-96.7282568826619, 39.12495540913285], [-96.72859554752405, 39.12469895405815], [-96.72865573464809, 39.12465574686128], [-96.72876083753634, 39.12458884534284], [-96.72883988928136, 39.12453657848736], [-96.72888660167615, 39.12450661213939], [-96.72892073765695, 39.12448222091651], [-96.72895038206133, 39.124459223470076], [-96.72897194162815, 39.12443692290877], [-96.7289979927714, 39.124412531661775], [-96.72902045065351, 39.12438883729945], [-96.72903572201332, 39.12436374914241], [-96.72905099337316, 39.1243372671892], [-96.72916328278369, 39.124246670958165], [-96.72938337002832, 39.124114957768256], [-96.72975347592545, 39.12398672881769], [-96.73031941455451, 39.12385292444649], [-96.73059699397736, 39.123786719064654], [-96.73105154151116, 39.123660580217624], [-96.731591428997, 39.12348217350685], [-96.73203789169327, 39.1233058570558], [-96.73256340613455, 39.12305497122639], [-96.7331032936204, 39.12288074443025], [-96.73389201443996, 39.12259849610605]]]}}, {"type": "Feature", "properties": {"FID": 17, "AREA_ID": "8", "ACRES": 534.748, "area_name": "8", "area_type": null, "area_syskey": 17}, "geometry": {"type": "Polygon", "coordinates": [[[-96.73448400421228, 39.11475990385509], [-96.73447681768998, 39.11473202431444], [-96.73417408543922, 39.114764782773584], [-96.73382464079364, 39.114835178559765], [-96.73338536461964, 39.11487839177982], [-96.73312664981778, 39.11489860440588], [-96.73293441034696, 39.11490905921023], [-96.73276552707351, 39.11491324113151], [-96.73258945727781, 39.11491742305256], [-96.73246638808386, 39.11488466466439], [-96.7323271492148, 39.11480939001261], [-96.73225169073093, 39.11474805505169], [-96.73202890854041, 39.114542443145496], [-96.73183846570018, 39.11437307424333], [-96.73164712454462, 39.11423158468376], [-96.73145758001965, 39.11411936862414], [-96.73065268952497, 39.11369210956914], [-96.73051524728648, 39.11361543964403], [-96.73039038146199, 39.11354016363642], [-96.73015053128107, 39.11337288333154], [-96.72999512273691, 39.11326275691408], [-96.72983162935516, 39.113181207494065], [-96.72968071238742, 39.11311638609287], [-96.72951542237512, 39.113061322705214], [-96.72925401262741, 39.11301044130879], [-96.72912196028061, 39.11291146643236], [-96.7290195523382, 39.11280343031704], [-96.72889199156786, 39.112693303009685], [-96.72866202285509, 39.112520444610524], [-96.72843744403403, 39.11234688877514], [-96.7283188664165, 39.112252095046], [-96.72826227255361, 39.11220121306527], [-96.72822454331165, 39.112162877302104], [-96.72815088145833, 39.11206320422026], [-96.72807542297448, 39.111969107125496], [-96.72795055714995, 39.11184015905087], [-96.72784096268529, 39.11176627518286], [-96.72774843621099, 39.111707725647534], [-96.72753373885807, 39.111632447602084], [-96.72741336460999, 39.11158156517396], [-96.72734778759423, 39.11154462311408], [-96.72731275329815, 39.11150977209644], [-96.72728490552434, 39.111466556810655], [-96.72726154932694, 39.11134736612698], [-96.72725885438109, 39.11123723654418], [-96.72727053247978, 39.111168231211565], [-96.72740527977243, 39.11085805489212], [-96.72744839890608, 39.11072980181279], [-96.72746726352703, 39.11061409503009], [-96.7274816365716, 39.11050326727093], [-96.72751307760653, 39.11028300529512], [-96.72755350179432, 39.11020563462761], [-96.72771070696906, 39.10999652429031], [-96.72784186100056, 39.10983341779653], [-96.72790384475519, 39.10974489402862], [-96.72802871057968, 39.10952462968267], [-96.72811494884698, 39.10933573154651], [-96.72823352646449, 39.10921305204299], [-96.72838983332396, 39.10908479597007], [-96.72880575330058, 39.10873836399785], [-96.72903033212164, 39.108549463754336], [-96.72914711310857, 39.10841144775817], [-96.72925760588853, 39.108260884545054], [-96.72929892839161, 39.10815075013916], [-96.7292719789331, 39.10804410083527], [-96.72921538507018, 39.107931874922954], [-96.72915070636972, 39.10784265170988], [-96.72910129902908, 39.107748548979956], [-96.72908872261512, 39.10766002259341], [-96.72913004511817, 39.10754361371117], [-96.7292081985479, 39.10740280750084], [-96.72926389409554, 39.10736028675828], [-96.72930072502218, 39.10731846305206], [-96.72934204752526, 39.10726269807178], [-96.72903931527448, 39.106991540226446], [-96.73016131106449, 39.106532172755756], [-96.7322525890462, 39.10572077889258], [-96.73582518893167, 39.10446951317593], [-96.73608120878765, 39.10481875447678], [-96.73620876955802, 39.104944229970734], [-96.73632105896856, 39.10496583961662], [-96.7364378399555, 39.10495259499575], [-96.73654384115905, 39.10494283579983], [-96.73663546931803, 39.10492471157524], [-96.73670194464907, 39.10487940099341], [-96.73679536943864, 39.104806206915114], [-96.7368780144448, 39.104749045772515], [-96.73695976113565, 39.10470303798993], [-96.73703791456538, 39.10465005929401], [-96.73689867569632, 39.10404986365549], [-96.73720410289297, 39.10383236989787], [-96.73754546270098, 39.10405265203264], [-96.73990443863741, 39.10321683104304], [-96.74016315343927, 39.10313178448193], [-96.74026825632752, 39.10327120502013], [-96.7404811570499, 39.1032997861964], [-96.74075065163517, 39.10354307427651], [-96.74105787546237, 39.10352494969205], [-96.74106865524578, 39.10299166656323], [-96.74111716427115, 39.10278741457091], [-96.74144055777346, 39.10213631382626], [-96.7419346311798, 39.10195157857981], [-96.7421286672812, 39.10243398054456], [-96.7435812430958, 39.102093092793105], [-96.74356237847483, 39.10231128902839], [-96.74355519195258, 39.10259292150939], [-96.74355698858315, 39.10272118939517], [-96.74356237847483, 39.10281599594332], [-96.74356956499712, 39.10290034577973], [-96.74358573467224, 39.10301327680766], [-96.74359561614038, 39.103070439357765], [-96.74361448076134, 39.10315757730228], [-96.74365490494912, 39.10331303112782], [-96.74369263419105, 39.10343223539857], [-96.74370880386618, 39.103480335310415], [-96.74372766848715, 39.103527040990464], [-96.74378426235008, 39.103672734629534], [-96.74381211012388, 39.103738958911364], [-96.74383816126712, 39.10379890926022], [-96.74387499219377, 39.10387210438446], [-96.74392619616498, 39.103959938433235], [-96.74395673888462, 39.104006643795536], [-96.74402231590038, 39.10409587186438], [-96.74409597775369, 39.104183705634334], [-96.74431337005247, 39.10439840994459], [-96.74456938990848, 39.10463960296773], [-96.74479935862125, 39.10485709423475], [-96.74500327619079, 39.1050948002687], [-96.74504998858555, 39.105161720297865], [-96.74511736223188, 39.10526279730481], [-96.74516048136552, 39.10533877923531], [-96.7452080920756, 39.10545170635683], [-96.74523504153412, 39.105517231887596], [-96.74525480447036, 39.105574392407256], [-96.74526288930792, 39.105605063886514], [-96.74527097414548, 39.105651071080345], [-96.74528804213587, 39.105867165073896], [-96.74528355055945, 39.10607628766269], [-96.74528265224417, 39.10624846479512], [-96.74528804213587, 39.106334204667746], [-96.74529702528872, 39.106422035648656], [-96.74530511012628, 39.106477801294005], [-96.74532307643197, 39.10654611414946], [-96.74534912757521, 39.106627671247296], [-96.74541290796039, 39.10682145610985], [-96.74549195970542, 39.10700617859433], [-96.74562760531332, 39.107336586661106], [-96.745658148033, 39.10743696348858], [-96.74568060591511, 39.10752479309537], [-96.74570036885136, 39.107627260831606], [-96.74570755537363, 39.10770324021334], [-96.74570575874306, 39.107782704800144], [-96.74569497895965, 39.10785031933421], [-96.74567970759983, 39.107917236747305], [-96.745658148033, 39.10798973053982], [-96.74562580868276, 39.10806152720315], [-96.74543446752722, 39.10838008044861], [-96.74519102408519, 39.10870211749589], [-96.74504639532442, 39.10890774644248], [-96.74502034418119, 39.10895235738899], [-96.74499878461435, 39.108994180125705], [-96.74496285200298, 39.10906946098923], [-96.74493769917503, 39.109141256552675], [-96.74491883455406, 39.10920329343695], [-96.74490625814006, 39.10926672435205], [-96.74489727498722, 39.10934339900838], [-96.74489547835667, 39.10940543571474], [-96.74489996993309, 39.10947862501717], [-96.7449107497165, 39.109551814243616], [-96.74494578401259, 39.10968913096814], [-96.74497273347112, 39.109762319976], [-96.74501046271305, 39.109850843722], [-96.74503741217158, 39.10991009183636], [-96.74506705657595, 39.10996864286515], [-96.74520539712972, 39.110236304091536], [-96.74572552167932, 39.1111731103787], [-96.74577942059636, 39.111290210289035], [-96.74586835380953, 39.11146864787348], [-96.74593842240166, 39.111662419426125], [-96.74596177859907, 39.111761396056764], [-96.74597794827419, 39.11183249186062], [-96.74598962637289, 39.111950287691464], [-96.74600040615628, 39.11221375931049], [-96.74600040615628, 39.112440288354115], [-96.74599950784102, 39.11255947718933], [-96.74599681289514, 39.112643118356836], [-96.74599232131872, 39.11270724318468], [-96.74598513479646, 39.112763700865244], [-96.74597794827419, 39.11283270463564], [-96.74596627017547, 39.112901708338434], [-96.74595099881566, 39.112973499997935], [-96.74593752408639, 39.11302507842659], [-96.74591865946542, 39.11308014184256], [-96.74589709989861, 39.11314078125085], [-96.74586206560251, 39.113215360681465], [-96.74582792962173, 39.113286455018475], [-96.74550812938051, 39.11386426809707], [-96.74496734357942, 39.1148512092735], [-96.74489547835667, 39.11499200060286], [-96.74486852889814, 39.11504497152524], [-96.74484786764658, 39.115093760497466], [-96.74483259628677, 39.11513279165089], [-96.7448137316658, 39.11519203532467], [-96.74480115525182, 39.11525197593212], [-96.74478947715313, 39.115345371660716], [-96.74478768052256, 39.11540043326362], [-96.74479037546841, 39.11544713104501], [-96.74479127378369, 39.1154736163401], [-96.74480115525182, 39.1155495872629], [-96.74481732492694, 39.115618588305274], [-96.74483888449375, 39.115668770839136], [-96.7448595457453, 39.115709195632064], [-96.74487751205098, 39.11574125665823], [-96.74496105537241, 39.115880652254646], [-96.74501495428947, 39.11596986529165], [-96.74506166668426, 39.11604722963071], [-96.74511466728603, 39.116123896909954], [-96.74522066848957, 39.1162828070049], [-96.74527726235247, 39.1163755043948], [-96.74530690675685, 39.11643962582622], [-96.7453212798014, 39.116480050176925], [-96.74533116126953, 39.11651838359149], [-96.74534194105294, 39.11659156550686], [-96.74534463599878, 39.116635474619606], [-96.74534643262935, 39.116655686741694], [-96.74534822925993, 39.116703080660315], [-96.74534822925993, 39.11674629273484], [-96.74533475453066, 39.11687383789702], [-96.74532577137782, 39.1169184438009], [-96.7453096017027, 39.116979079906194], [-96.74524941457865, 39.11721744202122], [-96.74518473587818, 39.11745580332984], [-96.74512544706944, 39.11769346687278], [-96.7450877178275, 39.117891403053264], [-96.7450706498371, 39.11796388658587], [-96.74505448016197, 39.1180572787199], [-96.7450428020633, 39.11814230727157], [-96.74503741217158, 39.118197366688825], [-96.74502663238816, 39.11832421227116], [-96.74500327619079, 39.11853120704424], [-96.74495656379601, 39.118939619189916], [-96.7449170379235, 39.11921282189756], [-96.74487751205098, 39.11941563240611], [-96.7447966636754, 39.11969092408676], [-96.74473737486665, 39.11987282508803], [-96.74469964562469, 39.11997039631283], [-96.74466371301332, 39.12005263481165], [-96.74462149219497, 39.120134176279244], [-96.74456040675564, 39.120241504220935], [-96.74443913419226, 39.12045267495356], [-96.74419838569608, 39.12084574354253], [-96.74380402528632, 39.121477854564205], [-96.7434734452617, 39.121969879724944], [-96.7431554416511, 39.1223915132829], [-96.74302788088072, 39.12255668144332], [-96.74298655837765, 39.12260964667859], [-96.74226071962796, 39.122558075265815], [-96.74190139351427, 39.12253507719118], [-96.74165076354998, 39.12251556366742], [-96.74154925392286, 39.12250720072704], [-96.74144684598045, 39.12249744396196], [-96.74130581048084, 39.12248071807586], [-96.741198910962, 39.12245702306376], [-96.74110099459602, 39.122429843481214], [-96.74103182431914, 39.12240614845199], [-96.74096804393396, 39.12237896884983], [-96.74086653430685, 39.122332275662664], [-96.74057548015475, 39.12218662059637], [-96.74039042720618, 39.122096718515195], [-96.74028352768735, 39.12205420663841], [-96.74019998436594, 39.12202075465177], [-96.7401092545222, 39.12198660573234], [-96.73990174369155, 39.121914823255885], [-96.73976070819192, 39.121861857498246], [-96.73972028400415, 39.121843737624616], [-96.73968524970805, 39.121826314664844], [-96.73965111372723, 39.12179913483898], [-96.73962057100759, 39.121767076569334], [-96.73959631649491, 39.121734321365736], [-96.73956667209053, 39.12168693083142], [-96.73955050241541, 39.1216555694309], [-96.73953343442501, 39.121615148049635], [-96.73951816306518, 39.12157542356612], [-96.73950917991233, 39.12154197135211], [-96.73950289170534, 39.12150085298399], [-96.7394939085525, 39.12146391612434], [-96.73945438268001, 39.12135728696802], [-96.73942383996034, 39.1213008361729], [-96.73939509387122, 39.12125205149867], [-96.73937263598913, 39.12121581143312], [-96.73932682190964, 39.12115657282426], [-96.7392828044607, 39.12110639419897], [-96.73921363418383, 39.12103461082563], [-96.73908427678288, 39.12091404247087], [-96.73890820698718, 39.12074817353004], [-96.73885520638541, 39.12070426698033], [-96.73866117028402, 39.12057463795961], [-96.73847701565073, 39.12045894734189], [-96.73831621721484, 39.120332105602884], [-96.73827040313536, 39.12028959266126], [-96.73822997894756, 39.12025404903461], [-96.73818416486807, 39.120198991224626], [-96.73814194404972, 39.12012650999144], [-96.73811948616759, 39.12004566545105], [-96.73810062154664, 39.119942518833845], [-96.73805660409771, 39.11977804148313], [-96.73805031589073, 39.11973274045045], [-96.73805031589073, 39.11967280365476], [-96.73805390915186, 39.11943584373064], [-96.73806109567414, 39.11929645516771], [-96.73807187545755, 39.11912570380226], [-96.73807457040338, 39.11901349553678], [-96.73808085861039, 39.1189284680365], [-96.73808265524094, 39.11886992445205], [-96.73808445187153, 39.11878977541824], [-96.7380862485021, 39.118704050698604], [-96.73808265524094, 39.11863017402724], [-96.73807636703397, 39.1185556003276], [-96.73805840072829, 39.11845733019164], [-96.73804312936844, 39.118399483168076], [-96.73802965463918, 39.11834930257906], [-96.7380054001265, 39.11829006155993], [-96.73797934898326, 39.11822036617949], [-96.73791197533694, 39.11807470261181], [-96.73774848195522, 39.1177401631345], [-96.73769907461458, 39.11764886145954], [-96.73765415885038, 39.11757707456334], [-96.73762810770714, 39.117540135646514], [-96.7375957683569, 39.11749553013623], [-96.73756971721366, 39.117469742562704], [-96.73753647954814, 39.11743698536113], [-96.73749515704506, 39.11740283421984], [-96.73745563117257, 39.117376349649895], [-96.73739724067909, 39.1173380167021], [-96.73734334176203, 39.11730944121833], [-96.7372876462144, 39.11728365357671], [-96.7372364422432, 39.117263441634776], [-96.73717805174974, 39.11724532057847], [-96.73711337304925, 39.11722441166156], [-96.73704240614181, 39.11720350273844], [-96.73696065945093, 39.11718398773791], [-96.73689418411992, 39.11716935148397], [-96.73680704753733, 39.11715332129762], [-96.73674775872855, 39.117139382002165], [-96.73668757160453, 39.1171205639489], [-96.73661390975121, 39.117094079272874], [-96.73656270578002, 39.117068988517964], [-96.7365124001241, 39.117040412925114], [-96.73646748435989, 39.11701114035454], [-96.73642885680266, 39.116981867771834], [-96.7363812460926, 39.11694492854295], [-96.7363408219048, 39.116907292327596], [-96.7362725499432, 39.116846656160526], [-96.73606414079725, 39.11664662613596], [-96.73582698556223, 39.11642011061414], [-96.73551616847388, 39.11613504850727], [-96.73527991155412, 39.115905046455666], [-96.7351325878475, 39.11576565090752], [-96.73488016125262, 39.11551822313036], [-96.73484512695653, 39.115479192190406], [-96.734818177498, 39.115442252173764], [-96.73479931287704, 39.11541646384879], [-96.7347795499408, 39.11538509965701], [-96.73474182069884, 39.115326553128355], [-96.73469870156522, 39.115253369899115], [-96.73466995547611, 39.11520458103742], [-96.73464570096343, 39.115158580079736], [-96.73462414139662, 39.11510839718253], [-96.73455137785858, 39.11492160497336], [-96.73451364861666, 39.114836572535005], [-96.73449568231096, 39.11479684422948], [-96.73448400421228, 39.11475990385509]]]}}, {"type": "Feature", "properties": {"FID": 18, "AREA_ID": "13", "ACRES": 504.367, "area_name": "13", "area_type": null, "area_syskey": 18}, "geometry": {"type": "Polygon", "coordinates": [[[-96.77522439898334, 39.11405385109056], [-96.77627003797419, 39.11274627566002], [-96.77699318177801, 39.11211617734422], [-96.77772441041938, 39.111748849730986], [-96.77843497780921, 39.11152371250557], [-96.77901169622172, 39.10814935603167], [-96.7809448707134, 39.10790259856862], [-96.78193571247192, 39.107929086699265], [-96.78292565591516, 39.107749943095364], [-96.78517773233276, 39.10592293115824], [-96.78829308973853, 39.10338064994942], [-96.78875212884877, 39.10404358980651], [-96.78883387553962, 39.104161398655506], [-96.78895155484189, 39.10432451827526], [-96.78907642066639, 39.1044848491576], [-96.78920847301316, 39.10464099714464], [-96.78934771188224, 39.10479365935118], [-96.78949413727355, 39.10494213871433], [-96.7896513424483, 39.105090617764745], [-96.78981483583004, 39.10523421692446], [-96.78998461741877, 39.10537293622325], [-96.79016158552976, 39.10550677568996], [-96.79034394353245, 39.105635735352415], [-96.79053258974214, 39.10575911815993], [-96.79072752415884, 39.10587692414185], [-96.79092695015191, 39.105989850401215], [-96.79113176603673, 39.10609650281342], [-96.79134107349797, 39.10619757847993], [-96.79155577085089, 39.10629238035266], [-96.79177406146496, 39.10638090845694], [-96.79199684365547, 39.106463859886816], [-96.79222321910709, 39.10653984052263], [-96.79245228950458, 39.10660954745594], [-96.7926849531632, 39.10667228363696], [-96.79292121008295, 39.10672874615215], [-96.79315926363326, 39.106778935016585], [-96.79339911381417, 39.10682145610985], [-96.79364076062564, 39.106857703578925], [-96.79388510238294, 39.106886980367314], [-96.79412944414025, 39.10690928648361], [-96.79437468421285, 39.10692462193445], [-96.79462172091604, 39.10693298672444], [-96.79462261923132, 39.10693298672444], [-96.79462261923132, 39.10693298672444], [-96.7948678593039, 39.106934380855975], [-96.79511489600708, 39.106928804329556], [-96.79724839480717, 39.10685630944588], [-96.79724839480717, 39.10685630944588], [-96.79727354763511, 39.107025696413494], [-96.79735439601068, 39.10707797625956], [-96.79759514450689, 39.107195082974044], [-96.7977415698982, 39.10726757750933], [-96.79778828229298, 39.10731149243194], [-96.79779636713054, 39.10738398684746], [-96.79777301093317, 39.107450904703335], [-96.79744422753912, 39.108362654159514], [-96.79628629913773, 39.10863032148511], [-96.79628540082243, 39.10863032148511], [-96.79597188878826, 39.108538310956604], [-96.79597188878826, 39.108538310956604], [-96.7953242034683, 39.10853691685674], [-96.79356709877231, 39.10897605694282], [-96.79337306267094, 39.1093245788732], [-96.79377460960298, 39.110200058359986], [-96.79376293150429, 39.11020702869442], [-96.79369016796628, 39.11025163881851], [-96.79360931959069, 39.110333191628655], [-96.79358057350159, 39.11041056215615], [-96.79358416676273, 39.11052208709136], [-96.79363087915749, 39.11068449496267], [-96.79373777867633, 39.11098212558372], [-96.79395606929039, 39.11151674230133], [-96.79432797181809, 39.11235316188507], [-96.79453278770288, 39.112794369215976], [-96.79513465894333, 39.114037820195406], [-96.79517508313113, 39.11411588365048], [-96.79520742248134, 39.1141660672545], [-96.7952388635163, 39.114221129778905], [-96.79529725400978, 39.11432079980858], [-96.79481306207157, 39.1142887381361], [-96.79422197061453, 39.11428734415], [-96.79390935689563, 39.114295708066145], [-96.79379796580038, 39.11430337498839], [-96.79368657470512, 39.1143173148449], [-96.79355272572776, 39.11434519454961], [-96.79323112885601, 39.11443371253904], [-96.7930945849328, 39.11447622901408], [-96.79296702416245, 39.11452292740797], [-96.79295534606375, 39.114527109352174], [-96.7927532251248, 39.11461283915381], [-96.79269663126189, 39.114640718741605], [-96.79256368059983, 39.11470623572953], [-96.7923597630303, 39.114834481572125], [-96.79226094834902, 39.114909756197136], [-96.79218369323458, 39.114973878962395], [-96.79201660659172, 39.11513209466621], [-96.79188006266853, 39.115256157833045], [-96.79170848444922, 39.115399736281546], [-96.79159978829983, 39.1154736163401], [-96.79149019383514, 39.11554401141814], [-96.79139407409974, 39.115599072865805], [-96.79123686892498, 39.115679225529185], [-96.79093593330475, 39.115821409159885], [-96.79058738697448, 39.115964986456625], [-96.79023614569836, 39.116110654385864], [-96.78995048143794, 39.11621798845682], [-96.78960283342295, 39.11633577695694], [-96.78925069383152, 39.116434050051886], [-96.78871170466097, 39.116569262455], [-96.78810983342052, 39.116691232183676], [-96.78767504882296, 39.116774868446996], [-96.78715043269698, 39.116875928799416], [-96.78693483702875, 39.1169184438009], [-96.78670037673956, 39.11696723147591], [-96.78651442547572, 39.11701392821896], [-96.78628625339353, 39.11707595817301], [-96.78604909815847, 39.117149139509266], [-96.78559095736351, 39.117305259439256], [-96.7852379194568, 39.11742931877981], [-96.7852379194568, 39.11742931877981], [-96.78483727084004, 39.11757010495789], [-96.78420934845634, 39.11780428332402], [-96.78415634785458, 39.11782310119464], [-96.78414197481003, 39.11782797990103], [-96.78408987252354, 39.11784540384964], [-96.78370180032076, 39.11798200745738], [-96.78356435808226, 39.11803149135199], [-96.78353561199317, 39.11804194569147], [-96.78348081476084, 39.11806773305557], [-96.78335954219747, 39.11812558035149], [-96.78324635447163, 39.118182730645415], [-96.78309184424275, 39.11826636513831], [-96.78300470766017, 39.118313061020324], [-96.78267592426614, 39.118517964972575], [-96.78235073413325, 39.11872844392212], [-96.78205518840473, 39.11891871077579], [-96.78181084664743, 39.119088765697335], [-96.78171562522729, 39.119172399114746], [-96.7816347768517, 39.11924627521752], [-96.78159435266393, 39.11929645516771], [-96.7815718947818, 39.119329908447945], [-96.7815431486927, 39.11937172502596], [-96.78143085928217, 39.119538294148576], [-96.78136977384287, 39.11966653119644], [-96.78132036650223, 39.11978779862482], [-96.78121077203754, 39.12004845319537], [-96.78114339839122, 39.1202338379448], [-96.78112812703138, 39.120280532522834], [-96.78108680452833, 39.1204087682197], [-96.78102661740427, 39.120615059937904], [-96.78097002354136, 39.120814381767524], [-96.78095115892037, 39.12088337765409], [-96.78089815831864, 39.12107782024357], [-96.78082180151947, 39.12132244080355], [-96.78080742847492, 39.12136216542968], [-96.78076430934127, 39.121479945329966], [-96.78068705422682, 39.12161654189073], [-96.78062417215693, 39.12168344623205], [-96.78055859514117, 39.121752441267475], [-96.7805055945394, 39.12179704408268], [-96.78045439056821, 39.12182979925715], [-96.78040138996644, 39.121862554416374], [-96.78034030452709, 39.121896703395905], [-96.78023969321526, 39.121944790706415], [-96.78009326782394, 39.12199287798408], [-96.77977436589804, 39.122062569632604], [-96.77966926300978, 39.12208278019777], [-96.77876735446439, 39.12223679845224], [-96.77827238274278, 39.1223253065276], [-96.77777920765172, 39.12241938979283], [-96.77683148502683, 39.12262149415997], [-96.77677848442507, 39.12263403854984], [-96.77550557166731, 39.118246153478296], [-96.77533668839386, 39.11798758310922], [-96.77497466733432, 39.117416076501065], [-96.77470517274905, 39.116977685973325], [-96.77409521667104, 39.11585695502272], [-96.7741832515689, 39.115603951726186], [-96.77444825457775, 39.115326553128355], [-96.77465307046255, 39.114986424714], [-96.77478602112463, 39.11470693271844], [-96.77503844771948, 39.11426364638224], [-96.77522439898334, 39.11405385109056]]]}}, {"type": "Feature", "properties": {"FID": 19, "AREA_ID": "9", "ACRES": 413.861, "area_name": "9", "area_type": null, "area_syskey": 19}, "geometry": {"type": "Polygon", "coordinates": [[[-96.7609843050975, 39.134227584136966], [-96.76083248981445, 39.134233158502994], [-96.76072020040391, 39.134231068115774], [-96.76057826658902, 39.134227584136966], [-96.76013719378443, 39.1342094674444], [-96.7595874248305, 39.13419204754328], [-96.75854358247021, 39.134158601321076], [-96.7575680120715, 39.13411679352096], [-96.75652237308064, 39.13408752804613], [-96.75559351507674, 39.13406662412806], [-96.7543987557487, 39.13405268817926], [-96.75429275454515, 39.13405199138172], [-96.75382383396678, 39.13404432660864], [-96.75370884961039, 39.13404432660864], [-96.75304229966949, 39.13404153941821], [-96.75144150183296, 39.13402202908216], [-96.75120344828262, 39.13402202908216], [-96.75026650544118, 39.1340262098689], [-96.75018475875032, 39.13402551307112], [-96.75012277499569, 39.13402063548651], [-96.7500706727092, 39.13401297070999], [-96.75000329906288, 39.13399415716411], [-96.74993682373184, 39.133970466025104], [-96.74987573829253, 39.13394259408667], [-96.74982273769075, 39.1339077541481], [-96.74977153371957, 39.133854797408446], [-96.74974458426102, 39.13381507982758], [-96.74972751627061, 39.13378302702668], [-96.74971493985664, 39.133737735000544], [-96.74970505838853, 39.13368547493419], [-96.7496996684968, 39.13361997559626], [-96.74969427860509, 39.1334785246905], [-96.74969248197453, 39.13273572857115], [-96.7496996684968, 39.132388019252645], [-96.74969068534396, 39.13222008688281], [-96.74968709208284, 39.1321587670795], [-96.7496834988217, 39.132121835808526], [-96.74967271903829, 39.13204309548694], [-96.7496547527326, 39.131978988257465], [-96.74963678642692, 39.131923242793064], [-96.74961073528368, 39.13187585911361], [-96.74957210772644, 39.13181941674798], [-96.74953078522336, 39.13178039483912], [-96.74948317451329, 39.13173858562707], [-96.74941669918226, 39.13170165413577], [-96.74934034238312, 39.13167169083614], [-96.74924781590882, 39.131648695737084], [-96.749147204597, 39.13163615295261], [-96.7490394067629, 39.13163406248832], [-96.7487088267383, 39.131632668845434], [-96.74687985681958, 39.131647998915774], [-96.745304211811, 39.13165008937966], [-96.74502842901875, 39.13164660527315], [-96.74502932733402, 39.13161385466359], [-96.74503202227987, 39.1313957491519], [-96.7450428020633, 39.1308717357046], [-96.74503741217158, 39.13051913935547], [-96.74503202227987, 39.13045084973992], [-96.74502124249646, 39.13038116639048], [-96.74499519135323, 39.13027176339278], [-96.74496914020996, 39.130198595688], [-96.74495207221958, 39.13015957288103], [-96.74489996993309, 39.130059925258], [-96.74479037546841, 39.12988780630432], [-96.74465383154521, 39.1297038406418], [-96.74450740615389, 39.129509421862544], [-96.74424330146032, 39.12916587768965], [-96.74360998918492, 39.12833035454312], [-96.74300901625975, 39.12755057045443], [-96.74250416307001, 39.1268920329317], [-96.74230383876161, 39.12663488803703], [-96.74209542961569, 39.12634289852247], [-96.74201547955538, 39.12621606737774], [-96.74195349580077, 39.12609132663352], [-96.74191576655885, 39.1259902795], [-96.74190498677541, 39.12593661992878], [-96.74189420699201, 39.12586762899143], [-96.74188881710032, 39.12578260976355], [-96.74189420699201, 39.125688530990175], [-96.74191666487413, 39.125562395548684], [-96.7419355294951, 39.125473891540516], [-96.74195529243134, 39.1253930531367], [-96.7419804452593, 39.12527597666321], [-96.74212597233533, 39.12468362247519], [-96.74226700783497, 39.12412541120502], [-96.74229126234765, 39.124036905391364], [-96.74234066968826, 39.12387034690505], [-96.74242690795555, 39.12360343436727], [-96.74245655235994, 39.1235253814236], [-96.7424879933949, 39.123442450076155], [-96.74254009568138, 39.123318401323814], [-96.74259219796787, 39.12321038116493], [-96.7426928092797, 39.12302151971497], [-96.74274940314261, 39.122931618699276], [-96.74282486162649, 39.12282359794728], [-96.74293894766758, 39.12267376243643], [-96.74298655837765, 39.12260964667859], [-96.74302788088072, 39.12255668144332], [-96.74332881650093, 39.122660521143395], [-96.74341235982237, 39.12255946908828], [-96.743474343577, 39.122484202635796], [-96.74354171722331, 39.12240684536472], [-96.74372856680243, 39.122397785498606], [-96.74387678882434, 39.12239499784726], [-96.74415975813888, 39.1223943009344], [-96.74438343864465, 39.12239848241142], [-96.74456938990848, 39.12241381449174], [-96.7453778736643, 39.122496050138295], [-96.74554226536132, 39.1225085945505], [-96.74569497895965, 39.122519048225655], [-96.74578750543392, 39.122519048225655], [-96.74597974490474, 39.12249953469747], [-96.74623576476074, 39.12247165821923], [-96.74637859689095, 39.122424965093494], [-96.74654927679495, 39.122363636761946], [-96.74667683756532, 39.122305096032], [-96.74680978822738, 39.12226815959402], [-96.74698316307726, 39.1222235570771], [-96.74708377438908, 39.122210315699434], [-96.74721852168173, 39.12220125580803], [-96.74734069256039, 39.12220752804068], [-96.74746286343905, 39.12220892187007], [-96.74753652529235, 39.122209618784765], [-96.74762725513605, 39.12220334655231], [-96.74774223949244, 39.12219986197849], [-96.74782308786801, 39.1222110126141], [-96.74791471602703, 39.12224376759608], [-96.74815636283849, 39.12236433367509], [-96.74835039893986, 39.122492565578945], [-96.74849592601593, 39.12261522196419], [-96.74859114743604, 39.122693972826234], [-96.7488498622379, 39.1229086207466], [-96.74895496512617, 39.12298876509463], [-96.74904120339345, 39.1230486990692], [-96.74910318714808, 39.123081453661676], [-96.74924691759357, 39.12313999374648], [-96.74934124069839, 39.123166476149784], [-96.74942478401982, 39.123182504968014], [-96.74957120941116, 39.123198533782606], [-96.74980027980865, 39.123205502831254], [-96.75001767210742, 39.123198533782606], [-96.75013714804024, 39.12320132140214], [-96.7502422509285, 39.12321386568876], [-96.7503662184377, 39.12323337901909], [-96.75049198257751, 39.123267527334136], [-96.75067164563437, 39.123326764167935], [-96.75078213841434, 39.123387394758], [-96.75085849521349, 39.12341805848479], [-96.75092227559867, 39.12343060273286], [-96.75100941218123, 39.12343060273286], [-96.75121243143546, 39.1233769412117], [-96.75140916248272, 39.12330725086348], [-96.75160769016054, 39.123248710917686], [-96.75199935562448, 39.1231093298986], [-96.75233981711719, 39.12301524755478], [-96.75245030989716, 39.12302430734151], [-96.75304858787646, 39.122984583652624], [-96.75416788872063, 39.12321247187924], [-96.75499164383629, 39.12338321333965], [-96.75584414504105, 39.12369681902552], [-96.75713412578922, 39.124315663483145], [-96.75872863541875, 39.125250191937546], [-96.75982278343496, 39.12683349596504], [-96.76037794228061, 39.12814847538024], [-96.76094657585556, 39.1300703778125], [-96.76219613241594, 39.13093375345697], [-96.76348162158769, 39.13117833979065], [-96.76412571364648, 39.131732314243116], [-96.76408439114343, 39.13173788880665], [-96.76393616912151, 39.13176297433711], [-96.76375470943411, 39.13179920897646], [-96.76357145311611, 39.13184659270746], [-96.7634528754986, 39.13188352412276], [-96.76333968777277, 39.13192393961163], [-96.76322829667754, 39.13197202007682], [-96.76313487188798, 39.1320131323326], [-96.76302168416217, 39.13206748409156], [-96.76293185263373, 39.13211974535866], [-96.7628132750162, 39.13218803335594], [-96.76270907044324, 39.13225423084106], [-96.76259857766327, 39.132331577297535], [-96.76254288211565, 39.13237617341396], [-96.76247730509989, 39.132425647197614], [-96.76238837188677, 39.13250020621436], [-96.76231920160988, 39.132562222532634], [-96.762250031333, 39.13263538778172], [-96.7621799627408, 39.13271552106257], [-96.76212067393206, 39.13279217020238], [-96.76206318175386, 39.132871606495605], [-96.76200928283681, 39.1329496490824], [-96.76195179065861, 39.13303814369668], [-96.76190058668742, 39.13313639349252], [-96.76186555239133, 39.13320816453335], [-96.76182512820353, 39.13329874923772], [-96.76178470401575, 39.13342138680565], [-96.76170026237904, 39.13369801735364], [-96.7616796011275, 39.13376142621786], [-96.76166432976764, 39.13380253742896], [-96.76164007525499, 39.133854797408446], [-96.76161761737288, 39.13389172777055], [-96.7615879729685, 39.133937716496305], [-96.76155922687941, 39.13397395001664], [-96.76152778584445, 39.13400739632655], [-96.76149364986365, 39.13403457144167], [-96.76144873409943, 39.134068017722804], [-96.76140920822695, 39.13409449601741], [-96.76134542784173, 39.1341293358636], [-96.76129063060941, 39.134155814135156], [-96.76122774853951, 39.13418089880432], [-96.7611837310906, 39.134195531523844], [-96.76115229005563, 39.13420389307651], [-96.76109300124688, 39.134215041811835], [-96.76104269559097, 39.13422270656636], [-96.7609843050975, 39.134227584136966]]]}}, {"type": "Feature", "properties": {"FID": 20, "AREA_ID": "61", "ACRES": 1126.07, "area_name": "61", "area_type": null, "area_syskey": 20}, "geometry": {"type": "Polygon", "coordinates": [[[-96.90308700328158, 39.21939691557432], [-96.90280313565174, 39.219383692480726], [-96.9026171843879, 39.21938090867123], [-96.90204944912827, 39.21938856414707], [-96.90166946176303, 39.21938647629012], [-96.90094721627449, 39.21938786819476], [-96.8996410658512, 39.21938578033778], [-96.89890354900284, 39.219389260099376], [-96.89722998762831, 39.21938508438545], [-96.8949437752299, 39.21939830747876], [-96.89298005801852, 39.21938856414707], [-96.89208174273429, 39.21938856414707], [-96.8902518745003, 39.21939134795628], [-96.88726677281073, 39.21938160462362], [-96.88597140217087, 39.219372557242096], [-96.88435892623562, 39.2193502867595], [-96.88340491540377, 39.21934263127952], [-96.88150318194702, 39.219312009351064], [-96.87970295811739, 39.21929182670913], [-96.87840668916225, 39.21927721168893], [-96.876971181338, 39.219261204758546], [-96.87441188109318, 39.219250069500475], [-96.87165495148585, 39.2192354544716], [-96.87165225653999, 39.21900787720051], [-96.87170346051118, 39.218898612010086], [-96.87179688530075, 39.218760812355455], [-96.87186066568593, 39.218643891224275], [-96.87192893764755, 39.2185527204452], [-96.87205829504846, 39.218423967616616], [-96.87223526315947, 39.21823953747777], [-96.87236282392983, 39.21810452038972], [-96.87249936785304, 39.21797367884019], [-96.87260087748015, 39.21789155476429], [-96.8728829484794, 39.21768067640062], [-96.8731057306699, 39.217489284598116], [-96.87341025955125, 39.21723943051446], [-96.87387109529209, 39.216774518599486], [-96.87406063981706, 39.21658173236653], [-96.87424030287391, 39.2163785058727], [-96.8743939147875, 39.21617806272721], [-96.87459244246533, 39.215910108322966], [-96.87473976617196, 39.215682520272615], [-96.87484576737549, 39.21550921878538], [-96.87494637868731, 39.21538881227935], [-96.87503621021574, 39.21529902925898], [-96.87516556761668, 39.21516957446933], [-96.8753865531766, 39.21496495189571], [-96.87548716448845, 39.21487238434508], [-96.87565425113131, 39.2147436247672], [-96.8759578816974, 39.21450698492721], [-96.87623815606607, 39.214278000322835], [-96.87634954716131, 39.214177079819386], [-96.87646183657185, 39.214056671028935], [-96.87660646533261, 39.21390146170543], [-96.87673492441826, 39.21374416401408], [-96.87698196112142, 39.213397551043386], [-96.8772505573914, 39.213030751919916], [-96.87742662718712, 39.21282055497418], [-96.87762245991908, 39.21261383749664], [-96.87774103753662, 39.2124955140875], [-96.8778623101, 39.21238484671851], [-96.87791980227817, 39.21233682120223], [-96.87800334559961, 39.21227487519793], [-96.87805814283195, 39.21221919334968], [-96.87810305859615, 39.212166991576844], [-96.87813629626167, 39.21210365337372], [-96.87817402550363, 39.2120479713897], [-96.87822972105124, 39.211959576149376], [-96.87827104355432, 39.21189762981232], [-96.87832853573249, 39.21182663506664], [-96.87842375715265, 39.21171387855837], [-96.87870582815188, 39.21141319365117], [-96.87899239072755, 39.21110763521583], [-96.87929691960892, 39.210782586400356], [-96.87944424331553, 39.210621801526464], [-96.87966073729903, 39.210405332997894], [-96.87977302670957, 39.210291878165], [-96.87987902791312, 39.21020765697416], [-96.8800452162407, 39.21007192839623], [-96.8801763702722, 39.209966825573595], [-96.88031740577182, 39.209841537235164], [-96.88049347556752, 39.20968144625522], [-96.88098754897386, 39.20922762114584], [-96.88134058688057, 39.208916484752095], [-96.88174123549733, 39.20857541642803], [-96.88209607003463, 39.20826218895706], [-96.88255780409072, 39.207848726556286], [-96.88294228303238, 39.20749930020532], [-96.88333035523517, 39.20714708782132], [-96.88369417292529, 39.20675728549532], [-96.88406966871412, 39.20639880466088], [-96.88434994308278, 39.2061579601989], [-96.8844981651047, 39.20604241025057], [-96.88464818375716, 39.20593799748316], [-96.88482605018345, 39.205800172392514], [-96.88494552611625, 39.205689494472395], [-96.88503805259052, 39.20557185548562], [-96.88515213863164, 39.20541662740865], [-96.88525993646573, 39.205266271634805], [-96.88535605620115, 39.20512914131968], [-96.88541893827106, 39.20501915843694], [-96.8854899051785, 39.20488690031191], [-96.88554829567198, 39.20482494773611], [-96.88559949964316, 39.20479640776707], [-96.88603697918663, 39.20440798459661], [-96.88632264344699, 39.20413372034733], [-96.88665502010217, 39.203878945998966], [-96.88699637991017, 39.2036777710655], [-96.8873323498265, 39.203528803788465], [-96.88758567473664, 39.20341046507221], [-96.88782103334113, 39.20332205895996], [-96.88801237449665, 39.20327402724603], [-96.8881066976015, 39.2032614972283], [-96.88819652912993, 39.20326010500395], [-96.88829175055005, 39.20326706612533], [-96.88837349724093, 39.20326567390111], [-96.88844176920252, 39.2032531438819], [-96.88851183779471, 39.20322738772424], [-96.88856663502705, 39.20319397431648], [-96.88860975416068, 39.203151511421176], [-96.88865197497904, 39.203099302908136], [-96.8887004840044, 39.20306310498299], [-96.88880648520794, 39.20302064200859], [-96.88899243647178, 39.202976786778535], [-96.88935086427018, 39.20290926359306], [-96.88992758268267, 39.20274637234232], [-96.89035967233438, 39.20261898276766], [-96.89081511818351, 39.20249228908172], [-96.8912831404466, 39.20235097662403], [-96.89168019580222, 39.202228459189236], [-96.89215899784874, 39.202115687270634], [-96.8927312246848, 39.20196950118074], [-96.89334028244751, 39.20180312711785], [-96.89381099965644, 39.201671559065254], [-96.89429249664882, 39.20151075333297], [-96.89488897799754, 39.2013402013965], [-96.89536778004404, 39.20119819048857], [-96.89591575236744, 39.20100327308869], [-96.89629573973268, 39.20087239967389], [-96.89663799785598, 39.200769371494935], [-96.89693983179149, 39.20067678523224], [-96.89727759833836, 39.20056401082263], [-96.8974922956913, 39.20050692741051], [-96.8976117716241, 39.200479081826785], [-96.89768902673855, 39.20047212042912], [-96.89776358690712, 39.200461678331344], [-96.89781029930191, 39.200440097991], [-96.89787138474124, 39.20039554500936], [-96.8979297752347, 39.20035795340912], [-96.89802140339373, 39.200323146353895], [-96.89816333720863, 39.200279985581496], [-96.89831784743751, 39.20024865919784], [-96.89848673071094, 39.20022499036536], [-96.89873825899053, 39.20021245980376], [-96.89897990580201, 39.20020828294938], [-96.8992026879925, 39.200190879386874], [-96.8993616897978, 39.200178348819186], [-96.89949553877517, 39.20015537610594], [-96.89990786549063, 39.20007949648462], [-96.90041990520265, 39.20000431292576], [-96.90071545093116, 39.19995697508818], [-96.90095709774262, 39.199931217721954], [-96.90096608089546, 39.19993052157683], [-96.90148800207561, 39.19989223358218], [-96.90194254960944, 39.199819138261766], [-96.9023153504524, 39.19973560065961], [-96.90263065911716, 39.19964231688644], [-96.90298010376274, 39.19955877907403], [-96.90337715911838, 39.199466887365624], [-96.90366012843292, 39.19939239930166], [-96.90376253637532, 39.19936524942695], [-96.9040311326453, 39.199262219037635], [-96.90434823794065, 39.199123684694946], [-96.90462941062462, 39.19900255394029], [-96.90482793830242, 39.19894338079455], [-96.90495819401863, 39.19884661519001], [-96.90512528066152, 39.19869624535301], [-96.90520972229824, 39.198580683129954], [-96.90526092626945, 39.198410124079906], [-96.90521511218994, 39.198160898274445], [-96.90509294131128, 39.19795831463593], [-96.90500310978287, 39.19778218474357], [-96.90494022771296, 39.19765965934062], [-96.90494561760467, 39.19757472683364], [-96.90494831255053, 39.19748700954651], [-96.90495909233391, 39.197379103209784], [-96.9049671771715, 39.19733245977418], [-96.90498334684662, 39.197285816307634], [-96.90501658451211, 39.197183479041186], [-96.90508575478903, 39.19723081874761], [-96.90528248583625, 39.197358914263845], [-96.90553581074643, 39.197516248654395], [-96.90568672771417, 39.19760535824145], [-96.90598945996497, 39.19777383074562], [-96.90604425719731, 39.19780237356787], [-96.9060217993152, 39.19925386521565], [-96.90604695214316, 39.20098030064523], [-96.90604515551259, 39.201709846090104], [-96.90604515551259, 39.20185742497248], [-96.90604515551259, 39.20204120201523], [-96.90602269763048, 39.20271922376382], [-96.90604515551259, 39.204064806065595], [-96.90605773192655, 39.20470661120349], [-96.90604425719731, 39.20537695022182], [-96.90604335888203, 39.205523129220374], [-96.90600203637895, 39.20594983093794], [-96.9059930532261, 39.20628882376624], [-96.90599395154139, 39.20644753031864], [-96.90599035828023, 39.206581177663544], [-96.90592567957978, 39.208853839673885], [-96.90593017115621, 39.209402330239136], [-96.90587178066274, 39.21011369106353], [-96.90587806886971, 39.21057168668531], [-96.90583135647493, 39.211367255565854], [-96.90581878006097, 39.211665156554325], [-96.90582866152909, 39.21183637944774], [-96.9058331531055, 39.212338909268816], [-96.9058610008793, 39.21246976131909], [-96.90581339016926, 39.21255676387713], [-96.90582327163737, 39.2129096451472], [-96.9058223733221, 39.21338154277251], [-96.9058053053317, 39.2138297729783], [-96.9057702710356, 39.21390494173885], [-96.90577655924258, 39.21398707047788], [-96.90579632217884, 39.2140406629083], [-96.90580261038585, 39.21416107172621], [-96.90579452554826, 39.21458284896277], [-96.9057594912522, 39.21566164059801], [-96.90572805021725, 39.216213557909256], [-96.90572086369497, 39.21655806903789], [-96.90571098222685, 39.216891442843924], [-96.90568942266003, 39.217190016370324], [-96.90567684624604, 39.21772452244917], [-96.90565977825564, 39.218254152713996], [-96.90564091363467, 39.218844327329954], [-96.90559779450103, 39.21939343581311], [-96.90559509955519, 39.21945815934375], [-96.90555737031326, 39.22021187090386], [-96.90523757007205, 39.22004971572973], [-96.90485668439153, 39.219853458751864], [-96.90458539317568, 39.21974001918464], [-96.90433655984197, 39.2196460660301], [-96.90407065851782, 39.21956672771276], [-96.90379936730197, 39.21950061237984], [-96.90358017837261, 39.21945815934375], [-96.90344812602582, 39.21943658484015], [-96.90333134503888, 39.21941918604212], [-96.90308700328158, 39.21939691557432]]]}}, {"type": "Feature", "properties": {"FID": 21, "AREA_ID": "57", "ACRES": 558.563, "area_name": "57", "area_type": null, "area_syskey": 21}, "geometry": {"type": "Polygon", "coordinates": [[[-96.88477035463583, 39.203296998939386], [-96.88446043586278, 39.20274776457685], [-96.88442180830553, 39.20267676058151], [-96.88439126558586, 39.202602275921045], [-96.8843445531911, 39.20246165980468], [-96.8843211969937, 39.20236281068314], [-96.88429694248101, 39.20225282346887], [-96.88423316209584, 39.20191798791468], [-96.88410290637964, 39.201407726090245], [-96.88390348038654, 39.20080557060205], [-96.88386575114458, 39.200705326875116], [-96.8838316151638, 39.200629447847795], [-96.88373819037423, 39.200509015828835], [-96.8834660008431, 39.20016512210643], [-96.88334742322557, 39.199971594129664], [-96.88330969398362, 39.19988527212638], [-96.88327465968756, 39.19980799992057], [-96.88318931973555, 39.19942442221733], [-96.88312284440451, 39.19919678073896], [-96.88301684320096, 39.198861234462555], [-96.88289557063759, 39.198502017170554], [-96.88276261997554, 39.19816646757584], [-96.88261888953006, 39.19782673938259], [-96.88255061756844, 39.19768193670251], [-96.88248414223742, 39.197498844424985], [-96.8824401247885, 39.19735264872773], [-96.88241497196053, 39.19723151491954], [-96.88239251407842, 39.19711803880629], [-96.88237364945746, 39.19698715815362], [-96.88236197135875, 39.19687716252293], [-96.88235927641293, 39.19677064760249], [-96.88236825956577, 39.196635589235925], [-96.88242036185223, 39.19640306546048], [-96.88247515908458, 39.196238070578204], [-96.88256049903659, 39.19603826613036], [-96.88259643164795, 39.19592548427477], [-96.88260002490908, 39.19585656194056], [-96.88259732996323, 39.195807828936175], [-96.88257756702697, 39.19574238741997], [-96.88248683718327, 39.19563030127723], [-96.88236197135875, 39.19548827882714], [-96.8821041548722, 39.19521746071243], [-96.88195952611142, 39.19504898207841], [-96.88182118555765, 39.19484081990245], [-96.88168464163444, 39.19456164491235], [-96.88163523429382, 39.19443493669552], [-96.88160469157415, 39.19428525361751], [-96.88161457304227, 39.19412373477566], [-96.88164781070778, 39.19400955743931], [-96.88171698098468, 39.19389468371247], [-96.88180411756724, 39.19378746806467], [-96.88193167833761, 39.19360854288549], [-96.88219039313948, 39.19314417074232], [-96.88237095451159, 39.19277378476396], [-96.8825542108296, 39.19239364975613], [-96.88265661877199, 39.19215693460971], [-96.88269883959033, 39.19197661283076], [-96.88272129747246, 39.19179211323438], [-96.88272668736417, 39.19162989243434], [-96.88270243285149, 39.191370199129366], [-96.8826736867624, 39.191194748953855], [-96.88237814103388, 39.19008842803554], [-96.88267728002354, 39.19009608670467], [-96.88339952551206, 39.190105137858], [-96.88360613802743, 39.19011279652528], [-96.88392324332278, 39.19011767022224], [-96.88441372346799, 39.19012324016117], [-96.88526891961857, 39.19012950634197], [-96.88686522587867, 39.19014482367042], [-96.8886600598166, 39.19015805226956], [-96.88919904898717, 39.190162925963364], [-96.88919994730244, 39.190162925963364], [-96.88976498761622, 39.19016779965682], [-96.89095345873727, 39.19017824328454], [-96.89153826198732, 39.19017685080094], [-96.8922236765492, 39.19018102825165], [-96.89225062600774, 39.19018172449342], [-96.89253090037641, 39.190183116976925], [-96.89363582817603, 39.19018938315238], [-96.89478657005515, 39.190185901943856], [-96.89632807908292, 39.19018729442729], [-96.89737012481264, 39.190190775635706], [-96.89783006223817, 39.19019564932725], [-96.8980851837789, 39.190194256843995], [-96.8983870177144, 39.190190775635706], [-96.89889546416528, 39.19019495308564], [-96.89903560134962, 39.1901970418105], [-96.8990769238527, 39.190197738052085], [-96.89931946897944, 39.19020121926002], [-96.90020520784971, 39.19020191550158], [-96.9012499485253, 39.190208877916845], [-96.90155447740663, 39.19021375160711], [-96.90155447740663, 39.19021584033142], [-96.90155807066779, 39.190786755979026], [-96.90156346055947, 39.19107012336467], [-96.9015679521359, 39.19135836321861], [-96.90157783360405, 39.19159159991619], [-96.90160747800843, 39.19192021866592], [-96.90163532578222, 39.192134655496055], [-96.90167305502416, 39.19236231985605], [-96.90171797078838, 39.19258232508115], [-96.90177097139015, 39.19279884853835], [-96.90181588715436, 39.19295967421141], [-96.90191021025922, 39.19327018507557], [-96.90197848222081, 39.19345607320986], [-96.90206741543395, 39.19368930294495], [-96.90214017897198, 39.19385500001774], [-96.90228929930916, 39.19416202591396], [-96.9023890123057, 39.19435208889173], [-96.90251297981494, 39.19456791069735], [-96.9026297608019, 39.19475797257722], [-96.90280762722817, 39.195026703881695], [-96.90295315430421, 39.1952292959732], [-96.90319659774624, 39.19553701205315], [-96.90332954840832, 39.19569435052356], [-96.90354514407655, 39.1959282690141], [-96.9037984689867, 39.196186553109435], [-96.90390626682081, 39.19629098037167], [-96.9040140646549, 39.19639192657767], [-96.90414611700169, 39.19650749240094], [-96.9042763727179, 39.19661957714431], [-96.90434464467953, 39.19668014460204], [-96.90443806946907, 39.19675324318838], [-96.90451262963767, 39.19681520288296], [-96.90461234263421, 39.19689038985471], [-96.90478122590766, 39.19701709364356], [-96.90497436369377, 39.197156328312836], [-96.90501658451211, 39.197183479041186], [-96.90498334684662, 39.197285816307634], [-96.9049671771715, 39.19733245977418], [-96.90495909233391, 39.197379103209784], [-96.90494831255053, 39.19748700954651], [-96.90494561760467, 39.19757472683364], [-96.90494022771296, 39.19765965934062], [-96.90500310978287, 39.19778218474357], [-96.90509294131128, 39.19795831463593], [-96.90521511218994, 39.198160898274445], [-96.90526092626945, 39.198410124079906], [-96.90520972229824, 39.198580683129954], [-96.90512528066152, 39.19869624535301], [-96.90495819401863, 39.19884661519001], [-96.90482793830242, 39.19894338079455], [-96.90462941062462, 39.19900255394029], [-96.90434823794065, 39.199123684694946], [-96.9040311326453, 39.199262219037635], [-96.90376253637532, 39.19936524942695], [-96.90366012843292, 39.19939239930166], [-96.90337715911838, 39.199466887365624], [-96.90298010376274, 39.19955877907403], [-96.90263065911716, 39.19964231688644], [-96.9023153504524, 39.19973560065961], [-96.90194254960944, 39.199819138261766], [-96.90148800207561, 39.19989223358218], [-96.90096608089546, 39.19993052157683], [-96.90095709774262, 39.199931217721954], [-96.90071545093116, 39.19995697508818], [-96.90041990520265, 39.20000431292576], [-96.89990786549063, 39.20007949648462], [-96.89949553877517, 39.20015537610594], [-96.8993616897978, 39.200178348819186], [-96.8992026879925, 39.200190879386874], [-96.89897990580201, 39.20020828294938], [-96.89873825899053, 39.20021245980376], [-96.89848673071094, 39.20022499036536], [-96.89831784743751, 39.20024865919784], [-96.89816333720863, 39.200279985581496], [-96.89802140339373, 39.200323146353895], [-96.8979297752347, 39.20035795340912], [-96.89787138474124, 39.20039554500936], [-96.89781029930191, 39.200440097991], [-96.89776358690712, 39.200461678331344], [-96.89768902673855, 39.20047212042912], [-96.8976117716241, 39.200479081826785], [-96.8974922956913, 39.20050692741051], [-96.89727759833836, 39.20056401082263], [-96.89693983179149, 39.20067678523224], [-96.89663799785598, 39.200769371494935], [-96.89629573973268, 39.20087239967389], [-96.89591575236744, 39.20100327308869], [-96.89536778004404, 39.20119819048857], [-96.89488897799754, 39.2013402013965], [-96.89429249664882, 39.20151075333297], [-96.89381099965644, 39.201671559065254], [-96.89334028244751, 39.20180312711785], [-96.8927312246848, 39.20196950118074], [-96.89215899784874, 39.202115687270634], [-96.89168019580222, 39.202228459189236], [-96.8912831404466, 39.20235097662403], [-96.89081511818351, 39.20249228908172], [-96.89035967233438, 39.20261898276766], [-96.88992758268267, 39.20274637234232], [-96.88935086427018, 39.20290926359306], [-96.88899243647178, 39.202976786778535], [-96.88880648520794, 39.20302064200859], [-96.8887004840044, 39.20306310498299], [-96.88865197497904, 39.203099302908136], [-96.88860975416068, 39.203151511421176], [-96.88856663502705, 39.20319397431648], [-96.88851183779471, 39.20322738772424], [-96.88844176920252, 39.2032531438819], [-96.88837349724093, 39.20326567390111], [-96.88829175055005, 39.20326706612533], [-96.88819652912993, 39.20326010500395], [-96.8881066976015, 39.2032614972283], [-96.88801237449665, 39.20327402724603], [-96.88782103334113, 39.20332205895996], [-96.88758567473664, 39.20341046507221], [-96.8873323498265, 39.203528803788465], [-96.88699637991017, 39.2036777710655], [-96.88665502010217, 39.203878945998966], [-96.88632264344699, 39.20413372034733], [-96.88603697918663, 39.20440798459661], [-96.88559949964316, 39.20479640776707], [-96.88554829567198, 39.20482494773611], [-96.8854899051785, 39.20488690031191], [-96.88551236306061, 39.20481311409182], [-96.88551146474533, 39.20475881852187], [-96.8855024815925, 39.204694777539274], [-96.88548810854792, 39.20462447161071], [-96.8854620574047, 39.20454790071736], [-96.88523298700721, 39.20410448399363], [-96.88502188291542, 39.20375364680013], [-96.884913186766, 39.20355734427255], [-96.88477035463583, 39.203296998939386]]]}}, {"type": "Feature", "properties": {"FID": 22, "AREA_ID": "58", "ACRES": 1234.8, "area_name": "58", "area_type": null, "area_syskey": 22}, "geometry": {"type": "Polygon", "coordinates": [[[-96.84988338225689, 39.211405537305694], [-96.84988787383332, 39.21013039612349], [-96.84988607720275, 39.20915314343211], [-96.85002441775653, 39.20914061446315], [-96.85018072461598, 39.209124605221795], [-96.85033703147543, 39.209109292031016], [-96.8504933383349, 39.209093978836876], [-96.85064874687907, 39.2090786656394], [-96.85080595205383, 39.20906335243858], [-96.85096136059798, 39.20904803923441], [-96.85111766745746, 39.209033422081895], [-96.85127397431691, 39.209018804926295], [-96.85143028117636, 39.20900488382293], [-96.85158748635111, 39.20899165877217], [-96.85174379321057, 39.20897982582989], [-96.85190099838532, 39.208967992885626], [-96.85205730524476, 39.2089568559951], [-96.85221451041951, 39.208945719102786], [-96.85237081727897, 39.20893458220871], [-96.85252802245371, 39.20892205320077], [-96.85268432931318, 39.20890882813442], [-96.85284153448792, 39.20889629912187], [-96.85299873966265, 39.20888446616354], [-96.8531559448374, 39.20887193714666], [-96.85331225169688, 39.20885871207087], [-96.85346855855633, 39.20884270276524], [-96.8536239671005, 39.208823909227895], [-96.85377847732939, 39.20880024328487], [-96.85393029261242, 39.20877031281603], [-96.85407941294962, 39.20873411781343], [-96.85422763497151, 39.208693050384056], [-96.8543758569934, 39.208649198695696], [-96.85452318070003, 39.2086046509207], [-96.85467050440664, 39.20856079917712], [-96.85481962474381, 39.20852112376649], [-96.85497054171158, 39.20848562469584], [-96.85512235699463, 39.20845360591085], [-96.85527507059295, 39.20842297923332], [-96.85542868250654, 39.20839374466501], [-96.85558139610487, 39.20836381402297], [-96.85573321138791, 39.20833179518245], [-96.85588412835565, 39.208296992078374], [-96.85603324869285, 39.20825731651868], [-96.85617877576888, 39.208212768495144], [-96.85632250621437, 39.2081626519349], [-96.85646444002928, 39.20810905501836], [-96.85660547552891, 39.20805406593165], [-96.85674561271324, 39.20799838073662], [-96.85688754652816, 39.20794408762898], [-96.85702948034306, 39.20789188267823], [-96.85717410910384, 39.207841765888986], [-96.85731783954932, 39.20778956086215], [-96.85746156999478, 39.207737355796525], [-96.85760619875555, 39.207687934965314], [-96.85775262414688, 39.20764199444313], [-96.85790084616877, 39.20760301458255], [-96.85805176313654, 39.20757169146464], [-96.85820537505013, 39.207548721169275], [-96.85835988527904, 39.20753201549522], [-96.85851709045377, 39.20751948623706], [-96.85867429562852, 39.20750974125695], [-96.85883239911854, 39.20750138841577], [-96.85899050260858, 39.20749233950338], [-96.85914770778332, 39.20748189844916], [-96.85930491295805, 39.207467280970675], [-96.8594612198175, 39.2074498792066], [-96.85961932330756, 39.207429693154864], [-96.85977383353642, 39.207400458173076], [-96.8599184622972, 39.20735660567762], [-96.86005141295927, 39.20729465528021], [-96.86017627878377, 39.20722156766243], [-96.86029755134714, 39.20714151923188], [-96.86041702727996, 39.20705868641207], [-96.86053829984334, 39.20697933387119], [-96.8606595724067, 39.20690137339286], [-96.86078084497008, 39.206823412827994], [-96.86090121921815, 39.20674475609894], [-96.86102159346623, 39.20666540320337], [-96.86114017108379, 39.20658535413897], [-96.86125874870129, 39.20650391282328], [-96.86137642800351, 39.20642247141314], [-96.86149231067519, 39.20634033382693], [-96.86160819334687, 39.20625680397973], [-96.86172407601853, 39.20617327403319], [-96.8618390603749, 39.20608974398732], [-96.86195224810072, 39.20600482167216], [-96.86206274088067, 39.205915722739356], [-96.86217233534536, 39.205826623693504], [-96.86225138709037, 39.205768152383236], [-96.86228552307118, 39.20574170106021], [-96.86240589731926, 39.20566443529647], [-96.86253435640492, 39.20559482642753], [-96.86267090032813, 39.20553078620715], [-96.8628137324583, 39.20547370683109], [-96.86296105616493, 39.205427764860566], [-96.86311017650212, 39.20539435249951], [-96.86326289010043, 39.20537486194819], [-96.86342009527519, 39.205364420579194], [-96.8635781987652, 39.205360940122524], [-96.86373720057053, 39.20536024403116], [-96.8638971006911, 39.205358155757075], [-96.86405430586585, 39.20535397920867], [-96.86421240935589, 39.205351890934374], [-96.86437051284591, 39.205351890934374], [-96.86452861633595, 39.20535049875147], [-96.86468582151069, 39.20534562611111], [-96.86484123005486, 39.205333096462915], [-96.86499484196847, 39.20531012543541], [-96.86514665725151, 39.20527740911058], [-96.86529667590398, 39.20523982012278], [-96.86544759287173, 39.20520223111487], [-96.86560120478532, 39.20517090692625], [-96.8657620032212, 39.20514932803262], [-96.86591741176538, 39.205121484289116], [-96.86605126074272, 39.20506718895756], [-96.86616624509912, 39.20498853026173], [-96.86627134798738, 39.20489803784782], [-96.86637106098391, 39.20480197654243], [-96.86646987566519, 39.204703130714236], [-96.8665722836076, 39.204607069142256], [-96.86668097975698, 39.204517968436335], [-96.8667950657981, 39.204434436421906], [-96.86691274510032, 39.20435229651081], [-96.86703132271785, 39.20427154870799], [-96.86714900202007, 39.20419010470939], [-96.86726398637646, 39.20410657230502], [-96.86737807241755, 39.20402164759208], [-96.86749485340452, 39.20393741888195], [-96.86760893944562, 39.203851797858185], [-96.86771763559501, 39.203762696194204], [-96.86781645027627, 39.203668721660506], [-96.86789999359772, 39.203566393691915], [-96.86796557061345, 39.20345501614175], [-96.86802306279165, 39.20333876563536], [-96.86807965665456, 39.203222514936606], [-96.8681452336703, 39.20311183295482], [-96.86822877699174, 39.203009504174986], [-96.8683329815647, 39.20291413640241], [-96.8684533558128, 39.20282990636424], [-96.86858540815957, 39.20276377527174], [-96.86872913860506, 39.20272409658639], [-96.86888454714924, 39.20270669364711], [-96.8690462439004, 39.202696251881484], [-96.86920434739042, 39.2026809372891], [-96.86935616267347, 39.202647523621394], [-96.8695088762718, 39.20260018756495], [-96.8696445218797, 39.202535448494906], [-96.86974333656099, 39.202447041281395], [-96.86982238830599, 39.20233844644165], [-96.86987988048416, 39.20221871347503], [-96.86991311814971, 39.20209758805695], [-96.86991311814971, 39.20197785467978], [-96.86987628722306, 39.20185324821593], [-96.86981250683786, 39.201739083440486], [-96.86970111574261, 39.201648586840335], [-96.86954750382901, 39.201575493347384], [-96.86947204534515, 39.201489869444636], [-96.86949001165083, 39.20137848860196], [-96.86954031730673, 39.20125457720699], [-96.86961757242118, 39.201133450126456], [-96.8697127938413, 39.20102833392755], [-96.86982238830599, 39.20095245524913], [-96.86996252549032, 39.2009085987279], [-96.87012242561093, 39.20088353784634], [-96.87028771562323, 39.20086126149966], [-96.87044222585212, 39.20082645469384], [-96.8705859562976, 39.200778421273476], [-96.87072878842778, 39.20072551485941], [-96.87087251887327, 39.20067469681892], [-96.87102074089518, 39.20063432081532], [-96.8711734544935, 39.20059951389703], [-96.87131718493896, 39.20055287259952], [-96.87145103391633, 39.20048882778233], [-96.87157949300197, 39.200417125363366], [-96.8717025621959, 39.20033985374255], [-96.87182113981343, 39.20025840518537], [-96.87193971743096, 39.200176956533745], [-96.87205829504846, 39.20009550778769], [-96.872176872666, 39.20001336280285], [-96.87229275533767, 39.199929129286474], [-96.87240504474819, 39.199842807231], [-96.87251194426702, 39.19975370048185], [-96.87261255557885, 39.19966041673272], [-96.87270418373784, 39.19956295596701], [-96.872786828744, 39.199459925867664], [-96.87286228722787, 39.199352718711964], [-96.87293325413533, 39.199242726784846], [-96.87300152609693, 39.19913134237931], [-96.87306889974326, 39.19901926164298], [-96.87313717170485, 39.19890787688318], [-96.87320993524287, 39.19879927657232], [-96.87328719035732, 39.19869206840849], [-96.87336534378704, 39.198585556239586], [-96.87344439553206, 39.19847974006871], [-96.87352344727708, 39.19837392373848], [-96.8736024990221, 39.198268107248836], [-96.87367975413652, 39.19816159443715], [-96.87375611093569, 39.198054385300225], [-96.87383156941956, 39.19794647983489], [-96.87390882453401, 39.197838574203814], [-96.87398518133318, 39.19773066840701], [-96.87405884318649, 39.197621370108386], [-96.87412621683282, 39.1975113754706], [-96.87418550564158, 39.197398595979635], [-96.87423311635163, 39.19728303162211], [-96.87426725233243, 39.19716398621165], [-96.87429150684511, 39.19704215590439], [-96.8743085748355, 39.196918933035874], [-96.8743202529342, 39.196796406127476], [-96.8743310327176, 39.196673879005395], [-96.87433911755517, 39.19655135166963], [-96.87434450744688, 39.19642812794034], [-96.8743436091316, 39.19630490399493], [-96.87433642260932, 39.196182376015706], [-96.87432204956477, 39.19606124018984], [-96.87429689673682, 39.19594080033985], [-96.87426186244072, 39.195821752655156], [-96.87422053993767, 39.19570270476876], [-96.87417292922758, 39.19558504905713], [-96.87412172525639, 39.19546878552723], [-96.87406692802405, 39.19535391418604], [-96.87400224932358, 39.19524182742358], [-96.873927689155, 39.19513182906049], [-96.8738531289864, 39.19502252671903], [-96.87378485702479, 39.19491183181773], [-96.87373095810774, 39.19479835195804], [-96.87369502549637, 39.19468069473206], [-96.87367256761426, 39.19456025251561], [-96.8736599912003, 39.194437025294334], [-96.87365639793914, 39.194313101656164], [-96.87365729625442, 39.19418917779942], [-96.87366358446143, 39.194067342333945], [-96.87367436424483, 39.19394481045274], [-96.8736941271811, 39.19382158215216], [-96.8737219749549, 39.19370044225621], [-96.87376060251212, 39.19358208698377], [-96.87380911153747, 39.19346442772121], [-96.87386840034621, 39.19334189478862], [-96.87394116388425, 39.193225627547086], [-96.87403009709739, 39.19312955028017], [-96.87414687808435, 39.19307246082748], [-96.87431306641193, 39.19307176461434], [-96.87447835642422, 39.193103094198094], [-96.87461759529327, 39.193162968474866], [-96.87475054595535, 39.193247210103465], [-96.87488169998684, 39.193315438786485], [-96.87501914222536, 39.19333005920996], [-96.8751754490848, 39.193288982774405], [-96.87532007784559, 39.19321379194884], [-96.87541709589625, 39.1931239805795], [-96.87544674030065, 39.19301119404615], [-96.87544224872424, 39.19288030574343], [-96.8754431470395, 39.19275220206216], [-96.87545931671464, 39.19263036410514], [-96.87547818133561, 39.192509222155564], [-96.87549524932601, 39.19238738377723], [-96.87550782573997, 39.19226484896653], [-96.87551591057753, 39.19214231394217], [-96.87552040215394, 39.19201977870416], [-96.87552309709982, 39.191897243252434], [-96.87552669036096, 39.19177401136109], [-96.87553028362207, 39.19165147548086], [-96.87553836845963, 39.191529635615325], [-96.87555094487362, 39.19140779553855], [-96.8755689111793, 39.191285955250564], [-96.87559047074613, 39.19116063359108], [-96.87561742020466, 39.191034615474805], [-96.87565604776186, 39.190913470774284], [-96.87571264162479, 39.1908013769286], [-96.87579169336979, 39.19070460011056], [-96.87590757604146, 39.19062662157027], [-96.87604681491051, 39.190562567704596], [-96.87619683356299, 39.190507564882054], [-96.87634325895432, 39.190456739450795], [-96.8764932776068, 39.1904163575751], [-96.87664958446626, 39.19038363431397], [-96.876806789641, 39.190352303517784], [-96.87695860492403, 39.19031609902477], [-96.87709874210837, 39.19026736217782], [-96.87722360793288, 39.19020121926002], [-96.877337693974, 39.190120455191774], [-96.87744279686223, 39.19002994362568], [-96.87752274692254, 39.18994987560465], [-96.87781200444405, 39.189961015508665], [-96.87822343284424, 39.189974940386264], [-96.87857647075097, 39.18998816901738], [-96.87880733777901, 39.18999652394103], [-96.88237814103388, 39.19008842803554], [-96.8826736867624, 39.191194748953855], [-96.88270243285149, 39.191370199129366], [-96.88272668736417, 39.19162989243434], [-96.88272129747246, 39.19179211323438], [-96.88269883959033, 39.19197661283076], [-96.88265661877199, 39.19215693460971], [-96.8825542108296, 39.19239364975613], [-96.88237095451159, 39.19277378476396], [-96.88219039313948, 39.19314417074232], [-96.88193167833761, 39.19360854288549], [-96.88180411756724, 39.19378746806467], [-96.88171698098468, 39.19389468371247], [-96.88164781070778, 39.19400955743931], [-96.88161457304227, 39.19412373477566], [-96.88160469157415, 39.19428525361751], [-96.88163523429382, 39.19443493669552], [-96.88168464163444, 39.19456164491235], [-96.88182118555765, 39.19484081990245], [-96.88195952611142, 39.19504898207841], [-96.8821041548722, 39.19521746071243], [-96.88236197135875, 39.19548827882714], [-96.88248683718327, 39.19563030127723], [-96.88257756702697, 39.19574238741997], [-96.88259732996323, 39.195807828936175], [-96.88260002490908, 39.19585656194056], [-96.88259643164795, 39.19592548427477], [-96.88256049903659, 39.19603826613036], [-96.88247515908458, 39.196238070578204], [-96.88242036185223, 39.19640306546048], [-96.88236825956577, 39.196635589235925], [-96.88235927641293, 39.19677064760249], [-96.88236197135875, 39.19687716252293], [-96.88237364945746, 39.19698715815362], [-96.88239251407842, 39.19711803880629], [-96.88241497196053, 39.19723151491954], [-96.8824401247885, 39.19735264872773], [-96.88248414223742, 39.197498844424985], [-96.88255061756844, 39.19768193670251], [-96.88261888953006, 39.19782673938259], [-96.88276261997554, 39.19816646757584], [-96.88289557063759, 39.198502017170554], [-96.88301684320096, 39.198861234462555], [-96.88312284440451, 39.19919678073896], [-96.88318931973555, 39.19942442221733], [-96.88327465968756, 39.19980799992057], [-96.88330969398362, 39.19988527212638], [-96.88334742322557, 39.199971594129664], [-96.8834660008431, 39.20016512210643], [-96.88373819037423, 39.200509015828835], [-96.8838316151638, 39.200629447847795], [-96.88386575114458, 39.200705326875116], [-96.88390348038654, 39.20080557060205], [-96.88410290637964, 39.201407726090245], [-96.88423316209584, 39.20191798791468], [-96.88429694248101, 39.20225282346887], [-96.8843211969937, 39.20236281068314], [-96.8843445531911, 39.20246165980468], [-96.88439126558586, 39.202602275921045], [-96.88442180830553, 39.20267676058151], [-96.88446043586278, 39.20274776457685], [-96.88477035463583, 39.203296998939386], [-96.884913186766, 39.20355734427255], [-96.88502188291542, 39.20375364680013], [-96.88523298700721, 39.20410448399363], [-96.8854620574047, 39.20454790071736], [-96.88548810854792, 39.20462447161071], [-96.8855024815925, 39.204694777539274], [-96.88551146474533, 39.20475881852187], [-96.88551236306061, 39.20481311409182], [-96.8854899051785, 39.20488690031191], [-96.88541893827106, 39.20501915843694], [-96.88535605620115, 39.20512914131968], [-96.88525993646573, 39.205266271634805], [-96.88515213863164, 39.20541662740865], [-96.88503805259052, 39.20557185548562], [-96.88494552611625, 39.205689494472395], [-96.88482605018345, 39.205800172392514], [-96.88464818375716, 39.20593799748316], [-96.8844981651047, 39.20604241025057], [-96.88434994308278, 39.2061579601989], [-96.88406966871412, 39.20639880466088], [-96.88369417292529, 39.20675728549532], [-96.88333035523517, 39.20714708782132], [-96.88294228303238, 39.20749930020532], [-96.88255780409072, 39.207848726556286], [-96.88209607003463, 39.20826218895706], [-96.88174123549733, 39.20857541642803], [-96.88134058688057, 39.208916484752095], [-96.88098754897386, 39.20922762114584], [-96.88049347556752, 39.20968144625522], [-96.88031740577182, 39.209841537235164], [-96.8801763702722, 39.209966825573595], [-96.8800452162407, 39.21007192839623], [-96.87987902791312, 39.21020765697416], [-96.87977302670957, 39.210291878165], [-96.87966073729903, 39.210405332997894], [-96.87944424331553, 39.210621801526464], [-96.87929691960892, 39.210782586400356], [-96.87899239072755, 39.21110763521583], [-96.87870582815188, 39.21141319365117], [-96.87842375715265, 39.21171387855837], [-96.87832853573249, 39.21182663506664], [-96.87827104355432, 39.21189762981232], [-96.87822972105124, 39.211959576149376], [-96.87817402550363, 39.2120479713897], [-96.87813629626167, 39.21210365337372], [-96.87810305859615, 39.212166991576844], [-96.87805814283195, 39.21221919334968], [-96.87800334559961, 39.21227487519793], [-96.87791980227817, 39.21233682120223], [-96.8778623101, 39.21238484671851], [-96.87774103753662, 39.2124955140875], [-96.87762245991908, 39.21261383749664], [-96.87742662718712, 39.21282055497418], [-96.8772505573914, 39.213030751919916], [-96.87698196112142, 39.213397551043386], [-96.87673492441826, 39.21374416401408], [-96.87660646533261, 39.21390146170543], [-96.87646183657185, 39.214056671028935], [-96.87634954716131, 39.214177079819386], [-96.87623815606607, 39.214278000322835], [-96.8759578816974, 39.21450698492721], [-96.87565425113131, 39.2147436247672], [-96.87548716448845, 39.21487238434508], [-96.8753865531766, 39.21496495189571], [-96.87516556761668, 39.21516957446933], [-96.87503621021574, 39.21529902925898], [-96.87494637868731, 39.21538881227935], [-96.87484576737549, 39.21550921878538], [-96.87473976617196, 39.215682520272615], [-96.87459244246533, 39.215910108322966], [-96.8743939147875, 39.21617806272721], [-96.87424030287391, 39.2163785058727], [-96.87406063981706, 39.21658173236653], [-96.87387109529209, 39.216774518599486], [-96.87341025955125, 39.21723943051446], [-96.8731057306699, 39.217489284598116], [-96.8728829484794, 39.21768067640062], [-96.87260087748015, 39.21789155476429], [-96.87249936785304, 39.21797367884019], [-96.87236282392983, 39.21810452038972], [-96.87223526315947, 39.21823953747777], [-96.87205829504846, 39.218423967616616], [-96.87192893764755, 39.2185527204452], [-96.87186066568593, 39.218643891224275], [-96.87179688530075, 39.218760812355455], [-96.87170346051118, 39.218898612010086], [-96.87165225653999, 39.21900787720051], [-96.87165495148585, 39.2192354544716], [-96.86853689913423, 39.219213879899556], [-96.86723074871097, 39.21919787295474], [-96.86612402428077, 39.21918047409754], [-96.86423217229213, 39.21916725096319], [-96.86168724509186, 39.21914289255127], [-96.8588171277587, 39.21911853413091], [-96.85633059105193, 39.21908791210472], [-96.85452677396115, 39.21905798602079], [-96.85356377997645, 39.219046154774794], [-96.8529169929718, 39.21903780330581], [-96.85202855915567, 39.219032931615146], [-96.84991751823769, 39.219011356980864], [-96.84991123003071, 39.218869381802925], [-96.84990943340013, 39.21882484051145], [-96.84990134856257, 39.21781847817533], [-96.84989236540973, 39.216599827847716], [-96.84988697551803, 39.215607353415], [-96.84988517888748, 39.21447357688555], [-96.84987978899576, 39.21258878079135], [-96.84988338225689, 39.211405537305694]]]}}, {"type": "Feature", "properties": {"FID": 23, "AREA_ID": "59", "ACRES": 910.953, "area_name": "59", "area_type": null, "area_syskey": 23}, "geometry": {"type": "Polygon", "coordinates": [[[-96.84981061871888, 39.198351646596], [-96.84980612714244, 39.19731784018355], [-96.84979804230488, 39.19524739695637], [-96.84979355072848, 39.19426993719154], [-96.84977288947694, 39.192745239898876], [-96.8497692962158, 39.192169466608036], [-96.84978816083677, 39.1916904641932], [-96.8497971439896, 39.19147463354968], [-96.84986451763592, 39.19068023182602], [-96.84990314519315, 39.19017128086623], [-96.84990763676957, 39.1900821618511], [-96.84990853508485, 39.19005640086474], [-96.8499229081294, 39.18969713855723], [-96.8499633323172, 39.18969713855723], [-96.85120929561646, 39.18968669485803], [-96.8512865507309, 39.18968599861135], [-96.85153268911877, 39.18968599861135], [-96.85200340632771, 39.189684606118], [-96.8520447288308, 39.189684606118], [-96.85220552726668, 39.189684606118], [-96.85291070476481, 39.1896853023647], [-96.85539544484104, 39.1897068860084], [-96.8574894177686, 39.18973543210769], [-96.85954476313896, 39.1897667631789], [-96.86237355796902, 39.189805056691426], [-96.86345602788656, 39.18980784167334], [-96.86447831068003, 39.189818981599885], [-96.86539998216166, 39.189830817769916], [-96.86612132933492, 39.18984474267328], [-96.86667648818057, 39.18985936381885], [-96.86697383053965, 39.189871199982086], [-96.86710408625586, 39.18987816243009], [-96.86721457903582, 39.18988442863275], [-96.86744544606388, 39.189901138503714], [-96.86763049901245, 39.18992272208113], [-96.86776614462035, 39.189938735698824], [-96.86780117891645, 39.18994291316372], [-96.86782992500554, 39.18994709062835], [-96.867986231865, 39.18996797794782], [-96.86818835280397, 39.1899979164282], [-96.86834645629398, 39.19002228494934], [-96.86855396712464, 39.190045260975815], [-96.86866266327402, 39.19005431213568], [-96.86888005557283, 39.190073806937626], [-96.86910822765502, 39.190084946822026], [-96.8694217396892, 39.190090516763554], [-96.87035059769312, 39.19008842803554], [-96.87168549420551, 39.19008007312283], [-96.87241672284688, 39.1900821618511], [-96.8728434226069, 39.19008007312283], [-96.8731452565424, 39.1900779843945], [-96.87404087688081, 39.190055704621734], [-96.87441547435434, 39.19004386848959], [-96.87460861214043, 39.19003620981478], [-96.87516466930138, 39.19001393002875], [-96.87535780708751, 39.19000070140246], [-96.8756317932492, 39.18999234647932], [-96.8758195411436, 39.18998259906774], [-96.87594440696813, 39.18997563663006], [-96.87620940997698, 39.189961015508665], [-96.87648339613868, 39.18995266058082], [-96.87666305919551, 39.18994639438427], [-96.8768517054052, 39.18994221691958], [-96.87704124993019, 39.18993803945467], [-96.87722540456346, 39.189938735698824], [-96.87752274692254, 39.18994987560465], [-96.87744279686223, 39.19002994362568], [-96.877337693974, 39.190120455191774], [-96.87722360793288, 39.19020121926002], [-96.87709874210837, 39.19026736217782], [-96.87695860492403, 39.19031609902477], [-96.876806789641, 39.190352303517784], [-96.87664958446626, 39.19038363431397], [-96.8764932776068, 39.1904163575751], [-96.87634325895432, 39.190456739450795], [-96.87619683356299, 39.190507564882054], [-96.87604681491051, 39.190562567704596], [-96.87590757604146, 39.19062662157027], [-96.87579169336979, 39.19070460011056], [-96.87571264162479, 39.1908013769286], [-96.87565604776186, 39.190913470774284], [-96.87561742020466, 39.191034615474805], [-96.87559047074613, 39.19116063359108], [-96.8755689111793, 39.191285955250564], [-96.87555094487362, 39.19140779553855], [-96.87553836845963, 39.191529635615325], [-96.87553028362207, 39.19165147548086], [-96.87552669036096, 39.19177401136109], [-96.87552309709982, 39.191897243252434], [-96.87552040215394, 39.19201977870416], [-96.87551591057753, 39.19214231394217], [-96.87550782573997, 39.19226484896653], [-96.87549524932601, 39.19238738377723], [-96.87547818133561, 39.192509222155564], [-96.87545931671464, 39.19263036410514], [-96.8754431470395, 39.19275220206216], [-96.87544224872424, 39.19288030574343], [-96.87544674030065, 39.19301119404615], [-96.87541709589625, 39.1931239805795], [-96.87532007784559, 39.19321379194884], [-96.8751754490848, 39.193288982774405], [-96.87501914222536, 39.19333005920996], [-96.87488169998684, 39.193315438786485], [-96.87475054595535, 39.193247210103465], [-96.87461759529327, 39.193162968474866], [-96.87447835642422, 39.193103094198094], [-96.87431306641193, 39.19307176461434], [-96.87414687808435, 39.19307246082748], [-96.87403009709739, 39.19312955028017], [-96.87394116388425, 39.193225627547086], [-96.87386840034621, 39.19334189478862], [-96.87380911153747, 39.19346442772121], [-96.87376060251212, 39.19358208698377], [-96.8737219749549, 39.19370044225621], [-96.8736941271811, 39.19382158215216], [-96.87367436424483, 39.19394481045274], [-96.87366358446143, 39.194067342333945], [-96.87365729625442, 39.19418917779942], [-96.87365639793914, 39.194313101656164], [-96.8736599912003, 39.194437025294334], [-96.87367256761426, 39.19456025251561], [-96.87369502549637, 39.19468069473206], [-96.87373095810774, 39.19479835195804], [-96.87378485702479, 39.19491183181773], [-96.8738531289864, 39.19502252671903], [-96.873927689155, 39.19513182906049], [-96.87400224932358, 39.19524182742358], [-96.87406692802405, 39.19535391418604], [-96.87412172525639, 39.19546878552723], [-96.87417292922758, 39.19558504905713], [-96.87422053993767, 39.19570270476876], [-96.87426186244072, 39.195821752655156], [-96.87429689673682, 39.19594080033985], [-96.87432204956477, 39.19606124018984], [-96.87433642260932, 39.196182376015706], [-96.8743436091316, 39.19630490399493], [-96.87434450744688, 39.19642812794034], [-96.87433911755517, 39.19655135166963], [-96.8743310327176, 39.196673879005395], [-96.8743202529342, 39.196796406127476], [-96.8743085748355, 39.196918933035874], [-96.87429150684511, 39.19704215590439], [-96.87426725233243, 39.19716398621165], [-96.87423311635163, 39.19728303162211], [-96.87418550564158, 39.197398595979635], [-96.87412621683282, 39.1975113754706], [-96.87405884318649, 39.197621370108386], [-96.87398518133318, 39.19773066840701], [-96.87390882453401, 39.197838574203814], [-96.87383156941956, 39.19794647983489], [-96.87375611093569, 39.198054385300225], [-96.87367975413652, 39.19816159443715], [-96.8736024990221, 39.198268107248836], [-96.87352344727708, 39.19837392373848], [-96.87344439553206, 39.19847974006871], [-96.87336534378704, 39.198585556239586], [-96.87328719035732, 39.19869206840849], [-96.87320993524287, 39.19879927657232], [-96.87313717170485, 39.19890787688318], [-96.87306889974326, 39.19901926164298], [-96.87300152609693, 39.19913134237931], [-96.87293325413533, 39.199242726784846], [-96.87286228722787, 39.199352718711964], [-96.872786828744, 39.199459925867664], [-96.87270418373784, 39.19956295596701], [-96.87261255557885, 39.19966041673272], [-96.87251194426702, 39.19975370048185], [-96.87240504474819, 39.199842807231], [-96.87229275533767, 39.199929129286474], [-96.872176872666, 39.20001336280285], [-96.87205829504846, 39.20009550778769], [-96.87193971743096, 39.200176956533745], [-96.87182113981343, 39.20025840518537], [-96.8717025621959, 39.20033985374255], [-96.87157949300197, 39.200417125363366], [-96.87145103391633, 39.20048882778233], [-96.87131718493896, 39.20055287259952], [-96.8711734544935, 39.20059951389703], [-96.87102074089518, 39.20063432081532], [-96.87087251887327, 39.20067469681892], [-96.87072878842778, 39.20072551485941], [-96.8705859562976, 39.200778421273476], [-96.87044222585212, 39.20082645469384], [-96.87028771562323, 39.20086126149966], [-96.87012242561093, 39.20088353784634], [-96.86996252549032, 39.2009085987279], [-96.86982238830599, 39.20095245524913], [-96.8697127938413, 39.20102833392755], [-96.86961757242118, 39.201133450126456], [-96.86954031730673, 39.20125457720699], [-96.86949001165083, 39.20137848860196], [-96.86947204534515, 39.201489869444636], [-96.86954750382901, 39.201575493347384], [-96.86970111574261, 39.201648586840335], [-96.86981250683786, 39.201739083440486], [-96.86987628722306, 39.20185324821593], [-96.86991311814971, 39.20197785467978], [-96.86991311814971, 39.20209758805695], [-96.86987988048416, 39.20221871347503], [-96.86982238830599, 39.20233844644165], [-96.86974333656099, 39.202447041281395], [-96.8696445218797, 39.202535448494906], [-96.8695088762718, 39.20260018756495], [-96.86935616267347, 39.202647523621394], [-96.86920434739042, 39.2026809372891], [-96.8690462439004, 39.202696251881484], [-96.86888454714924, 39.20270669364711], [-96.86872913860506, 39.20272409658639], [-96.86858540815957, 39.20276377527174], [-96.8684533558128, 39.20282990636424], [-96.8683329815647, 39.20291413640241], [-96.86822877699174, 39.203009504174986], [-96.8681452336703, 39.20311183295482], [-96.86807965665456, 39.203222514936606], [-96.86802306279165, 39.20333876563536], [-96.86796557061345, 39.20345501614175], [-96.86789999359772, 39.203566393691915], [-96.86781645027627, 39.203668721660506], [-96.86771763559501, 39.203762696194204], [-96.86760893944562, 39.203851797858185], [-96.86749485340452, 39.20393741888195], [-96.86737807241755, 39.20402164759208], [-96.86726398637646, 39.20410657230502], [-96.86714900202007, 39.20419010470939], [-96.86703132271785, 39.20427154870799], [-96.86691274510032, 39.20435229651081], [-96.8667950657981, 39.204434436421906], [-96.86668097975698, 39.204517968436335], [-96.8665722836076, 39.204607069142256], [-96.86646987566519, 39.204703130714236], [-96.86637106098391, 39.20480197654243], [-96.86627134798738, 39.20489803784782], [-96.86616624509912, 39.20498853026173], [-96.86605126074272, 39.20506718895756], [-96.86591741176538, 39.205121484289116], [-96.8657620032212, 39.20514932803262], [-96.86560120478532, 39.20517090692625], [-96.86544759287173, 39.20520223111487], [-96.86529667590398, 39.20523982012278], [-96.86514665725151, 39.20527740911058], [-96.86499484196847, 39.20531012543541], [-96.86484123005486, 39.205333096462915], [-96.86468582151069, 39.20534562611111], [-96.86452861633595, 39.20535049875147], [-96.86437051284591, 39.205351890934374], [-96.86421240935589, 39.205351890934374], [-96.86405430586585, 39.20535397920867], [-96.8638971006911, 39.205358155757075], [-96.86373720057053, 39.20536024403116], [-96.8635781987652, 39.205360940122524], [-96.86342009527519, 39.205364420579194], [-96.86326289010043, 39.20537486194819], [-96.86311017650212, 39.20539435249951], [-96.86296105616493, 39.205427764860566], [-96.8628137324583, 39.20547370683109], [-96.86267090032813, 39.20553078620715], [-96.86253435640492, 39.20559482642753], [-96.86240589731926, 39.20566443529647], [-96.86228552307118, 39.20574170106021], [-96.86225138709037, 39.205768152383236], [-96.86217233534536, 39.205826623693504], [-96.86206274088067, 39.205915722739356], [-96.86195224810072, 39.20600482167216], [-96.8618390603749, 39.20608974398732], [-96.86172407601853, 39.20617327403319], [-96.86160819334687, 39.20625680397973], [-96.86149231067519, 39.20634033382693], [-96.86137642800351, 39.20642247141314], [-96.86125874870129, 39.20650391282328], [-96.86114017108379, 39.20658535413897], [-96.86102159346623, 39.20666540320337], [-96.86090121921815, 39.20674475609894], [-96.86078084497008, 39.206823412827994], [-96.8606595724067, 39.20690137339286], [-96.86053829984334, 39.20697933387119], [-96.86041702727996, 39.20705868641207], [-96.86029755134714, 39.20714151923188], [-96.86017627878377, 39.20722156766243], [-96.86005141295927, 39.20729465528021], [-96.8599184622972, 39.20735660567762], [-96.85977383353642, 39.207400458173076], [-96.85961932330756, 39.207429693154864], [-96.8594612198175, 39.2074498792066], [-96.85930491295805, 39.207467280970675], [-96.85914770778332, 39.20748189844916], [-96.85899050260858, 39.20749233950338], [-96.85883239911854, 39.20750138841577], [-96.85867429562852, 39.20750974125695], [-96.85851709045377, 39.20751948623706], [-96.85835988527904, 39.20753201549522], [-96.85820537505013, 39.207548721169275], [-96.85805176313654, 39.20757169146464], [-96.85790084616877, 39.20760301458255], [-96.85775262414688, 39.20764199444313], [-96.85760619875555, 39.207687934965314], [-96.85746156999478, 39.207737355796525], [-96.85731783954932, 39.20778956086215], [-96.85717410910384, 39.207841765888986], [-96.85702948034306, 39.20789188267823], [-96.85688754652816, 39.20794408762898], [-96.85674561271324, 39.20799838073662], [-96.85660547552891, 39.20805406593165], [-96.85646444002928, 39.20810905501836], [-96.85632250621437, 39.2081626519349], [-96.85617877576888, 39.208212768495144], [-96.85603324869285, 39.20825731651868], [-96.85588412835565, 39.208296992078374], [-96.85573321138791, 39.20833179518245], [-96.85558139610487, 39.20836381402297], [-96.85542868250654, 39.20839374466501], [-96.85527507059295, 39.20842297923332], [-96.85512235699463, 39.20845360591085], [-96.85497054171158, 39.20848562469584], [-96.85481962474381, 39.20852112376649], [-96.85467050440664, 39.20856079917712], [-96.85452318070003, 39.2086046509207], [-96.8543758569934, 39.208649198695696], [-96.85422763497151, 39.208693050384056], [-96.85407941294962, 39.20873411781343], [-96.85393029261242, 39.20877031281603], [-96.85377847732939, 39.20880024328487], [-96.8536239671005, 39.208823909227895], [-96.85346855855633, 39.20884270276524], [-96.85331225169688, 39.20885871207087], [-96.8531559448374, 39.20887193714666], [-96.85299873966265, 39.20888446616354], [-96.85284153448792, 39.20889629912187], [-96.85268432931318, 39.20890882813442], [-96.85252802245371, 39.20892205320077], [-96.85237081727897, 39.20893458220871], [-96.85221451041951, 39.208945719102786], [-96.85205730524476, 39.2089568559951], [-96.85190099838532, 39.208967992885626], [-96.85174379321057, 39.20897982582989], [-96.85158748635111, 39.20899165877217], [-96.85143028117636, 39.20900488382293], [-96.85127397431691, 39.209018804926295], [-96.85111766745746, 39.209033422081895], [-96.85096136059798, 39.20904803923441], [-96.85080595205383, 39.20906335243858], [-96.85064874687907, 39.2090786656394], [-96.8504933383349, 39.209093978836876], [-96.85033703147543, 39.209109292031016], [-96.85018072461598, 39.209124605221795], [-96.85002441775653, 39.20914061446315], [-96.84988607720275, 39.20915314343211], [-96.84988338225689, 39.206843599053975], [-96.84988787383332, 39.20543054922327], [-96.84988338225689, 39.20486810571603], [-96.84987439910405, 39.20405993333603], [-96.84985283953723, 39.203345726748935], [-96.84985104290668, 39.20326080111612], [-96.84984295806909, 39.20287097722192], [-96.849826788394, 39.20166599004171], [-96.849826788394, 39.201663205529776], [-96.8498258900787, 39.20164092943034], [-96.84981061871888, 39.198351646596]]]}}, {"type": "Feature", "properties": {"FID": 24, "AREA_ID": "44", "ACRES": 630.246, "area_name": "44", "area_type": null, "area_syskey": 24}, "geometry": {"type": "Polygon", "coordinates": [[[-96.81266258676952, 39.20614960719696], [-96.81261677269, 39.20432166804479], [-96.81288536895998, 39.20433628617796], [-96.81314498207715, 39.20437457175043], [-96.81344412106681, 39.2044058962942], [-96.8137342769036, 39.20443513252243], [-96.81432447004536, 39.20446088823723], [-96.81483291649624, 39.204477594641766], [-96.81524973478813, 39.204487340042576], [-96.81569350253854, 39.204503350341], [-96.81604204886884, 39.20451657623692], [-96.81627381421217, 39.20453537092684], [-96.81656127510314, 39.20456739149811], [-96.81686131240807, 39.20457992128292], [-96.81709038280553, 39.2045987159559], [-96.81733562287815, 39.204605676944595], [-96.81760152420229, 39.20460358864806], [-96.81797612167583, 39.20458897057054], [-96.81832556632138, 39.204576440787356], [-96.81872801156874, 39.20456251880343], [-96.81901547245968, 39.20455555781044], [-96.81932539123275, 39.204559038307025], [-96.81955176668437, 39.20456808759734], [-96.81982126126964, 39.20456599929969], [-96.82004763672128, 39.20456808759734], [-96.82022640146285, 39.20455695000909], [-96.82038270832231, 39.20454093972291], [-96.82071508497746, 39.20449917374175], [-96.82096751157235, 39.204456711635466], [-96.82126934550786, 39.20441703390638], [-96.82157567101977, 39.20439893528568], [-96.82189816620684, 39.20437874835707], [-96.82208501578594, 39.204377356154886], [-96.8223060013459, 39.2043836210645], [-96.82266622577485, 39.20440241579003], [-96.82318006211744, 39.20443582862295], [-96.82346213311669, 39.20445044673236], [-96.82369749172115, 39.204469241439995], [-96.82398764755797, 39.204484555642495], [-96.82431553263672, 39.20449499714228], [-96.82450507716169, 39.20450126204141], [-96.82467036717401, 39.20449499714228], [-96.82490662409376, 39.204484555642495], [-96.82519857656115, 39.20447132974052], [-96.8254590879936, 39.20446158433747], [-96.8256180897989, 39.204460192136935], [-96.8257779899195, 39.204465064838736], [-96.82595765297633, 39.20447829074188], [-96.82620828294063, 39.204497085442036], [-96.82636728474596, 39.20450752693999], [-96.82650832024557, 39.20450752693999], [-96.82682812048675, 39.20449221274247], [-96.82711019148601, 39.20448316344239], [-96.82751443336393, 39.20448803614259], [-96.82796987921304, 39.20450126204141], [-96.82904695923884, 39.20455486171109], [-96.82960391471507, 39.204586882273496], [-96.8301393106245, 39.204618206722564], [-96.83064685876009, 39.204636305286776], [-96.83114362711227, 39.20465649214134], [-96.83118135635422, 39.20465788433801], [-96.83117955972364, 39.205326831637976], [-96.83118944119175, 39.20715126426309], [-96.83119393276819, 39.20843481226941], [-96.83120201760575, 39.210128307991205], [-96.83121100075859, 39.21280663462443], [-96.83120830581275, 39.215124334836034], [-96.83120201760575, 39.21889165243804], [-96.83064326549895, 39.21888956456633], [-96.82979705250118, 39.218879125206655], [-96.82840646044119, 39.21886451010055], [-96.82588219449246, 39.218839455625826], [-96.82207782926368, 39.21880187389701], [-96.82057943936957, 39.21878517089996], [-96.81825459941393, 39.21876916385739], [-96.81604923539112, 39.21875176489394], [-96.8135761734136, 39.21873158209092], [-96.81253951757556, 39.218719054830956], [-96.81250807654062, 39.21806345844032], [-96.81250178833363, 39.217699467567634], [-96.81251436474761, 39.217401592179776], [-96.8125485007284, 39.216193374376566], [-96.81252065295459, 39.214961471914805], [-96.81253772094499, 39.214600248959364], [-96.8126580951931, 39.2142473761854], [-96.812720977263, 39.2139112057986], [-96.81276229976608, 39.213417039368245], [-96.81257814513279, 39.21324582032906], [-96.81261587437473, 39.21278366604132], [-96.81262755247343, 39.2093494303205], [-96.81259611143847, 39.207491643433166], [-96.81258084007864, 39.20723618519206], [-96.81257275524109, 39.20696262806169], [-96.81258802660092, 39.2067329227781], [-96.81261138279831, 39.206496952022675], [-96.81264102720269, 39.20632362786546], [-96.81266258676952, 39.20614960719696]]]}}, {"type": "Feature", "properties": {"FID": 25, "AREA_ID": "43", "ACRES": 351.04, "area_name": "43", "area_type": null, "area_syskey": 25}, "geometry": {"type": "Polygon", "coordinates": [[[-96.7949019952847, 39.20383091466583], [-96.79487863908732, 39.20380863925381], [-96.79494780936422, 39.20377174558711], [-96.79513286231277, 39.2036735944172], [-96.79636894414388, 39.203017857550336], [-96.79690254342272, 39.202733146113076], [-96.79704447723762, 39.20265796539427], [-96.79748285509635, 39.20242128482817], [-96.79872971671088, 39.20175718274653], [-96.79988764511226, 39.20114249985808], [-96.80012210540146, 39.20101301897154], [-96.80019127567834, 39.20096985862299], [-96.80027032742338, 39.20091556008231], [-96.80036734547404, 39.20085151559576], [-96.80048053319986, 39.20076310626296], [-96.80054521190033, 39.20070671915008], [-96.80059731418682, 39.200655204958], [-96.80067456930128, 39.20057932587656], [-96.80076440082969, 39.20048395480473], [-96.80086950371795, 39.200366307099785], [-96.80093777567956, 39.200281377864904], [-96.80096831839921, 39.200242393919424], [-96.80164924138468, 39.19935619946635], [-96.80238945317889, 39.198387846948926], [-96.8025313869938, 39.198207541160045], [-96.80264637135018, 39.19805786611894], [-96.80284669565856, 39.19779680423762], [-96.80295718843853, 39.197646432153675], [-96.80312697002725, 39.197427138954346], [-96.80342521070162, 39.19703519416618], [-96.80384921551577, 39.196478252873256], [-96.80423908434915, 39.19597282482877], [-96.8045840374183, 39.19552796159944], [-96.80482658254505, 39.19521189117727], [-96.8049325837486, 39.19507265265469], [-96.80536467340032, 39.194499683230454], [-96.805467979658, 39.194358354695446], [-96.80566560902054, 39.194086139819554], [-96.80572220288343, 39.19399632956516], [-96.80581383104243, 39.19384943037458], [-96.80589198447215, 39.1937094929453], [-96.8059512732809, 39.19359809976757], [-96.80602763008007, 39.19344214902207], [-96.80608602057355, 39.193301514570855], [-96.80611656329322, 39.19321448816056], [-96.80616686894912, 39.193063410056325], [-96.80620100492995, 39.19293530670883], [-96.80624053080244, 39.192770999899565], [-96.80626837857626, 39.192633845192546], [-96.80628634488195, 39.192529412495], [-96.80629712466535, 39.19242289098358], [-96.80630251455707, 39.192297571351666], [-96.8063061078182, 39.19225927919734], [-96.80630880276404, 39.19210750281673], [-96.80630790444876, 39.191945978969066], [-96.80630880276404, 39.19172945288391], [-96.8063105993946, 39.19151083744582], [-96.80631419265576, 39.19095733353479], [-96.80632587075445, 39.19035091103761], [-96.80633844716843, 39.189836387731596], [-96.80637887135623, 39.189836387731596], [-96.8065738057729, 39.18984126144771], [-96.80722688098453, 39.18983917271229], [-96.80797517761633, 39.189818981599885], [-96.8083524700357, 39.18981619661842], [-96.80848452238247, 39.189814107882256], [-96.8089121204578, 39.189812019146], [-96.80970263790795, 39.1898085379188], [-96.81038984910037, 39.189801575463875], [-96.81128816438464, 39.189786258060614], [-96.81245327930827, 39.18976537068715], [-96.81247124561398, 39.189764674441264], [-96.81261677269, 39.20432166804479], [-96.81229517581825, 39.204313314824496], [-96.81194573117268, 39.20431609923137], [-96.811403148741, 39.20432723685781], [-96.81076175162805, 39.204352992612144], [-96.81025510180774, 39.204377356154886], [-96.81000986173514, 39.204384317165534], [-96.80969185812451, 39.2043808366603], [-96.80890762888137, 39.204375963952664], [-96.80829767280336, 39.2043710912447], [-96.8078565999988, 39.204372483446996], [-96.80775598868696, 39.204366218536414], [-96.80764280096115, 39.20434672769981], [-96.80749996883094, 39.204325148552975], [-96.80742630697765, 39.204311922621], [-96.80734725523264, 39.20430565770497], [-96.80724574560551, 39.20431818753645], [-96.80708494716963, 39.20434603159842], [-96.80692594536433, 39.20435995362524], [-96.80655763609778, 39.204362041928995], [-96.80590815414728, 39.204366914637625], [-96.80541767400209, 39.20437178734586], [-96.80415823597356, 39.2043836210645], [-96.80338298988327, 39.2043884937716], [-96.80305779975036, 39.2043940625793], [-96.80288622153108, 39.204405200193364], [-96.80257540444273, 39.20444000522593], [-96.80140400131208, 39.204563214902706], [-96.80086052056511, 39.20461751062385], [-96.8006727726707, 39.20464257017329], [-96.80050927928896, 39.20467528679384], [-96.80018678410192, 39.20469756193104], [-96.79995591707387, 39.20473097462356], [-96.79953640383613, 39.204820771155994], [-96.79905131358264, 39.20493841140074], [-96.79857610479726, 39.20504352174862], [-96.79777570587902, 39.20519039753414], [-96.7974181763959, 39.205236339659926], [-96.79715137675646, 39.20526487945022], [-96.79675881297725, 39.20531639026185], [-96.79663394715273, 39.205229378733705], [-96.79633211321722, 39.205003844351005], [-96.7957697678493, 39.204569479795765], [-96.79527120286653, 39.20417687875197], [-96.7950690819276, 39.2040035488695], [-96.7949019952847, 39.20383091466583]]]}}, {"type": "Feature", "properties": {"FID": 26, "AREA_ID": "42", "ACRES": 674.5, "area_name": "42", "area_type": null, "area_syskey": 26}, "geometry": {"type": "Polygon", "coordinates": [[[-96.81656127510314, 39.20456739149811], [-96.81627381421217, 39.20453537092684], [-96.81604204886884, 39.20451657623692], [-96.81569350253854, 39.204503350341], [-96.81524973478813, 39.204487340042576], [-96.81483291649624, 39.204477594641766], [-96.81432447004536, 39.20446088823723], [-96.8137342769036, 39.20443513252243], [-96.81344412106681, 39.2044058962942], [-96.81314498207715, 39.20437457175043], [-96.81288536895998, 39.20433628617796], [-96.81261677269, 39.20432166804479], [-96.81247124561398, 39.189764674441264], [-96.81292669146306, 39.18975631949003], [-96.81322672876802, 39.18975701573602], [-96.81389148207835, 39.18976049696576], [-96.81521470049205, 39.18977859935771], [-96.81596209880854, 39.18979461300826], [-96.81620015235886, 39.189812715391426], [-96.81641215476594, 39.18983917271229], [-96.81737155548952, 39.19000070140246], [-96.8179195278129, 39.19009330173417], [-96.81828963371002, 39.19014621615464], [-96.81855373840357, 39.190178939526305], [-96.81875585934253, 39.19019982677685], [-96.81891845440899, 39.19020957415833], [-96.81906937137676, 39.19021514408998], [-96.81919333888597, 39.19021514408998], [-96.81932988280917, 39.19021653657283], [-96.81946732504767, 39.19020818167536], [-96.8195625464678, 39.19019843429367], [-96.81968292071589, 39.190178939526305], [-96.81979071855001, 39.190160140995516], [-96.81990839785223, 39.190132291311016], [-96.82011770531345, 39.190071718209126], [-96.82029647005503, 39.190009056324634], [-96.82029647005503, 39.190009056324634], [-96.82032791108996, 39.18999722018463], [-96.82053632023592, 39.18991715212632], [-96.82078245862378, 39.18981828535453], [-96.82104656331737, 39.18970201228299], [-96.82132863431661, 39.18958991650493], [-96.82163945140496, 39.1894875680297], [-96.82188199653172, 39.189415854383405], [-96.8221955085659, 39.189338570663274], [-96.82275246404214, 39.18920976427412], [-96.82389691771428, 39.18894170697773], [-96.82524528895591, 39.18862839195876], [-96.82570253143561, 39.18852534582507], [-96.82604299292834, 39.18845432745579], [-96.82628733468565, 39.18840489305833], [-96.82651640508313, 39.188366598782885], [-96.82695837620297, 39.18829279521136], [-96.82740753384509, 39.18822873921854], [-96.82779830099373, 39.188188356062604], [-96.82820433950222, 39.18815841681133], [-96.82863014094697, 39.18813613643001], [-96.82889694058638, 39.18812360371242], [-96.82912062109214, 39.18811733735277], [-96.8294368280722, 39.18811176725487], [-96.82975213673697, 39.188107589681124], [-96.83014739546203, 39.188101323320076], [-96.83055163733995, 39.188099930795325], [-96.83096037079429, 39.18811455230386], [-96.83108972819522, 39.18811942613939], [-96.83109242314107, 39.18811942613939], [-96.83110949113147, 39.188120122401585], [-96.8311085928162, 39.18911228901192], [-96.83111128776203, 39.189668592442395], [-96.8311130843926, 39.190081465608344], [-96.8311130843926, 39.19056326394257], [-96.83113464395943, 39.192677010662194], [-96.83114003385113, 39.19346721255807], [-96.83114093216642, 39.19485822479029], [-96.8311705765708, 39.198886992221055], [-96.83117506814723, 39.200030070265164], [-96.83117416983194, 39.20427294091227], [-96.83118135635422, 39.20465788433801], [-96.83114362711227, 39.20465649214134], [-96.83064685876009, 39.204636305286776], [-96.8301393106245, 39.204618206722564], [-96.82960391471507, 39.204586882273496], [-96.82904695923884, 39.20455486171109], [-96.82796987921304, 39.20450126204141], [-96.82751443336393, 39.20448803614259], [-96.82711019148601, 39.20448316344239], [-96.82682812048675, 39.20449221274247], [-96.82650832024557, 39.20450752693999], [-96.82636728474596, 39.20450752693999], [-96.82620828294063, 39.204497085442036], [-96.82595765297633, 39.20447829074188], [-96.8257779899195, 39.204465064838736], [-96.8256180897989, 39.204460192136935], [-96.8254590879936, 39.20446158433747], [-96.82519857656115, 39.20447132974052], [-96.82490662409376, 39.204484555642495], [-96.82467036717401, 39.20449499714228], [-96.82450507716169, 39.20450126204141], [-96.82431553263672, 39.20449499714228], [-96.82398764755797, 39.204484555642495], [-96.82369749172115, 39.204469241439995], [-96.82346213311669, 39.20445044673236], [-96.82318006211744, 39.20443582862295], [-96.82266622577485, 39.20440241579003], [-96.8223060013459, 39.2043836210645], [-96.82208501578594, 39.204377356154886], [-96.82189816620684, 39.20437874835707], [-96.82157567101977, 39.20439893528568], [-96.82126934550786, 39.20441703390638], [-96.82096751157235, 39.204456711635466], [-96.82071508497746, 39.20449917374175], [-96.82038270832231, 39.20454093972291], [-96.82022640146285, 39.20455695000909], [-96.82004763672128, 39.20456808759734], [-96.81982126126964, 39.20456599929969], [-96.81955176668437, 39.20456808759734], [-96.81932539123275, 39.204559038307025], [-96.81901547245968, 39.20455555781044], [-96.81872801156874, 39.20456251880343], [-96.81832556632138, 39.204576440787356], [-96.81797612167583, 39.20458897057054], [-96.81760152420229, 39.20460358864806], [-96.81733562287815, 39.204605676944595], [-96.81709038280553, 39.2045987159559], [-96.81686131240807, 39.20457992128292], [-96.81656127510314, 39.20456739149811]]]}}, {"type": "Feature", "properties": {"FID": 27, "AREA_ID": "38", "ACRES": 501.872, "area_name": "38", "area_type": null, "area_syskey": 27}, "geometry": {"type": "Polygon", "coordinates": [[[-96.82008536596321, 39.17541288526086], [-96.81717392612697, 39.17535856697155], [-96.81719907895496, 39.17506260119628], [-96.81720626547721, 39.17482861325452], [-96.81719907895496, 39.174559108320985], [-96.8171793160187, 39.17422483720083], [-96.81715775645186, 39.17396020477041], [-96.81707690807629, 39.173654483433296], [-96.81699336475486, 39.17322271071573], [-96.81692060121682, 39.172886344003416], [-96.81685143093993, 39.17270318712529], [-96.81681819327441, 39.17253813660217], [-96.81680292191459, 39.17232085431011], [-96.81681190506742, 39.17177485994647], [-96.81679393876175, 39.17163348571495], [-96.8167687859338, 39.17145171842824], [-96.81672117522373, 39.1712922363989], [-96.8166259538036, 39.17097327125519], [-96.81657654646295, 39.17085905631049], [-96.81657295320183, 39.170728823189876], [-96.81660978412847, 39.1705164103634], [-96.81665559820799, 39.17026917495409], [-96.81670859880974, 39.170027510206985], [-96.81673464995298, 39.16967302064604], [-96.8166996156569, 39.16932897602363], [-96.81663224201057, 39.16892921355895], [-96.81657295320183, 39.16863879236428], [-96.81644000253978, 39.16826479495848], [-96.8163348996515, 39.167984817945204], [-96.81626483105933, 39.16780652354493], [-96.8162091355117, 39.16764006859921], [-96.8161588298558, 39.16730855046259], [-96.81612738882085, 39.16709543083534], [-96.81612199892915, 39.16677644665716], [-96.81614176186538, 39.16639268866545], [-96.81610403262344, 39.16607996962479], [-96.81610852419988, 39.165441294124356], [-96.81612379555969, 39.1651884689598], [-96.81614266018066, 39.16506240428203], [-96.81619296583659, 39.164955144654506], [-96.81621183045756, 39.16485276031206], [-96.81622530518683, 39.1646605280828], [-96.81623069507853, 39.164480135766695], [-96.81618308436846, 39.16383796322634], [-96.81616152480164, 39.163542645469775], [-96.8161516433335, 39.16309200489996], [-96.81613727028896, 39.16280922124439], [-96.81616601637808, 39.16262952069522], [-96.81619566078244, 39.16243171025758], [-96.81618128773789, 39.16213708311678], [-96.81616511806277, 39.16165578648065], [-96.81615972817107, 39.16135488734498], [-96.8160950494706, 39.16089308825149], [-96.81763835512893, 39.1608916951878], [-96.8183120915921, 39.160897963974186], [-96.82001889063217, 39.16091189460863], [-96.82116603925017, 39.16092930789779], [-96.821437330466, 39.160932094023636], [-96.82245063010664, 39.16094254199468], [-96.82354028654642, 39.160947417713935], [-96.82452484009796, 39.16095159690162], [-96.82507910062833, 39.16095159690162], [-96.82613192614147, 39.16095229343289], [-96.8262280458769, 39.16095298996414], [-96.8270194616423, 39.16095647262027], [-96.82802377813009, 39.160960651807414], [-96.82879453264397, 39.16096274140088], [-96.82972159401731, 39.16096831364986], [-96.83052738282728, 39.16097040324311], [-96.83105469389912, 39.160965527525434], [-96.83105738884498, 39.16172474235131], [-96.8310564905297, 39.16249509324005], [-96.83105559221443, 39.163717468159355], [-96.8310564905297, 39.164476653285014], [-96.83107176188953, 39.166194888810224], [-96.83107445683538, 39.168312850602426], [-96.83107625346595, 39.1696026796759], [-96.83106996525898, 39.17110628964599], [-96.83107984672709, 39.17353191596359], [-96.83108164335766, 39.17491426964495], [-96.83108613493407, 39.17555843021391], [-96.8305615188081, 39.17556469769316], [-96.82955450737443, 39.1755521627341], [-96.82879093938284, 39.17554310970671], [-96.82615438402358, 39.175513861456494], [-96.82526864515332, 39.17549714816516], [-96.82443321193897, 39.1754818276446], [-96.82140588943106, 39.17543656245079], [-96.82008536596321, 39.17541288526086]]]}}, {"type": "Feature", "properties": {"FID": 28, "AREA_ID": "40", "ACRES": 376.604, "area_name": "40", "area_type": null, "area_syskey": 28}, "geometry": {"type": "Polygon", "coordinates": [[[-96.82008536596321, 39.17541288526086], [-96.82140588943106, 39.17543656245079], [-96.82443321193897, 39.1754818276446], [-96.82526864515332, 39.17549714816516], [-96.82615438402358, 39.175513861456494], [-96.82879093938284, 39.17554310970671], [-96.82955450737443, 39.1755521627341], [-96.8305615188081, 39.17556469769316], [-96.83108613493407, 39.17555843021391], [-96.83109601640221, 39.17970807559079], [-96.83110230460919, 39.182331160204065], [-96.83110230460919, 39.184706962296346], [-96.83109601640221, 39.1859616764845], [-96.8311139827079, 39.18763969985188], [-96.83110949113147, 39.188120122401585], [-96.83109242314107, 39.18811942613939], [-96.83108972819522, 39.18811942613939], [-96.83096037079429, 39.18811455230386], [-96.83055163733995, 39.188099930795325], [-96.83014739546203, 39.188101323320076], [-96.82975213673697, 39.188107589681124], [-96.8294368280722, 39.18811176725487], [-96.82912062109214, 39.18811733735277], [-96.82889694058638, 39.18812360371242], [-96.82863014094697, 39.18813613643001], [-96.82820433950222, 39.18815841681133], [-96.82779830099373, 39.188188356062604], [-96.82740753384509, 39.18822873921854], [-96.82695837620297, 39.18829279521136], [-96.82651640508313, 39.188366598782885], [-96.82628733468565, 39.18840489305833], [-96.82604299292834, 39.18845432745579], [-96.82570253143561, 39.18852534582507], [-96.82524528895591, 39.18862839195876], [-96.82389691771428, 39.18894170697773], [-96.82275246404214, 39.18920976427412], [-96.8221955085659, 39.189338570663274], [-96.82188199653172, 39.189415854383405], [-96.82163945140496, 39.1894875680297], [-96.82132863431661, 39.18958991650493], [-96.82104656331737, 39.18970201228299], [-96.82078245862378, 39.18981828535453], [-96.82053632023592, 39.18991715212632], [-96.82032791108996, 39.18999722018463], [-96.82029647005503, 39.190009056324634], [-96.82029647005503, 39.190009056324634], [-96.82011770531345, 39.190071718209126], [-96.81808122456408, 39.18692741515838], [-96.81828514213359, 39.184952058060055], [-96.81889060663518, 39.18276148435742], [-96.81940713792362, 39.18109866382878], [-96.81962902179883, 39.17970877193629], [-96.81982126126964, 39.178123871697714], [-96.8200296704156, 39.17718029593293], [-96.82008536596321, 39.17541288526086]]]}}, {"type": "Feature", "properties": {"FID": 29, "AREA_ID": "41", "ACRES": 440.033, "area_name": "41", "area_type": null, "area_syskey": 29}, "geometry": {"type": "Polygon", "coordinates": [[[-96.81247124561398, 39.189764674441264], [-96.81245327930827, 39.18976537068715], [-96.81128816438464, 39.189786258060614], [-96.81038984910037, 39.189801575463875], [-96.80970263790795, 39.1898085379188], [-96.8089121204578, 39.189812019146], [-96.80848452238247, 39.189814107882256], [-96.8083524700357, 39.18981619661842], [-96.80797517761633, 39.189818981599885], [-96.80722688098453, 39.18983917271229], [-96.8065738057729, 39.18984126144771], [-96.80637887135623, 39.189836387731596], [-96.80633844716843, 39.189836387731596], [-96.80634383706013, 39.18961915889906], [-96.80636359999637, 39.18865067218403], [-96.80637976967151, 39.18809853827052], [-96.80638246461734, 39.18766755052413], [-96.80640402418418, 39.18681461867972], [-96.80641210902174, 39.18639476352942], [-96.806419295544, 39.186044534180255], [-96.8064201938593, 39.1857534873894], [-96.8064201938593, 39.18562397814288], [-96.806419295544, 39.185250071075956], [-96.806419295544, 39.18503073918935], [-96.80641660059817, 39.184796088127484], [-96.80640851576061, 39.1845920733629], [-96.80640132923833, 39.184436798930186], [-96.8063851595632, 39.18430171685773], [-96.80636359999637, 39.18417638274391], [-96.80634743032128, 39.18410605628213], [-96.80633575222257, 39.18404756689403], [-96.80630970107933, 39.18397724030338], [-96.80627646341382, 39.183888809738065], [-96.80621807292034, 39.18377670468828], [-96.80617136052555, 39.183707074132556], [-96.8061120717168, 39.18361655430697], [-96.80605907111502, 39.18356154604835], [-96.80600337556741, 39.18349400420358], [-96.80595306991148, 39.18344735155121], [-96.80586144175248, 39.18336170555663], [-96.80572489782928, 39.18325168859748], [-96.80549313248594, 39.1830692550325], [-96.80536018182389, 39.182960630242206], [-96.80504936473554, 39.18271204595593], [-96.80487059999396, 39.1825686047633], [-96.80474124259304, 39.18245858656284], [-96.80468015715371, 39.18240357739804], [-96.80461368182269, 39.18232837492587], [-96.80455888459034, 39.18225943925573], [-96.80450229072744, 39.182175880777045], [-96.80446006990906, 39.182099981739455], [-96.80442593392827, 39.18202895687777], [-96.80438820468633, 39.18194122018489], [-96.80432981419284, 39.18176156851964], [-96.80428849168979, 39.18160837681454], [-96.80427142369936, 39.1815088020272], [-96.80426244054652, 39.181401567483086], [-96.80426603380768, 39.18133959419795], [-96.80427861022166, 39.18127901351809], [-96.8042992714732, 39.18122121810819], [-96.80432352598586, 39.181178741933266], [-96.80435406870552, 39.18113905105811], [-96.80440706930732, 39.181091004179244], [-96.80446096822436, 39.181049920590084], [-96.80452115534841, 39.18101440763775], [-96.80458583404886, 39.18098516166356], [-96.80465500432575, 39.18096218267528], [-96.80471069987338, 39.180944078012566], [-96.80480142971707, 39.18091901001033], [-96.80493078711801, 39.18088976399642], [-96.80505565294253, 39.18086539230887], [-96.80519309518102, 39.18084310961571], [-96.8055479297183, 39.18079366986508], [-96.8057186096223, 39.18076999447921], [-96.80602403681895, 39.18072821436708], [-96.80612644476135, 39.18071010964412], [-96.80624053080244, 39.18068434522261], [-96.8063105993946, 39.180664847816274], [-96.80643097364269, 39.18062376397809], [-96.80651451696414, 39.18059033982082], [-96.80659446702445, 39.18054995227628], [-96.80665824740963, 39.18051443907138], [-96.8067283160018, 39.18047265880736], [-96.80678490986469, 39.180433663871845], [-96.80683521552061, 39.18039257989855], [-96.80690079253637, 39.18033060572393], [-96.80698523417308, 39.18024077789069], [-96.80705979434167, 39.180145379213435], [-96.80711638820458, 39.180068085299695], [-96.80715950733823, 39.17999845107041], [-96.80719364331902, 39.179933691175265], [-96.80721969446228, 39.17987310928387], [-96.80724574560551, 39.17980486755058], [-96.80726640685704, 39.17972200249969], [-96.8072744916946, 39.17963565562001], [-96.80728886473916, 39.17949429719295], [-96.80730144115313, 39.17929931958581], [-96.80732120408938, 39.17887175965421], [-96.8073382720798, 39.17838988117486], [-96.80736881479945, 39.17777290477427], [-96.80739576425798, 39.177265253088805], [-96.80744966317505, 39.17622417266548], [-96.80745415475145, 39.17615523100963], [-96.80745595138202, 39.17610648434349], [-96.8074523581209, 39.176050077444785], [-96.80744157833749, 39.17598183200063], [-96.80742630697765, 39.175920550320896], [-96.80740654404138, 39.17585857220409], [-96.80738588278984, 39.17580912894816], [-96.80735983164661, 39.17576107842669], [-96.80731850914356, 39.17570118932494], [-96.80727988158631, 39.175656620657975], [-96.80722598266927, 39.175601606170765], [-96.80717298206748, 39.17555285912077], [-96.80712896461857, 39.17552012893969], [-96.80708494716963, 39.1754929698417], [-96.80704811624298, 39.175469989058264], [-96.80698074259668, 39.17543516967513], [-96.80730772936012, 39.175329318644515], [-96.80744696822917, 39.175320265588454], [-96.80771286955334, 39.17530494502937], [-96.80786378652108, 39.17529519558096], [-96.80796619446349, 39.17528892807769], [-96.80927144657149, 39.175291713634756], [-96.81153699771835, 39.175296588359366], [-96.81272277389355, 39.17529241002399], [-96.81300035331638, 39.175291713634756], [-96.81601330277975, 39.17533837169941], [-96.81613727028896, 39.17533976447697], [-96.81624866138421, 39.175342550032056], [-96.81659990266036, 39.17534951391923], [-96.81681729495914, 39.17535299586256], [-96.81716494297413, 39.17535787058295], [-96.81717392612697, 39.17535856697155], [-96.82008536596321, 39.17541288526086], [-96.8200296704156, 39.17718029593293], [-96.81982126126964, 39.178123871697714], [-96.81962902179883, 39.17970877193629], [-96.81940713792362, 39.18109866382878], [-96.81889060663518, 39.18276148435742], [-96.81828514213359, 39.184952058060055], [-96.81808122456408, 39.18692741515838], [-96.82011770531345, 39.190071718209126], [-96.81990839785223, 39.190132291311016], [-96.81979071855001, 39.190160140995516], [-96.81968292071589, 39.190178939526305], [-96.8195625464678, 39.19019843429367], [-96.81946732504767, 39.19020818167536], [-96.81932988280917, 39.19021653657283], [-96.81919333888597, 39.19021514408998], [-96.81906937137676, 39.19021514408998], [-96.81891845440899, 39.19020957415833], [-96.81875585934253, 39.19019982677685], [-96.81855373840357, 39.190178939526305], [-96.81828963371002, 39.19014621615464], [-96.8179195278129, 39.19009330173417], [-96.81737155548952, 39.19000070140246], [-96.81641215476594, 39.18983917271229], [-96.81620015235886, 39.189812715391426], [-96.81596209880854, 39.18979461300826], [-96.81521470049205, 39.18977859935771], [-96.81389148207835, 39.18976049696576], [-96.81322672876802, 39.18975701573602], [-96.81292669146306, 39.18975631949003], [-96.81247124561398, 39.189764674441264]]]}}, {"type": "Feature", "properties": {"FID": 30, "AREA_ID": "36", "ACRES": 582.736, "area_name": "36", "area_type": null, "area_syskey": 30}, "geometry": {"type": "Polygon", "coordinates": [[[-96.8310286427559, 39.14646573830294], [-96.83103762590873, 39.15040532325873], [-96.83103762590873, 39.150406019894405], [-96.83104121916986, 39.15370381583703], [-96.83104121916986, 39.15370451244003], [-96.831051100638, 39.15485738097345], [-96.831051100638, 39.15485807756506], [-96.83105289726858, 39.15600047849516], [-96.83105289726858, 39.15600117507543], [-96.83105828716026, 39.15883411000572], [-96.83105828716026, 39.158834806557955], [-96.83105469389912, 39.160964134463164], [-96.83105469389912, 39.160965527525434], [-96.83052738282728, 39.16097040324311], [-96.82972159401731, 39.16096831364986], [-96.82879453264397, 39.16096274140088], [-96.82802377813009, 39.160960651807414], [-96.8270194616423, 39.16095647262027], [-96.8262280458769, 39.16095298996414], [-96.82613192614147, 39.16095229343289], [-96.82507910062833, 39.16095159690162], [-96.82452484009796, 39.16095159690162], [-96.82354028654642, 39.160947417713935], [-96.82245063010664, 39.16094254199468], [-96.821437330466, 39.160932094023636], [-96.82116603925017, 39.16092930789779], [-96.82001889063217, 39.16091189460863], [-96.8183120915921, 39.160897963974186], [-96.81763835512893, 39.1608916951878], [-96.8160950494706, 39.16089308825149], [-96.81606181180508, 39.160633977930225], [-96.81603935392297, 39.16033098481185], [-96.8160097095186, 39.16016102947991], [-96.81601330277975, 39.159976446379716], [-96.81602857413958, 39.15985733778249], [-96.81606001517451, 39.15973613935377], [-96.81608247305664, 39.15963723013651], [-96.81609235452476, 39.15958220311743], [-96.8160842696872, 39.15952299678301], [-96.81605103202168, 39.159465880036684], [-96.81598545500592, 39.15940945979054], [-96.81579501216567, 39.15930079844824], [-96.81565038340491, 39.15921860578297], [-96.81558121312801, 39.159174026670094], [-96.81550665295943, 39.159122482035656], [-96.81544377088954, 39.159045165013154], [-96.81536561745979, 39.15891212381162], [-96.81529914212877, 39.158783958227694], [-96.81522009038376, 39.15867599247309], [-96.81513385211647, 39.15859937151448], [-96.81503234248935, 39.158519267695816], [-96.81494251096092, 39.15844612934692], [-96.8148589676395, 39.15834652175901], [-96.8147844074709, 39.158235072542475], [-96.81470086414946, 39.158073470864856], [-96.81460923599047, 39.15794321407007], [-96.81451850614675, 39.157825495155016], [-96.81439364032225, 39.15769036195647], [-96.81428674080341, 39.15757542887715], [-96.81422655367939, 39.1574918410652], [-96.8142022991667, 39.157404073755735], [-96.81418163791517, 39.157301678423025], [-96.81418073959988, 39.15721321430809], [-96.8141627732942, 39.157027926903794], [-96.81414211204267, 39.15680154125502], [-96.81413492552038, 39.15646370285535], [-96.81409090807146, 39.15637454111023], [-96.81404239904612, 39.15629722106794], [-96.81374954826344, 39.15555536228949], [-96.81364264874463, 39.15527394151405], [-96.8135582071079, 39.15506217860425], [-96.81350879976726, 39.15489778327434], [-96.8134665789489, 39.15479468770201], [-96.81341627329299, 39.154715276144636], [-96.81324828833485, 39.15451814004907], [-96.81316833827452, 39.154417830304325], [-96.81310006631294, 39.154288263339076], [-96.81288986053642, 39.153612560782946], [-96.81274523177565, 39.15314235156736], [-96.81267875644461, 39.152841416020465], [-96.81263563731099, 39.15229736029541], [-96.81271558737129, 39.15081912362825], [-96.81268863791274, 39.14989608074391], [-96.81267067160705, 39.14964946950131], [-96.81268234970577, 39.149586074946235], [-96.81270929916428, 39.14954218637465], [-96.81274792672151, 39.149503174288014], [-96.81283236835822, 39.14944813934337], [-96.81302640445963, 39.149328316277], [-96.81313779555488, 39.149261438197755], [-96.81329859399074, 39.149147187998715], [-96.8139974832819, 39.148607283634355], [-96.81407024681991, 39.148548764718974], [-96.81414750193436, 39.14852020189737], [-96.81427416438945, 39.14848118924426], [-96.81442687798776, 39.14843938994905], [-96.81451940446203, 39.14840316387315], [-96.81459935452234, 39.14837669095973], [-96.81464337197127, 39.14834673475623], [-96.81469098268133, 39.14828124905764], [-96.81507905488414, 39.147732978105495], [-96.81531171854274, 39.147406939478635], [-96.81551833105812, 39.14709761938524], [-96.81565397666604, 39.146896978597795], [-96.81573033346521, 39.14675346435037], [-96.81578782564338, 39.14659253297727], [-96.81588484369409, 39.146401644204836], [-96.81603935392297, 39.146405127581225], [-96.81643101938693, 39.14641000430791], [-96.81668614092764, 39.14642463448587], [-96.81677866740192, 39.14643578128609], [-96.81679843033817, 39.14643856798589], [-96.81689544838886, 39.14645110813351], [-96.81691521132511, 39.1464538948327], [-96.81716494297413, 39.14648176181835], [-96.81726016439427, 39.14650126870175], [-96.8173670639131, 39.14652704564652], [-96.81748474321532, 39.14654167580018], [-96.8175045061516, 39.146543765821875], [-96.81777130579101, 39.14655839597202], [-96.81825998930564, 39.14656536270915], [-96.81913405007721, 39.146578599507755], [-96.81974670110105, 39.14657999285482], [-96.8202740121729, 39.146575812813495], [-96.82079503503778, 39.146577902834196], [-96.82116154767375, 39.146567452730146], [-96.8214202624756, 39.146549339212775], [-96.82170053684429, 39.146515202186585], [-96.82185953864959, 39.14649987535311], [-96.82203291349947, 39.14648176181835], [-96.82220988161046, 39.14647131170003], [-96.82241559581055, 39.14646016490543], [-96.82253776668921, 39.14645598485701], [-96.82280276969806, 39.14646713165227], [-96.82294739845881, 39.14646713165227], [-96.82321779135938, 39.146465041628296], [-96.823358826859, 39.14646364827894], [-96.82346482806255, 39.146465041628296], [-96.82407837740169, 39.14647479507298], [-96.82447273781148, 39.1464699183508], [-96.82482308077232, 39.146476188422106], [-96.82509437198817, 39.14647409839841], [-96.82525337379349, 39.14647758177121], [-96.82543483348088, 39.14648176181835], [-96.82577439665835, 39.14648176181835], [-96.82645172638267, 39.14647758177121], [-96.82730602421799, 39.14648106514385], [-96.82795191290737, 39.14647409839841], [-96.82797796405058, 39.14647340172383], [-96.82799054046457, 39.14647340172383], [-96.82885831302914, 39.146472705049234], [-96.82927423300576, 39.14647340172383], [-96.83006205551003, 39.14647967179481], [-96.8304860603242, 39.14647967179481], [-96.83102145623361, 39.1464664349776], [-96.8310286427559, 39.14646573830294]]]}}, {"type": "Feature", "properties": {"FID": 31, "AREA_ID": "70", "ACRES": 628.677, "area_name": "70", "area_type": null, "area_syskey": 31}, "geometry": {"type": "Polygon", "coordinates": [[[-96.91496362965457, 39.2340834507684], [-96.93330543112826, 39.234258793815556], [-96.93330183786713, 39.23483283048784], [-96.93327219346274, 39.23757005107087], [-96.93325332884179, 39.23916335094011], [-96.93322368443741, 39.241673594520705], [-96.93322278612213, 39.24250568426579], [-96.93315271752994, 39.24881839145532], [-96.93208192571113, 39.248797521638146], [-96.9313264425571, 39.24877873879736], [-96.93062665495064, 39.248760651612585], [-96.92982715434769, 39.2487446514068], [-96.92850124098814, 39.24872169458341], [-96.92820210199848, 39.24872308590626], [-96.92761999369431, 39.24871821627619], [-96.9270711230556, 39.24870986833813], [-96.92645847203175, 39.24869943341416], [-96.92606231499141, 39.24869456378245], [-96.92561854724099, 39.248686911503356], [-96.92518466095869, 39.24868273753257], [-96.92408152978966, 39.248672998266514], [-96.92327663929497, 39.248663954661076], [-96.92257236011213, 39.248663258999066], [-96.91888657250085, 39.24863891082454], [-96.91788225601307, 39.24863056287704], [-96.91787417117551, 39.24863056287704], [-96.9163928492718, 39.24860969300396], [-96.91534271870451, 39.248603432040824], [-96.91495734144756, 39.248602736378224], [-96.91495823976287, 39.248428820510384], [-96.91493937514188, 39.24828481784545], [-96.91493398525019, 39.24815681522836], [-96.91492590041261, 39.24760375775717], [-96.91492590041261, 39.24756897412263], [-96.91492320546679, 39.24712095936782], [-96.91492410378207, 39.246117089829234], [-96.91492500209733, 39.24532400186349], [-96.91493218861963, 39.244510729539954], [-96.91493398525019, 39.24406060812651], [-96.91494027345719, 39.24243472047521], [-96.91494656166417, 39.241324336519604], [-96.91495105324059, 39.240812273836376], [-96.9149447650336, 39.240089396375865], [-96.91494386671829, 39.23944582740254], [-96.91495284987116, 39.2387131952123], [-96.91495464650173, 39.23856360650256], [-96.91495644313228, 39.237714075734445], [-96.91496093470872, 39.23628633992076], [-96.914955544817, 39.23527744475562], [-96.91495734144756, 39.23500051789], [-96.91496362965457, 39.2340834507684]]]}}, {"type": "Feature", "properties": {"FID": 32, "AREA_ID": "71", "ACRES": 961.309, "area_name": "71", "area_type": null, "area_syskey": 32}, "geometry": {"type": "Polygon", "coordinates": [[[-96.91496362965457, 39.2340834507684], [-96.91495734144756, 39.23500051789], [-96.914955544817, 39.23527744475562], [-96.91496093470872, 39.23628633992076], [-96.91495644313228, 39.237714075734445], [-96.91495464650173, 39.23856360650256], [-96.91495284987116, 39.2387131952123], [-96.91494386671829, 39.23944582740254], [-96.9149447650336, 39.240089396375865], [-96.91495105324059, 39.240812273836376], [-96.91494656166417, 39.241324336519604], [-96.91494027345719, 39.24243472047521], [-96.91493398525019, 39.24406060812651], [-96.91493218861963, 39.244510729539954], [-96.91492500209733, 39.24532400186349], [-96.91492410378207, 39.246117089829234], [-96.91492320546679, 39.24712095936782], [-96.91492590041261, 39.24756897412263], [-96.91492590041261, 39.24760375775717], [-96.91493398525019, 39.24815681522836], [-96.91493937514188, 39.24828481784545], [-96.91495823976287, 39.248428820510384], [-96.91495734144756, 39.248602736378224], [-96.91369700510378, 39.248602736378224], [-96.91297925119167, 39.24859717107713], [-96.91257500931376, 39.24859647541445], [-96.91163626984172, 39.248594388426426], [-96.9098252662287, 39.24856795323914], [-96.90590591664353, 39.24852830043958], [-96.90391884323478, 39.24851230018077], [-96.90382991002164, 39.248511604517255], [-96.90379038414913, 39.24851090885374], [-96.90296842566406, 39.248504647881774], [-96.90261628607263, 39.24850047390018], [-96.90244919942977, 39.24849769124563], [-96.90242314828652, 39.24849699558197], [-96.90241057187254, 39.24849699558197], [-96.90226324816592, 39.248499778236535], [-96.90222551892398, 39.24850047390018], [-96.90094272469807, 39.24849769124563], [-96.89830347439297, 39.248501169563795], [-96.89707278245356, 39.2484886476176], [-96.8960549912365, 39.248483082307445], [-96.8931022288972, 39.248460125398424], [-96.89255605320437, 39.24845595141416], [-96.89200538593512, 39.24845247309376], [-96.89125619098806, 39.248449690437305], [-96.89001292263468, 39.24844273379569], [-96.88912538713384, 39.248437864146155], [-96.88827378424438, 39.24843508148911], [-96.88722634862295, 39.2484232551955], [-96.88700176980188, 39.24841977687347], [-96.88700087148659, 39.2482368168914], [-96.8870071596936, 39.24794185378602], [-96.88700626137829, 39.24768932542471], [-96.88701075295472, 39.24720931033019], [-96.88701434621586, 39.24645449734105], [-96.88699727822545, 39.24499424159605], [-96.88699637991017, 39.244267232998], [-96.8869891933879, 39.242781885786826], [-96.8869891933879, 39.242779798625754], [-96.88698739675732, 39.24116640454173], [-96.88698290518091, 39.24050336464923], [-96.8869838034962, 39.23967820866424], [-96.88698290518091, 39.23923988408415], [-96.8869891933879, 39.23903881046364], [-96.88699099001848, 39.237159544368794], [-96.88699548159491, 39.236010808612185], [-96.88699099001848, 39.23461365340356], [-96.8869891933879, 39.2343214162262], [-96.88700266811718, 39.23421634970543], [-96.8870296175757, 39.23414259430552], [-96.88704039735912, 39.23411267464002], [-96.88697931191976, 39.23395263900339], [-96.88697661697393, 39.233892103689186], [-96.88761172587988, 39.233891407880684], [-96.8877419815961, 39.233892103689186], [-96.88963922347644, 39.233911586324744], [-96.8904854364742, 39.2339164569828], [-96.89133434441779, 39.23392480668151], [-96.8927653606656, 39.23394150607598], [-96.8931462463461, 39.23394289769201], [-96.89372655801974, 39.233944985115976], [-96.8949428769146, 39.233953334811304], [-96.89521506644574, 39.233953334811304], [-96.89542706885281, 39.23394915996378], [-96.8955303751105, 39.23394428930801], [-96.91496362965457, 39.2340834507684]]]}}, {"type": "Feature", "properties": {"FID": 33, "AREA_ID": "83", "ACRES": 941.402, "area_name": "83", "area_type": null, "area_syskey": 33}, "geometry": {"type": "Polygon", "coordinates": [[[-96.84971629561403, 39.28887281437992], [-96.84981151703415, 39.288755314838845], [-96.84976749958523, 39.287917516538826], [-96.8497800759992, 39.287691552625574], [-96.84978546589092, 39.28742178552205], [-96.84978726252147, 39.28705398282264], [-96.84979175409791, 39.28657076083929], [-96.84977648273808, 39.286272482583946], [-96.84974504170313, 39.28592205615756], [-96.84971539729875, 39.285160706985955], [-96.84970012593892, 39.284615589800865], [-96.84969653267778, 39.284446630424306], [-96.84969204110135, 39.28421648345729], [-96.84969743099306, 39.283951570151196], [-96.84971629561403, 39.283641460388665], [-96.84974414338784, 39.28351908485793], [-96.84979355072848, 39.283391841891856], [-96.84985014459139, 39.28323609062423], [-96.84989685698616, 39.283132488026695], [-96.85003879080108, 39.28285157819929], [-96.8500998762404, 39.282690263135734], [-96.85011424928494, 39.282577620500376], [-96.85012053749193, 39.28241630480587], [-96.850161859995, 39.282114532207395], [-96.85017802967013, 39.28172862295788], [-96.85019869092167, 39.2812613570209], [-96.85018970776882, 39.280847629370875], [-96.85022474206491, 39.28044711086425], [-96.85022474206491, 39.28026701585882], [-96.85029121739595, 39.280017385336606], [-96.85026157299158, 39.27939295746066], [-96.85022474206491, 39.278580775681725], [-96.8502013858675, 39.27843613958266], [-96.85017533472427, 39.27834504650164], [-96.85014299537403, 39.27826438382718], [-96.85008460488058, 39.278141303532905], [-96.84989955193201, 39.27783881714513], [-96.84980163556604, 39.2776156022146], [-96.8497396518114, 39.27734857781203], [-96.84972617708215, 39.27709754613042], [-96.8497639063241, 39.27689936258853], [-96.84980792377303, 39.276699787718385], [-96.84987439910405, 39.27647448300064], [-96.8499291963364, 39.27630828553769], [-96.84997231547004, 39.276108708983784], [-96.84997141715476, 39.275975889429], [-96.84994267106568, 39.27577422574927], [-96.84989865361672, 39.27557464767406], [-96.84982319513284, 39.27527006401044], [-96.84974414338784, 39.27492027794138], [-96.84970012593892, 39.27463655356489], [-96.84970192256948, 39.273971743908234], [-96.84968575289436, 39.2736435091994], [-96.84962915903145, 39.27331735920514], [-96.84962556577032, 39.27303223749739], [-96.84963634555372, 39.27270399838741], [-96.84964712533714, 39.272446691230336], [-96.84962646408559, 39.272167824839116], [-96.84961478598693, 39.27204473383459], [-96.84962466745505, 39.27192651063231], [-96.8496767697415, 39.27161008872723], [-96.84970282088476, 39.27121577635347], [-96.8497118040376, 39.2707254906777], [-96.8496956343625, 39.27039237263732], [-96.84966598995811, 39.27014409782784], [-96.8496552101747, 39.269902776651804], [-96.8522333750405, 39.26992920379516], [-96.85251903930086, 39.26994589461742], [-96.85277236421103, 39.269957021830066], [-96.85301760428362, 39.26996119453435], [-96.85336615061392, 39.26997023539276], [-96.85398059826834, 39.26997023539276], [-96.8542968052484, 39.26996467178771], [-96.85454024869043, 39.269968844491544], [-96.85493011752378, 39.26996606268903], [-96.85534244423926, 39.26995145822395], [-96.85571973665864, 39.26995076277317], [-96.85657223786339, 39.269959108182235], [-96.8572333979126, 39.26996467178771], [-96.85788916807009, 39.269965367238385], [-96.8590345200575, 39.26997510354683], [-96.86020412655758, 39.26998901255653], [-96.8605679442477, 39.270000139762324], [-96.86081318432029, 39.270005007914285], [-96.8610188985204, 39.27000987606591], [-96.86119496831611, 39.270005703364546], [-96.86138002126467, 39.26999388070928], [-96.8616629905792, 39.26998205805202], [-96.86219119996635, 39.2699848398539], [-96.86370486122028, 39.27001404876707], [-96.86832489672715, 39.26999805341135], [-96.86833208324943, 39.27094385947326], [-96.86833837145642, 39.273303450856076], [-96.86834196471756, 39.273893857845266], [-96.86833477819528, 39.274456443621894], [-96.86838238890535, 39.281858650275844], [-96.86837250743723, 39.28630655172634], [-96.86837969395948, 39.28763593062741], [-96.8683904737429, 39.28924547434209], [-96.86839676194988, 39.29066309365174], [-96.86839945689574, 39.29095509602645], [-96.86840394847218, 39.29127977342769], [-96.86842820298484, 39.29181927687242], [-96.86452412475951, 39.29179146751811], [-96.86377492981245, 39.29178938181607], [-96.86359167349445, 39.29178938181607], [-96.86282002066532, 39.29178938181607], [-96.86169802487528, 39.291790772284095], [-96.85791791415917, 39.291790772284095], [-96.85584909405956, 39.291798419857706], [-96.85500288106181, 39.29179285798609], [-96.85487442197616, 39.29178868658206], [-96.85468667408175, 39.29177408666606], [-96.8545474352127, 39.29175322963789], [-96.85439472161437, 39.29173167736894], [-96.85423571980905, 39.291696915630865], [-96.85410007420114, 39.29166284911078], [-96.85396442859322, 39.2916190492749], [-96.8538638172814, 39.291583592244855], [-96.8537829689058, 39.29155022090603], [-96.85362486541577, 39.29148139246951], [-96.85360150921838, 39.291468182963825], [-96.85338591355017, 39.29134790682398], [-96.85324487805055, 39.291261001970106], [-96.85320625049332, 39.29123527811269], [-96.85310923244262, 39.29117201128797], [-96.85280919513768, 39.29096900087105], [-96.85262953208083, 39.290847333387056], [-96.85225044303088, 39.29058731188405], [-96.85070354411143, 39.28952427275579], [-96.85022653869548, 39.28919332987714], [-96.84988068731104, 39.288962503246054], [-96.84974953327955, 39.28889089121489], [-96.84971629561403, 39.28887281437992]]]}}, {"type": "Feature", "properties": {"FID": 34, "AREA_ID": "77", "ACRES": 917.802, "area_name": "77", "area_type": null, "area_syskey": 34}, "geometry": {"type": "Polygon", "coordinates": [[[-96.84988787383332, 39.24820481623715], [-96.85028492918896, 39.248200642237684], [-96.85082840993591, 39.2481915985713], [-96.851912676484, 39.248170728567615], [-96.85255676854281, 39.24816168489742], [-96.85378835879752, 39.248143597553494], [-96.85562271860795, 39.248113683859096], [-96.85630094664754, 39.248110205521705], [-96.85683993581809, 39.248110901189214], [-96.85794576193298, 39.24812133620074], [-96.8596157300464, 39.24813942355039], [-96.860818574212, 39.24814429322065], [-96.86398244064311, 39.24816864156689], [-96.86574763017666, 39.2481915985713], [-96.86834016808699, 39.248215251234704], [-96.86834016808699, 39.248223599231636], [-96.86834286303284, 39.249298395536556], [-96.86834735460927, 39.25000865641761], [-96.86834735460927, 39.25007404736137], [-96.8683509478704, 39.25126081283049], [-96.86835184618567, 39.25365376066799], [-96.86832669335773, 39.25550684788501], [-96.86832489672715, 39.25566405197935], [-96.86831321862846, 39.25663717921447], [-96.86830243884503, 39.25949874887778], [-96.86829974389921, 39.26157355728207], [-96.86832220178131, 39.26349876874894], [-96.86831950683546, 39.26619383687051], [-96.86832489672715, 39.26694635093211], [-96.868321303466, 39.267920017024636], [-96.86831860852017, 39.269067534696], [-96.86832489672715, 39.26999805341135], [-96.86370486122028, 39.27001404876707], [-96.86219119996635, 39.2699848398539], [-96.8616629905792, 39.26998205805202], [-96.86138002126467, 39.26999388070928], [-96.86119496831611, 39.270005703364546], [-96.8610188985204, 39.27000987606591], [-96.86081318432029, 39.270005007914285], [-96.8605679442477, 39.270000139762324], [-96.86020412655758, 39.26998901255653], [-96.8590345200575, 39.26997510354683], [-96.85788916807009, 39.269965367238385], [-96.8572333979126, 39.26996467178771], [-96.85657223786339, 39.269959108182235], [-96.85571973665864, 39.26995076277317], [-96.85534244423926, 39.26995145822395], [-96.85493011752378, 39.26996606268903], [-96.85454024869043, 39.269968844491544], [-96.8542968052484, 39.26996467178771], [-96.85398059826834, 39.26997023539276], [-96.85336615061392, 39.26997023539276], [-96.85301760428362, 39.26996119453435], [-96.85277236421103, 39.269957021830066], [-96.85251903930086, 39.26994589461742], [-96.8522333750405, 39.26992920379516], [-96.8496552101747, 39.269902776651804], [-96.84965341354413, 39.269742127223715], [-96.84960220957294, 39.269402745402914], [-96.84959053147422, 39.26872745414525], [-96.84956088706986, 39.268271228973944], [-96.84951507299034, 39.26799234596603], [-96.84944949597461, 39.267661996827506], [-96.84937224086016, 39.26733999185273], [-96.8493300200418, 39.26695956506247], [-96.84934439308635, 39.26649567804684], [-96.84941446167852, 39.26596571640933], [-96.84968126131794, 39.26505948663401], [-96.8499282980211, 39.26443144792033], [-96.85017713135485, 39.26373524338964], [-96.85034601462829, 39.26317326705632], [-96.8505625086118, 39.26248539632747], [-96.85079068069398, 39.261780826085385], [-96.85110778598933, 39.260968440155196], [-96.8514230946541, 39.26024924817877], [-96.8514680104183, 39.25985278523038], [-96.85152101102008, 39.25917044637943], [-96.85153268911877, 39.25878301963137], [-96.85147160367944, 39.25794625401688], [-96.85141411150124, 39.25734667018591], [-96.85125331306536, 39.25655927388602], [-96.85120300740944, 39.25609392686228], [-96.85116258322167, 39.25563761945717], [-96.85116437985222, 39.254852986365655], [-96.85120480404002, 39.25424642001481], [-96.85124163496667, 39.253766449802725], [-96.85115539669938, 39.253367863346895], [-96.85103053087488, 39.252876757198365], [-96.85098651342597, 39.25251294688467], [-96.85102783592902, 39.25221800176497], [-96.85107903990024, 39.25198287953087], [-96.85108442979194, 39.25179784195204], [-96.85098381848009, 39.25153419734025], [-96.85065503508606, 39.250937341232415], [-96.85047267708336, 39.25052065196401], [-96.85023462353305, 39.24979091804826], [-96.84998938346044, 39.248917870831924], [-96.84989595867088, 39.248426037853015], [-96.84988787383332, 39.24820481623715]]]}}, {"type": "Feature", "properties": {"FID": 35, "AREA_ID": "10", "ACRES": 682.776, "area_name": "10", "area_type": null, "area_syskey": 35}, "geometry": {"type": "Polygon", "coordinates": [[[-96.74600040615628, 39.112440288354115], [-96.74600040615628, 39.11221375931049], [-96.74598962637289, 39.111950287691464], [-96.74597794827419, 39.11183249186062], [-96.74596177859907, 39.111761396056764], [-96.74593842240166, 39.111662419426125], [-96.74586835380953, 39.11146864787348], [-96.74577942059636, 39.111290210289035], [-96.74572552167932, 39.1111731103787], [-96.74520539712972, 39.110236304091536], [-96.74506705657595, 39.10996864286515], [-96.74503741217158, 39.10991009183636], [-96.74501046271305, 39.109850843722], [-96.74497273347112, 39.109762319976], [-96.74494578401259, 39.10968913096814], [-96.7449107497165, 39.109551814243616], [-96.74489996993309, 39.10947862501717], [-96.74489547835667, 39.10940543571474], [-96.74489727498722, 39.10934339900838], [-96.74490625814006, 39.10926672435205], [-96.74491883455406, 39.10920329343695], [-96.74493769917503, 39.109141256552675], [-96.74496285200298, 39.10906946098923], [-96.74499878461435, 39.108994180125705], [-96.74502034418119, 39.10895235738899], [-96.74504639532442, 39.10890774644248], [-96.74519102408519, 39.10870211749589], [-96.74543446752722, 39.10838008044861], [-96.74562580868276, 39.10806152720315], [-96.745658148033, 39.10798973053982], [-96.74567970759983, 39.107917236747305], [-96.74569497895965, 39.10785031933421], [-96.74570575874306, 39.107782704800144], [-96.74570755537363, 39.10770324021334], [-96.74570036885136, 39.107627260831606], [-96.74568060591511, 39.10752479309537], [-96.745658148033, 39.10743696348858], [-96.74562760531332, 39.107336586661106], [-96.74549195970542, 39.10700617859433], [-96.74541290796039, 39.10682145610985], [-96.74534912757521, 39.106627671247296], [-96.74532307643197, 39.10654611414946], [-96.74530511012628, 39.106477801294005], [-96.74529702528872, 39.106422035648656], [-96.74528804213587, 39.106334204667746], [-96.74528265224417, 39.10624846479512], [-96.74528355055945, 39.10607628766269], [-96.74528804213587, 39.105867165073896], [-96.74527097414548, 39.105651071080345], [-96.74526288930792, 39.105605063886514], [-96.74525480447036, 39.105574392407256], [-96.74523504153412, 39.105517231887596], [-96.7452080920756, 39.10545170635683], [-96.74516048136552, 39.10533877923531], [-96.74511736223188, 39.10526279730481], [-96.74504998858555, 39.105161720297865], [-96.74500327619079, 39.1050948002687], [-96.74479935862125, 39.10485709423475], [-96.74456938990848, 39.10463960296773], [-96.74431337005247, 39.10439840994459], [-96.74409597775369, 39.104183705634334], [-96.74402231590038, 39.10409587186438], [-96.74395673888462, 39.104006643795536], [-96.74392619616498, 39.103959938433235], [-96.74387499219377, 39.10387210438446], [-96.74383816126712, 39.10379890926022], [-96.74381211012388, 39.103738958911364], [-96.74378426235008, 39.103672734629534], [-96.74372766848715, 39.103527040990464], [-96.74370880386618, 39.103480335310415], [-96.74369263419105, 39.10343223539857], [-96.74365490494912, 39.10331303112782], [-96.74361448076134, 39.10315757730228], [-96.74359561614038, 39.103070439357765], [-96.74358573467224, 39.10301327680766], [-96.74356956499712, 39.10290034577973], [-96.74356237847483, 39.10281599594332], [-96.74355698858315, 39.10272118939517], [-96.74355519195258, 39.10259292150939], [-96.74356237847483, 39.10231128902839], [-96.7435812430958, 39.102093092793105], [-96.74405645188119, 39.10198225163537], [-96.74400165464884, 39.10148311570909], [-96.74470683214697, 39.101429437473016], [-96.7447517479112, 39.10134438875559], [-96.74480564682824, 39.10129768162943], [-96.74489278341082, 39.10123912339768], [-96.74498351325454, 39.101192416201776], [-96.74501585260475, 39.10117080539917], [-96.7450598700537, 39.10115895431104], [-96.74518383756292, 39.10115128595887], [-96.74523504153412, 39.10114919458995], [-96.74530331349573, 39.10112061254174], [-96.74534553431407, 39.10107111677236], [-96.74536080567393, 39.101029986458684], [-96.74535721241277, 39.10099652449085], [-96.74532038148612, 39.100947028634344], [-96.74526288930792, 39.10090798962441], [-96.745212583652, 39.10088498448342], [-96.74513263359171, 39.100866162089794], [-96.74513982011398, 39.1007755356796], [-96.74518743082405, 39.10073719370178], [-96.74529163539701, 39.10063611020572], [-96.74541380627566, 39.100545483499836], [-96.74559436764783, 39.10047158779189], [-96.74583781108984, 39.100447885378586], [-96.7462842737861, 39.100277088341294], [-96.74645675032069, 39.10009443962319], [-96.7466714476736, 39.09971310661395], [-96.74689961975582, 39.09941263984671], [-96.74706940134455, 39.09918885750131], [-96.7472885902739, 39.098771965131924], [-96.74751855898667, 39.09829999537747], [-96.74776379905927, 39.09783429686579], [-96.74816804093717, 39.0971343490056], [-96.74818780387342, 39.09722288861084], [-96.74822643143065, 39.097383235644415], [-96.74825068594333, 39.09746062038668], [-96.74827494045599, 39.0975359135679], [-96.74830188991452, 39.09760981235279], [-96.74832434779663, 39.097668373599], [-96.74835219557045, 39.09772414616923], [-96.74838543323595, 39.097784101632996], [-96.74842316247788, 39.09784475420148], [-96.74846358666568, 39.097896343701414], [-96.74851928221331, 39.09796327056398], [-96.74858306259848, 39.09802950020922], [-96.74866391097407, 39.09810758139525], [-96.74908881410352, 39.09848752878964], [-96.74920469677518, 39.098592101107684], [-96.7492954266189, 39.09866739308064], [-96.7494202924434, 39.098771965131924], [-96.74951371723296, 39.098832616850586], [-96.74959815886969, 39.09888281133692], [-96.74970775333436, 39.09893997723618], [-96.74978680507938, 39.09897553161356], [-96.74989011133707, 39.099016663125795], [-96.75000599400875, 39.09905500603933], [-96.75011019858172, 39.09908358892496], [-96.75021619978526, 39.09911008036956], [-96.75029525153026, 39.099124023231134], [-96.75037789653642, 39.09913587466134], [-96.75046682974956, 39.09914214894708], [-96.75053240676532, 39.09914633180396], [-96.75059349220464, 39.09914633180396], [-96.75064918775224, 39.09914563466115], [-96.75070667993045, 39.099144937518346], [-96.75079561314358, 39.09914005751855], [-96.75094473348078, 39.099130994660904], [-96.75127531350536, 39.099102411794505], [-96.75154929966706, 39.09907940606435], [-96.75181340436063, 39.09905640032672], [-96.75191132072662, 39.099048034602056], [-96.75211433998085, 39.09902990886194], [-96.75237664804386, 39.09900690310812], [-96.7528015511733, 39.098969954457516], [-96.75301535021096, 39.09894973726314], [-96.75319411495252, 39.09893370293245], [-96.75324352229316, 39.09892882291801], [-96.7533387437133, 39.09892115432326], [-96.75363878101824, 39.09889466280764], [-96.75365584900862, 39.09889326851707], [-96.75382652891263, 39.0988807199007], [-96.75429994106743, 39.09884516547553], [-96.75444097656704, 39.098838194017496], [-96.75452002831207, 39.098835405434095], [-96.75478682795148, 39.098828433975115], [-96.75578844949342, 39.0988158853472], [-96.75635438812249, 39.09880751959401], [-96.75688080087905, 39.09880124527847], [-96.75711705779882, 39.09879775954739], [-96.75723833036218, 39.09879706240115], [-96.7573236703142, 39.09879566810864], [-96.75743685804001, 39.09878939379204], [-96.75748446875008, 39.098787999499386], [-96.75764347055538, 39.09877963374289], [-96.7577575565965, 39.09877475371782], [-96.75787343926814, 39.09876638795975], [-96.75801088150665, 39.09875453646746], [-96.75812406923245, 39.098744776413504], [-96.7582866642989, 39.0987287420362], [-96.7587888225428, 39.09868203317714], [-96.75921821724867, 39.09864090146971], [-96.75950747477017, 39.09861440984879], [-96.75977427440962, 39.09859070681114], [-96.75990363181053, 39.098578855289304], [-96.76007431171455, 39.098562820874264], [-96.7602827208605, 39.09854190641439], [-96.76034200966924, 39.09853563207519], [-96.76045789234092, 39.098526569139835], [-96.76058814805714, 39.09851611190529], [-96.76062767392965, 39.09851402045823], [-96.76080284541007, 39.098504957520085], [-96.76085404938128, 39.098502866072664], [-96.76098789835862, 39.098499380326814], [-96.76108132314819, 39.098497288879216], [-96.7611442052181, 39.098496591730004], [-96.76131668175265, 39.098495894580786], [-96.76139573349768, 39.098497288879216], [-96.76155114204184, 39.098501471774334], [-96.76169846574847, 39.09850844326565], [-96.76181075515899, 39.09851402045823], [-96.7619760451713, 39.098526569139835], [-96.76204970702459, 39.09853214633097], [-96.76214492844473, 39.09854190641439], [-96.7623012353042, 39.09855863798279], [-96.7624656270012, 39.098579552437705], [-96.76251593265714, 39.09858582677296], [-96.76270907044324, 39.098613712700725], [-96.76273152832535, 39.09861719844093], [-96.76277015588258, 39.09862347277285], [-96.7629282593726, 39.098649267242656], [-96.76308456623205, 39.0986771531453], [-96.76318607585917, 39.09869527897614], [-96.76328489054043, 39.09871479909644], [-96.76344838392217, 39.09874686785375], [-96.76362625034844, 39.098782422328505], [-96.7637771673162, 39.09881100532462], [-96.76391910113111, 39.098838891163325], [-96.7640745096753, 39.098868868427644], [-96.76424608789458, 39.09890233140529], [-96.76438892002477, 39.098930217207865], [-96.76447785323792, 39.0989476458289], [-96.76457666791919, 39.098967863023866], [-96.7647805854887, 39.09900690310812], [-96.7648039416861, 39.099011085973004], [-96.76478956864153, 39.09921813747474], [-96.76472309331052, 39.099526273600674], [-96.76467997417687, 39.099702649555375], [-96.76464134661964, 39.099860202406646], [-96.76460631232355, 39.10007701128566], [-96.76459463422486, 39.10016763859376], [-96.764591939279, 39.100241534620274], [-96.7646036173777, 39.100339133027184], [-96.76461978705282, 39.10041372600421], [-96.76465661797948, 39.100581734196155], [-96.76471950004938, 39.10076926153922], [-96.76479316190269, 39.100959576882936], [-96.76490994288964, 39.10123215217639], [-96.76502313061546, 39.10149426962314], [-96.76519470883473, 39.10186095356494], [-96.76534382917193, 39.10216210701084], [-96.76542916912393, 39.102288284345356], [-96.76553157706633, 39.10244652852848], [-96.76561422207247, 39.10258176776917], [-96.76572740979829, 39.10274698236574], [-96.76578490197649, 39.102859216533275], [-96.765824427849, 39.10299863761054], [-96.76583430931713, 39.10312690475809], [-96.76582802111014, 39.10322728758033], [-96.76582173290313, 39.10330187750151], [-96.76580196996689, 39.10342108179115], [-96.76577052893195, 39.10359605380441], [-96.76571663001491, 39.103814942484405], [-96.76568429066465, 39.103934145906436], [-96.76564745973799, 39.10404846946685], [-96.76559984902795, 39.104180917262376], [-96.76547498320342, 39.104473695716706], [-96.76537167694573, 39.10471976809616], [-96.76526028585049, 39.10499511719076], [-96.76519291220417, 39.10515474946446], [-96.76514440317882, 39.10530392514892], [-96.7650770295325, 39.10549283409072], [-96.76502762219187, 39.10562667332978], [-96.76497641822067, 39.105753541540516], [-96.76485873891845, 39.10605676958066], [-96.76479585684855, 39.106228249688], [-96.76469614385198, 39.10649662218937], [-96.7646036173777, 39.106791482227095], [-96.7646036173777, 39.10679357342862], [-96.76446437850865, 39.10734704258733], [-96.76442215769029, 39.1075073665948], [-96.76436197056624, 39.10771787843342], [-96.76421464685963, 39.10816747942711], [-96.76410595071023, 39.10850415550256], [-96.76401252592066, 39.10879691600006], [-96.76388676178088, 39.1091705323925], [-96.76382477802626, 39.109358733929646], [-96.76374662459655, 39.109553208323376], [-96.76364601328471, 39.109785322219906], [-96.76358492784539, 39.10988708963317], [-96.76348970642525, 39.11001534424608], [-96.76339717995097, 39.11010665581195], [-96.7633100433684, 39.110183329554516], [-96.7632067371107, 39.110259306180744], [-96.76312588873513, 39.11032273614545], [-96.76298754818134, 39.11042659387644], [-96.76260756081611, 39.11071307313307], [-96.76208384300541, 39.11113616810473], [-96.76184039956338, 39.111358518480195], [-96.76166343145238, 39.11153277377001], [-96.76147837850382, 39.11171399881436], [-96.76134363121119, 39.11184155308537], [-96.76124661316048, 39.11192728615417], [-96.76115139174036, 39.112001169853386], [-96.76101305118658, 39.11209735794948], [-96.7608693207411, 39.1121886668178], [-96.76058096153486, 39.11236779913938], [-96.76045699402565, 39.11244586444447], [-96.76030248379675, 39.11253717286125], [-96.76017671965695, 39.11260966190174], [-96.76014707525258, 39.112626390131275], [-96.75999436165425, 39.112690514974354], [-96.75985332615461, 39.112705849167305], [-96.75981290196684, 39.11270515215862], [-96.7596664765755, 39.11270166711501], [-96.75946345732126, 39.11268075684983], [-96.759273014481, 39.11265636153256], [-96.7591822846373, 39.11264451237543], [-96.75905921544334, 39.1126284811597], [-96.75899274011232, 39.11261942003612], [-96.75891548499786, 39.11261314694988], [-96.75876636466069, 39.112601297785474], [-96.75850046333656, 39.11259850974653], [-96.75847800545445, 39.11259990376602], [-96.75833247837839, 39.11260757087278], [-96.75822737549015, 39.11261314694988], [-96.75796147416601, 39.11264102732885], [-96.75780516730654, 39.1126640286332], [-96.75764975876237, 39.112696788053675], [-96.75754645250468, 39.112721183356925], [-96.75744224793169, 39.11275812480005], [-96.75735421303386, 39.112796460239416], [-96.75733175515175, 39.11280970338633], [-96.75733175515175, 39.11280970338633], [-96.75724641519975, 39.11285919091337], [-96.75723833036218, 39.112865463977705], [-96.75715029546431, 39.11292749758377], [-96.75701105659526, 39.11305156463205], [-96.75688529245548, 39.11317354044971], [-96.7567298839113, 39.11332618417555], [-96.75646218595661, 39.11359243865024], [-96.75608219859137, 39.11398136353562], [-96.7556752617676, 39.11440583286933], [-96.75529707103294, 39.11478778338472], [-96.7551506456416, 39.114941120600456], [-96.75500961014197, 39.11508121476497], [-96.7548371336074, 39.115260339733744], [-96.75468352169379, 39.115401827227686], [-96.75459908005706, 39.11547710124658], [-96.75444187488233, 39.115606042666236], [-96.75427478823947, 39.11573498384992], [-96.75411578643417, 39.115854864090124], [-96.75383551206546, 39.116027714309936], [-96.75369447656585, 39.11612319993506], [-96.75360374672213, 39.11620823082077], [-96.75354266128281, 39.116280019111606], [-96.75346540616836, 39.116340655766294], [-96.75337557463995, 39.11640477722944], [-96.75325969196827, 39.11645844406134], [-96.7531258429909, 39.11649259566034], [-96.75304499461532, 39.11650862599704], [-96.75291384058383, 39.11651838359149], [-96.75272519437414, 39.11652605027191], [-96.75260032854962, 39.11652395935916], [-96.75249792060724, 39.11651280782339], [-96.75241886886222, 39.116498171430045], [-96.75234161374777, 39.11647098954862], [-96.7522661552639, 39.116426383361464], [-96.7521960866717, 39.11637132256029], [-96.75212961134069, 39.11630929198591], [-96.75207391579306, 39.11622704911766], [-96.75201372866903, 39.11612668480944], [-96.75193916850043, 39.11598031993702], [-96.75184125213444, 39.1158032877327], [-96.75139568775347, 39.11507772983889], [-96.7512798050818, 39.11491254414466], [-96.75116302409482, 39.11475850987833], [-96.75098875092971, 39.11456265586794], [-96.75084951206065, 39.11443092457256], [-96.75072913781257, 39.11435425545129], [-96.75054677980984, 39.11425597945567], [-96.75038328642812, 39.11417861314992], [-96.75024404755905, 39.11412564157629], [-96.75010121542887, 39.114080336909346], [-96.74988112818423, 39.11402666826619], [-96.74970326175794, 39.113989727488075], [-96.74921457824333, 39.113917936863885], [-96.74862708004743, 39.11383150921929], [-96.74791561434228, 39.11370465554896], [-96.74681966969551, 39.11348091857384], [-96.74681787306494, 39.113480221572814], [-96.74681787306494, 39.113480221572814], [-96.74680709328153, 39.11347813056968], [-96.74620701867165, 39.113358246285976], [-96.74582792962173, 39.113286455018475], [-96.74586206560251, 39.113215360681465], [-96.74589709989861, 39.11314078125085], [-96.74591865946542, 39.11308014184256], [-96.74593752408639, 39.11302507842659], [-96.74595099881566, 39.112973499997935], [-96.74596627017547, 39.112901708338434], [-96.74597794827419, 39.11283270463564], [-96.74598513479646, 39.112763700865244], [-96.74599232131872, 39.11270724318468], [-96.74599681289514, 39.112643118356836], [-96.74599950784102, 39.11255947718933], [-96.74600040615628, 39.112440288354115]]]}}, {"type": "Feature", "properties": {"FID": 36, "AREA_ID": "12", "ACRES": 997.284, "area_name": "12", "area_type": null, "area_syskey": 36}, "geometry": {"type": "Polygon", "coordinates": [[[-96.75416788872063, 39.12321247187924], [-96.75304858787646, 39.122984583652624], [-96.75245030989716, 39.12302430734151], [-96.75233981711719, 39.12301524755478], [-96.75199935562448, 39.1231093298986], [-96.75160769016054, 39.123248710917686], [-96.75140916248272, 39.12330725086348], [-96.75121243143546, 39.1233769412117], [-96.75100941218123, 39.12343060273286], [-96.75092227559867, 39.12343060273286], [-96.75085849521349, 39.12341805848479], [-96.75078213841434, 39.123387394758], [-96.75067164563437, 39.123326764167935], [-96.75049198257751, 39.123267527334136], [-96.7503662184377, 39.12323337901909], [-96.7502422509285, 39.12321386568876], [-96.75013714804024, 39.12320132140214], [-96.75001767210742, 39.123198533782606], [-96.74980027980865, 39.123205502831254], [-96.74957120941116, 39.123198533782606], [-96.74942478401982, 39.123182504968014], [-96.74934124069839, 39.123166476149784], [-96.74924691759357, 39.12313999374648], [-96.74910318714808, 39.123081453661676], [-96.74904120339345, 39.1230486990692], [-96.74895496512617, 39.12298876509463], [-96.7488498622379, 39.1229086207466], [-96.74859114743604, 39.122693972826234], [-96.74849592601593, 39.12261522196419], [-96.74835039893986, 39.122492565578945], [-96.74815636283849, 39.12236433367509], [-96.74791471602703, 39.12224376759608], [-96.74782308786801, 39.1222110126141], [-96.74774223949244, 39.12219986197849], [-96.74762725513605, 39.12220334655231], [-96.74753652529235, 39.122209618784765], [-96.74746286343905, 39.12220892187007], [-96.74734069256039, 39.12220752804068], [-96.74721852168173, 39.12220125580803], [-96.74708377438908, 39.122210315699434], [-96.74698316307726, 39.1222235570771], [-96.74680978822738, 39.12226815959402], [-96.74667683756532, 39.122305096032], [-96.74654927679495, 39.122363636761946], [-96.74637859689095, 39.122424965093494], [-96.74623576476074, 39.12247165821923], [-96.74597974490474, 39.12249953469747], [-96.74578750543392, 39.122519048225655], [-96.74569497895965, 39.122519048225655], [-96.74554226536132, 39.1225085945505], [-96.7453778736643, 39.122496050138295], [-96.74456938990848, 39.12241381449174], [-96.74438343864465, 39.12239848241142], [-96.74415975813888, 39.1223943009344], [-96.74387678882434, 39.12239499784726], [-96.74372856680243, 39.122397785498606], [-96.74354171722331, 39.12240684536472], [-96.743474343577, 39.122484202635796], [-96.74341235982237, 39.12255946908828], [-96.74332881650093, 39.122660521143395], [-96.74302788088072, 39.12255668144332], [-96.7431554416511, 39.1223915132829], [-96.7434734452617, 39.121969879724944], [-96.74380402528632, 39.121477854564205], [-96.74419838569608, 39.12084574354253], [-96.74443913419226, 39.12045267495356], [-96.74456040675564, 39.120241504220935], [-96.74462149219497, 39.120134176279244], [-96.74466371301332, 39.12005263481165], [-96.74469964562469, 39.11997039631283], [-96.74473737486665, 39.11987282508803], [-96.7447966636754, 39.11969092408676], [-96.74487751205098, 39.11941563240611], [-96.7449170379235, 39.11921282189756], [-96.74495656379601, 39.118939619189916], [-96.74500327619079, 39.11853120704424], [-96.74502663238816, 39.11832421227116], [-96.74503741217158, 39.118197366688825], [-96.7450428020633, 39.11814230727157], [-96.74505448016197, 39.1180572787199], [-96.7450706498371, 39.11796388658587], [-96.7450877178275, 39.117891403053264], [-96.74512544706944, 39.11769346687278], [-96.74518473587818, 39.11745580332984], [-96.74524941457865, 39.11721744202122], [-96.7453096017027, 39.116979079906194], [-96.74532577137782, 39.1169184438009], [-96.74533475453066, 39.11687383789702], [-96.74534822925993, 39.11674629273484], [-96.74534822925993, 39.116703080660315], [-96.74534643262935, 39.116655686741694], [-96.74534463599878, 39.116635474619606], [-96.74534194105294, 39.11659156550686], [-96.74533116126953, 39.11651838359149], [-96.7453212798014, 39.116480050176925], [-96.74530690675685, 39.11643962582622], [-96.74527726235247, 39.1163755043948], [-96.74522066848957, 39.1162828070049], [-96.74511466728603, 39.116123896909954], [-96.74506166668426, 39.11604722963071], [-96.74501495428947, 39.11596986529165], [-96.74496105537241, 39.115880652254646], [-96.74487751205098, 39.11574125665823], [-96.7448595457453, 39.115709195632064], [-96.74483888449375, 39.115668770839136], [-96.74481732492694, 39.115618588305274], [-96.74480115525182, 39.1155495872629], [-96.74479127378369, 39.1154736163401], [-96.74479037546841, 39.11544713104501], [-96.74478768052256, 39.11540043326362], [-96.74478947715313, 39.115345371660716], [-96.74480115525182, 39.11525197593212], [-96.7448137316658, 39.11519203532467], [-96.74483259628677, 39.11513279165089], [-96.74484786764658, 39.115093760497466], [-96.74486852889814, 39.11504497152524], [-96.74489547835667, 39.11499200060286], [-96.74496734357942, 39.1148512092735], [-96.74550812938051, 39.11386426809707], [-96.74582792962173, 39.113286455018475], [-96.74620701867165, 39.113358246285976], [-96.74680709328153, 39.11347813056968], [-96.74681787306494, 39.113480221572814], [-96.74681787306494, 39.113480221572814], [-96.74681966969551, 39.11348091857384], [-96.74791561434228, 39.11370465554896], [-96.74862708004743, 39.11383150921929], [-96.74921457824333, 39.113917936863885], [-96.74970326175794, 39.113989727488075], [-96.74988112818423, 39.11402666826619], [-96.75010121542887, 39.114080336909346], [-96.75024404755905, 39.11412564157629], [-96.75038328642812, 39.11417861314992], [-96.75054677980984, 39.11425597945567], [-96.75072913781257, 39.11435425545129], [-96.75084951206065, 39.11443092457256], [-96.75098875092971, 39.11456265586794], [-96.75116302409482, 39.11475850987833], [-96.7512798050818, 39.11491254414466], [-96.75139568775347, 39.11507772983889], [-96.75184125213444, 39.1158032877327], [-96.75193916850043, 39.11598031993702], [-96.75201372866903, 39.11612668480944], [-96.75207391579306, 39.11622704911766], [-96.75212961134069, 39.11630929198591], [-96.7521960866717, 39.11637132256029], [-96.7522661552639, 39.116426383361464], [-96.75234161374777, 39.11647098954862], [-96.75241886886222, 39.116498171430045], [-96.75249792060724, 39.11651280782339], [-96.75260032854962, 39.11652395935916], [-96.75272519437414, 39.11652605027191], [-96.75291384058383, 39.11651838359149], [-96.75304499461532, 39.11650862599704], [-96.7531258429909, 39.11649259566034], [-96.75325969196827, 39.11645844406134], [-96.75337557463995, 39.11640477722944], [-96.75346540616836, 39.116340655766294], [-96.75354266128281, 39.116280019111606], [-96.75360374672213, 39.11620823082077], [-96.75369447656585, 39.11612319993506], [-96.75383551206546, 39.116027714309936], [-96.75411578643417, 39.115854864090124], [-96.75427478823947, 39.11573498384992], [-96.75444187488233, 39.115606042666236], [-96.75459908005706, 39.11547710124658], [-96.75468352169379, 39.115401827227686], [-96.7548371336074, 39.115260339733744], [-96.75500961014197, 39.11508121476497], [-96.7551506456416, 39.114941120600456], [-96.75529707103294, 39.11478778338472], [-96.7556752617676, 39.11440583286933], [-96.75608219859137, 39.11398136353562], [-96.75646218595661, 39.11359243865024], [-96.7567298839113, 39.11332618417555], [-96.75688529245548, 39.11317354044971], [-96.75701105659526, 39.11305156463205], [-96.75715029546431, 39.11292749758377], [-96.75723833036218, 39.112865463977705], [-96.75724641519975, 39.11285919091337], [-96.75733175515175, 39.11280970338633], [-96.75733175515175, 39.11280970338633], [-96.75735421303386, 39.112796460239416], [-96.75744224793169, 39.11275812480005], [-96.75754645250468, 39.112721183356925], [-96.75764975876237, 39.112696788053675], [-96.75780516730654, 39.1126640286332], [-96.75796147416601, 39.11264102732885], [-96.75822737549015, 39.11261314694988], [-96.75833247837839, 39.11260757087278], [-96.75847800545445, 39.11259990376602], [-96.75850046333656, 39.11259850974653], [-96.75876636466069, 39.112601297785474], [-96.75891548499786, 39.11261314694988], [-96.75899274011232, 39.11261942003612], [-96.75905921544334, 39.1126284811597], [-96.7591822846373, 39.11264451237543], [-96.759273014481, 39.11265636153256], [-96.75946345732126, 39.11268075684983], [-96.7596664765755, 39.11270166711501], [-96.75981290196684, 39.11270515215862], [-96.75985332615461, 39.112705849167305], [-96.75999436165425, 39.112690514974354], [-96.76014707525258, 39.112626390131275], [-96.76017671965695, 39.11260966190174], [-96.76030248379675, 39.11253717286125], [-96.76045699402565, 39.11244586444447], [-96.76058096153486, 39.11236779913938], [-96.7608693207411, 39.1121886668178], [-96.76101305118658, 39.11209735794948], [-96.76115139174036, 39.112001169853386], [-96.76124661316048, 39.11192728615417], [-96.76134363121119, 39.11184155308537], [-96.76147837850382, 39.11171399881436], [-96.76166343145238, 39.11153277377001], [-96.76184039956338, 39.111358518480195], [-96.76208384300541, 39.11113616810473], [-96.76260756081611, 39.11071307313307], [-96.76298754818134, 39.11042659387644], [-96.76312588873513, 39.11032273614545], [-96.7632067371107, 39.110259306180744], [-96.7633100433684, 39.110183329554516], [-96.76339717995097, 39.11010665581195], [-96.76348970642525, 39.11001534424608], [-96.76358492784539, 39.10988708963317], [-96.76364601328471, 39.109785322219906], [-96.76374662459655, 39.109553208323376], [-96.76382477802626, 39.109358733929646], [-96.76388676178088, 39.1091705323925], [-96.76401252592066, 39.10879691600006], [-96.76410595071023, 39.10850415550256], [-96.76421464685963, 39.10816747942711], [-96.76436197056624, 39.10771787843342], [-96.76442215769029, 39.1075073665948], [-96.76446437850865, 39.10734704258733], [-96.7646036173777, 39.10679357342862], [-96.7646036173777, 39.106791482227095], [-96.76469614385198, 39.10649662218937], [-96.76479585684855, 39.106228249688], [-96.76485873891845, 39.10605676958066], [-96.76497641822067, 39.105753541540516], [-96.76502762219187, 39.10562667332978], [-96.7650770295325, 39.10549283409072], [-96.76514440317882, 39.10530392514892], [-96.76592863242197, 39.10544194722999], [-96.76661943687556, 39.10549910781073], [-96.76708566250808, 39.10563852366682], [-96.76783934903155, 39.10587483291311], [-96.7681277082378, 39.105922234082456], [-96.7683217443392, 39.105933387294144], [-96.76854901810611, 39.10595778493856], [-96.76869454518216, 39.10597590889749], [-96.76894607346175, 39.106102079405666], [-96.76912393988803, 39.10619130482211], [-96.76945721485848, 39.106370452387424], [-96.76952009692836, 39.106428309285974], [-96.76961172508739, 39.10658027055236], [-96.7697177262909, 39.106757325926566], [-96.76988840619491, 39.10695389869503], [-96.76991355902287, 39.10699641968275], [-96.77001776359585, 39.107168594567554], [-96.77015071425792, 39.10751433719554], [-96.77028366491999, 39.10787889865381], [-96.7704022425375, 39.108111715118554], [-96.77059807526948, 39.10847627348698], [-96.7706474826101, 39.10867632670433], [-96.77068790679789, 39.10892586964292], [-96.7706717371228, 39.10922071951821], [-96.77071036468, 39.1094507433871], [-96.77081636588355, 39.109730953267665], [-96.77089811257441, 39.10990451554536], [-96.77115323411513, 39.110257215082044], [-96.77142632196154, 39.11059318414548], [-96.77194285324998, 39.111168928235465], [-96.77201112521159, 39.11124420677604], [-96.77211173652341, 39.11134736612698], [-96.77243872328688, 39.111670783653786], [-96.77269384482761, 39.111923801072116], [-96.77295884783646, 39.11212175346022], [-96.7733559031921, 39.11239149754473], [-96.77366672028045, 39.11260757087278], [-96.7738921974168, 39.11278530811374], [-96.77405658911381, 39.112936558667705], [-96.77425871005275, 39.11312962917968], [-96.77434135505894, 39.113214663677795], [-96.7747869194399, 39.113657956612826], [-96.77522439898334, 39.11405385109056], [-96.77503844771948, 39.11426364638224], [-96.77478602112463, 39.11470693271844], [-96.77465307046255, 39.114986424714], [-96.77444825457775, 39.115326553128355], [-96.7741832515689, 39.115603951726186], [-96.77409521667104, 39.11585695502272], [-96.77470517274905, 39.116977685973325], [-96.77497466733432, 39.117416076501065], [-96.77533668839386, 39.11798758310922], [-96.77550557166731, 39.118246153478296], [-96.77677848442507, 39.12263403854984], [-96.77626824134363, 39.12275321014233], [-96.77626105482135, 39.12275530087023], [-96.77541933340002, 39.122939981589276], [-96.77450664507123, 39.12314835661174], [-96.7738697395347, 39.12329400968953], [-96.77362899103852, 39.12335324650104], [-96.77287979609144, 39.123537925652506], [-96.77260580992976, 39.12360343436727], [-96.77259952172277, 39.12360552506993], [-96.7725060969332, 39.12362782589443], [-96.77233721365978, 39.12367382132268], [-96.77226624675232, 39.12369681902552], [-96.77219707647542, 39.12371911982112], [-96.77191680210674, 39.12380762603407], [-96.77191590379147, 39.12380762603407], [-96.77163293447693, 39.12389682903378], [-96.7714577629965, 39.123958852927984], [-96.77108945372996, 39.12409056640976], [-96.77055315950525, 39.12430939143822], [-96.77022078285009, 39.12448152402431], [-96.77014083278979, 39.12452264065269], [-96.77004111979323, 39.1245776950836], [-96.76970964145336, 39.12476097724606], [-96.76915088934656, 39.12507875811613], [-96.76871610474898, 39.12535960273557], [-96.76852386527815, 39.125512916943656], [-96.76840438934535, 39.12563417430829], [-96.76831815107806, 39.12574706890838], [-96.76821843808152, 39.125885050951666], [-96.7681510644352, 39.125994460763565], [-96.76810345372512, 39.12609690164356], [-96.76806482616789, 39.12618261736745], [-96.7680306901871, 39.12629829858554], [-96.76799475757574, 39.12645579198668], [-96.76798128284646, 39.12659934761187], [-96.76797679127006, 39.126721299976275], [-96.76796960474778, 39.12681328676286], [-96.76796331654079, 39.12692548260509], [-96.76794804518094, 39.1270411626031], [-96.76789504457918, 39.12722304462544], [-96.76776838212409, 39.12755266103994], [-96.76764082135375, 39.12777844390936], [-96.76755368477117, 39.12791851254791], [-96.76745127682878, 39.12806833690267], [-96.76732012279727, 39.1282683344982], [-96.76722579969243, 39.12840491789562], [-96.76709105239979, 39.128612579900526], [-96.76695810173771, 39.12884044991946], [-96.76682515107565, 39.1290996773015], [-96.7667200481874, 39.129340785784244], [-96.76659248741703, 39.12970523432288], [-96.76655026659867, 39.12984669280782], [-96.76651343567202, 39.12995679330388], [-96.76645863843969, 39.13011427852441], [-96.76637868837938, 39.130371410716066], [-96.76637868837938, 39.130372107549974], [-96.76636431533484, 39.130416704907326], [-96.76632389114704, 39.130559555627364], [-96.76632478946233, 39.13056443345172], [-96.76634275576801, 39.13081250521596], [-96.76610829547883, 39.13166750990959], [-96.76609482074956, 39.13170026049421], [-96.76535999884705, 39.13170513823956], [-96.76472578825636, 39.13170165413577], [-96.76441137790688, 39.13170513823956], [-96.76429908849636, 39.13171071280523], [-96.76419757886923, 39.131723255576425], [-96.76412571364648, 39.131732314243116], [-96.76348162158769, 39.13117833979065], [-96.76219613241594, 39.13093375345697], [-96.76094657585556, 39.1300703778125], [-96.76037794228061, 39.12814847538024], [-96.75982278343496, 39.12683349596504], [-96.75872863541875, 39.125250191937546], [-96.75713412578922, 39.124315663483145], [-96.75584414504105, 39.12369681902552], [-96.75499164383629, 39.12338321333965], [-96.75416788872063, 39.12321247187924]]]}}, {"type": "Feature", "properties": {"FID": 37, "AREA_ID": "72", "ACRES": 642.167, "area_name": "72", "area_type": null, "area_syskey": 37}, "geometry": {"type": "Polygon", "coordinates": [[[-96.86775266989109, 39.23388097075216], [-96.88697661697393, 39.233892103689186], [-96.88697931191976, 39.23395263900339], [-96.88704039735912, 39.23411267464002], [-96.8870296175757, 39.23414259430552], [-96.88700266811718, 39.23421634970543], [-96.8869891933879, 39.2343214162262], [-96.88699099001848, 39.23461365340356], [-96.88699548159491, 39.236010808612185], [-96.88699099001848, 39.237159544368794], [-96.8869891933879, 39.23903881046364], [-96.88698290518091, 39.23923988408415], [-96.8869838034962, 39.23967820866424], [-96.88698290518091, 39.24050336464923], [-96.88698739675732, 39.24116640454173], [-96.8869891933879, 39.242779798625754], [-96.8869891933879, 39.242781885786826], [-96.88699637991017, 39.244267232998], [-96.88699727822545, 39.24499424159605], [-96.88701434621586, 39.24645449734105], [-96.88701075295472, 39.24720931033019], [-96.88700626137829, 39.24768932542471], [-96.8870071596936, 39.24794185378602], [-96.88700087148659, 39.2482368168914], [-96.88700176980188, 39.24841977687347], [-96.88634060975266, 39.248408646241806], [-96.88515124031633, 39.24839403728507], [-96.88483503333629, 39.24838986329688], [-96.88262248279119, 39.248371080346914], [-96.88201881492019, 39.2483717760118], [-96.88156336907107, 39.248373167341605], [-96.88065696894927, 39.24837734133079], [-96.87946490456707, 39.24835994970752], [-96.87812012658655, 39.24835229739191], [-96.87531917953028, 39.248329340440094], [-96.87386570540039, 39.24831125313942], [-96.87186785220821, 39.248277861187475], [-96.8712866422193, 39.24826812186514], [-96.8697361500387, 39.24823125156127], [-96.86834016808699, 39.248215251234704], [-96.86833208324943, 39.248063595784096], [-96.86832579504244, 39.24786463446626], [-96.86830782873675, 39.247456275028284], [-96.86827548938652, 39.247000607090435], [-96.86827279444067, 39.24684686197322], [-96.86826650623367, 39.2465623282654], [-96.8682539298197, 39.24614422162733], [-96.86823506519873, 39.245868033346284], [-96.86821620057778, 39.24556471196588], [-96.86820182753321, 39.245337220069736], [-96.86819374269565, 39.24505407163313], [-96.86819014943451, 39.2448801469653], [-96.86818475954281, 39.24464221732116], [-96.86816140334543, 39.24419766240217], [-96.86814972524672, 39.24394859910342], [-96.86814703030089, 39.243673793599484], [-96.868156911769, 39.243101220698584], [-96.8681685898677, 39.24275614412931], [-96.8681748780747, 39.24234149342553], [-96.86820452247906, 39.241857963083014], [-96.8682260820459, 39.241643678066815], [-96.86823416688345, 39.24149479133898], [-96.86821709889306, 39.24121301886294], [-96.86818565785809, 39.24058059207354], [-96.86819014943451, 39.24036004145626], [-96.86818026796638, 39.24013114118646], [-96.86819553932622, 39.23994050634916], [-96.86821709889306, 39.23973456448296], [-96.86827009949482, 39.23931920016351], [-96.868321303466, 39.239010284401594], [-96.86837699901363, 39.238558736167114], [-96.8683913720582, 39.23835348600886], [-96.86841472825557, 39.238102314659145], [-96.86844347434467, 39.23782331163476], [-96.86842730466955, 39.237206857128086], [-96.86836532091495, 39.23660848752804], [-96.86828177759352, 39.23608873676881], [-96.8681515218773, 39.23537137698689], [-96.86806169034888, 39.23491284734799], [-96.86794850262305, 39.23455311865964], [-96.86788562055315, 39.234371514114486], [-96.8678380098431, 39.23422122034234], [-96.86778860250246, 39.23408623399478], [-96.86775805978279, 39.233978383891326], [-96.86775266989109, 39.23388097075216]]]}}, {"type": "Feature", "properties": {"FID": 38, "AREA_ID": "73", "ACRES": 625.866, "area_name": "73", "area_type": null, "area_syskey": 38}, "geometry": {"type": "Polygon", "coordinates": [[[-96.84985194122193, 39.23363117501296], [-96.86606024389557, 39.23386635876962], [-96.86775266989109, 39.23388097075216], [-96.86775805978279, 39.233978383891326], [-96.86778860250246, 39.23408623399478], [-96.8678380098431, 39.23422122034234], [-96.86788562055315, 39.234371514114486], [-96.86794850262305, 39.23455311865964], [-96.86806169034888, 39.23491284734799], [-96.8681515218773, 39.23537137698689], [-96.86828177759352, 39.23608873676881], [-96.86836532091495, 39.23660848752804], [-96.86842730466955, 39.237206857128086], [-96.86844347434467, 39.23782331163476], [-96.86841472825557, 39.238102314659145], [-96.8683913720582, 39.23835348600886], [-96.86837699901363, 39.238558736167114], [-96.868321303466, 39.239010284401594], [-96.86827009949482, 39.23931920016351], [-96.86821709889306, 39.23973456448296], [-96.86819553932622, 39.23994050634916], [-96.86818026796638, 39.24013114118646], [-96.86819014943451, 39.24036004145626], [-96.86818565785809, 39.24058059207354], [-96.86821709889306, 39.24121301886294], [-96.86823416688345, 39.24149479133898], [-96.8682260820459, 39.241643678066815], [-96.86820452247906, 39.241857963083014], [-96.8681748780747, 39.24234149342553], [-96.8681685898677, 39.24275614412931], [-96.868156911769, 39.243101220698584], [-96.86814703030089, 39.243673793599484], [-96.86814972524672, 39.24394859910342], [-96.86816140334543, 39.24419766240217], [-96.86818475954281, 39.24464221732116], [-96.86819014943451, 39.2448801469653], [-96.86819374269565, 39.24505407163313], [-96.86820182753321, 39.245337220069736], [-96.86821620057778, 39.24556471196588], [-96.86823506519873, 39.245868033346284], [-96.8682539298197, 39.24614422162733], [-96.86826650623367, 39.2465623282654], [-96.86827279444067, 39.24684686197322], [-96.86827548938652, 39.247000607090435], [-96.86830782873675, 39.247456275028284], [-96.86832579504244, 39.24786463446626], [-96.86833208324943, 39.248063595784096], [-96.86834016808699, 39.248215251234704], [-96.86574763017666, 39.2481915985713], [-96.86398244064311, 39.24816864156689], [-96.860818574212, 39.24814429322065], [-96.8596157300464, 39.24813942355039], [-96.85794576193298, 39.24812133620074], [-96.85683993581809, 39.248110901189214], [-96.85630094664754, 39.248110205521705], [-96.85562271860795, 39.248113683859096], [-96.85378835879752, 39.248143597553494], [-96.85255676854281, 39.24816168489742], [-96.851912676484, 39.248170728567615], [-96.85082840993591, 39.2481915985713], [-96.85028492918896, 39.248200642237684], [-96.84988787383332, 39.24820481623715], [-96.84988607720275, 39.24668198561324], [-96.8498887721486, 39.24544992256924], [-96.84988338225689, 39.24209103208147], [-96.84987350078876, 39.24081992697463], [-96.84986002605952, 39.23943956562137], [-96.84985194122193, 39.238705541844176], [-96.84984834796083, 39.2384397607248], [-96.84984475469967, 39.238139886053986], [-96.84983846649268, 39.23682348370431], [-96.84983936480798, 39.23608177890118], [-96.84984116143855, 39.23553280097211], [-96.84984295806909, 39.23472358993142], [-96.84985194122193, 39.23363117501296]]]}}, {"type": "Feature", "properties": {"FID": 39, "AREA_ID": "74", "ACRES": 642.575, "area_name": "74", "area_type": null, "area_syskey": 39}, "geometry": {"type": "Polygon", "coordinates": [[[-96.83113913553584, 39.24731783576942], [-96.83114183048171, 39.246495542680165], [-96.8311373389053, 39.24538591870286], [-96.83114093216642, 39.243865809710464], [-96.8311535085804, 39.242895288111484], [-96.8311580001568, 39.24057502613588], [-96.83117776309307, 39.23765493520787], [-96.83118494961535, 39.23719155006239], [-96.83117955972364, 39.23666136690757], [-96.83119303445291, 39.233405731855356], [-96.84120296166525, 39.233562289680535], [-96.84480520595507, 39.23359568863802], [-96.84985194122193, 39.23363117501296], [-96.84985194122193, 39.23363117501296], [-96.84984295806909, 39.23472358993142], [-96.84984116143855, 39.23553280097211], [-96.84983936480798, 39.23608177890118], [-96.84983846649268, 39.23682348370431], [-96.84984475469967, 39.238139886053986], [-96.84984834796083, 39.2384397607248], [-96.84985194122193, 39.238705541844176], [-96.84986002605952, 39.23943956562137], [-96.84987350078876, 39.24081992697463], [-96.84988338225689, 39.24209103208147], [-96.8498887721486, 39.24544992256924], [-96.84988607720275, 39.24668198561324], [-96.84988787383332, 39.24820481623715], [-96.84969832930834, 39.24821107723585], [-96.84940008863398, 39.24822777322972], [-96.84902189789932, 39.2482395995563], [-96.84817837984741, 39.24824307788728], [-96.84768430644107, 39.24822916456235], [-96.84729713255358, 39.248206207570234], [-96.84599816865253, 39.24809281383218], [-96.84553733291172, 39.24807055246332], [-96.84517261690632, 39.24805733477221], [-96.84457883050342, 39.24805107375976], [-96.84375777033365, 39.248046899751145], [-96.842744470693, 39.24805524776813], [-96.84165032267678, 39.248047595419266], [-96.83486265238905, 39.24794046244766], [-96.83278215419072, 39.24792863607063], [-96.83185329618682, 39.24794533213173], [-96.83129544239532, 39.247956462836925], [-96.83113823722056, 39.24795437582986], [-96.83113644059002, 39.24783472065287], [-96.83113913553584, 39.24731783576942]]]}}, {"type": "Feature", "properties": {"FID": 40, "AREA_ID": "78", "ACRES": 1003.77, "area_name": "78", "area_type": null, "area_syskey": 40}, "geometry": {"type": "Polygon", "coordinates": [[[-96.83185329618682, 39.24794533213173], [-96.83278215419072, 39.24792863607063], [-96.83486265238905, 39.24794046244766], [-96.84165032267678, 39.248047595419266], [-96.842744470693, 39.24805524776813], [-96.84375777033365, 39.248046899751145], [-96.84457883050342, 39.24805107375976], [-96.84517261690632, 39.24805733477221], [-96.84553733291172, 39.24807055246332], [-96.84599816865253, 39.24809281383218], [-96.84729713255358, 39.248206207570234], [-96.84768430644107, 39.24822916456235], [-96.84817837984741, 39.24824307788728], [-96.84902189789932, 39.2482395995563], [-96.84940008863398, 39.24822777322972], [-96.84969832930834, 39.24821107723585], [-96.84988787383332, 39.24820481623715], [-96.84989595867088, 39.248426037853015], [-96.84998938346044, 39.248917870831924], [-96.85023462353305, 39.24979091804826], [-96.85047267708336, 39.25052065196401], [-96.85065503508606, 39.250937341232415], [-96.85098381848009, 39.25153419734025], [-96.85108442979194, 39.25179784195204], [-96.85107903990024, 39.25198287953087], [-96.85102783592902, 39.25221800176497], [-96.85098651342597, 39.25251294688467], [-96.85103053087488, 39.252876757198365], [-96.85115539669938, 39.253367863346895], [-96.85124163496667, 39.253766449802725], [-96.85120480404002, 39.25424642001481], [-96.85116437985222, 39.254852986365655], [-96.85116258322167, 39.25563761945717], [-96.85120300740944, 39.25609392686228], [-96.85125331306536, 39.25655927388602], [-96.85141411150124, 39.25734667018591], [-96.85147160367944, 39.25794625401688], [-96.85153268911877, 39.25878301963137], [-96.85152101102008, 39.25917044637943], [-96.8514680104183, 39.25985278523038], [-96.8514230946541, 39.26024924817877], [-96.85110778598933, 39.260968440155196], [-96.85079068069398, 39.261780826085385], [-96.8505625086118, 39.26248539632747], [-96.85034601462829, 39.26317326705632], [-96.85017713135485, 39.26373524338964], [-96.8499282980211, 39.26443144792033], [-96.84968126131794, 39.26505948663401], [-96.84941446167852, 39.26596571640933], [-96.84934439308635, 39.26649567804684], [-96.8493300200418, 39.26695956506247], [-96.84937224086016, 39.26733999185273], [-96.84944949597461, 39.267661996827506], [-96.84951507299034, 39.26799234596603], [-96.84956088706986, 39.268271228973944], [-96.84959053147422, 39.26872745414525], [-96.84960220957294, 39.269402745402914], [-96.84965341354413, 39.269742127223715], [-96.8496552101747, 39.269902776651804], [-96.84545738285144, 39.26988399946493], [-96.84530017767668, 39.26988956307636], [-96.84520675288711, 39.269894431236025], [-96.84447372761517, 39.269890258527774], [-96.84327537502598, 39.269894431236025], [-96.84249563735928, 39.26989304033331], [-96.84129009824781, 39.26989790849272], [-96.84071787141175, 39.26990208120052], [-96.8405957005331, 39.26991738112699], [-96.84036303687446, 39.26993059469719], [-96.84011869511716, 39.26993198559914], [-96.83993813374502, 39.269929899246165], [-96.83966235095276, 39.26991251296892], [-96.8393057197849, 39.269877740401526], [-96.83891674926686, 39.26984227236498], [-96.83869845865277, 39.269829058778136], [-96.83709855913152, 39.26982627697008], [-96.83658741773479, 39.26982279970982], [-96.8344152913775, 39.269809586119315], [-96.8339930831939, 39.26982279970982], [-96.83351517946267, 39.26983184058609], [-96.83291779979865, 39.269834622393944], [-96.83249020172335, 39.269837404201674], [-96.83112386417602, 39.26981793154519], [-96.83112655912187, 39.268548719942686], [-96.83112925406772, 39.26640735138554], [-96.83113105069827, 39.26612985193802], [-96.83112655912187, 39.26489187109373], [-96.83113644059002, 39.260005806283175], [-96.83115081363455, 39.25735988612606], [-96.83114632205813, 39.255381640832056], [-96.8311373389053, 39.25201835660485], [-96.83114093216642, 39.24897004527372], [-96.83113823722056, 39.24795437582986], [-96.83129544239532, 39.247956462836925], [-96.83185329618682, 39.24794533213173]]]}}, {"type": "Feature", "properties": {"FID": 41, "AREA_ID": "88", "ACRES": 642.547, "area_name": "88", "area_type": null, "area_syskey": 41}, "geometry": {"type": "Polygon", "coordinates": [[[-96.81253951757556, 39.218719054830956], [-96.8135761734136, 39.21873158209092], [-96.81604923539112, 39.21875176489394], [-96.81825459941393, 39.21876916385739], [-96.82057943936957, 39.21878517089996], [-96.82207782926368, 39.21880187389701], [-96.82588219449246, 39.218839455625826], [-96.82840646044119, 39.21886451010055], [-96.82979705250118, 39.218879125206655], [-96.83064326549895, 39.21888956456633], [-96.83120201760575, 39.21889165243804], [-96.8312047125516, 39.21945398363389], [-96.83121279738916, 39.22145620801508], [-96.83121279738916, 39.22339852683489], [-96.83120740749744, 39.22479312174563], [-96.83120740749744, 39.22927874162169], [-96.83119303445291, 39.233405731855356], [-96.83118405130007, 39.233405731855356], [-96.83063607897667, 39.233428693691565], [-96.82795370953792, 39.233397382094864], [-96.82775158859896, 39.233399469535094], [-96.82749556874296, 39.233400861161854], [-96.82727188823719, 39.2333939030277], [-96.82705898751482, 39.23339111977384], [-96.82684518847717, 39.233386249079345], [-96.8266376776465, 39.233382074198055], [-96.82648765899404, 39.23338068257091], [-96.82632057235116, 39.2333730286211], [-96.82615168907773, 39.23336259141546], [-96.82577349834307, 39.23335285002214], [-96.82376037379106, 39.23335076258054], [-96.82271832806134, 39.23332780071882], [-96.82162777330628, 39.23332780071882], [-96.82124239604933, 39.2333298881611], [-96.82108429255932, 39.23331666769225], [-96.8209702065182, 39.233282572787395], [-96.82088217162035, 39.23327004812429], [-96.82076089905698, 39.23326656905081], [-96.82064321975473, 39.233276310456134], [-96.82049679436341, 39.233294401633806], [-96.82039528473628, 39.233304838849584], [-96.82022370651701, 39.23330762210685], [-96.8199829580208, 39.233302751406555], [-96.819082846106, 39.23330135977783], [-96.81770752540584, 39.23328396441647], [-96.81611032083043, 39.233267264865546], [-96.81531171854274, 39.233251956940336], [-96.81471254224816, 39.2332526527552], [-96.81396424561638, 39.23323595319679], [-96.81359054645813, 39.23322342852539], [-96.81333811986326, 39.233220645264765], [-96.81276858797305, 39.233220645264765], [-96.81250358496419, 39.23322551597078], [-96.81250807654062, 39.2326452037613], [-96.81250987317118, 39.232095503117506], [-96.81251346643232, 39.23109141854663], [-96.81251346643232, 39.23090215082277], [-96.81251795800874, 39.23060363561787], [-96.81252873779215, 39.229881348819845], [-96.81254580578258, 39.229475668099745], [-96.81255658556596, 39.22921820227533], [-96.81258263670922, 39.22854739498826], [-96.81258173839394, 39.228320543770224], [-96.81256646703409, 39.22786196805644], [-96.81255029735898, 39.227377642046044], [-96.81252783947687, 39.22683277128926], [-96.81251077148647, 39.22604851182893], [-96.81251705969346, 39.225128544132396], [-96.81251795800874, 39.22508887808308], [-96.81252783947687, 39.22348760358572], [-96.8125323310533, 39.222621188204116], [-96.8125269411616, 39.22120358431217], [-96.81252244958516, 39.21997733733367], [-96.81252424621574, 39.21993488458586], [-96.81253412768386, 39.21972331641082], [-96.81253592431443, 39.21934959080681], [-96.81253951757556, 39.218719054830956]]]}}, {"type": "Feature", "properties": {"FID": 42, "AREA_ID": "93", "ACRES": 624.943, "area_name": "93", "area_type": null, "area_syskey": 42}, "geometry": {"type": "Polygon", "coordinates": [[[-96.82287104165965, 39.247824981269005], [-96.82072766139146, 39.247498711128266], [-96.81901906572082, 39.24723783305805], [-96.81722692672876, 39.24697973673228], [-96.81613727028896, 39.24682529588908], [-96.81420050253612, 39.24654424050904], [-96.8129311830395, 39.24634875330579], [-96.81239668544538, 39.24627083654622], [-96.81237063430213, 39.24626666243165], [-96.81237332924798, 39.24556192919486], [-96.81238051577026, 39.24440011264425], [-96.8124128551205, 39.24321114392664], [-96.81241824501218, 39.2426434373014], [-96.81243082142618, 39.24154279690723], [-96.8124577708847, 39.24019584559375], [-96.81247034729869, 39.2395035749137], [-96.8124748388751, 39.23868258173486], [-96.8124748388751, 39.23868188597384], [-96.8124748388751, 39.23803412948381], [-96.81248292371266, 39.23685201065552], [-96.81248651697379, 39.2360518600626], [-96.8124919068655, 39.235127848720225], [-96.81249999170306, 39.23436594768422], [-96.81250807654062, 39.23373902565011], [-96.81250358496419, 39.23322551597078], [-96.81276858797305, 39.233220645264765], [-96.81333811986326, 39.233220645264765], [-96.81359054645813, 39.23322342852539], [-96.81396424561638, 39.23323595319679], [-96.81471254224816, 39.2332526527552], [-96.81531171854274, 39.233251956940336], [-96.81611032083043, 39.233267264865546], [-96.81770752540584, 39.23328396441647], [-96.819082846106, 39.23330135977783], [-96.8199829580208, 39.233302751406555], [-96.82022370651701, 39.23330762210685], [-96.82039528473628, 39.233304838849584], [-96.82049679436341, 39.233294401633806], [-96.82064321975473, 39.233276310456134], [-96.82076089905698, 39.23326656905081], [-96.82088217162035, 39.23327004812429], [-96.8209702065182, 39.233282572787395], [-96.82108429255932, 39.23331666769225], [-96.82124239604933, 39.2333298881611], [-96.82162777330628, 39.23332780071882], [-96.82271832806134, 39.23332780071882], [-96.82376037379106, 39.23335076258054], [-96.82577349834307, 39.23335285002214], [-96.82615168907773, 39.23336259141546], [-96.82632057235116, 39.2333730286211], [-96.82648765899404, 39.23338068257091], [-96.8266376776465, 39.233382074198055], [-96.82684518847717, 39.233386249079345], [-96.82705898751482, 39.23339111977384], [-96.82727188823719, 39.2333939030277], [-96.82749556874296, 39.233400861161854], [-96.82775158859896, 39.233399469535094], [-96.82795370953792, 39.233397382094864], [-96.83063607897667, 39.233428693691565], [-96.83118405130007, 39.233405731855356], [-96.83119303445291, 39.233405731855356], [-96.83117955972364, 39.23666136690757], [-96.83118494961535, 39.23719155006239], [-96.83117776309307, 39.23765493520787], [-96.8311580001568, 39.24057502613588], [-96.8311535085804, 39.242895288111484], [-96.83114093216642, 39.243865809710464], [-96.8311373389053, 39.24538591870286], [-96.83114183048171, 39.246495542680165], [-96.83113913553584, 39.24731783576942], [-96.83113644059002, 39.24783472065287], [-96.83113823722056, 39.24795437582986], [-96.83112925406772, 39.2479550714989], [-96.83090557356194, 39.24796898487818], [-96.83082652181695, 39.24796759354036], [-96.83061362109456, 39.24793489709402], [-96.83021207416252, 39.247916809691624], [-96.82989137560602, 39.2479049833106], [-96.82950330340324, 39.24789802661494], [-96.82828069630139, 39.247895243936505], [-96.82443950014596, 39.24789246125795], [-96.8235986770399, 39.24788967857928], [-96.82339296283982, 39.247884113221595], [-96.82317287559518, 39.24786602580612], [-96.82287104165965, 39.247824981269005]]]}}, {"type": "Feature", "properties": {"FID": 43, "AREA_ID": "84", "ACRES": 819.636, "area_name": "84", "area_type": null, "area_syskey": 43}, "geometry": {"type": "Polygon", "coordinates": [[[-96.83266088162736, 39.28809759187386], [-96.83110679618562, 39.28806143778968], [-96.8311085928162, 39.28721320199766], [-96.83111128776203, 39.28646716317431], [-96.83113913553584, 39.27720532992661], [-96.83112386417602, 39.26981793154519], [-96.83249020172335, 39.269837404201674], [-96.83291779979865, 39.269834622393944], [-96.83351517946267, 39.26983184058609], [-96.8339930831939, 39.26982279970982], [-96.8344152913775, 39.269809586119315], [-96.83658741773479, 39.26982279970982], [-96.83709855913152, 39.26982627697008], [-96.83869845865277, 39.269829058778136], [-96.83891674926686, 39.26984227236498], [-96.8393057197849, 39.269877740401526], [-96.83966235095276, 39.26991251296892], [-96.83993813374502, 39.269929899246165], [-96.84011869511716, 39.26993198559914], [-96.84036303687446, 39.26993059469719], [-96.8405957005331, 39.26991738112699], [-96.84071787141175, 39.26990208120052], [-96.84129009824781, 39.26989790849272], [-96.84249563735928, 39.26989304033331], [-96.84327537502598, 39.269894431236025], [-96.84447372761517, 39.269890258527774], [-96.84520675288711, 39.269894431236025], [-96.84530017767668, 39.26988956307636], [-96.84545738285144, 39.26988399946493], [-96.8496552101747, 39.269902776651804], [-96.84966598995811, 39.27014409782784], [-96.8496956343625, 39.27039237263732], [-96.8497118040376, 39.2707254906777], [-96.84970282088476, 39.27121577635347], [-96.8496767697415, 39.27161008872723], [-96.84962466745505, 39.27192651063231], [-96.84961478598693, 39.27204473383459], [-96.84962646408559, 39.272167824839116], [-96.84964712533714, 39.272446691230336], [-96.84963634555372, 39.27270399838741], [-96.84962556577032, 39.27303223749739], [-96.84962915903145, 39.27331735920514], [-96.84968575289436, 39.2736435091994], [-96.84970192256948, 39.273971743908234], [-96.84970012593892, 39.27463655356489], [-96.84974414338784, 39.27492027794138], [-96.84982319513284, 39.27527006401044], [-96.84989865361672, 39.27557464767406], [-96.84994267106568, 39.27577422574927], [-96.84997141715476, 39.275975889429], [-96.84997231547004, 39.276108708983784], [-96.8499291963364, 39.27630828553769], [-96.84987439910405, 39.27647448300064], [-96.84980792377303, 39.276699787718385], [-96.8497639063241, 39.27689936258853], [-96.84972617708215, 39.27709754613042], [-96.8497396518114, 39.27734857781203], [-96.84980163556604, 39.2776156022146], [-96.84989955193201, 39.27783881714513], [-96.85008460488058, 39.278141303532905], [-96.85014299537403, 39.27826438382718], [-96.85017533472427, 39.27834504650164], [-96.8502013858675, 39.27843613958266], [-96.85022474206491, 39.278580775681725], [-96.85026157299158, 39.27939295746066], [-96.85029121739595, 39.280017385336606], [-96.85022474206491, 39.28026701585882], [-96.85022474206491, 39.28044711086425], [-96.85018970776882, 39.280847629370875], [-96.85019869092167, 39.2812613570209], [-96.85017802967013, 39.28172862295788], [-96.850161859995, 39.282114532207395], [-96.85012053749193, 39.28241630480587], [-96.85011424928494, 39.282577620500376], [-96.8500998762404, 39.282690263135734], [-96.85003879080108, 39.28285157819929], [-96.84989685698616, 39.283132488026695], [-96.84985014459139, 39.28323609062423], [-96.84979355072848, 39.283391841891856], [-96.84974414338784, 39.28351908485793], [-96.84971629561403, 39.283641460388665], [-96.84969743099306, 39.283951570151196], [-96.84969204110135, 39.28421648345729], [-96.84969653267778, 39.284446630424306], [-96.84970012593892, 39.284615589800865], [-96.84971539729875, 39.285160706985955], [-96.84974504170313, 39.28592205615756], [-96.84977648273808, 39.286272482583946], [-96.84979175409791, 39.28657076083929], [-96.84978726252147, 39.28705398282264], [-96.84978546589092, 39.28742178552205], [-96.8497800759992, 39.287691552625574], [-96.84976749958523, 39.287917516538826], [-96.84981151703415, 39.288755314838845], [-96.84971629561403, 39.28887281437992], [-96.84957076853797, 39.28880467857539], [-96.84947195385672, 39.28876296274397], [-96.84941086841738, 39.28874140955467], [-96.84936774928374, 39.288725418474456], [-96.84923479862167, 39.28868926471439], [-96.84913778057097, 39.28866701623741], [-96.84908118670808, 39.28865519673115], [-96.84906681366353, 39.28865241567055], [-96.84901471137704, 39.28864268195761], [-96.84895093099185, 39.28863364350867], [-96.84885481125644, 39.28862530032401], [-96.84865987683975, 39.28861209027957], [-96.84150299897018, 39.288365965838146], [-96.83928955010981, 39.28828740050948], [-96.83799687441578, 39.28824637963913], [-96.83573401821477, 39.28816642363632], [-96.83266088162736, 39.28809759187386]]]}}, {"type": "Feature", "properties": {"FID": 44, "AREA_ID": "68", "ACRES": 575.118, "area_name": "68", "area_type": null, "area_syskey": 44}, "geometry": {"type": "Polygon", "coordinates": [[[-96.84985194122193, 39.23363117501296], [-96.84985194122193, 39.233624216901646], [-96.84986182269007, 39.23277880124197], [-96.84986361932064, 39.23226737200937], [-96.84986002605952, 39.231767072323436], [-96.84985194122193, 39.22970529898406], [-96.84985104290668, 39.229249515736875], [-96.84985373785251, 39.22817232463357], [-96.84985733111367, 39.227852921767905], [-96.8498654159512, 39.22724333840816], [-96.84988248394161, 39.22527676969718], [-96.84989146709445, 39.22371168678714], [-96.84989056877917, 39.22290651493251], [-96.84989056877917, 39.222599614672625], [-96.84989416204031, 39.22228923345327], [-96.84990314519315, 39.22152649709307], [-96.849905840139, 39.22117087539159], [-96.84990943340013, 39.22063221991178], [-96.849912128346, 39.22025293159669], [-96.84991392497656, 39.21982910057803], [-96.84991931486826, 39.21957855887103], [-96.84992380644469, 39.21938856414707], [-96.84991751823769, 39.21910670289508], [-96.84991751823769, 39.219011356980864], [-96.85202855915567, 39.219032931615146], [-96.8529169929718, 39.21903780330581], [-96.85356377997645, 39.219046154774794], [-96.85452677396115, 39.21905798602079], [-96.85633059105193, 39.21908791210472], [-96.8588171277587, 39.21911853413091], [-96.86168724509186, 39.21914289255127], [-96.86423217229213, 39.21916725096319], [-96.86612402428077, 39.21918047409754], [-96.86611953270433, 39.21925563712974], [-96.86610605797506, 39.219746282723825], [-96.8660988714528, 39.22008172922727], [-96.86607731188597, 39.220714340781676], [-96.86606293884144, 39.22110615344003], [-96.86601263318549, 39.22177355220479], [-96.86602161633833, 39.222140305654506], [-96.86602161633833, 39.22221894513902], [-96.86602970117592, 39.22229619268846], [-96.86600993823967, 39.22237483199835], [-96.86599287024924, 39.22244859976647], [-96.8659560393226, 39.222691476115585], [-96.86595514100732, 39.22279516805452], [-96.86596592079073, 39.22290303534523], [-96.8659955651951, 39.2231382550559], [-96.86602341296891, 39.22330040309571], [-96.86603598938291, 39.223495954525305], [-96.86606563378729, 39.2238522603558], [-96.86608090514711, 39.224358183691315], [-96.86608539672355, 39.22466925166225], [-96.86606204052613, 39.22496431262462], [-96.86605036242744, 39.22535123030882], [-96.86604497253575, 39.22561706100678], [-96.86606293884144, 39.22577572387551], [-96.86616085520741, 39.2261904724873], [-96.86620487265634, 39.22638601586518], [-96.86632165364328, 39.226916276660546], [-96.86642675653155, 39.227360941089515], [-96.86644382452194, 39.22760727979524], [-96.86645190935951, 39.228401959782545], [-96.86646448577348, 39.22946035934739], [-96.86647077398048, 39.229605096508756], [-96.86649502849315, 39.22976862130785], [-96.86655072404076, 39.22998920522041], [-96.86659743643555, 39.23020422167924], [-96.86661540274125, 39.23028841888327], [-96.8666459454609, 39.23038374947997], [-96.86666750502773, 39.23045681298827], [-96.8666917595404, 39.23053544315514], [-96.86672948878234, 39.230631469257105], [-96.86682021862603, 39.2308089084476], [-96.86690555857804, 39.2309647762291], [-96.86704300081655, 39.231207623109455], [-96.86708162837377, 39.23129112327531], [-96.86711486603929, 39.231394802509634], [-96.86716247674934, 39.231516573226834], [-96.86719122283844, 39.23163416874743], [-96.86724781670134, 39.231862400911425], [-96.86729093583499, 39.232059320139264], [-96.86733136002279, 39.23233486696513], [-96.86736639431886, 39.23254500548385], [-96.86739154714682, 39.23267303659074], [-96.86742029323592, 39.232782976159136], [-96.8674894635128, 39.23299589660558], [-96.86759995629276, 39.23323316993667], [-96.86765295689456, 39.2334133858016], [-96.86769787265877, 39.23357133523309], [-96.86772033054086, 39.23364161217864], [-96.86773739853126, 39.23377659938153], [-96.86775266989109, 39.23388097075216], [-96.86606024389557, 39.23386635876962], [-96.84985194122193, 39.23363117501296], [-96.84985194122193, 39.23363117501296]]]}}, {"type": "Feature", "properties": {"FID": 45, "AREA_ID": "67", "ACRES": 1188.04, "area_name": "67", "area_type": null, "area_syskey": 45}, "geometry": {"type": "Polygon", "coordinates": [[[-96.90094721627449, 39.21938786819476], [-96.90166946176303, 39.21938647629012], [-96.90204944912827, 39.21938856414707], [-96.9026171843879, 39.21938090867123], [-96.90280313565174, 39.219383692480726], [-96.90308700328158, 39.21939691557432], [-96.90333134503888, 39.21941918604212], [-96.90344812602582, 39.21943658484015], [-96.90358017837261, 39.21945815934375], [-96.90379936730197, 39.21950061237984], [-96.90407065851782, 39.21956672771276], [-96.90433655984197, 39.2196460660301], [-96.90458539317568, 39.21974001918464], [-96.90485668439153, 39.219853458751864], [-96.90523757007205, 39.22004971572973], [-96.90555737031326, 39.22021187090386], [-96.90556815009664, 39.22036985004809], [-96.90556904841192, 39.220600902605575], [-96.9055663534661, 39.221030296453094], [-96.90557803156477, 39.22178120741972], [-96.90558611640235, 39.22356345791722], [-96.90558791303289, 39.22391280433081], [-96.90559330292461, 39.22411113767631], [-96.90558791303289, 39.22422596198863], [-96.90557353998835, 39.22430738275081], [-96.90556365852024, 39.22478268326389], [-96.90556186188967, 39.22536166870598], [-96.90558252314119, 39.226280241578955], [-96.90557982819534, 39.22635957230856], [-96.90557533661894, 39.22642150588602], [-96.9055663534661, 39.2264604753], [-96.90555287873683, 39.2264973570469], [-96.90553221748527, 39.226530759366945], [-96.90551604781015, 39.22654606875833], [-96.90549089498222, 39.22657181636359], [-96.90543699606515, 39.22659825984024], [-96.90538669040924, 39.226608002171226], [-96.90532380833933, 39.22661635273955], [-96.90525553637772, 39.226621223903976], [-96.90519445093841, 39.22661983214276], [-96.90511629750867, 39.2266184403815], [-96.90468151291111, 39.226605914528996], [-96.90457641002284, 39.22660313100591], [-96.90410209955277, 39.22659895572107], [-96.90339692205464, 39.22660173924431], [-96.90305915550775, 39.22660173924431], [-96.90176647981374, 39.226603826886695], [-96.90133888173841, 39.22660452276748], [-96.899773118198, 39.22661148157482], [-96.8985244599529, 39.22661565685892], [-96.89764141602848, 39.22660939393269], [-96.89737012481264, 39.22660730629049], [-96.89720932637675, 39.22660521864821], [-96.89709883359679, 39.22661217745553], [-96.8970081037531, 39.22662331154577], [-96.89690210254955, 39.226645579720945], [-96.89681855922811, 39.22667480669015], [-96.89672423612326, 39.22672073476002], [-96.89665506584637, 39.22676457516233], [-96.89657331915551, 39.22682998777518], [-96.89651672529261, 39.226882178645944], [-96.89645833479912, 39.22695176641326], [-96.89642330050305, 39.22700674070067], [-96.89639904599036, 39.227051972676996], [-96.89638377463052, 39.22707911184879], [-96.89636221506369, 39.22713408603644], [-96.89635053696503, 39.22717723030548], [-96.89633885886632, 39.22722385392119], [-96.8963289773982, 39.22728996197998], [-96.8963235875065, 39.227413131565456], [-96.89631460435365, 39.227915549895336], [-96.89631370603838, 39.22826835396909], [-96.89630741783137, 39.230191000621474], [-96.89630831614664, 39.231686356045515], [-96.89631101109251, 39.23189440902138], [-96.8963056212008, 39.232150473375675], [-96.89629573973268, 39.23229103004248], [-96.89628046837284, 39.23244480706336], [-96.89616728064703, 39.23296458481573], [-96.8960208552557, 39.233565072927604], [-96.89598492264433, 39.233675011098356], [-96.89595617655525, 39.23373345916966], [-96.89591395573687, 39.233796082049174], [-96.89586544671153, 39.23383922222252], [-96.89582502252375, 39.23386635876962], [-96.8957863949665, 39.2338865372209], [-96.89575046235515, 39.233899061773926], [-96.89570824153678, 39.23391576117453], [-96.89565344430446, 39.23392898153051], [-96.89559146054984, 39.23393872284385], [-96.8955303751105, 39.23394428930801], [-96.89542706885281, 39.23394915996378], [-96.89521506644574, 39.233953334811304], [-96.8949428769146, 39.233953334811304], [-96.89372655801974, 39.233944985115976], [-96.8931462463461, 39.23394289769201], [-96.8927653606656, 39.23394150607598], [-96.89133434441779, 39.23392480668151], [-96.8904854364742, 39.2339164569828], [-96.88963922347644, 39.233911586324744], [-96.8877419815961, 39.233892103689186], [-96.88761172587988, 39.233891407880684], [-96.88697661697393, 39.233892103689186], [-96.86775266989109, 39.23388097075216], [-96.86773739853126, 39.23377659938153], [-96.86772033054086, 39.23364161217864], [-96.86769787265877, 39.23357133523309], [-96.86765295689456, 39.2334133858016], [-96.86759995629276, 39.23323316993667], [-96.8674894635128, 39.23299589660558], [-96.86742029323592, 39.232782976159136], [-96.86739154714682, 39.23267303659074], [-96.86736639431886, 39.23254500548385], [-96.86733136002279, 39.23233486696513], [-96.86729093583499, 39.232059320139264], [-96.86724781670134, 39.231862400911425], [-96.86719122283844, 39.23163416874743], [-96.86716247674934, 39.231516573226834], [-96.86711486603929, 39.231394802509634], [-96.86708162837377, 39.23129112327531], [-96.86704300081655, 39.231207623109455], [-96.86690555857804, 39.2309647762291], [-96.86682021862603, 39.2308089084476], [-96.86672948878234, 39.230631469257105], [-96.8666917595404, 39.23053544315514], [-96.86666750502773, 39.23045681298827], [-96.8666459454609, 39.23038374947997], [-96.86661540274125, 39.23028841888327], [-96.86659743643555, 39.23020422167924], [-96.86655072404076, 39.22998920522041], [-96.86649502849315, 39.22976862130785], [-96.86647077398048, 39.229605096508756], [-96.86646448577348, 39.22946035934739], [-96.86645190935951, 39.228401959782545], [-96.86644382452194, 39.22760727979524], [-96.86642675653155, 39.227360941089515], [-96.86632165364328, 39.226916276660546], [-96.86620487265634, 39.22638601586518], [-96.86616085520741, 39.2261904724873], [-96.86606293884144, 39.22577572387551], [-96.86604497253575, 39.22561706100678], [-96.86605036242744, 39.22535123030882], [-96.86606204052613, 39.22496431262462], [-96.86608539672355, 39.22466925166225], [-96.86608090514711, 39.224358183691315], [-96.86606563378729, 39.2238522603558], [-96.86603598938291, 39.223495954525305], [-96.86602341296891, 39.22330040309571], [-96.8659955651951, 39.2231382550559], [-96.86596592079073, 39.22290303534523], [-96.86595514100732, 39.22279516805452], [-96.8659560393226, 39.222691476115585], [-96.86599287024924, 39.22244859976647], [-96.86600993823967, 39.22237483199835], [-96.86602970117592, 39.22229619268846], [-96.86602161633833, 39.22221894513902], [-96.86602161633833, 39.222140305654506], [-96.86601263318549, 39.22177355220479], [-96.86606293884144, 39.22110615344003], [-96.86607731188597, 39.220714340781676], [-96.8660988714528, 39.22008172922727], [-96.86610605797506, 39.219746282723825], [-96.86611953270433, 39.21925563712974], [-96.86612402428077, 39.21918047409754], [-96.86723074871097, 39.21919787295474], [-96.86853689913423, 39.219213879899556], [-96.87165495148585, 39.2192354544716], [-96.87441188109318, 39.219250069500475], [-96.876971181338, 39.219261204758546], [-96.87840668916225, 39.21927721168893], [-96.87970295811739, 39.21929182670913], [-96.88150318194702, 39.219312009351064], [-96.88340491540377, 39.21934263127952], [-96.88435892623562, 39.2193502867595], [-96.88597140217087, 39.219372557242096], [-96.88726677281073, 39.21938160462362], [-96.8902518745003, 39.21939134795628], [-96.89208174273429, 39.21938856414707], [-96.89298005801852, 39.21938856414707], [-96.8949437752299, 39.21939830747876], [-96.89722998762831, 39.21938508438545], [-96.89890354900284, 39.219389260099376], [-96.8996410658512, 39.21938578033778], [-96.90094721627449, 39.21938786819476]]]}}, {"type": "Feature", "properties": {"FID": 46, "AREA_ID": "95", "ACRES": 1384.52, "area_name": "95", "area_type": null, "area_syskey": 46}, "geometry": {"type": "Polygon", "coordinates": [[[-96.81239129555367, 39.26846943692087], [-96.81237602419384, 39.268079279691044], [-96.81235895620344, 39.267306608962926], [-96.81234548147417, 39.26656661748946], [-96.81233470169076, 39.26593928777132], [-96.81232392190734, 39.265175634926784], [-96.81232212527678, 39.26501010616377], [-96.81231404043922, 39.26479936939987], [-96.8122987690794, 39.2646887845079], [-96.81227810782785, 39.26460393308883], [-96.81227361625145, 39.26458376347409], [-96.81220893755096, 39.26445161757888], [-96.81211910602255, 39.264345900683324], [-96.81206969868191, 39.26429026014792], [-96.81199513851331, 39.26423114203069], [-96.81191518845301, 39.26417271937171], [-96.81180379735777, 39.264110123611616], [-96.8116142528328, 39.26401205680843], [-96.81152531961963, 39.26396684866143], [-96.81129085933046, 39.26385278489951], [-96.81024432202432, 39.26334714635369], [-96.8082841980741, 39.26242279906053], [-96.80681724921493, 39.26175370033726], [-96.80643546521912, 39.261579121553254], [-96.80570962646946, 39.26123970020284], [-96.80550750553051, 39.261133978462944], [-96.80539521611999, 39.261066511216654], [-96.80535748687804, 39.261031038720894], [-96.8052568755662, 39.2609350542306], [-96.8051939934963, 39.260845329479544], [-96.80513111142642, 39.260706916653845], [-96.80510506028315, 39.260624147044574], [-96.80508978892334, 39.26056502583526], [-96.80507092430234, 39.26048782041626], [-96.80503948326741, 39.260373750992926], [-96.80502241527701, 39.260288198803615], [-96.80499995739491, 39.260152567070016], [-96.80498827929621, 39.26002110837008], [-96.80499097424207, 39.25993972905134], [-96.8049954658185, 39.25988130281551], [-96.80500444897133, 39.259801314437524], [-96.80502870348401, 39.25970811047325], [-96.80505924620365, 39.259605864190796], [-96.80509607713032, 39.25950153109578], [-96.80530358796096, 39.258959692058525], [-96.80536108013916, 39.258797626423735], [-96.80556050613227, 39.258239088339685], [-96.8056781854345, 39.25791564893394], [-96.80577610180049, 39.25760264163664], [-96.80586862827477, 39.257336932123124], [-96.80612105486964, 39.25658848839434], [-96.80623963248718, 39.25620243855202], [-96.80631778591689, 39.255892205967115], [-96.80634114211428, 39.255685615345335], [-96.80636898988809, 39.25543311486979], [-96.80639683766191, 39.254626915804714], [-96.80641390565229, 39.25425198486758], [-96.80643277027328, 39.25408503909275], [-96.80644893994838, 39.2539389612137], [-96.80647409277636, 39.25381166452811], [-96.80651451696414, 39.253659325567774], [-96.80656482262006, 39.2535494187151], [-96.80662411142882, 39.253440207304756], [-96.80671214632667, 39.25331986587214], [-96.80683431720533, 39.2532134365718], [-96.80713525282555, 39.25302840224018], [-96.80777485330793, 39.25265624524501], [-96.80824736714746, 39.25236060510274], [-96.80835696161212, 39.252291738161226], [-96.8084378099877, 39.25223887056422], [-96.8085123701563, 39.252188785435585], [-96.80856537075806, 39.252149134683364], [-96.80862376125155, 39.25210391888596], [-96.80873155908564, 39.25201000905965], [-96.80880611925424, 39.2519453155506], [-96.80885822154075, 39.25189940399184], [-96.80889595078268, 39.251861839966864], [-96.80894176486217, 39.251816623984176], [-96.80898668062638, 39.25177140797235], [-96.80902171492247, 39.25172827882619], [-96.8091052582439, 39.251629499068905], [-96.80917981841249, 39.25153141480606], [-96.80921305607802, 39.25148689424432], [-96.80941158375585, 39.25119472735646], [-96.80965682382843, 39.25082047370748], [-96.80975204524856, 39.25067578031151], [-96.80987780938835, 39.250492130571274], [-96.80999189542945, 39.250347436497826], [-96.81010059157883, 39.25021456811933], [-96.81019042310727, 39.25011509058217], [-96.81025779675358, 39.25005109097317], [-96.81036110301126, 39.2499592653452], [-96.81043117160345, 39.24990152644176], [-96.81048327388991, 39.24985909179572], [-96.8114256066231, 39.249121698764135], [-96.81185679795954, 39.24876760822267], [-96.81194752780324, 39.24869108547386], [-96.81202927449414, 39.24860482336602], [-96.81213258075182, 39.24849073460878], [-96.812183784723, 39.248426037853015], [-96.81222331059551, 39.24836621069239], [-96.81227181962088, 39.24827925251911], [-96.81232122696149, 39.24817420690201], [-96.8123427865283, 39.2480955965028], [-96.81235176968114, 39.2480267253727], [-96.81236793935628, 39.247788110732166], [-96.81236524441042, 39.247582887578524], [-96.81236075283398, 39.24733174927513], [-96.81237063430213, 39.246277793403294], [-96.81237063430213, 39.24626666243165], [-96.81239668544538, 39.24627083654622], [-96.8129311830395, 39.24634875330579], [-96.81420050253612, 39.24654424050904], [-96.81613727028896, 39.24682529588908], [-96.81722692672876, 39.24697973673228], [-96.81901906572082, 39.24723783305805], [-96.82072766139146, 39.247498711128266], [-96.82287104165965, 39.247824981269005], [-96.82317287559518, 39.24786602580612], [-96.82339296283982, 39.247884113221595], [-96.8235986770399, 39.24788967857928], [-96.82443950014596, 39.24789246125795], [-96.82828069630139, 39.247895243936505], [-96.82950330340324, 39.24789802661494], [-96.82989137560602, 39.2479049833106], [-96.83021207416252, 39.247916809691624], [-96.83061362109456, 39.24793489709402], [-96.83082652181695, 39.24796759354036], [-96.83090557356194, 39.24796898487818], [-96.83112925406772, 39.2479550714989], [-96.83113823722056, 39.24795437582986], [-96.83114093216642, 39.24897004527372], [-96.8311373389053, 39.25201835660485], [-96.83114632205813, 39.255381640832056], [-96.83115081363455, 39.25735988612606], [-96.83113644059002, 39.260005806283175], [-96.83112655912187, 39.26489187109373], [-96.83113105069827, 39.26612985193802], [-96.83112925406772, 39.26640735138554], [-96.83112655912187, 39.268548719942686], [-96.83112386417602, 39.26981793154519], [-96.83113913553584, 39.27720532992661], [-96.831130152383, 39.27720532992661], [-96.830874132527, 39.27720672068422], [-96.83061990930157, 39.27720880682052], [-96.83034053324816, 39.27720324379021], [-96.83007822518515, 39.27716847484078], [-96.82974944179112, 39.277122579801095], [-96.82900833168162, 39.2770127097355], [-96.82616875706813, 39.27657461852019], [-96.82613462108733, 39.276569750824635], [-96.82446285634336, 39.276320802515116], [-96.82249464755556, 39.27601761287647], [-96.82131965116378, 39.27583611569894], [-96.82062345681848, 39.27573389294368], [-96.82030724983845, 39.275685215388755], [-96.82011411205232, 39.275656008839576], [-96.81976556572202, 39.275598986494174], [-96.81962812348354, 39.27557603846401], [-96.81926430579342, 39.27550997591099], [-96.81907386295316, 39.275475206121264], [-96.81888521674347, 39.275438350125256], [-96.81868040085865, 39.27539523553932], [-96.81856721313284, 39.27536811506036], [-96.81846839845159, 39.27534029917363], [-96.81843426247079, 39.275328477418405], [-96.818387550076, 39.275313874070996], [-96.81831748148385, 39.27528397196914], [-96.81821956511784, 39.27522973091461], [-96.81812434369772, 39.27516297263602], [-96.81803810543042, 39.27508578329709], [-96.81797342672996, 39.27500998467429], [-96.8178916800391, 39.274905674508865], [-96.8178449676443, 39.27483961132378], [-96.81778118725913, 39.274735300904716], [-96.81773537317964, 39.274653243265924], [-96.81768686415428, 39.27455171418997], [-96.81746587859436, 39.27404893447444], [-96.81737425043538, 39.273827098293836], [-96.81727813069995, 39.27357953106862], [-96.81714338340733, 39.27316367179461], [-96.81704097546492, 39.272728338204715], [-96.81699426307014, 39.27253014230372], [-96.81673195500716, 39.27132426463522], [-96.81665739483856, 39.27096333181691], [-96.81658463130051, 39.27065107822567], [-96.81654780037387, 39.27054119801182], [-96.81654151216688, 39.27052450733136], [-96.81651905428477, 39.27046748080976], [-96.8164777317817, 39.27039028629805], [-96.81641754465765, 39.27030196454523], [-96.81632232323751, 39.27019138833557], [-96.81624866138421, 39.270115584418065], [-96.81616691469335, 39.27004603946748], [-96.81608067642607, 39.26997510354683], [-96.8159701836461, 39.26990069029793], [-96.81582555488534, 39.26980819521492], [-96.81571057052894, 39.2697462999408], [-96.81558839965028, 39.2696878818791], [-96.81544736415067, 39.269624595590656], [-96.81527758256196, 39.269558527426355], [-96.81507097004658, 39.269493154655116], [-96.81486256090062, 39.26943125910273], [-96.81439364032225, 39.26929703597548], [-96.81393999110371, 39.26917602630362], [-96.81318001637324, 39.268961824762904], [-96.812629349104, 39.26879630494214], [-96.81257994176336, 39.26877196375906], [-96.81239309218425, 39.268734408774286], [-96.81239129555367, 39.26846943692087]]]}}, {"type": "Feature", "properties": {"FID": 47, "AREA_ID": "27", "ACRES": 560.76, "area_name": "27", "area_type": null, "area_syskey": 47}, "geometry": {"type": "Polygon", "coordinates": [[[-96.71493756194238, 39.16655009237812], [-96.71484862872924, 39.16655218180558], [-96.71475161067856, 39.166543824095406], [-96.71466447409598, 39.16653198400434], [-96.71455847289245, 39.16650273200605], [-96.71441743739281, 39.16646721170607], [-96.71430155472116, 39.166435173773024], [-96.71417579058136, 39.16640592173451], [-96.71405451801797, 39.16638015207142], [-96.71392965219349, 39.166364829564564], [-96.71382724425108, 39.166349507054356], [-96.71363769972609, 39.16633557749677], [-96.71351013895573, 39.1663327915849], [-96.71339066302292, 39.16633418454084], [-96.71325681404558, 39.16634045284222], [-96.71273399455015, 39.166433084342124], [-96.71265763775098, 39.16643935263468], [-96.71258038263653, 39.16644422797299], [-96.7125022292068, 39.16644213854232], [-96.71240431284082, 39.16642820900306], [-96.71207732607735, 39.1663502035322], [-96.71193539226245, 39.16630911132968], [-96.7117620174126, 39.16624433882618], [-96.71141347108231, 39.16605628928446], [-96.71124818107002, 39.16596853265962], [-96.71116014617215, 39.16592883319809], [-96.71102360224893, 39.16582505730694], [-96.71097778816944, 39.165783268314236], [-96.71089065158688, 39.16572337071473], [-96.71058163112909, 39.16566347306421], [-96.71031752643555, 39.16564397149257], [-96.70969499394354, 39.165639792583654], [-96.70935812571196, 39.165641185553326], [-96.70924493798614, 39.16564815040123], [-96.70833584291847, 39.165580591347414], [-96.70792890609472, 39.16551233574258], [-96.70737374724905, 39.16530269311363], [-96.70725067805513, 39.16524488457114], [-96.70718150777822, 39.16520588119034], [-96.70710425266378, 39.16515085852709], [-96.70700992955894, 39.16508469197629], [-96.70696501379471, 39.16502966921824], [-96.70696231884888, 39.16497534290856], [-96.7069605222183, 39.16493076744363], [-96.70698028515456, 39.1648924603809], [-96.70704226890916, 39.16482559709413], [-96.70719049093107, 39.16463893674887], [-96.70721923702017, 39.16459087859474], [-96.70722552522714, 39.164551178355644], [-96.70723091511886, 39.16451008510216], [-96.70722732185773, 39.1644745637959], [-96.70719408419221, 39.16440143163825], [-96.70713928695986, 39.164319244932265], [-96.70705394700788, 39.164237058130254], [-96.70696411547944, 39.16416810472226], [-96.70669102763303, 39.16399885516158], [-96.70634517624859, 39.1637697059305], [-96.70618347949743, 39.163679160435855], [-96.70603076589911, 39.163594883370735], [-96.70569120272168, 39.163440259071336], [-96.70538128394861, 39.16331488776826], [-96.7050623820227, 39.163174193039836], [-96.70492673641476, 39.163095487450185], [-96.70468508960332, 39.16297917017861], [-96.70429432245466, 39.16273051524641], [-96.70409130320041, 39.162528525999015], [-96.70339061727871, 39.161636283797876], [-96.70300434170649, 39.161258766516525], [-96.70245816601367, 39.16105816610362], [-96.70206290728859, 39.16082691769566], [-96.70124364374936, 39.16082273850058], [-96.70124454206466, 39.160757960944956], [-96.70125352521751, 39.16041526578727], [-96.70124903364109, 39.16024043489102], [-96.70125172858693, 39.1600600312398], [-96.70125172858693, 39.15987893058408], [-96.70125442353277, 39.159722905029966], [-96.70125891510921, 39.15963096123779], [-96.70125622016334, 39.159519514055916], [-96.70126161005506, 39.15933841200881], [-96.70126520331618, 39.159158006044514], [-96.70126879657732, 39.15897690306683], [-96.70127688141488, 39.15879719272814], [-96.70128496625244, 39.158618875039124], [-96.70129305108999, 39.15843777067365], [-96.70130203424283, 39.15825805895783], [-96.70131191571097, 39.15807973990238], [-96.70132359380966, 39.15789724102611], [-96.70133706853893, 39.1577175279296], [-96.7013496449529, 39.157537814374066], [-96.70136850957387, 39.157358100359495], [-96.7013900691407, 39.15717768931725], [-96.70141073039225, 39.15700424351616], [-96.70143857816606, 39.15683985272371], [-96.70146642593987, 39.15664481230223], [-96.70149876529008, 39.15646579258237], [-96.70153200295562, 39.15628677240704], [-96.70156164736, 39.156111931251395], [-96.70159039344911, 39.155941269146616], [-96.70159219007965, 39.15593012385189], [-96.70159847828664, 39.15589320505054], [-96.7016236311146, 39.15575040573089], [-96.70165686878012, 39.15557138373542], [-96.70166495361768, 39.155497545736914], [-96.70167753003166, 39.15539096811184], [-96.70169010644564, 39.15529553572233], [-96.70169280139149, 39.15521124861376], [-96.70169639465261, 39.15512974775984], [-96.70169100476093, 39.15503083206674], [-96.70168022497752, 39.15493888214284], [-96.70165417383427, 39.154855987790256], [-96.70159578334079, 39.154704130655745], [-96.70152212148749, 39.15451256728924], [-96.70151673159579, 39.15450142176824], [-96.70145025626475, 39.154339114918415], [-96.70138378093372, 39.15416635871844], [-96.70137479778089, 39.154138494775516], [-96.70132898370137, 39.153985242892105], [-96.70130742413457, 39.15390234741608], [-96.70128945782888, 39.153803429997566], [-96.70126969489262, 39.15362788606745], [-96.70125532184805, 39.153450948488384], [-96.70125442353277, 39.15340915214491], [-96.70124903364109, 39.1532656511767], [-96.7012364572271, 39.152970985649794], [-96.70123466059653, 39.15285883130711], [-96.70123376228125, 39.15282121428256], [-96.70142240849094, 39.15282887701141], [-96.70203416119949, 39.152860921141226], [-96.70274203364349, 39.15289157203433], [-96.70357207696613, 39.152936155127726], [-96.7044919518172, 39.15298143480306], [-96.70541452161412, 39.15301487208308], [-96.70621132727123, 39.153037163594256], [-96.70668473942605, 39.15304691612818], [-96.70710245603321, 39.15304552290913], [-96.70733871295296, 39.153055275441886], [-96.70756059682817, 39.1530650279733], [-96.7076962424361, 39.15307687033106], [-96.70780853184662, 39.15308662285947], [-96.70801604267729, 39.15311170078349], [-96.70835291090887, 39.15316324982142], [-96.70857659141465, 39.153209922566475], [-96.70887573040432, 39.153267740998736], [-96.70902754568733, 39.15329560528646], [-96.70912905531446, 39.15331511028132], [-96.70949916121157, 39.15338477093307], [-96.70976326590515, 39.15342935371402], [-96.71048820633953, 39.15356101207414], [-96.71092927914411, 39.153641121537774], [-96.71123201139487, 39.153706602249024], [-96.7113119614552, 39.15372401732153], [-96.71133262270673, 39.15372889354105], [-96.71150599755657, 39.15376999309227], [-96.71167218588415, 39.15381318242529], [-96.71181681464492, 39.153850102318], [-96.71190574785808, 39.15387309016593], [-96.71210786879702, 39.1539176726375], [-96.71231987120409, 39.15396086187988], [-96.71248605953168, 39.15397967009007], [-96.71259385736579, 39.15398245649115], [-96.71268099394838, 39.15398384969165], [-96.71275735074754, 39.153978973489785], [-96.71279957156588, 39.15397479388792], [-96.71287592836505, 39.153965738083016], [-96.71299360766729, 39.153942750265344], [-96.71301786217997, 39.15393578425849], [-96.71315889767959, 39.15389886441074], [-96.71356403787279, 39.153798553783204], [-96.71364937782478, 39.15377556591093], [-96.71380568468425, 39.15373516296569], [-96.71389012632096, 39.153714264881465], [-96.71403565339702, 39.15367943472727], [-96.71429885977531, 39.15361883021791], [-96.71479293318164, 39.153518519191174], [-96.71489623943933, 39.15349065499169], [-96.7149600198245, 39.15347393646672], [-96.71512800478266, 39.153414028386265], [-96.71542355051118, 39.15329351546527], [-96.71576670694975, 39.15315907017111], [-96.71606674425469, 39.15303507376538], [-96.71627425508535, 39.15295287378048], [-96.71644403667408, 39.152881122867704], [-96.71655991934574, 39.15283305668134], [-96.71663358119906, 39.152800315926896], [-96.71668029359383, 39.15278011417721], [-96.71670364979121, 39.15277245144305], [-96.71677551501396, 39.152749463235565], [-96.71680336278779, 39.15273971066041], [-96.7169093639913, 39.152722295344276], [-96.71699380562802, 39.15272368856974], [-96.7171222647137, 39.15275851919697], [-96.71724174064649, 39.15282957362309], [-96.71733516543604, 39.152899931366505], [-96.71744925147713, 39.152979344972536], [-96.71755255773483, 39.153051095785166], [-96.71770437301787, 39.15312493635089], [-96.71787774786773, 39.15318066502842], [-96.7179136804791, 39.153191810758635], [-96.717970274342, 39.153200170055136], [-96.71816880201983, 39.1532273377619], [-96.71840505893958, 39.15325102242078], [-96.71860268830211, 39.15325241563577], [-96.71872036760433, 39.15324544956058], [-96.71889464076949, 39.15323430383887], [-96.71895123463241, 39.15322176489983], [-96.71938332428412, 39.153101948258545], [-96.71948842717238, 39.15307338728487], [-96.71952076652262, 39.153064331363964], [-96.71953963114359, 39.15310473469436], [-96.71969863294889, 39.15347672288783], [-96.71984685497078, 39.1538020367935], [-96.7199600426966, 39.15404097088834], [-96.72003999275691, 39.154199795435396], [-96.72012712933947, 39.154329362563566], [-96.72022684233603, 39.154472164767164], [-96.72029601261292, 39.154554362977315], [-96.72039931887059, 39.15468323285927], [-96.72069216965325, 39.155024562757575], [-96.72120331105, 39.155605516368915], [-96.72155006074972, 39.1559949058527], [-96.72200370996826, 39.15651873231351], [-96.72219864438496, 39.15676044347448], [-96.72235135798326, 39.1569701115612], [-96.72244298614225, 39.15709828044933], [-96.72247173223137, 39.15714355744641], [-96.7225435974541, 39.157275905424655], [-96.72259210647944, 39.157382480194585], [-96.72262714077553, 39.157478606319174], [-96.72263971718951, 39.1575426903293], [-96.72265498854934, 39.15765623033435], [-96.72265498854934, 39.15784778514223], [-96.72262354751439, 39.15812710594555], [-96.7225597671292, 39.15857986798443], [-96.72248700359118, 39.159174723218975], [-96.72236932428896, 39.159940226242824], [-96.72229835738149, 39.16043685841764], [-96.72225433993256, 39.160689700660505], [-96.7221950511238, 39.16094184546333], [-96.72212498253164, 39.161148714971944], [-96.72210432128011, 39.16120304423699], [-96.72207108361457, 39.161272000551406], [-96.7220135914364, 39.16136881788894], [-96.72193094643023, 39.161493496134476], [-96.72188333572018, 39.161560362588546], [-96.72163989227813, 39.16185499214478], [-96.72139824546669, 39.16215658566068], [-96.72123385376968, 39.16239618790176], [-96.72113144582725, 39.162595391469246], [-96.72103891935299, 39.162805738679985], [-96.7209760372831, 39.16296384693089], [-96.72090417206036, 39.16314633266419], [-96.72081254390135, 39.16329677856155], [-96.72061760948468, 39.1635273223448], [-96.72030679239633, 39.1638929869166], [-96.72017474004953, 39.164088703744504], [-96.71993668649921, 39.164528890492335], [-96.71976510827993, 39.16490081828727], [-96.71947764738897, 39.16556805460861], [-96.7193105607461, 39.16595112061783], [-96.719019506594, 39.166561235990464], [-96.71870689287508, 39.167205473076436], [-96.71866916363315, 39.167197115443926], [-96.71813915761544, 39.16712328964683], [-96.71732438565265, 39.16695126130952], [-96.71493756194238, 39.16655009237812]]]}}, {"type": "Feature", "properties": {"FID": 48, "AREA_ID": "90", "ACRES": 953.617, "area_name": "90", "area_type": null, "area_syskey": 48}, "geometry": {"type": "Polygon", "coordinates": [[[-96.77614696878025, 39.24022297968231], [-96.77552263965771, 39.24013322842634], [-96.77537621426636, 39.24011235602477], [-96.77533040018687, 39.24003651958014], [-96.77529626420606, 39.23996485754338], [-96.77528997599907, 39.239952334073116], [-96.77528009453097, 39.23992589562859], [-96.7752495518113, 39.23985005898236], [-96.77524236528902, 39.239756132747296], [-96.7752711113781, 39.23836879282103], [-96.77526392485584, 39.23751369351332], [-96.77525224675715, 39.23706770186258], [-96.7752208057222, 39.23513550247861], [-96.77520194110122, 39.232975022080566], [-96.77521631414578, 39.23123823984849], [-96.77524236528902, 39.22840961427457], [-96.77525584001827, 39.226603826886695], [-96.7752711113781, 39.22527746559113], [-96.77528458610738, 39.22310624295226], [-96.77528458610738, 39.22308188590712], [-96.7752836877921, 39.22282648438182], [-96.77529895915194, 39.222518887850754], [-96.77531872208816, 39.22235534615987], [-96.7753519597537, 39.22217301412336], [-96.77538968899563, 39.22203104533951], [-96.77541394350831, 39.22196423640069], [-96.77541843508475, 39.22195101379069], [-96.77546424916423, 39.22182435497913], [-96.77557474194418, 39.221574516323706], [-96.77566906504903, 39.221402621245], [-96.7757615915233, 39.22123698915149], [-96.77642185325723, 39.22005737113264], [-96.77690604519543, 39.2192222313476], [-96.77695635085136, 39.21913593300347], [-96.7771189459178, 39.21887007776038], [-96.77727974435368, 39.21841283222575], [-96.78305591163138, 39.218465725316626], [-96.78431175639875, 39.21847964454444], [-96.78588650309202, 39.218501915303214], [-96.79075447361735, 39.218547848720846], [-96.79144348144035, 39.21854924064213], [-96.7938761192301, 39.21856942349757], [-96.79387342428424, 39.21892505837751], [-96.79385815292441, 39.21929600242864], [-96.7938590512397, 39.21951453140246], [-96.79388600069822, 39.219749762467586], [-96.79391744173319, 39.22058002439369], [-96.79391744173319, 39.2208938928575], [-96.79388600069822, 39.22218971631433], [-96.79386983102313, 39.22259056770582], [-96.7938931872205, 39.22273671087289], [-96.79391474678734, 39.223394351359424], [-96.79388510238294, 39.224635152555976], [-96.79389049227466, 39.22494691519664], [-96.79387522091481, 39.22542777851876], [-96.7938653394467, 39.2257416253068], [-96.79385635629386, 39.22630946870029], [-96.79385186471744, 39.22647021765013], [-96.79386983102313, 39.22697194685289], [-96.79388869564409, 39.227955214347155], [-96.79390217037334, 39.230280068751824], [-96.79390217037334, 39.23043315433678], [-96.79389408553578, 39.23073862866502], [-96.79384647482571, 39.23307382811071], [-96.79384377987986, 39.23314062647482], [-96.7938482714563, 39.23335980816037], [-96.79384916977158, 39.23346418015095], [-96.79385455966327, 39.23352889070715], [-96.79386623776197, 39.23359986350661], [-96.7938931872205, 39.233689623120775], [-96.79391744173319, 39.23375363765916], [-96.7939165434179, 39.2337995610964], [-96.79390486531919, 39.23385244259293], [-96.79388600069822, 39.23394150607598], [-96.79386713607727, 39.23400830361407], [-96.7938527630327, 39.23407510108857], [-96.79384018661874, 39.234172513958235], [-96.7938312034659, 39.234285930200365], [-96.79382671188947, 39.23437916795539], [-96.79381772873663, 39.23451276213467], [-96.79381144052965, 39.23457190530989], [-96.79380515232265, 39.23461713241027], [-96.79373238878462, 39.23482656829492], [-96.79367309997588, 39.23499355991449], [-96.7936371673645, 39.235125761331425], [-96.79361740442825, 39.23522665171889], [-96.79360482801427, 39.235378334924945], [-96.7936317774728, 39.235672655072804], [-96.79366411682304, 39.235973236077186], [-96.79370723595666, 39.23606229686822], [-96.79375933824315, 39.23613952918143], [-96.7938078472685, 39.236220936122216], [-96.79383838998817, 39.23630860502975], [-96.79386713607727, 39.236428975652885], [-96.79387342428424, 39.236498553953595], [-96.79386623776197, 39.236593180331816], [-96.79384647482571, 39.23668850236318], [-96.79382761020474, 39.23681374279147], [-96.79381683042133, 39.23695359433887], [-96.7938303051506, 39.2375366540052], [-96.79382222031305, 39.23790541239055], [-96.7938015590615, 39.23852116499663], [-96.79379616916981, 39.239053421368965], [-96.79384377987986, 39.24020836902056], [-96.79382581357419, 39.24042474565245], [-96.79290953198426, 39.24041500523963], [-96.79159709335399, 39.24040874354497], [-96.78971332620291, 39.24039900312992], [-96.78441236771057, 39.24034195210042], [-96.78080293689848, 39.24028350953427], [-96.77917878286458, 39.24025707121455], [-96.77670482257177, 39.2402368945954], [-96.77614696878025, 39.24022297968231]]]}}, {"type": "Feature", "properties": {"FID": 49, "AREA_ID": "94", "ACRES": 421.314, "area_name": "94", "area_type": null, "area_syskey": 49}, "geometry": {"type": "Polygon", "coordinates": [[[-96.79382581357419, 39.24042474565245], [-96.79384377987986, 39.24020836902056], [-96.79379616916981, 39.239053421368965], [-96.7938015590615, 39.23852116499663], [-96.79382222031305, 39.23790541239055], [-96.7938303051506, 39.2375366540052], [-96.79381683042133, 39.23695359433887], [-96.79382761020474, 39.23681374279147], [-96.79384647482571, 39.23668850236318], [-96.79386623776197, 39.236593180331816], [-96.79387342428424, 39.236498553953595], [-96.79386713607727, 39.236428975652885], [-96.79383838998817, 39.23630860502975], [-96.7938078472685, 39.236220936122216], [-96.79375933824315, 39.23613952918143], [-96.79370723595666, 39.23606229686822], [-96.79366411682304, 39.235973236077186], [-96.7936317774728, 39.235672655072804], [-96.79360482801427, 39.235378334924945], [-96.79361740442825, 39.23522665171889], [-96.7936371673645, 39.235125761331425], [-96.79367309997588, 39.23499355991449], [-96.79373238878462, 39.23482656829492], [-96.79380515232265, 39.23461713241027], [-96.79381144052965, 39.23457190530989], [-96.79381772873663, 39.23451276213467], [-96.79382671188947, 39.23437916795539], [-96.7938312034659, 39.234285930200365], [-96.79384018661874, 39.234172513958235], [-96.7938527630327, 39.23407510108857], [-96.79386713607727, 39.23400830361407], [-96.79388600069822, 39.23394150607598], [-96.79390486531919, 39.23385244259293], [-96.7939165434179, 39.2337995610964], [-96.79391744173319, 39.23375363765916], [-96.7938931872205, 39.233689623120775], [-96.79386623776197, 39.23359986350661], [-96.79385455966327, 39.23352889070715], [-96.79384916977158, 39.23346418015095], [-96.7938482714563, 39.23335980816037], [-96.79384377987986, 39.23314062647482], [-96.79472323054316, 39.233139930658844], [-96.79515532019488, 39.2331566302401], [-96.7954041535286, 39.2331775047111], [-96.79553800250595, 39.23321647037363], [-96.79567454642914, 39.233251956940336], [-96.79580929372179, 39.23326796068025], [-96.79592158313231, 39.23326517742138], [-96.79605543210968, 39.23325543601453], [-96.79618209456474, 39.23323177830657], [-96.79625395978749, 39.23321577455841], [-96.79638241887315, 39.23317402563301], [-96.79644979251947, 39.23315941350325], [-96.79663394715273, 39.2331580218717], [-96.80321949650151, 39.233206728960035], [-96.80821951937364, 39.23323316993667], [-96.81250358496419, 39.23322551597078], [-96.81250807654062, 39.23373902565011], [-96.81249999170306, 39.23436594768422], [-96.8124919068655, 39.235127848720225], [-96.81248651697379, 39.2360518600626], [-96.81248292371266, 39.23685201065552], [-96.8124748388751, 39.23803412948381], [-96.8124748388751, 39.23868188597384], [-96.8124748388751, 39.23868258173486], [-96.81247034729869, 39.2395035749137], [-96.8124577708847, 39.24019584559375], [-96.81243082142618, 39.24154279690723], [-96.81241824501218, 39.2426434373014], [-96.8124128551205, 39.24321114392664], [-96.81238051577026, 39.24440011264425], [-96.81237332924798, 39.24556192919486], [-96.81237063430213, 39.24626666243165], [-96.8121262925448, 39.24619639813257], [-96.81167803321797, 39.24610039333291], [-96.81130163911388, 39.24601482372678], [-96.81065036053282, 39.24585133679065], [-96.8103880524698, 39.24577898500366], [-96.81033415355273, 39.24576089704525], [-96.81017964332386, 39.245710111598626], [-96.81001525162684, 39.24564054243397], [-96.80983918183112, 39.24555427657396], [-96.80971611263719, 39.245481228786964], [-96.80968736654808, 39.2454638364455], [-96.80771646281444, 39.244279059992415], [-96.8071604056535, 39.24395973044289], [-96.8044582732785, 39.24252655595525], [-96.80423369445744, 39.242413848758446], [-96.80404594656302, 39.24232618748015], [-96.80384023236293, 39.24223713464086], [-96.80369021371047, 39.242179389379935], [-96.80352672032876, 39.242131384247344], [-96.80335604042475, 39.24208685771818], [-96.8031125969827, 39.24203398242805], [-96.80102042068572, 39.24163324209153], [-96.80001161262149, 39.24145235160634], [-96.79781343512094, 39.24107456728101], [-96.79701303620269, 39.24093054951638], [-96.79499631838955, 39.24054093475815], [-96.7947609597851, 39.24049988593441], [-96.79456692368369, 39.24047831789874], [-96.79436120948358, 39.240461620060145], [-96.7941267491944, 39.240442139243406], [-96.79382581357419, 39.24042474565245]]]}}, {"type": "Feature", "properties": {"FID": 50, "AREA_ID": "29", "ACRES": 745.056, "area_name": "29", "area_type": null, "area_syskey": 50}, "geometry": {"type": "Polygon", "coordinates": [[[-96.7021195011515, 39.18763482598312], [-96.70198475385887, 39.187590961148885], [-96.70182395542301, 39.18751715676283], [-96.701646987312, 39.18738625822712], [-96.70158590187268, 39.18733543053853], [-96.70138737419484, 39.187142563495314], [-96.7013155089721, 39.187055529457766], [-96.7012310673354, 39.18692532633634], [-96.70118884651704, 39.18681531495484], [-96.70117177852661, 39.18672340658007], [-96.70116459200436, 39.1866301055312], [-96.70116459200436, 39.18644489561951], [-96.70118165999476, 39.18630424716505], [-96.7011897448323, 39.18609675536689], [-96.70118704988647, 39.18588160382859], [-96.70119243977817, 39.185827293627455], [-96.70120860945329, 39.18577924995301], [-96.70124364374936, 39.185726332244585], [-96.70125711847862, 39.185687340223424], [-96.70126969489262, 39.185630244724805], [-96.7012750847843, 39.18552023131625], [-96.70128855951359, 39.185371921828356], [-96.70129305108999, 39.18532109268305], [-96.70124364374936, 39.18529254479079], [-96.70121130439914, 39.18526051543445], [-96.70118435494061, 39.185210382499584], [-96.70113404928469, 39.185156071779815], [-96.70108733688991, 39.18510454618634], [-96.70099031883922, 39.18503839840964], [-96.7009274367693, 39.185009154109544], [-96.7008780294287, 39.184975732037444], [-96.7008654530147, 39.18494509512402], [-96.70087353785226, 39.18491445819727], [-96.7008888092121, 39.184892176787606], [-96.70092384350818, 39.18487825090295], [-96.70096965758768, 39.18487894719723], [-96.701030743027, 39.184886606434056], [-96.70110440488031, 39.184910280433485], [-96.70115830379737, 39.18492281372405], [-96.7011906431476, 39.184925598899426], [-96.70122567744369, 39.18492281372405], [-96.7012705932079, 39.1849019249052], [-96.70130742413457, 39.18486293242667], [-96.70132000054853, 39.184803051078276], [-96.70132449212494, 39.184741777087574], [-96.70131461065682, 39.18467841415466], [-96.70129484772058, 39.18461156967998], [-96.70126340668561, 39.18453079918826], [-96.70122388081312, 39.18445908048422], [-96.70118615157119, 39.18443053224185], [-96.7011439307528, 39.184417998863495], [-96.7010603874314, 39.1844019839879], [-96.70102355650472, 39.184387361707], [-96.70098313231692, 39.18436368753145], [-96.70092564013875, 39.18432747995345], [-96.70087892774397, 39.184283613055094], [-96.70083041871862, 39.18422373121317], [-96.70079987599897, 39.18417916794885], [-96.70077562148629, 39.18408864873124], [-96.70075945181117, 39.183980025516234], [-96.70073160403734, 39.18339791363212], [-96.70072172256921, 39.183273970527146], [-96.7007289090915, 39.18315002720366], [-96.70076214675701, 39.18294670397491], [-96.70077023159457, 39.18286105737033], [-96.70077202822513, 39.18279630011222], [-96.700768434964, 39.18269951227114], [-96.7007235191998, 39.18218214766637], [-96.70071902762336, 39.18206029138442], [-96.70072980740677, 39.18195793194436], [-96.70079628273781, 39.181693328619524], [-96.7008205372505, 39.18157773843346], [-96.70084748670902, 39.18138833723579], [-96.70085197828543, 39.18129502910519], [-96.70083491029503, 39.18093990001281], [-96.70082682545748, 39.1803466215271], [-96.70082413051162, 39.18015721701254], [-96.70081963893522, 39.17999845107041], [-96.70083760524089, 39.17979024431341], [-96.70085916480772, 39.17942326969869], [-96.70097774242524, 39.178711598098346], [-96.70101636998247, 39.1784428044063], [-96.70106487900782, 39.17816008247105], [-96.70107296384536, 39.17798251023093], [-96.70107116721479, 39.17757792239314], [-96.70106308237723, 39.17750062565663], [-96.70106308237723, 39.17734255008406], [-96.7010424211257, 39.17705912735265], [-96.70101816661303, 39.17680077295837], [-96.70101098009076, 39.17667055084181], [-96.70101457335188, 39.17658071833208], [-96.70106487900782, 39.17630913097668], [-96.70107026889951, 39.17607793270905], [-96.70107655710649, 39.176034757044704], [-96.70108913352048, 39.17599993794126], [-96.70110889645673, 39.17596651158571], [-96.70112865939299, 39.17594492372264], [-96.70113674423055, 39.1759073190421], [-96.70111787960957, 39.17586762519087], [-96.70109991330389, 39.1758439481461], [-96.70109093015104, 39.17581539640507], [-96.7010864385746, 39.17574575796363], [-96.701037031234, 39.17559603508103], [-96.7010028952532, 39.17543516967513], [-96.70099481041564, 39.175237395251806], [-96.70099031883922, 39.17517750570401], [-96.7009283350846, 39.174864825724995], [-96.7009112670942, 39.174812596194315], [-96.70088521595098, 39.17476315220286], [-96.70082233388106, 39.174678192023656], [-96.70075226528888, 39.174596713722565], [-96.70064087419364, 39.17452707407414], [-96.70047468586606, 39.174418436084935], [-96.70030849753846, 39.174300048341415], [-96.7001989030738, 39.17419349920187], [-96.7000282231698, 39.17397134720864], [-96.6998907809313, 39.173785407539924], [-96.69987101799505, 39.17375128372711], [-96.69985754326578, 39.173717159897755], [-96.69979735614173, 39.17354514768937], [-96.69970303303688, 39.173283298337616], [-96.69966350716439, 39.173167694324206], [-96.69964913411984, 39.17310710660268], [-96.69964733748927, 39.17305069729782], [-96.69964913411984, 39.17300194847938], [-96.69965901558797, 39.17294623550264], [-96.69967788020892, 39.172901665089455], [-96.6997021347216, 39.172864755194674], [-96.69975333869282, 39.17282018472986], [-96.69980184771815, 39.172786756862685], [-96.69988449272431, 39.172744972006406], [-96.70005247768246, 39.17267533052408], [-96.70009200355496, 39.172643991834555], [-96.70012793616635, 39.17261195671525], [-96.70015129236373, 39.17257922516523], [-96.70016836035413, 39.1725423151012], [-96.70018273339868, 39.17248799459435], [-96.70018453002925, 39.17243645971574], [-96.70018363171397, 39.17232294356613], [-96.70021058117248, 39.17206596461178], [-96.70023483568517, 39.17169337828124], [-96.7002096828572, 39.1714865397839], [-96.70020339465022, 39.17140087921798], [-96.70021686937949, 39.17130686140355], [-96.70024651378385, 39.17120796845569], [-96.70030759922318, 39.17106032520434], [-96.70041000716559, 39.17084094904614], [-96.70048277070362, 39.17065848327578], [-96.700512415108, 39.170566553777014], [-96.70050433027043, 39.17049691013733], [-96.70046749934379, 39.17045233817175], [-96.70044054988526, 39.1703854801704], [-96.70044414314638, 39.17029772894716], [-96.70058248370016, 39.170309568404335], [-96.70076753664871, 39.17035344402223], [-96.70078190969328, 39.1702824072938], [-96.7008079608365, 39.17015217310532], [-96.70084119850202, 39.16996970554785], [-96.70085736817714, 39.169794898398], [-96.70086365638414, 39.16969809265796], [-96.7008654530147, 39.169613822804564], [-96.70086185975356, 39.16943413963946], [-96.70085377491601, 39.16925445601527], [-96.70085018165489, 39.16917227497986], [-96.70084299513259, 39.16907546838279], [-96.70083041871862, 39.1688936944844], [-96.70081694398934, 39.16871749175131], [-96.7008034692601, 39.16853641338383], [-96.7007855029544, 39.16835742392397], [-96.70076753664871, 39.16819166674164], [-96.70075945181117, 39.16808092958285], [-96.70075496023476, 39.167996657791704], [-96.7007396888749, 39.16781488110503], [-96.70072441751508, 39.16763449687873], [-96.70071543436224, 39.16745411218981], [-96.70072441751508, 39.16729531756337], [-96.7007513669736, 39.16717552488865], [-96.70079358779196, 39.16707941201372], [-96.70085197828543, 39.16698260253591], [-96.70090497888722, 39.166908776513644], [-96.70103523460342, 39.166757641867875], [-96.70115740548208, 39.16663297295251], [-96.70124993195637, 39.166543824095406], [-96.70135503484462, 39.16643935263468], [-96.70144666300362, 39.1663327915849], [-96.70147810403857, 39.166284734588054], [-96.70149517202896, 39.1662596613593], [-96.70153918947788, 39.16618374513987], [-96.70157063051283, 39.1660952921937], [-96.70158590187268, 39.16597410451205], [-96.70158680018795, 39.165952513581345], [-96.70159129176439, 39.165818788959626], [-96.70157961366567, 39.1656377031291], [-96.70156074904472, 39.165457313319045], [-96.7015445793696, 39.165276923046335], [-96.70152840969448, 39.16509583582079], [-96.7015104433888, 39.16491544462104], [-96.70149427371368, 39.164735749452475], [-96.70147630740799, 39.16456441177119], [-96.70146822257043, 39.16448083226301], [-96.70146193436344, 39.164420933554375], [-96.7014520528953, 39.16433038889803], [-96.70144217142719, 39.16417924871199], [-96.70142600175207, 39.164000944664835], [-96.70141162870753, 39.16383657022097], [-96.70139635734768, 39.16366383734062], [-96.70138018767258, 39.163479959937405], [-96.70136761125859, 39.16330095760968], [-96.70135144158347, 39.163119168787304], [-96.70133347527779, 39.16293946902991], [-96.70131820391796, 39.16275837578673], [-96.70131371234154, 39.162697779097414], [-96.70130562750398, 39.16258355071354], [-96.70128945782888, 39.162402456554084], [-96.7012759830996, 39.16220394895912], [-96.70126610163146, 39.16204165987755], [-96.70125711847862, 39.16186126084534], [-96.70124813532578, 39.16168016482648], [-96.70124184711881, 39.161501157918906], [-96.70123825385765, 39.161322150555826], [-96.70124005048824, 39.16113966009034], [-96.70123825385765, 39.161079758536665], [-96.70124364374936, 39.16082273850058], [-96.70206290728859, 39.16082691769566], [-96.70245816601367, 39.16105816610362], [-96.70300434170649, 39.161258766516525], [-96.70339061727871, 39.161636283797876], [-96.70409130320041, 39.162528525999015], [-96.70429432245466, 39.16273051524641], [-96.70468508960332, 39.16297917017861], [-96.70492673641476, 39.163095487450185], [-96.7050623820227, 39.163174193039836], [-96.70538128394861, 39.16331488776826], [-96.70569120272168, 39.163440259071336], [-96.70603076589911, 39.163594883370735], [-96.70618347949743, 39.163679160435855], [-96.70634517624859, 39.1637697059305], [-96.70669102763303, 39.16399885516158], [-96.70696411547944, 39.16416810472226], [-96.70705394700788, 39.164237058130254], [-96.70713928695986, 39.164319244932265], [-96.70719408419221, 39.16440143163825], [-96.70722732185773, 39.1644745637959], [-96.70723091511886, 39.16451008510216], [-96.70722552522714, 39.164551178355644], [-96.70721923702017, 39.16459087859474], [-96.70719049093107, 39.16463893674887], [-96.70704226890916, 39.16482559709413], [-96.70698028515456, 39.1648924603809], [-96.7069605222183, 39.16493076744363], [-96.70696231884888, 39.16497534290856], [-96.70696501379471, 39.16502966921824], [-96.70700992955894, 39.16508469197629], [-96.70710425266378, 39.16515085852709], [-96.70718150777822, 39.16520588119034], [-96.70725067805513, 39.16524488457114], [-96.70737374724905, 39.16530269311363], [-96.70792890609472, 39.16551233574258], [-96.70833584291847, 39.165580591347414], [-96.70924493798614, 39.16564815040123], [-96.70935812571196, 39.165641185553326], [-96.70969499394354, 39.165639792583654], [-96.71031752643555, 39.16564397149257], [-96.71058163112909, 39.16566347306421], [-96.71089065158688, 39.16572337071473], [-96.71097778816944, 39.165783268314236], [-96.71102360224893, 39.16582505730694], [-96.71116014617215, 39.16592883319809], [-96.71124818107002, 39.16596853265962], [-96.71141347108231, 39.16605628928446], [-96.7117620174126, 39.16624433882618], [-96.71193539226245, 39.16630911132968], [-96.71207732607735, 39.1663502035322], [-96.71240431284082, 39.16642820900306], [-96.7125022292068, 39.16644213854232], [-96.71258038263653, 39.16644422797299], [-96.71265763775098, 39.16643935263468], [-96.71273399455015, 39.166433084342124], [-96.71325681404558, 39.16634045284222], [-96.71339066302292, 39.16633418454084], [-96.71351013895573, 39.1663327915849], [-96.71363769972609, 39.16633557749677], [-96.71382724425108, 39.166349507054356], [-96.71392965219349, 39.166364829564564], [-96.71405451801797, 39.16638015207142], [-96.71417579058136, 39.16640592173451], [-96.71430155472116, 39.166435173773024], [-96.71441743739281, 39.16646721170607], [-96.71455847289245, 39.16650273200605], [-96.71466447409598, 39.16653198400434], [-96.71475161067856, 39.166543824095406], [-96.71484862872924, 39.16655218180558], [-96.71493756194238, 39.16655009237812], [-96.71732438565265, 39.16695126130952], [-96.71813915761544, 39.16712328964683], [-96.71866916363315, 39.167197115443926], [-96.71870689287508, 39.167205473076436], [-96.71853351802523, 39.16782602451697], [-96.71839517747145, 39.16840408658969], [-96.71833139708627, 39.16866038247035], [-96.71826761670111, 39.16899328713826], [-96.71822719251331, 39.16920988326223], [-96.71811130984163, 39.16998990236188], [-96.7180672923927, 39.170222513525836], [-96.71800800358395, 39.170422391366486], [-96.71794242656819, 39.17058257180436], [-96.71789212091228, 39.1706751977172], [-96.71782564558124, 39.17077757358413], [-96.71771335617072, 39.17092243169907], [-96.71755255773483, 39.17111534324461], [-96.71740703065878, 39.17127412924607], [-96.71719772319756, 39.17150882544247], [-96.71711867145254, 39.17159518230278], [-96.71599308240138, 39.17278536403456], [-96.71502110526384, 39.17383415581525], [-96.71470579659906, 39.17420046320283], [-96.71453691332562, 39.174421221676475], [-96.71441653907753, 39.17460924885193], [-96.71434557217007, 39.17474295675971], [-96.71428538504604, 39.17492471553909], [-96.71426562210979, 39.17504170944742], [-96.71427191031677, 39.17516705984743], [-96.71438419972729, 39.17547486377053], [-96.71441114918584, 39.175565394079705], [-96.71442192896922, 39.17568238692201], [-96.71441564076225, 39.17578266634617], [-96.71440935255528, 39.175826538549266], [-96.71439857277184, 39.17586832157441], [-96.71430963955869, 39.17622486904551], [-96.71429526651416, 39.17629381063309], [-96.71427550357791, 39.17636135939575], [-96.71425574064165, 39.17641080226335], [-96.71423418107483, 39.17645606682998], [-96.71419196025647, 39.17651108064864], [-96.71414973943811, 39.176566094424274], [-96.7141048236739, 39.176607877009914], [-96.71406080622498, 39.17664617769159], [-96.71398444942581, 39.17670536961318], [-96.71392965219349, 39.176740884742216], [-96.71385599034016, 39.17678545272187], [-96.71378861669385, 39.17682096781045], [-96.71368081885973, 39.17686971398124], [-96.71334484894344, 39.17700689945193], [-96.71291545423756, 39.17717263585646], [-96.71161110044484, 39.17768655550076], [-96.7105582749317, 39.17811481900146], [-96.71017738925119, 39.178277767355624], [-96.70995820032184, 39.178380132154224], [-96.70971116361866, 39.178518011035074], [-96.70947760164476, 39.17866424591628], [-96.70934824424383, 39.17876452108761], [-96.70927278575995, 39.17883346018491], [-96.70913983509787, 39.178967856412605], [-96.70905719009173, 39.17906604209531], [-96.70899520633712, 39.17915447872757], [-96.70891974785324, 39.17927355464727], [-96.70886764556676, 39.1793682581587], [-96.70880386518158, 39.17949081545473], [-96.70877601740776, 39.179556272104854], [-96.7087409831117, 39.17964470812045], [-96.70871672859899, 39.17972269884504], [-96.7086942707169, 39.17981461637367], [-96.70866732125837, 39.17994692169632], [-96.70864486337626, 39.18013423775361], [-96.7086367785387, 39.18022406572301], [-96.70862869370116, 39.180467784441596], [-96.70863498190813, 39.18057919843153], [-96.70864037179983, 39.18062654932381], [-96.70864755832213, 39.180678078199726], [-96.70866193136666, 39.18074631908539], [-96.70867360946536, 39.18078740285195], [-96.70868977914047, 39.18083405726962], [-96.70870325386974, 39.180867481311], [-96.70873828816582, 39.18094616701233], [-96.70876523762435, 39.1809872506621], [-96.70885057757636, 39.1811042344825], [-96.70896556193274, 39.18122748508265], [-96.70906976650572, 39.18131731165509], [-96.70913534352145, 39.181370929011855], [-96.70924314135556, 39.18144613250829], [-96.70932039647002, 39.18149626812787], [-96.70946592354605, 39.18158400537614], [-96.70956743317319, 39.181632051918044], [-96.70967253606143, 39.18167870577516], [-96.70983063955147, 39.181730233879854], [-96.70995101379955, 39.18176017586927], [-96.71010193076732, 39.18179429579517], [-96.71049000297009, 39.18187367678321], [-96.71073883630383, 39.181936345920946], [-96.71093916061223, 39.182005978230706], [-96.71109187421054, 39.18207909208172], [-96.71113858660532, 39.18210624863558], [-96.71120146867523, 39.182147331607375], [-96.71124638443943, 39.18218005870332], [-96.71130118167179, 39.1822225342732], [-96.71135508058883, 39.182279632539846], [-96.71140897950588, 39.18234717555145], [-96.71144401380197, 39.18239939948505], [-96.7114700649452, 39.18245649760801], [-96.71149252282733, 39.18251220304912], [-96.71150240429544, 39.182546322610015], [-96.71153115038453, 39.18266191120341], [-96.71156708299593, 39.182836686366215], [-96.71162996506581, 39.18314376040057], [-96.71172608480123, 39.183643013960356], [-96.71179166181699, 39.183954262293184], [-96.71184466241876, 39.18418264945489], [-96.71187969671482, 39.18432051695554], [-96.71191473101092, 39.184449332305206], [-96.71199827433236, 39.184648473408224], [-96.71208451259963, 39.18481558438798], [-96.71214739466954, 39.18492072484245], [-96.7122111750547, 39.18502168738251], [-96.71232166783467, 39.1851915826398], [-96.71238454990457, 39.18527792269513], [-96.71243305892992, 39.185351729432554], [-96.71253456855705, 39.18550700184411], [-96.71265045122871, 39.18568316250556], [-96.71273848612658, 39.18582311591794], [-96.71284628396067, 39.18600066835351], [-96.7128624536358, 39.186033393655414], [-96.71291635255284, 39.186151761641476], [-96.71293881043493, 39.18621581952729], [-96.71296396326292, 39.18629589180246], [-96.71297833630746, 39.186396156087966], [-96.71298462451445, 39.1864985090652], [-96.7129873194603, 39.18656535174539], [-96.71297294641576, 39.186731065615895], [-96.7129477935878, 39.186934377898034], [-96.71288401320261, 39.18733125291866], [-96.71283999575368, 39.1875881760791], [-96.7127357911807, 39.18819462241589], [-96.71268548552479, 39.18849262168343], [-96.71185544220215, 39.18847800025352], [-96.71160930381426, 39.18849331794193], [-96.71151318407885, 39.18849888800961], [-96.71134699575127, 39.1885058505936], [-96.71104785676161, 39.18851838324302], [-96.71080171837372, 39.18853927098711], [-96.71056186819284, 39.1885608549828], [-96.71026452583375, 39.188600541667256], [-96.71021961006954, 39.188606111726465], [-96.70982435134448, 39.18867016737533], [-96.709582704533, 39.188709157741734], [-96.7094470589251, 39.188730045429104], [-96.70873649153526, 39.18884005381356], [-96.70834213112548, 39.18890062797704], [-96.70829182546957, 39.18890828677559], [-96.70746986698447, 39.18904196748881], [-96.70701531945065, 39.189103237730706], [-96.70671079056929, 39.18913456908376], [-96.70643949935344, 39.18915545664473], [-96.70620414074897, 39.18916590042288], [-96.70530582546473, 39.1892146380337], [-96.70507855169781, 39.18922717055674], [-96.70477941270816, 39.18924248808185], [-96.70457280019279, 39.189259894356326], [-96.70439044219007, 39.189274515623595], [-96.70422425386249, 39.18929331439127], [-96.70409130320041, 39.1893148981554], [-96.70395475927722, 39.18933717816302], [-96.70380923220118, 39.189368509411786], [-96.703653823657, 39.189408195640176], [-96.70348404206827, 39.18945623683402], [-96.7033178537407, 39.189510544231], [-96.70325407335551, 39.18953491292112], [-96.70315525867424, 39.18909488270088], [-96.70311034291004, 39.1890273461732], [-96.70307081703753, 39.188959809580616], [-96.70299625686894, 39.188879044085695], [-96.70293157816846, 39.18879827849798], [-96.70284713653174, 39.188676433685664], [-96.70278515277714, 39.18857199510702], [-96.70272406733781, 39.18844597234881], [-96.70268184651945, 39.188319949364605], [-96.70263603243994, 39.18810828594342], [-96.7025767436312, 39.187852757213975], [-96.70252823460584, 39.18775528006963], [-96.7024788272652, 39.18769052732045], [-96.70241145361888, 39.187656410256565], [-96.7023368934503, 39.18763691478406], [-96.7022398753996, 39.18763691478406], [-96.7021195011515, 39.18763482598312]]]}}, {"type": "Feature", "properties": {"FID": 51, "AREA_ID": "96", "ACRES": 480.946, "area_name": "96", "area_type": null, "area_syskey": 51}, "geometry": {"type": "Polygon", "coordinates": [[[-96.79779636713054, 39.25510896692083], [-96.79770743391741, 39.254986541554516], [-96.79747656688936, 39.2545782235885], [-96.79735259938013, 39.25426867942318], [-96.79728253078795, 39.25400713092847], [-96.79722144534864, 39.253732364836644], [-96.79716934306214, 39.25344090291934], [-96.79705076544464, 39.25270841690545], [-96.79696632380791, 39.25215261282043], [-96.79682259336242, 39.25133733277525], [-96.7966977275379, 39.25066395439576], [-96.79655669203828, 39.24986604829683], [-96.79644889420419, 39.249240656089015], [-96.79637972392727, 39.24886500069129], [-96.79633570647837, 39.24866186767503], [-96.79629168902945, 39.24848099531604], [-96.79613717880054, 39.24795298449177], [-96.79603477085816, 39.247623236584964], [-96.7959799736258, 39.247484101981996], [-96.79596021068956, 39.24743540480574], [-96.79593326123103, 39.247338706026916], [-96.79590541345722, 39.247240615762564], [-96.79584253138731, 39.247054174314556], [-96.79577246279514, 39.246862862611984], [-96.79569610599597, 39.246645114475506], [-96.7955586637575, 39.24627431497486], [-96.79544547603167, 39.24594942899804], [-96.79531522031546, 39.24557236458566], [-96.79518765954509, 39.245188341181695], [-96.79502147121751, 39.244697177749245], [-96.79483911321479, 39.24415661571826], [-96.79471424739032, 39.24376841029959], [-96.79457950009767, 39.24338020273233], [-96.79447709215526, 39.24312417936172], [-96.7944133117701, 39.24292729118835], [-96.79441151513952, 39.242922421155846], [-96.79429922572898, 39.242606564040585], [-96.79416178349051, 39.242225307302135], [-96.79411507109572, 39.24207155171723], [-96.79411057951928, 39.24205624571295], [-96.79407824016904, 39.24191918725313], [-96.79405847723282, 39.241836395464915], [-96.79405398565639, 39.24181274065032], [-96.79399559516291, 39.24150870599982], [-96.79391295015675, 39.24095698758227], [-96.79388150912179, 39.2407211318528], [-96.79382581357419, 39.24042474565245], [-96.7941267491944, 39.240442139243406], [-96.79436120948358, 39.240461620060145], [-96.79456692368369, 39.24047831789874], [-96.7947609597851, 39.24049988593441], [-96.79499631838955, 39.24054093475815], [-96.79701303620269, 39.24093054951638], [-96.79781343512094, 39.24107456728101], [-96.80001161262149, 39.24145235160634], [-96.80102042068572, 39.24163324209153], [-96.8031125969827, 39.24203398242805], [-96.80335604042475, 39.24208685771818], [-96.80352672032876, 39.242131384247344], [-96.80369021371047, 39.242179389379935], [-96.80384023236293, 39.24223713464086], [-96.80404594656302, 39.24232618748015], [-96.80423369445744, 39.242413848758446], [-96.8044582732785, 39.24252655595525], [-96.8071604056535, 39.24395973044289], [-96.80771646281444, 39.244279059992415], [-96.80968736654808, 39.2454638364455], [-96.80971611263719, 39.245481228786964], [-96.80983918183112, 39.24555427657396], [-96.81001525162684, 39.24564054243397], [-96.81017964332386, 39.245710111598626], [-96.81033415355273, 39.24576089704525], [-96.8103880524698, 39.24577898500366], [-96.81065036053282, 39.24585133679065], [-96.81130163911388, 39.24601482372678], [-96.81167803321797, 39.24610039333291], [-96.8121262925448, 39.24619639813257], [-96.81237063430213, 39.24626666243165], [-96.81237063430213, 39.246277793403294], [-96.81236075283398, 39.24733174927513], [-96.81236524441042, 39.247582887578524], [-96.81236793935628, 39.247788110732166], [-96.81235176968114, 39.2480267253727], [-96.8123427865283, 39.2480955965028], [-96.81232122696149, 39.24817420690201], [-96.81227181962088, 39.24827925251911], [-96.81222331059551, 39.24836621069239], [-96.812183784723, 39.248426037853015], [-96.81213258075182, 39.24849073460878], [-96.81202927449414, 39.24860482336602], [-96.81194752780324, 39.24869108547386], [-96.81185679795954, 39.24876760822267], [-96.8114256066231, 39.249121698764135], [-96.81048327388991, 39.24985909179572], [-96.81043117160345, 39.24990152644176], [-96.81036110301126, 39.2499592653452], [-96.81025779675358, 39.25005109097317], [-96.81019042310727, 39.25011509058217], [-96.81010059157883, 39.25021456811933], [-96.80999189542945, 39.250347436497826], [-96.80987780938835, 39.250492130571274], [-96.80975204524856, 39.25067578031151], [-96.80965682382843, 39.25082047370748], [-96.80941158375585, 39.25119472735646], [-96.80921305607802, 39.25148689424432], [-96.80917981841249, 39.25153141480606], [-96.8091052582439, 39.251629499068905], [-96.80902171492247, 39.25172827882619], [-96.80898668062638, 39.25177140797235], [-96.80894176486217, 39.251816623984176], [-96.80889595078268, 39.251861839966864], [-96.80885822154075, 39.25189940399184], [-96.80880611925424, 39.2519453155506], [-96.80873155908564, 39.25201000905965], [-96.80862376125155, 39.25210391888596], [-96.80856537075806, 39.252149134683364], [-96.8085123701563, 39.252188785435585], [-96.8084378099877, 39.25223887056422], [-96.80835696161212, 39.252291738161226], [-96.80824736714746, 39.25236060510274], [-96.80777485330793, 39.25265624524501], [-96.80713525282555, 39.25302840224018], [-96.80683431720533, 39.2532134365718], [-96.80671214632667, 39.25331986587214], [-96.80662411142882, 39.253440207304756], [-96.80656482262006, 39.2535494187151], [-96.80651451696414, 39.253659325567774], [-96.80647409277636, 39.25381166452811], [-96.80644893994838, 39.2539389612137], [-96.80643277027328, 39.25408503909275], [-96.80641390565229, 39.25425198486758], [-96.80639683766191, 39.254626915804714], [-96.80636898988809, 39.25543311486979], [-96.80634114211428, 39.255685615345335], [-96.80631778591689, 39.255892205967115], [-96.80623963248718, 39.25620243855202], [-96.80612105486964, 39.25658848839434], [-96.80586862827477, 39.257336932123124], [-96.80577610180049, 39.25760264163664], [-96.8056781854345, 39.25791564893394], [-96.80556050613227, 39.258239088339685], [-96.80536108013916, 39.258797626423735], [-96.80530358796096, 39.258959692058525], [-96.80509607713032, 39.25950153109578], [-96.80505924620365, 39.259605864190796], [-96.80502870348401, 39.25970811047325], [-96.80500444897133, 39.259801314437524], [-96.8049954658185, 39.25988130281551], [-96.80499097424207, 39.25993972905134], [-96.80498827929621, 39.26002110837008], [-96.80499995739491, 39.260152567070016], [-96.80502241527701, 39.260288198803615], [-96.80503948326741, 39.260373750992926], [-96.80507092430234, 39.26048782041626], [-96.80508978892334, 39.26056502583526], [-96.80510506028315, 39.260624147044574], [-96.80513111142642, 39.260706916653845], [-96.8051939934963, 39.260845329479544], [-96.8052568755662, 39.2609350542306], [-96.80535748687804, 39.261031038720894], [-96.80539521611999, 39.261066511216654], [-96.8053655717156, 39.26105120935794], [-96.80518770528931, 39.260957311515426], [-96.80490114271365, 39.260782730748], [-96.8047484291153, 39.26068883254589], [-96.8045499014375, 39.26056224365948], [-96.80426872875354, 39.26038070645089], [-96.803985759439, 39.26019847322463], [-96.80351594054532, 39.25988825832235], [-96.80234813067581, 39.25910297724332], [-96.80180914150527, 39.2587482415421], [-96.80168247905019, 39.25866060068057], [-96.80099526785773, 39.258183442956806], [-96.80034937916837, 39.257729931439464], [-96.80013378350014, 39.257577600992484], [-96.80000173115336, 39.25747952505007], [-96.79979511863799, 39.25732580290686], [-96.79953640383613, 39.25712338997796], [-96.79944387736187, 39.25703992055875], [-96.79935404583343, 39.25697175379266], [-96.79924445136875, 39.25687506816383], [-96.79911599228312, 39.25675681937177], [-96.7991097040761, 39.256749863554255], [-96.79899831298086, 39.256632310133995], [-96.79886087074239, 39.25648762873075], [-96.79857340985141, 39.25613774891108], [-96.79830840684258, 39.255803865944095], [-96.79822755846698, 39.25569674482195], [-96.79821138879186, 39.25567448586695], [-96.79804879372541, 39.25545746068528], [-96.79793740263017, 39.25530442970462], [-96.79779636713054, 39.25510896692083]]]}}, {"type": "Feature", "properties": {"FID": 52, "AREA_ID": "85", "ACRES": 937.781, "area_name": "85", "area_type": null, "area_syskey": 52}, "geometry": {"type": "Polygon", "coordinates": [[[-96.93542365856851, 39.304714674696214], [-96.93309163209064, 39.30466184664562], [-96.93312307312557, 39.30647326993833], [-96.93153395338774, 39.30649064714119], [-96.93023498948672, 39.30611807896642], [-96.93074702919874, 39.30578582433158], [-96.9311422879238, 39.30549110341905], [-96.93135608696146, 39.305310377717305], [-96.93165342932055, 39.30502608134205], [-96.93200197565083, 39.30463751792469], [-96.93223194436358, 39.304321938892755], [-96.93243855687896, 39.30398550505377], [-96.93255623618123, 39.30375403207257], [-96.93268469526686, 39.3034648635491], [-96.93283471391933, 39.30305682804746], [-96.9328922060975, 39.302839949606536], [-96.93295688479799, 39.302552862688096], [-96.93299910561635, 39.30227203076176], [-96.93302156349844, 39.301800731085905], [-96.93302336012903, 39.30041183836525], [-96.93301976686787, 39.29889361779997], [-96.93300629213863, 39.296363177020076], [-96.93299910561635, 39.294420097914184], [-96.93299910561635, 39.29243664169376], [-96.93339077108027, 39.292440813059194], [-96.93349407733795, 39.29244150828674], [-96.93635071994184, 39.2924887837436], [-96.93769639623765, 39.292510335779504], [-96.93771975243506, 39.29251103100636], [-96.93957118023586, 39.29254092575458], [-96.94122587698946, 39.29256108732177], [-96.94176935773643, 39.29256317300078], [-96.94218437939774, 39.29256803958496], [-96.94232092332095, 39.29256734435868], [-96.94243231441618, 39.29256108732177], [-96.94265689323724, 39.2925583064163], [-96.94269013090278, 39.2925576111899], [-96.9427970304216, 39.2925576111899], [-96.94325157795544, 39.29255622073711], [-96.94385614414172, 39.292551354152124], [-96.94462600034034, 39.292545097113795], [-96.94568780900629, 39.29253744962174], [-96.95039138783459, 39.29254162098113], [-96.95062854306964, 39.292539535301465], [-96.9521251363332, 39.29252632599542], [-96.95237935955862, 39.29252424031529], [-96.95277012670729, 39.292518678501324], [-96.95284558519117, 39.292517288047755], [-96.95295068807943, 39.29251450714053], [-96.95310340167772, 39.29251450714053], [-96.95388493597503, 39.29254092575458], [-96.95457933368975, 39.29258472501381], [-96.95516234030923, 39.29261183882722], [-96.95539949554427, 39.29261948631116], [-96.95548124223514, 39.29262157198847], [-96.95572917725357, 39.292627829019956], [-96.95577948290949, 39.29262921947134], [-96.95587200938378, 39.29263130514834], [-96.95603460445024, 39.29262643856857], [-96.9566804931396, 39.2925944581788], [-96.9571188709983, 39.29257777275228], [-96.95766325006055, 39.29255622073711], [-96.95786267605367, 39.29255204937856], [-96.95941586318014, 39.2925583064163], [-96.95998629338563, 39.29256873481123], [-96.95999797148431, 39.29256873481123], [-96.96099420313453, 39.29259028682253], [-96.96110649254506, 39.29259167727466], [-96.96110828917563, 39.29259167727466], [-96.96110828917563, 39.29259167727466], [-96.96102744080005, 39.299741712101834], [-96.96092503285766, 39.306785363844575], [-96.95160411346832, 39.30673462261382], [-96.94228049913316, 39.30668179608788], [-96.9354542012882, 39.306526791709324], [-96.93542365856851, 39.304714674696214]]]}}, {"type": "Feature", "properties": {"FID": 53, "AREA_ID": "87", "ACRES": 1045.49, "area_name": "87", "area_type": null, "area_syskey": 53}, "geometry": {"type": "Polygon", "coordinates": [[[-96.89325314586495, 39.30483145235077], [-96.8773421855504, 39.29680670594326], [-96.87731254114601, 39.296791411889245], [-96.87717869216867, 39.29672606452987], [-96.87704304656074, 39.29666210748079], [-96.87690650263755, 39.29660023593203], [-96.87676816208376, 39.296540449889186], [-96.87662892321471, 39.296482749357544], [-96.87648788771509, 39.29642643915429], [-96.87634595390017, 39.29637221447132], [-96.87620312176999, 39.2963200753135], [-96.87605849300923, 39.29627002168544], [-96.87591296593317, 39.29622205359163], [-96.87576654054183, 39.29617617103638], [-96.87561921683522, 39.296132374023784], [-96.87547009649805, 39.2960899673664], [-96.87532097616085, 39.296050341450254], [-96.87517005919311, 39.29601280108794], [-96.87501914222536, 39.29597734628281], [-96.87486642862703, 39.2959432818453], [-96.8747137150287, 39.29591199816359], [-96.8745601031151, 39.29588280004805], [-96.8744055928862, 39.29585568750129], [-96.87425108265731, 39.29583066052574], [-96.87409567411314, 39.29580771912362], [-96.87394026556896, 39.29578686329699], [-96.87378395870951, 39.29576878824222], [-96.87362675353478, 39.295752103572134], [-96.87346954836003, 39.29573819967735], [-96.87331234318528, 39.29572638136461], [-96.87315513801055, 39.295716648635], [-96.8729970345205, 39.29570900148934], [-96.87283893103049, 39.295703439928324], [-96.87268082754046, 39.29570065914766], [-96.87253889372553, 39.29569926875729], [-96.87011973066508, 39.29569787836687], [-96.87008289973843, 39.29569787836687], [-96.86988257543004, 39.29569926875729], [-96.86968314943694, 39.29570274473319], [-96.86948282512856, 39.29570830629424], [-96.86928339913545, 39.295716648635], [-96.86908397314234, 39.29572638136461], [-96.86888454714924, 39.29573889487215], [-96.86868512115613, 39.295753493961435], [-96.86848659347832, 39.295770178631216], [-96.86846862717263, 39.295771569020154], [-96.84965071859828, 39.29747546994743], [-96.84971000740705, 39.29174627729379], [-96.84037022339675, 39.291739324949006], [-96.83109511808692, 39.291635734929905], [-96.83109511808692, 39.2895611213409], [-96.83110679618562, 39.28806143778968], [-96.83266088162736, 39.28809759187386], [-96.83573401821477, 39.28816642363632], [-96.83799687441578, 39.28824637963913], [-96.83928955010981, 39.28828740050948], [-96.84150299897018, 39.288365965838146], [-96.84865987683975, 39.28861209027957], [-96.84885481125644, 39.28862530032401], [-96.84895093099185, 39.28863364350867], [-96.84901471137704, 39.28864268195761], [-96.84906681366353, 39.28865241567055], [-96.84908118670808, 39.28865519673115], [-96.84913778057097, 39.28866701623741], [-96.84923479862167, 39.28868926471439], [-96.84936774928374, 39.288725418474456], [-96.84941086841738, 39.28874140955467], [-96.84947195385672, 39.28876296274397], [-96.84957076853797, 39.28880467857539], [-96.84971629561403, 39.28887281437992], [-96.84974953327955, 39.28889089121489], [-96.84988068731104, 39.288962503246054], [-96.85022653869548, 39.28919332987714], [-96.85070354411143, 39.28952427275579], [-96.85225044303088, 39.29058731188405], [-96.85262953208083, 39.290847333387056], [-96.85280919513768, 39.29096900087105], [-96.85310923244262, 39.29117201128797], [-96.85320625049332, 39.29123527811269], [-96.85324487805055, 39.291261001970106], [-96.85338591355017, 39.29134790682398], [-96.85360150921838, 39.291468182963825], [-96.85362486541577, 39.29148139246951], [-96.8537829689058, 39.29155022090603], [-96.8538638172814, 39.291583592244855], [-96.85396442859322, 39.2916190492749], [-96.85410007420114, 39.29166284911078], [-96.85423571980905, 39.291696915630865], [-96.85439472161437, 39.29173167736894], [-96.8545474352127, 39.29175322963789], [-96.85468667408175, 39.29177408666606], [-96.85487442197616, 39.29178868658206], [-96.85500288106181, 39.29179285798609], [-96.85584909405956, 39.291798419857706], [-96.85791791415917, 39.291790772284095], [-96.86169802487528, 39.291790772284095], [-96.86282002066532, 39.29178938181607], [-96.86359167349445, 39.29178938181607], [-96.86377492981245, 39.29178938181607], [-96.86452412475951, 39.29179146751811], [-96.86842820298484, 39.29181927687242], [-96.86844347434467, 39.29181927687242], [-96.87537128181677, 39.29190131440326], [-96.8762767836233, 39.291913828594424], [-96.87730535462376, 39.291925647550705], [-96.87999401226949, 39.291961104407555], [-96.8819774924171, 39.29198543753424], [-96.88362410433312, 39.292006989725074], [-96.88442180830553, 39.29201880866563], [-96.88563992383096, 39.29204175130923], [-96.88696224392939, 39.292065389176614], [-96.89074504959133, 39.29210362688635], [-96.89154365187903, 39.29209945550085], [-96.8932612307025, 39.29209945550085], [-96.89472817956167, 39.292112664887405], [-96.89571991963547, 39.292116836272115], [-96.89622836608638, 39.29211961719514], [-96.89653469159829, 39.292121007656604], [-96.89707637571468, 39.29212309334874], [-96.89957728546602, 39.292125874271484], [-96.90117898161783, 39.29213977888363], [-96.90088792746573, 39.30586993077945], [-96.90072443408403, 39.30589842963557], [-96.90056004238699, 39.30592484319918], [-96.90039565068997, 39.30594917147259], [-96.90023036067767, 39.30597071936487], [-96.90006507066538, 39.30599087706454], [-96.8998988823378, 39.306008254387166], [-96.89973179569492, 39.30602354642751], [-96.89956560736734, 39.30603744827949], [-96.89939852072445, 39.306048569759064], [-96.89923143408159, 39.3060569108676], [-96.89906434743871, 39.306063861790605], [-96.89889636248057, 39.3060680323441], [-96.89872927583768, 39.306070812712946], [-96.89856129087954, 39.306070812712946], [-96.89839420423668, 39.30606872743634], [-96.89822621927851, 39.306063861790605], [-96.89805913263565, 39.30605760595994], [-96.89789204599278, 39.306048569759064], [-96.89772495934992, 39.306038143372035], [-96.89755787270705, 39.30602493661285], [-96.89739168437947, 39.30600964457281], [-96.89722549605187, 39.30599226725051], [-96.89706020603957, 39.305972109551256], [-96.89689491602728, 39.30595056165941], [-96.89672962601496, 39.30592623338645], [-96.89656613263324, 39.30589981982338], [-96.89640263925149, 39.30587201606202], [-96.89623914586979, 39.30584143191176], [-96.89607744911861, 39.30580876246375], [-96.89591575236744, 39.305774007715115], [-96.89575495393156, 39.3057371676627], [-96.89559505381098, 39.305697547207316], [-96.89543605200565, 39.3056565365369], [-96.89527794851563, 39.30561344055224], [-96.8951207433409, 39.30556825924956], [-96.89496443648142, 39.30552099262475], [-96.89480992625255, 39.30547164067359], [-96.89465541602364, 39.30542020339169], [-96.89450270242533, 39.30536668077442], [-96.89435088714231, 39.30531107281708], [-96.89420086848982, 39.30525407461491], [-96.89405174815265, 39.30519429596275], [-96.89390352613073, 39.305133127056536], [-96.89375710073939, 39.305069872790504], [-96.89361247197863, 39.305004533158936], [-96.89346874153316, 39.30493780325949], [-96.89332680771827, 39.30486829287994], [-96.89325314586495, 39.30483145235077]]]}}, {"type": "Feature", "properties": {"FID": 54, "AREA_ID": "81", "ACRES": 645.405, "area_name": "81", "area_type": null, "area_syskey": 54}, "geometry": {"type": "Polygon", "coordinates": [[[-96.94218437939774, 39.29235877616041], [-96.94218348108247, 39.29221277805198], [-96.9422274985314, 39.29020909706517], [-96.94229307554713, 39.28676613588443], [-96.94230205869997, 39.28556606561161], [-96.94230116038469, 39.285184347176056], [-96.94230924522225, 39.284893711343784], [-96.9423290081585, 39.28392375767246], [-96.94233170310436, 39.2837742654102], [-96.94233799131133, 39.283241653175466], [-96.94233978794192, 39.28317907444857], [-96.94236494076988, 39.28248514215197], [-96.94236763571573, 39.282380843116314], [-96.94239997506597, 39.28152419449399], [-96.94239189022841, 39.2811973858465], [-96.9423856020214, 39.28093871919773], [-96.94237751718384, 39.28078365781862], [-96.94236044919344, 39.280578531251656], [-96.94235505930176, 39.28051873152922], [-96.94235326267119, 39.2802044344744], [-96.9423514660406, 39.279746197967306], [-96.94235595761704, 39.27938183174647], [-96.94236044919344, 39.27895905329819], [-96.94238200876028, 39.27794242757215], [-96.96124662972942, 39.2780516008093], [-96.960888201931, 39.28531506337731], [-96.96099779639567, 39.28894790274079], [-96.96110828917563, 39.29258055365699], [-96.96110828917563, 39.29259167727466], [-96.96110828917563, 39.29259167727466], [-96.96110649254506, 39.29259167727466], [-96.96099420313453, 39.29259028682253], [-96.95999797148431, 39.29256873481123], [-96.95998629338563, 39.29256873481123], [-96.95941586318014, 39.2925583064163], [-96.95786267605367, 39.29255204937856], [-96.95766325006055, 39.29255622073711], [-96.9571188709983, 39.29257777275228], [-96.9566804931396, 39.2925944581788], [-96.95603460445024, 39.29262643856857], [-96.95587200938378, 39.29263130514834], [-96.95577948290949, 39.29262921947134], [-96.95572917725357, 39.292627829019956], [-96.95548124223514, 39.29262157198847], [-96.95539949554427, 39.29261948631116], [-96.95516234030923, 39.29261183882722], [-96.95457933368975, 39.29258472501381], [-96.95388493597503, 39.29254092575458], [-96.95310340167772, 39.29251450714053], [-96.95295068807943, 39.29251450714053], [-96.95284558519117, 39.292517288047755], [-96.95277012670729, 39.292518678501324], [-96.95237935955862, 39.29252424031529], [-96.9521251363332, 39.29252632599542], [-96.95062854306964, 39.292539535301465], [-96.95039138783459, 39.29254162098113], [-96.94568780900629, 39.29253744962174], [-96.94462600034034, 39.292545097113795], [-96.94385614414172, 39.292551354152124], [-96.94325157795544, 39.29255622073711], [-96.9427970304216, 39.2925576111899], [-96.94269013090278, 39.2925576111899], [-96.94265689323724, 39.2925583064163], [-96.94243231441618, 39.29256108732177], [-96.94232092332095, 39.29256734435868], [-96.94218437939774, 39.29256803958496], [-96.94218437939774, 39.29256108732177], [-96.94218437939774, 39.29235877616041]]]}}, {"type": "Feature", "properties": {"FID": 55, "AREA_ID": "98", "ACRES": 622.045, "area_name": "98", "area_type": null, "area_syskey": 55}, "geometry": {"type": "Polygon", "coordinates": [[[-96.82694759641957, 39.29074930400333], [-96.82527583167558, 39.29094675311833], [-96.82521025465984, 39.290878619331714], [-96.82482128414178, 39.29073678960403], [-96.82470360483951, 39.29067977953452], [-96.82458592553729, 39.290643626783464], [-96.823889731192, 39.29050249182662], [-96.82387805309331, 39.29049136787703], [-96.82385110363478, 39.29044965305039], [-96.8232680970153, 39.29088904797681], [-96.81397502539978, 39.283450248527934], [-96.81388609218665, 39.28338002149531], [-96.81371541228265, 39.28324652040743], [-96.81354293574807, 39.28311440970539], [-96.81336776426765, 39.28298438471851], [-96.81319079615665, 39.282855054812956], [-96.81301203141507, 39.28272781064061], [-96.81283147004294, 39.282602652212766], [-96.81264911204026, 39.28247888421423], [-96.81255838219653, 39.282417695459976], [-96.81213976727408, 39.28214025941511], [-96.81213797064352, 39.282079070365064], [-96.8121209026531, 39.28150681109368], [-96.81211371613084, 39.28125718498959], [-96.81212000433783, 39.28106388059868], [-96.81212898749067, 39.280859450194804], [-96.81213797064352, 39.28054098259471], [-96.8121388689588, 39.280370622694555], [-96.8121388689588, 39.280224599593275], [-96.81216492010203, 39.279994438753704], [-96.81215503863392, 39.27984285204753], [-96.81216222515619, 39.27970586744836], [-96.81215414031861, 39.27912872127145], [-96.81219995439812, 39.27850567620602], [-96.81220714092039, 39.278347827971515], [-96.81223409037892, 39.2781510387053], [-96.81225654826102, 39.277553713836916], [-96.81226553141389, 39.27730755053497], [-96.81227181962088, 39.27709893689014], [-96.81227810782785, 39.276849990461045], [-96.81230056570996, 39.27655306158015], [-96.81229607413353, 39.27623040207209], [-96.81230415897109, 39.2759911880293], [-96.81230775223224, 39.27555169963594], [-96.81230505728638, 39.275214432148054], [-96.8123149387545, 39.27443627684269], [-96.81232661685321, 39.274021813474384], [-96.812354464627, 39.272943919074514], [-96.8123841090314, 39.27146961085202], [-96.81239578713009, 39.27032282796146], [-96.81239758376066, 39.26956130924505], [-96.81239938039123, 39.26885889651698], [-96.81239309218425, 39.268734408774286], [-96.81257994176336, 39.26877196375906], [-96.812629349104, 39.26879630494214], [-96.81318001637324, 39.268961824762904], [-96.81393999110371, 39.26917602630362], [-96.81439364032225, 39.26929703597548], [-96.81486256090062, 39.26943125910273], [-96.81507097004658, 39.269493154655116], [-96.81527758256196, 39.269558527426355], [-96.81544736415067, 39.269624595590656], [-96.81558839965028, 39.2696878818791], [-96.81571057052894, 39.2697462999408], [-96.81582555488534, 39.26980819521492], [-96.8159701836461, 39.26990069029793], [-96.81608067642607, 39.26997510354683], [-96.81616691469335, 39.27004603946748], [-96.81624866138421, 39.270115584418065], [-96.81632232323751, 39.27019138833557], [-96.81641754465765, 39.27030196454523], [-96.8164777317817, 39.27039028629805], [-96.81651905428477, 39.27046748080976], [-96.81654151216688, 39.27052450733136], [-96.81654780037387, 39.27054119801182], [-96.81658463130051, 39.27065107822567], [-96.81665739483856, 39.27096333181691], [-96.81673195500716, 39.27132426463522], [-96.81699426307014, 39.27253014230372], [-96.81704097546492, 39.272728338204715], [-96.81714338340733, 39.27316367179461], [-96.81727813069995, 39.27357953106862], [-96.81737425043538, 39.273827098293836], [-96.81746587859436, 39.27404893447444], [-96.81768686415428, 39.27455171418997], [-96.81773537317964, 39.274653243265924], [-96.81778118725913, 39.274735300904716], [-96.8178449676443, 39.27483961132378], [-96.8178916800391, 39.274905674508865], [-96.81797342672996, 39.27500998467429], [-96.81803810543042, 39.27508578329709], [-96.81812434369772, 39.27516297263602], [-96.81821956511784, 39.27522973091461], [-96.81831748148385, 39.27528397196914], [-96.818387550076, 39.275313874070996], [-96.81843426247079, 39.275328477418405], [-96.81846839845159, 39.27534029917363], [-96.81856721313284, 39.27536811506036], [-96.81868040085865, 39.27539523553932], [-96.81888521674347, 39.275438350125256], [-96.81907386295316, 39.275475206121264], [-96.81926430579342, 39.27550997591099], [-96.81962812348354, 39.27557603846401], [-96.81976556572202, 39.275598986494174], [-96.82011411205232, 39.275656008839576], [-96.82030724983845, 39.275685215388755], [-96.82062345681848, 39.27573389294368], [-96.82131965116378, 39.27583611569894], [-96.82249464755556, 39.27601761287647], [-96.82446285634336, 39.276320802515116], [-96.82613462108733, 39.276569750824635], [-96.82616875706813, 39.27657461852019], [-96.82900833168162, 39.2770127097355], [-96.82974944179112, 39.277122579801095], [-96.83007822518515, 39.27716847484078], [-96.83034053324816, 39.27720324379021], [-96.83061990930157, 39.27720880682052], [-96.830874132527, 39.27720672068422], [-96.831130152383, 39.27720532992661], [-96.83113913553584, 39.27720532992661], [-96.83111128776203, 39.28646716317431], [-96.8311085928162, 39.28721320199766], [-96.83110679618562, 39.28806143778968], [-96.83109511808692, 39.2895611213409], [-96.83109511808692, 39.291635734929905], [-96.82692693516802, 39.29157246846701], [-96.82694759641957, 39.29074930400333]]]}}, {"type": "Feature", "properties": {"FID": 56, "AREA_ID": "65", "ACRES": 1596.89, "area_name": "65", "area_type": null, "area_syskey": 56}, "geometry": {"type": "Polygon", "coordinates": [[[-96.93795870430066, 39.248910914236745], [-96.93717267842693, 39.248888653127544], [-96.93675136855865, 39.24888378350897], [-96.93650702680132, 39.248881696529494], [-96.93625549852173, 39.248874044270806], [-96.93612254785968, 39.24886987031119], [-96.93510745158848, 39.24884482654821], [-96.93376087697737, 39.24882882636159], [-96.93362343473889, 39.248827435040866], [-96.93336471993703, 39.248823261078456], [-96.93343389021392, 39.24250707571195], [-96.93343568684448, 39.241673594520705], [-96.93346533124887, 39.23916474245258], [-96.93348419586984, 39.23757144261491], [-96.93351204364365, 39.23482239349933], [-96.93352731500347, 39.23292561901331], [-96.93354168804804, 39.23131269413535], [-96.93355785772314, 39.229787409239094], [-96.93358301055109, 39.227022745864865], [-96.93359828191095, 39.226059646008586], [-96.93361265495548, 39.22504294894535], [-96.93362523136948, 39.22400744768139], [-96.93363870609872, 39.222824396627104], [-96.93365757071969, 39.22265250460902], [-96.93367284207953, 39.22183270611662], [-96.93368811343936, 39.2208667512941], [-96.93369529996163, 39.220574456869464], [-96.93373931741057, 39.22039351209195], [-96.93376806349966, 39.220298167925385], [-96.93380848768743, 39.22022300600941], [-96.93385520008222, 39.22015619534983], [-96.93396299791634, 39.22005110762122], [-96.93409235531728, 39.21997524949419], [-96.93418308516098, 39.21993210079823], [-96.93428818804922, 39.219901479126946], [-96.9344040707209, 39.2198833844967], [-96.93464122595596, 39.21984580332672], [-96.93498258576396, 39.219838843848585], [-96.93513709599284, 39.219838843848585], [-96.9355152867275, 39.21984789117003], [-96.93591234208316, 39.21985554659495], [-96.93698852379366, 39.21988964802308], [-96.93802338300112, 39.21992514132867], [-96.93868723799618, 39.21994810757565], [-96.93974994497744, 39.21998360085165], [-96.94080995701285, 39.22001979005579], [-96.94161574582282, 39.22004762789242], [-96.94277726748535, 39.220085904899776], [-96.94364953162635, 39.220113046765064], [-96.9445424570189, 39.22014088456472], [-96.9452260749502, 39.220165242630365], [-96.94586028554087, 39.22018542502121], [-96.94637502019873, 39.22020630335047], [-96.94691670431514, 39.22022022223317], [-96.94722752140349, 39.22022509384148], [-96.94815368446154, 39.22021813440095], [-96.94856780780759, 39.22020143174084], [-96.94903223680954, 39.22018612096561], [-96.9506366279072, 39.220131141336104], [-96.95117921033888, 39.22011165487479], [-96.95202542333664, 39.2200886886813], [-96.95239013934203, 39.22008172922727], [-96.95272071936665, 39.2200775535545], [-96.95325611527605, 39.2200775535545], [-96.95394512309909, 39.22008172922727], [-96.9547015045684, 39.22008729679055], [-96.95666612009505, 39.22010747920381], [-96.95828398592198, 39.22012000621602], [-96.9597141038545, 39.22013183728106], [-96.96136520734694, 39.22014297239926], [-96.96167871938114, 39.220143668344086], [-96.9616634480213, 39.22281743744425], [-96.9616634480213, 39.222818133362566], [-96.96162841372522, 39.22736163696279], [-96.96162841372522, 39.227362332836044], [-96.96155924344833, 39.234616436608924], [-96.9603923318941, 39.2346108701981], [-96.9603923318941, 39.234611565999465], [-96.96038604368711, 39.23552027671067], [-96.96155385355664, 39.23552514725705], [-96.96152959904394, 39.23916543820879], [-96.96152959904394, 39.239166133965], [-96.96151073442297, 39.24189692392471], [-96.9611388318953, 39.241880922153086], [-96.9608926935074, 39.24188648798709], [-96.96067799615449, 39.24189066236234], [-96.96047138363912, 39.24189344527901], [-96.96021266883726, 39.24188996663315], [-96.95960361107453, 39.24188996663315], [-96.95957845824657, 39.24188996663315], [-96.95939340529803, 39.24189344527901], [-96.95912570734332, 39.24189066236234], [-96.95823727352719, 39.24188370507014], [-96.95808455992888, 39.24188231361161], [-96.95778272599337, 39.24187953069448], [-96.95768031805096, 39.24188022642377], [-96.95744855270763, 39.24188161788235], [-96.9571871429599, 39.2418844007994], [-96.95601843477512, 39.24187674777725], [-96.95601753645983, 39.24187674777725], [-96.95408346365284, 39.24186352891888], [-96.95277192333785, 39.24185309297629], [-96.95243146184514, 39.24185448443538], [-96.95189337098986, 39.241846135680376], [-96.9515771640098, 39.24184265703212], [-96.95018747026508, 39.241825263788456], [-96.9461163053969, 39.24180508762038], [-96.94536711044984, 39.241803000430245], [-96.94443735413064, 39.24180091324004], [-96.94386961887098, 39.24179813031968], [-96.94260479095078, 39.2417932602088], [-96.94259401116734, 39.2421425158752], [-96.94257784149225, 39.243329415561924], [-96.94255897687128, 39.245168861677634], [-96.94254819708786, 39.245694806388315], [-96.94253831561973, 39.24626944517474], [-96.94253292572805, 39.2471091328526], [-96.94252753583633, 39.24757453950533], [-96.94252843415161, 39.248277861187475], [-96.94252933246689, 39.24901943704283], [-96.94252933246689, 39.24905143732539], [-96.94042996964762, 39.24899787162679], [-96.94022156050167, 39.2489930020158], [-96.93795870430066, 39.248910914236745]]]}}, {"type": "Feature", "properties": {"FID": 57, "AREA_ID": "26", "ACRES": 855.585, "area_name": "26", "area_type": null, "area_syskey": 57}, "geometry": {"type": "Polygon", "coordinates": [[[-96.68775543975643, 39.13606222352242], [-96.68776532122457, 39.13203752094758], [-96.6868508362652, 39.13203403686025], [-96.68685442952635, 39.131429893509804], [-96.68726316298067, 39.13143128715673], [-96.68726406129595, 39.13134906194181], [-96.69028689222743, 39.1313616047774], [-96.69953864133987, 39.13136299842568], [-96.70061122978927, 39.131372057138705], [-96.70061033147397, 39.13137902537868], [-96.70060943315869, 39.13147170290515], [-96.70060853484341, 39.13151629956614], [-96.70060763652812, 39.131673084478265], [-96.70060314495171, 39.13185495453905], [-96.70059775506, 39.13203403686025], [-96.70059685674471, 39.13221520917314], [-96.70058967022244, 39.13239498739214], [-96.7005869752766, 39.13257476515218], [-96.70058338201544, 39.1327552392636], [-96.70058338201544, 39.132936409721076], [-96.70058338201544, 39.1331161860989], [-96.7005806870696, 39.133295962017776], [-96.7005806870696, 39.13334613195972], [-96.7005806870696, 39.13347504067447], [-96.70057709380846, 39.133656209280076], [-96.70057080560147, 39.1338359838203], [-96.70056541570976, 39.13401715149729], [-96.70056092413333, 39.134197621912115], [-96.70055733087221, 39.1343787886587], [-96.70055463592635, 39.13455716776916], [-96.70054924603465, 39.134737636799954], [-96.70054924603465, 39.134917408579284], [-96.70054295782765, 39.13509787668683], [-96.70054295782765, 39.13527695076105], [-96.70053846625123, 39.13545881151432], [-96.70054026288182, 39.135638581452426], [-96.70053846625123, 39.13575773104225], [-96.70053577130538, 39.13589499669401], [-96.7005348729901, 39.13605246863501], [-96.7005348729901, 39.13623293383342], [-96.70053217804424, 39.13640503727902], [-96.70053666962067, 39.13657156612351], [-96.70053577130538, 39.1367185849852], [-96.70053577130538, 39.136740881657815], [-96.70053846625123, 39.1368997452457], [-96.70054026288182, 39.13707951150496], [-96.70053936456654, 39.137259974071036], [-96.70054205951236, 39.13743834588261], [-96.70054116119708, 39.13762089781559], [-96.70054116119708, 39.13780066223363], [-96.70053936456654, 39.137979729434065], [-96.70054116119708, 39.138128138869824], [-96.70054116119708, 39.138297450661], [-96.70054116119708, 39.13841311197974], [-96.70054205951236, 39.13852180557596], [-96.70054205951236, 39.13870296119679], [-96.70054655108879, 39.13888272285211], [-96.70055104266521, 39.13906109055254], [-96.70055014434995, 39.139242244785784], [-96.70055553424163, 39.139422701808535], [-96.70055643255692, 39.13960106814095], [-96.70055463592635, 39.13978222098475], [-96.70056092413333, 39.13996407010148], [-96.70056361907919, 39.14014452527407], [-96.70056721234035, 39.140322889777714], [-96.70056451739448, 39.140503344030535], [-96.70056182244863, 39.140683797820834], [-96.70056272076391, 39.14086494787867], [-96.70056272076391, 39.141044007285416], [-96.70056092413333, 39.14122306623676], [-96.70056002581806, 39.14140421490696], [-96.70055822918751, 39.14158605983401], [-96.70056002581806, 39.14175954363691], [-96.70056631402507, 39.14194138764613], [-96.70059326348358, 39.14212323118559], [-96.70063368767138, 39.14233712317679], [-96.70068758658843, 39.14259003045816], [-96.70074148550549, 39.142833182882974], [-96.70078280800857, 39.143013630701155], [-96.70082233388106, 39.14319338134974], [-96.70085467323129, 39.143365467780924], [-96.7008825210051, 39.14354870104885], [-96.70090677551778, 39.14372775362939], [-96.70092474182347, 39.14390471565447], [-96.70093462329159, 39.144084464027664], [-96.70094899633614, 39.14426421194186], [-96.70095797948899, 39.14444326270239], [-96.70096516601124, 39.144623009700354], [-96.70097055590297, 39.144804846312674], [-96.70097953905582, 39.14498528907667], [-96.7009849289475, 39.145165034690535], [-96.70099121715451, 39.145345476531155], [-96.70099570873091, 39.14552591790925], [-96.70099930199207, 39.14570426877818], [-96.70100559019903, 39.145888192638466], [-96.70100918346019, 39.146065845910854], [-96.70101816661303, 39.146246982119074], [-96.70102175987415, 39.14642254446064], [-96.70102445482003, 39.1466029830776], [-96.70102714976586, 39.14678272456049], [-96.701030743027, 39.14696594893301], [-96.70103433628815, 39.14714499282105], [-96.70103792954927, 39.14732612625209], [-96.7010424211257, 39.147504472559525], [-96.70104421775628, 39.14768421174027], [-96.70105589585498, 39.147866040444434], [-96.70105859080081, 39.14804577870181], [-96.70106757395365, 39.14822690981468], [-96.70107386216067, 39.14840734380594], [-96.70107925205235, 39.14858499071994], [-96.70108554025936, 39.148766120445075], [-96.7010864385746, 39.148842055460435], [-96.70109093015104, 39.148946553053996], [-96.7010990149886, 39.14912698520031], [-96.70110620151088, 39.14930881017712], [-96.70111428634844, 39.149486454815715], [-96.70112416781656, 39.14966897550677], [-96.70113045602356, 39.14984383267143], [-96.70113584591525, 39.150025655796235], [-96.70114213412225, 39.15020538853837], [-96.70115201559037, 39.15038581745736], [-96.70115740548208, 39.150564852645616], [-96.70116818526552, 39.150745280643015], [-96.7011735751572, 39.15092710143884], [-96.70117986336417, 39.15110404536384], [-96.7011897448323, 39.15128656185972], [-96.70119782966988, 39.1514683812571], [-96.70120232124629, 39.15164671706791], [-96.70120950776857, 39.15182853553476], [-96.70121310102972, 39.152006870432885], [-96.70122298249784, 39.15218938458727], [-96.7012310673354, 39.1523691118034], [-96.70123196565068, 39.1525474453316], [-96.70123466059653, 39.15267840872856], [-96.70123376228125, 39.15282121428256], [-96.70122028755198, 39.15282051767081], [-96.70091486035534, 39.152807282046155], [-96.70072082425393, 39.15280101253888], [-96.7001297327969, 39.15277454127973], [-96.6993832327957, 39.152746676785654], [-96.6986591906766, 39.152725778407856], [-96.69794413171034, 39.15271323937821], [-96.69775368887008, 39.152709756314025], [-96.69769440006132, 39.15270836308831], [-96.69728207334585, 39.15270070034631], [-96.69662989644948, 39.15269443082954], [-96.6959840077601, 39.15269094776441], [-96.69534530559301, 39.15269303760351], [-96.69468684048967, 39.152696520668535], [-96.69423768284756, 39.152696520668535], [-96.69389632303954, 39.152696520668535], [-96.69317497586628, 39.15269443082954], [-96.6924221876581, 39.152697913894485], [-96.6916011274883, 39.15270488002387], [-96.69141517622445, 39.1527027901851], [-96.69092110281812, 39.15270418341095], [-96.69012160221514, 39.15270766647541], [-96.6894056449336, 39.15271602582945], [-96.68864387357254, 39.15272647502054], [-96.68802134108057, 39.152732047921845], [-96.6874041984803, 39.152743890335636], [-96.6868571244722, 39.152746676785654], [-96.68632172856279, 39.15275921580934], [-96.68572345058347, 39.1527682717695], [-96.685146732171, 39.15277732772852], [-96.68457270870437, 39.152785687074264], [-96.68403641447965, 39.15279683286704], [-96.68376242831796, 39.15281285494105], [-96.68357647705413, 39.152832360069716], [-96.68334740665667, 39.15286022452985], [-96.6831228278356, 39.152904807643125], [-96.68309318343121, 39.152911773752024], [-96.68296831760671, 39.152940334791296], [-96.68278775623456, 39.15298770429428], [-96.68262156790698, 39.15302253479083], [-96.68237722614967, 39.15307478050336], [-96.68219127488584, 39.153108914347925], [-96.68194423818267, 39.15311518382777], [-96.68189932241846, 39.15311448721892], [-96.68189932241846, 39.15310961095683], [-96.68192806850755, 39.145851965249456], [-96.68194244155208, 39.142228435470926], [-96.68194962807438, 39.140616911527815], [-96.68388909077306, 39.14062457558545], [-96.68569111123325, 39.13762368486434], [-96.68775543975643, 39.13606222352242]]]}}, {"type": "Feature", "properties": {"FID": 58, "AREA_ID": "48", "ACRES": 952.526, "area_name": "48", "area_type": null, "area_syskey": 58}, "geometry": {"type": "Polygon", "coordinates": [[[-96.85894019695266, 39.13931470634857], [-96.86828896411579, 39.139318886821044], [-96.86826381128782, 39.141473887348326], [-96.86826381128782, 39.141484338208556], [-96.86825752308083, 39.14200060877376], [-96.86825752308083, 39.14201523986821], [-96.86818206459695, 39.14612436689062], [-96.86818925111922, 39.14645459150748], [-96.86820631910965, 39.147334486245335], [-96.86822248878474, 39.14823526970093], [-96.86822428541532, 39.148722231362164], [-96.86822787867646, 39.14966688557788], [-96.86822877699174, 39.14997758765948], [-96.86824853992799, 39.15184037810061], [-96.86825213318913, 39.15294451445459], [-96.86825213318913, 39.15361047097115], [-96.86826111634198, 39.15479817066299], [-96.86826381128782, 39.15525025753605], [-96.86825931971141, 39.15608546123778], [-96.8682763877018, 39.159396921951924], [-96.86829974389921, 39.16032750212473], [-96.86831142199787, 39.16110204749282], [-96.86708971321133, 39.1611055301416], [-96.86537842259483, 39.16110970931989], [-96.8627688166941, 39.16110692320104], [-96.86187139972515, 39.1611055301416], [-96.85900307902254, 39.16110135096305], [-96.85756757119832, 39.161099261373714], [-96.85591197612948, 39.16109438566493], [-96.85445760368428, 39.16108742036613], [-96.85152280765062, 39.16108393771646], [-96.85080325710796, 39.161082544656566], [-96.85034421799772, 39.161088813425955], [-96.8500136379731, 39.16109508219478], [-96.84981870355644, 39.16110970931989], [-96.84981870355644, 39.1611090127902], [-96.84984205975381, 39.15900197889155], [-96.84984205975381, 39.159001282340995], [-96.84984116143855, 39.158207906769185], [-96.84984116143855, 39.15820721021074], [-96.84985553448308, 39.156454647370744], [-96.84985553448308, 39.15645395079497], [-96.84985553448308, 39.15512765799313], [-96.84985553448308, 39.15512696140417], [-96.84985553448308, 39.15451883664403], [-96.84985553448308, 39.15451814004907], [-96.84987260247348, 39.1535826068081], [-96.84987260247348, 39.15358191020388], [-96.84988158562632, 39.152819821059055], [-96.84988158562632, 39.15281912444728], [-96.84990224687787, 39.15145862850439], [-96.84990224687787, 39.151457235253915], [-96.84990045024729, 39.15088182044164], [-96.84987978899576, 39.14937847479472], [-96.84987080584293, 39.14897650900221], [-96.84985733111367, 39.14855851787492], [-96.84983846649268, 39.14802487892805], [-96.84980522882717, 39.14701750247272], [-96.84978277094507, 39.146494301958285], [-96.84976660126995, 39.14555587531334], [-96.84975492317126, 39.14485291798226], [-96.84973605855029, 39.14415204372366], [-96.84970910909178, 39.143157849281174], [-96.84969383773192, 39.14145995286556], [-96.84968754952494, 39.140760438286804], [-96.84969383773192, 39.13929659096485], [-96.85894019695266, 39.13931470634857]]]}}, {"type": "Feature", "properties": {"FID": 59, "AREA_ID": "31", "ACRES": 434.305, "area_name": "31", "area_type": null, "area_syskey": 59}, "geometry": {"type": "Polygon", "coordinates": [[[-96.71185544220215, 39.18847800025352], [-96.71268548552479, 39.18849262168343], [-96.71262978997716, 39.1889410107237], [-96.71261272198677, 39.189071210110924], [-96.71261002704091, 39.18922438555182], [-96.7126163152479, 39.189338570663274], [-96.71262799334662, 39.18947155430921], [-96.71264955291342, 39.189660237479764], [-96.71267201079554, 39.189829425279434], [-96.71269806193878, 39.1899916502357], [-96.7127654355851, 39.190398255347425], [-96.71277531705323, 39.190461613123865], [-96.7128058597729, 39.190643331264745], [-96.71281394461045, 39.190726879677584], [-96.71282382607858, 39.1908487209349], [-96.71283011428555, 39.19096429587522], [-96.71283280923143, 39.19102626067456], [-96.71283191091612, 39.191175950694785], [-96.71283101260084, 39.19123930777008], [-96.71280765640344, 39.191760783066115], [-96.71276633390039, 39.19305296685739], [-96.71274387601827, 39.19385500001774], [-96.71274477433356, 39.194105633502986], [-96.71275196085583, 39.194204494242996], [-96.71275824906283, 39.19429778523628], [-96.71277441873795, 39.19437506350258], [-96.71279507998948, 39.19447113906649], [-96.71281933450216, 39.19455398672991], [-96.71287682668033, 39.19471341599219], [-96.71296665820877, 39.194932717661494], [-96.71304660826905, 39.195157588186305], [-96.71309421897914, 39.19533859799302], [-96.71311038865423, 39.19540195131521], [-96.71315440610316, 39.19558504905713], [-96.71319932186738, 39.19573472936623], [-96.71321638985779, 39.19578624716628], [-96.71324064437044, 39.1958412458571], [-96.71327208540539, 39.19590320635593], [-96.71329903486392, 39.19595542021704], [-96.71335383209627, 39.19604244323261], [-96.71344995183169, 39.19618933783844], [-96.71364129298725, 39.19646989872024], [-96.7137850234327, 39.196712864931065], [-96.71385778697072, 39.196866023715266], [-96.7138829397987, 39.196918933035874], [-96.71390360105023, 39.19698437345624], [-96.7139278555629, 39.197079053105476], [-96.71393773703105, 39.1971458857222], [-96.71394312692273, 39.197215502963715], [-96.7139449235533, 39.197258665618826], [-96.71393683871574, 39.19733663679954], [-96.71392875387819, 39.1973797993802], [-96.71391617746421, 39.19741669640396], [-96.71388563474456, 39.197468909140326], [-96.71385329539432, 39.19751764099256], [-96.71382634593579, 39.197553145606506], [-96.71351642716273, 39.19788591346883], [-96.71333137421418, 39.19808014335457], [-96.71316608420186, 39.198276461188044], [-96.71304930321493, 39.19845537448047], [-96.7129073694, 39.19868928377869], [-96.71271243498333, 39.199006034712006], [-96.71258667084354, 39.19917868077324], [-96.71246629659544, 39.199298418921366], [-96.71226956554818, 39.19948359495789], [-96.71198839286423, 39.19971958927451], [-96.71130477493291, 39.20028346628995], [-96.71097239827773, 39.200575845182776], [-96.71088616001045, 39.2006496358539], [-96.71074422619554, 39.200788863324156], [-96.71065798792826, 39.20088771466054], [-96.71058612270551, 39.20098099678], [-96.71049718949239, 39.20111813519337], [-96.71043700236832, 39.20122673191959], [-96.71035615399275, 39.20138405764827], [-96.71029866181455, 39.2015225875336], [-96.70998604809564, 39.20227440325234], [-96.70965456975574, 39.203083292289726], [-96.70944256734867, 39.20360328746647], [-96.70942280441241, 39.20366384890347], [-96.70938597348577, 39.203793324903955], [-96.7093841768552, 39.20382464970693], [-96.70938327853992, 39.20391653571504], [-96.70938866843163, 39.20396526309483], [-96.7093949566386, 39.203993803401566], [-96.70940573642203, 39.20401747096421], [-96.70942639767355, 39.20406341385717], [-96.70945963533907, 39.204108660616335], [-96.708362792377, 39.20475881852187], [-96.70743483268839, 39.205251653695186], [-96.70742764616611, 39.205255830249676], [-96.70635954929314, 39.20582314325974], [-96.70564988021859, 39.20628255902656], [-96.70534445302195, 39.20677190312156], [-96.70503273761831, 39.2074415263583], [-96.7047362935745, 39.20853922132498], [-96.70437966240667, 39.209725993347156], [-96.703385227387, 39.21077075375985], [-96.703385227387, 39.210771449797576], [-96.70074507876662, 39.21072551129245], [-96.70072082425393, 39.20353994153973], [-96.70119782966988, 39.20330535228057], [-96.7018805492859, 39.202733146113076], [-96.70224975686772, 39.20225839244587], [-96.70232791029746, 39.20122673191959], [-96.70212219609736, 39.20074013374096], [-96.70118704988647, 39.19955042528731], [-96.70108464194406, 39.19861897183936], [-96.7011969313546, 39.19789774828008], [-96.70184910825094, 39.19691197128545], [-96.70232162209047, 39.19599162180463], [-96.70282917022607, 39.19400398780841], [-96.70310046144192, 39.19245909439119], [-96.7032828194446, 39.190947586257046], [-96.7033178537407, 39.189871896226904], [-96.70330348069614, 39.1897389133385], [-96.70328461607518, 39.18964143881023], [-96.70325407335551, 39.18953491292112], [-96.7033178537407, 39.189510544231], [-96.70348404206827, 39.18945623683402], [-96.703653823657, 39.189408195640176], [-96.70380923220118, 39.189368509411786], [-96.70395475927722, 39.18933717816302], [-96.70409130320041, 39.1893148981554], [-96.70422425386249, 39.18929331439127], [-96.70439044219007, 39.189274515623595], [-96.70457280019279, 39.189259894356326], [-96.70477941270816, 39.18924248808185], [-96.70507855169781, 39.18922717055674], [-96.70530582546473, 39.1892146380337], [-96.70620414074897, 39.18916590042288], [-96.70643949935344, 39.18915545664473], [-96.70671079056929, 39.18913456908376], [-96.70701531945065, 39.189103237730706], [-96.70746986698447, 39.18904196748881], [-96.70829182546957, 39.18890828677559], [-96.70834213112548, 39.18890062797704], [-96.70873649153526, 39.18884005381356], [-96.7094470589251, 39.188730045429104], [-96.709582704533, 39.188709157741734], [-96.70982435134448, 39.18867016737533], [-96.71021961006954, 39.188606111726465], [-96.71026452583375, 39.188600541667256], [-96.71056186819284, 39.1885608549828], [-96.71080171837372, 39.18853927098711], [-96.71104785676161, 39.18851838324302], [-96.71134699575127, 39.1885058505936], [-96.71151318407885, 39.18849888800961], [-96.71160930381426, 39.18849331794193], [-96.71185544220215, 39.18847800025352]]]}}, {"type": "Feature", "properties": {"FID": 60, "AREA_ID": "53", "ACRES": 881.911, "area_name": "53", "area_type": null, "area_syskey": 60}, "geometry": {"type": "Polygon", "coordinates": [[[-96.86866266327402, 39.19005431213568], [-96.86866535821989, 39.18893544069103], [-96.86866266327402, 39.187920294870395], [-96.8686527818059, 39.1868243665307], [-96.86864918854477, 39.186424007252974], [-96.86864918854477, 39.18640242260104], [-96.86864559528364, 39.18595471364849], [-96.86863751044608, 39.184822547336836], [-96.86862134077094, 39.182785855387586], [-96.86861505256397, 39.181546403711714], [-96.86860876435698, 39.179161442237195], [-96.86860876435698, 39.17909946697726], [-96.86860786604169, 39.178779840892844], [-96.86860067951943, 39.178511743819094], [-96.86858900142073, 39.17836341954422], [-96.86858181489845, 39.178293087266965], [-96.86856474690805, 39.1782137022358], [-96.86854228902595, 39.17813710255937], [-96.86851533956742, 39.17805632462838], [-96.8684704238032, 39.17794908481795], [-96.8684075417333, 39.17784254120794], [-96.86839227037348, 39.17781816846401], [-96.86834735460927, 39.17774853200622], [-96.86827998096294, 39.17764964811766], [-96.86819823427207, 39.17754171131994], [-96.86799790996369, 39.17729101876335], [-96.86791706158812, 39.177179599562386], [-96.86785597614879, 39.17708976770302], [-96.86783531489723, 39.17705912735265], [-96.86782902669026, 39.1770472890319], [-96.86779758565531, 39.176988793770626], [-96.86776614462035, 39.176933780325726], [-96.8677463816841, 39.176899658040846], [-96.86771044907273, 39.17681609319151], [-96.86766822825437, 39.17667890734851], [-96.86765295689456, 39.17659743136584], [-96.86765205857925, 39.17658420021445], [-96.86764487205697, 39.17652152630556], [-96.86763588890413, 39.176440746518395], [-96.86763409227358, 39.17636414491032], [-96.86763409227358, 39.176358573881025], [-96.86763499058885, 39.176354395608755], [-96.8676376855347, 39.17630007804677], [-96.86764307542641, 39.17624088578399], [-96.8676673299391, 39.17609603862493], [-96.86770236423517, 39.175901051593414], [-96.86770236423517, 39.175901051593414], [-96.86776165304394, 39.17567333391139], [-96.8677634496745, 39.17566428089963], [-96.86824045509043, 39.175661495357296], [-96.87036227579183, 39.17565035318692], [-96.87148247495128, 39.175652442344], [-96.87238348518136, 39.175651745958326], [-96.87455650985397, 39.17566288812847], [-96.87556082634174, 39.17566776282736], [-96.8766522794121, 39.175679601380416], [-96.87749849240986, 39.17567751222414], [-96.87790812417948, 39.17566985198391], [-96.878209958115, 39.175674726682345], [-96.87925290215999, 39.17568308330739], [-96.87962480468767, 39.17568586884886], [-96.88094173489438, 39.175693529087305], [-96.8827527385074, 39.17569770739883], [-96.88345881432082, 39.175694225472604], [-96.88366902009733, 39.17569143993146], [-96.88396007424943, 39.175694225472604], [-96.88416758508009, 39.17570676040633], [-96.88443258808894, 39.17570676040633], [-96.88474071023144, 39.17570258209533], [-96.88498056041232, 39.17569283270203], [-96.88511081612853, 39.1756886543902], [-96.88528778423954, 39.17568099415124], [-96.88537492082212, 39.17567751222414], [-96.88546744729639, 39.175680297765815], [-96.88616633658754, 39.175715813412644], [-96.88664513863404, 39.175720688107845], [-96.88718951769629, 39.175706064021156], [-96.88718951769629, 39.175706064021156], [-96.88723084019936, 39.182962022868786], [-96.89656972589438, 39.182966200748346], [-96.90127420303796, 39.18298917908156], [-96.90127689798383, 39.183888809738065], [-96.90152213805642, 39.18388811343396], [-96.90152573131755, 39.184675628969465], [-96.90153561278566, 39.18643932538906], [-96.90154100267738, 39.187554058965524], [-96.90155447740663, 39.19021375160711], [-96.9012499485253, 39.190208877916845], [-96.90020520784971, 39.19020191550158], [-96.89931946897944, 39.19020121926002], [-96.8990769238527, 39.190197738052085], [-96.89903560134962, 39.1901970418105], [-96.89889546416528, 39.19019495308564], [-96.8983870177144, 39.190190775635706], [-96.8980851837789, 39.190194256843995], [-96.89783006223817, 39.19019564932725], [-96.89737012481264, 39.190190775635706], [-96.89632807908292, 39.19018729442729], [-96.89478657005515, 39.190185901943856], [-96.89363582817603, 39.19018938315238], [-96.89253090037641, 39.190183116976925], [-96.89225062600774, 39.19018172449342], [-96.8922236765492, 39.19018102825165], [-96.89153826198732, 39.19017685080094], [-96.89095345873727, 39.19017824328454], [-96.88976498761622, 39.19016779965682], [-96.88919994730244, 39.190162925963364], [-96.88919904898717, 39.190162925963364], [-96.8886600598166, 39.19015805226956], [-96.88686522587867, 39.19014482367042], [-96.88526891961857, 39.19012950634197], [-96.88441372346799, 39.19012324016117], [-96.88392324332278, 39.19011767022224], [-96.88360613802743, 39.19011279652528], [-96.88339952551206, 39.190105137858], [-96.88267728002354, 39.19009608670467], [-96.88167655679688, 39.19006962948052], [-96.88163972587023, 39.19006893323766], [-96.88152923309026, 39.1900661482661], [-96.88031021924955, 39.19003620981478], [-96.87994101166771, 39.19002855113912], [-96.87880733777901, 39.18999652394103], [-96.87857647075097, 39.18998816901738], [-96.87822343284424, 39.189974940386264], [-96.87781200444405, 39.189961015508665], [-96.87752274692254, 39.18994987560465], [-96.87722540456346, 39.189938735698824], [-96.87704124993019, 39.18993803945467], [-96.8768517054052, 39.18994221691958], [-96.87666305919551, 39.18994639438427], [-96.87648339613868, 39.18995266058082], [-96.87620940997698, 39.189961015508665], [-96.87594440696813, 39.18997563663006], [-96.8758195411436, 39.18998259906774], [-96.8756317932492, 39.18999234647932], [-96.87535780708751, 39.19000070140246], [-96.87516466930138, 39.19001393002875], [-96.87460861214043, 39.19003620981478], [-96.87441547435434, 39.19004386848959], [-96.87404087688081, 39.190055704621734], [-96.8731452565424, 39.1900779843945], [-96.8728434226069, 39.19008007312283], [-96.87241672284688, 39.1900821618511], [-96.87168549420551, 39.19008007312283], [-96.87035059769312, 39.19008842803554], [-96.8694217396892, 39.190090516763554], [-96.86910822765502, 39.190084946822026], [-96.86888005557283, 39.190073806937626], [-96.86866266327402, 39.19005431213568]]]}}, {"type": "Feature", "properties": {"FID": 61, "AREA_ID": "100", "ACRES": 362.645, "area_name": "100", "area_type": null, "area_syskey": 61}, "geometry": {"type": "Polygon", "coordinates": [[[-96.77517139838157, 39.25478203506809], [-96.77809990620821, 39.25481751072585], [-96.78293823232913, 39.254926024391075], [-96.78448962282502, 39.25490932999196], [-96.78776667698196, 39.2549712383687], [-96.79058469202863, 39.254999062340424], [-96.79208757349919, 39.25502966869657], [-96.7930326011782, 39.25505262345493], [-96.79381323716021, 39.2550581882437], [-96.79369825280382, 39.26990764481053], [-96.7929239050288, 39.26939370447125], [-96.79284754822964, 39.269342240684345], [-96.79266429191165, 39.26921775380027], [-96.79248193390897, 39.26909187577641], [-96.79230227085212, 39.268963911144716], [-96.79212440442583, 39.26883455535563], [-96.79200852175416, 39.26874831803024], [-96.77454347599787, 39.255693962452966], [-96.7744383731096, 39.25561396929728], [-96.77432967696022, 39.25552841129936], [-96.7742218791261, 39.2554407664127], [-96.77411677623785, 39.25535103462956], [-96.77401436829544, 39.255260607135], [-96.77391285866833, 39.2551687883289], [-96.77381404398706, 39.255074882607374], [-96.77373678887263, 39.254999062340424], [-96.7747249356853, 39.25483837875144], [-96.77517139838157, 39.25478203506809]]]}}, {"type": "Feature", "properties": {"FID": 62, "AREA_ID": "32", "ACRES": 694.145, "area_name": "32", "area_type": null, "area_syskey": 62}, "geometry": {"type": "Polygon", "coordinates": [[[-96.68182386393458, 39.18831159424165], [-96.68199005226215, 39.188285832606255], [-96.68221283445266, 39.188250323309596], [-96.68235925984398, 39.18823779061236], [-96.68249849871304, 39.18823779061236], [-96.68275451856906, 39.18824684200502], [-96.68296113108443, 39.18828026252169], [-96.68320277789589, 39.18832412692573], [-96.68347676405759, 39.18837216886062], [-96.68380734408218, 39.18842786961359], [-96.68410288981069, 39.18846268256177], [-96.68440831700735, 39.188504458076864], [-96.68449275864407, 39.18851559821001], [-96.68460594636989, 39.188524649566894], [-96.685048815805, 39.18855876620931], [-96.68564439883846, 39.18859984540984], [-96.6857728579241, 39.18860750424116], [-96.68589862206392, 39.18861168178518], [-96.68654540906857, 39.188627695701626], [-96.68747157212661, 39.18864858341322], [-96.68879389222504, 39.18867852245567], [-96.68964908837563, 39.18870219517788], [-96.69021233205883, 39.188723082867334], [-96.69064981160227, 39.18874536306259], [-96.69098667983388, 39.188763465716], [-96.69143404084541, 39.188787138409616], [-96.69427092051308, 39.189016206121146], [-96.69450088922582, 39.18903361245168], [-96.69487009680765, 39.18906494383578], [-96.69500035252386, 39.18907956514358], [-96.69509287899815, 39.18909488270088], [-96.6951818122113, 39.18911437776897], [-96.69529140667596, 39.18914501286502], [-96.69540549271709, 39.18918121796133], [-96.69567049572592, 39.189284263133395], [-96.6959624481933, 39.18940541064243], [-96.69653377671408, 39.189643527551524], [-96.69666852400671, 39.18969296107773], [-96.69677542352555, 39.189732647122895], [-96.6968580685317, 39.18976328194947], [-96.69693442533085, 39.189784865569244], [-96.69705300294837, 39.189814107882256], [-96.69715451257548, 39.18983429899602], [-96.69727848008472, 39.18985309761398], [-96.69746982124026, 39.189875377450974], [-96.6981184048755, 39.189941520675454], [-96.6992287225668, 39.19004804594822], [-96.69978118646661, 39.1901114040404], [-96.70043515999355, 39.19018659818557], [-96.7009103687789, 39.19023533508855], [-96.70106937058424, 39.19025065239393], [-96.70117627010305, 39.19025970352736], [-96.70127688141488, 39.19026388097317], [-96.70136581462805, 39.19026527345504], [-96.70144845963418, 39.19026039976836], [-96.70153469790147, 39.19024995615285], [-96.70160835975479, 39.19023463884732], [-96.70168022497752, 39.19021653657283], [-96.70174849693912, 39.190197738052085], [-96.70182934531469, 39.190173369591804], [-96.70192456673483, 39.190137165006604], [-96.70212399272792, 39.190052223406596], [-96.70232162209047, 39.189961015508665], [-96.70240157215075, 39.1899241145698], [-96.70263423580937, 39.189817589109175], [-96.70298547708552, 39.18964909752806], [-96.70325407335551, 39.18953491292112], [-96.70328461607518, 39.18964143881023], [-96.70330348069614, 39.1897389133385], [-96.7033178537407, 39.189871896226904], [-96.7032828194446, 39.190947586257046], [-96.70310046144192, 39.19245909439119], [-96.70282917022607, 39.19400398780841], [-96.70232162209047, 39.19599162180463], [-96.70184910825094, 39.19691197128545], [-96.7011969313546, 39.19789774828008], [-96.70108464194406, 39.19861897183936], [-96.70118704988647, 39.19955042528731], [-96.70212219609736, 39.20074013374096], [-96.70232791029746, 39.20122673191959], [-96.70224975686772, 39.20225839244587], [-96.7018805492859, 39.202733146113076], [-96.70119782966988, 39.20330535228057], [-96.70072082425393, 39.20353994153973], [-96.69119149571867, 39.20364923063037], [-96.68569560280966, 39.20368473214548], [-96.68495628933073, 39.20300045468386], [-96.68466972675506, 39.2031696103633], [-96.68411905948581, 39.20249785803977], [-96.68302131820846, 39.20233287747096], [-96.68247604083092, 39.202468621005174], [-96.68219486814695, 39.202427549912265], [-96.6818795594822, 39.20212821749276], [-96.68184183024026, 39.19643787445785], [-96.6818041009983, 39.18917216668899], [-96.68182386393458, 39.18831159424165]]]}}, {"type": "Feature", "properties": {"FID": 63, "AREA_ID": "99", "ACRES": 736.697, "area_name": "99", "area_type": null, "area_syskey": 63}, "geometry": {"type": "Polygon", "coordinates": [[[-96.79369825280382, 39.26990764481053], [-96.79381323716021, 39.2550581882437], [-96.79427137795517, 39.25505957944084], [-96.79491277506813, 39.25507210021369], [-96.79571676724753, 39.255081142992715], [-96.79779636713054, 39.25510896692083], [-96.79793740263017, 39.25530442970462], [-96.79804879372541, 39.25545746068528], [-96.79821138879186, 39.25567448586695], [-96.79822755846698, 39.25569674482195], [-96.79830840684258, 39.255803865944095], [-96.79857340985141, 39.25613774891108], [-96.79886087074239, 39.25648762873075], [-96.79899831298086, 39.256632310133995], [-96.7991097040761, 39.256749863554255], [-96.79911599228312, 39.25675681937177], [-96.79924445136875, 39.25687506816383], [-96.79935404583343, 39.25697175379266], [-96.79944387736187, 39.25703992055875], [-96.79953640383613, 39.25712338997796], [-96.79979511863799, 39.25732580290686], [-96.80000173115336, 39.25747952505007], [-96.80013378350014, 39.257577600992484], [-96.80034937916837, 39.257729931439464], [-96.80099526785773, 39.258183442956806], [-96.80168247905019, 39.25866060068057], [-96.80180914150527, 39.2587482415421], [-96.80234813067581, 39.25910297724332], [-96.80351594054532, 39.25988825832235], [-96.803985759439, 39.26019847322463], [-96.80426872875354, 39.26038070645089], [-96.8045499014375, 39.26056224365948], [-96.8047484291153, 39.26068883254589], [-96.80490114271365, 39.260782730748], [-96.80518770528931, 39.260957311515426], [-96.8053655717156, 39.26105120935794], [-96.80539521611999, 39.261066511216654], [-96.80550750553051, 39.261133978462944], [-96.80570962646946, 39.26123970020284], [-96.80643546521912, 39.261579121553254], [-96.80681724921493, 39.26175370033726], [-96.8082841980741, 39.26242279906053], [-96.81024432202432, 39.26334714635369], [-96.81129085933046, 39.26385278489951], [-96.81152531961963, 39.26396684866143], [-96.8116142528328, 39.26401205680843], [-96.81180379735777, 39.264110123611616], [-96.81191518845301, 39.26417271937171], [-96.81199513851331, 39.26423114203069], [-96.81206969868191, 39.26429026014792], [-96.81211910602255, 39.264345900683324], [-96.81220893755096, 39.26445161757888], [-96.81227361625145, 39.26458376347409], [-96.81227810782785, 39.26460393308883], [-96.8122987690794, 39.2646887845079], [-96.81231404043922, 39.26479936939987], [-96.81232212527678, 39.26501010616377], [-96.81232392190734, 39.265175634926784], [-96.81233470169076, 39.26593928777132], [-96.81234548147417, 39.26656661748946], [-96.81235895620344, 39.267306608962926], [-96.81237602419384, 39.268079279691044], [-96.81239129555367, 39.26846943692087], [-96.81239309218425, 39.268734408774286], [-96.81239938039123, 39.26885889651698], [-96.81239758376066, 39.26956130924505], [-96.81239578713009, 39.27032282796146], [-96.8123841090314, 39.27146961085202], [-96.812354464627, 39.272943919074514], [-96.81232661685321, 39.274021813474384], [-96.8123149387545, 39.27443627684269], [-96.81230505728638, 39.275214432148054], [-96.81230775223224, 39.27555169963594], [-96.81230415897109, 39.2759911880293], [-96.81229607413353, 39.27623040207209], [-96.81230056570996, 39.27655306158015], [-96.81227810782785, 39.276849990461045], [-96.81227181962088, 39.27709893689014], [-96.81226553141389, 39.27730755053497], [-96.81225654826102, 39.277553713836916], [-96.81223409037892, 39.2781510387053], [-96.81220714092039, 39.278347827971515], [-96.81219995439812, 39.27850567620602], [-96.81215414031861, 39.27912872127145], [-96.81216222515619, 39.27970586744836], [-96.81215503863392, 39.27984285204753], [-96.81216492010203, 39.279994438753704], [-96.8121388689588, 39.280224599593275], [-96.8121388689588, 39.280370622694555], [-96.81213797064352, 39.28054098259471], [-96.81212898749067, 39.280859450194804], [-96.81212000433783, 39.28106388059868], [-96.81211371613084, 39.28125718498959], [-96.8121209026531, 39.28150681109368], [-96.81213797064352, 39.282079070365064], [-96.81213976727408, 39.28214025941511], [-96.79369825280382, 39.26990764481053]]]}}, {"type": "Feature", "properties": {"FID": 64, "AREA_ID": "28", "ACRES": 476.174, "area_name": "28", "area_type": null, "area_syskey": 64}, "geometry": {"type": "Polygon", "coordinates": [[[-96.68926640606455, 39.16460620148804], [-96.68912896382605, 39.16457625219347], [-96.68833664974535, 39.16456092929365], [-96.68741407994841, 39.16457764518421], [-96.68649959498907, 39.16459505756596], [-96.6855913982367, 39.164612469943414], [-96.68495808596131, 39.16459993303207], [-96.68410468644127, 39.16465356313709], [-96.68379117440706, 39.16466122457733], [-96.68269612807558, 39.16466749302782], [-96.68227212326141, 39.164650080664], [-96.68207449389888, 39.16464172272781], [-96.68187686453635, 39.16462639984226], [-96.68187596622104, 39.16462639984226], [-96.68186428812237, 39.16036581167343], [-96.68189932241846, 39.15311448721892], [-96.68194423818267, 39.15311518382777], [-96.68219127488584, 39.153108914347925], [-96.68237722614967, 39.15307478050336], [-96.68262156790698, 39.15302253479083], [-96.68278775623456, 39.15298770429428], [-96.68296831760671, 39.152940334791296], [-96.68309318343121, 39.152911773752024], [-96.6831228278356, 39.152904807643125], [-96.68334740665667, 39.15286022452985], [-96.68357647705413, 39.152832360069716], [-96.68376242831796, 39.15281285494105], [-96.68403641447965, 39.15279683286704], [-96.68457270870437, 39.152785687074264], [-96.685146732171, 39.15277732772852], [-96.68572345058347, 39.1527682717695], [-96.68632172856279, 39.15275921580934], [-96.6868571244722, 39.152746676785654], [-96.6874041984803, 39.152743890335636], [-96.68802134108057, 39.152732047921845], [-96.68864387357254, 39.15272647502054], [-96.6894056449336, 39.15271602582945], [-96.69012160221514, 39.15270766647541], [-96.69092110281812, 39.15270418341095], [-96.69141517622445, 39.1527027901851], [-96.6916011274883, 39.15270488002387], [-96.6924221876581, 39.152697913894485], [-96.69317497586628, 39.15269443082954], [-96.69389632303954, 39.152696520668535], [-96.69423768284756, 39.152696520668535], [-96.69468684048967, 39.152696520668535], [-96.69534530559301, 39.15269303760351], [-96.6959840077601, 39.15269094776441], [-96.69662989644948, 39.15269443082954], [-96.69728207334585, 39.15270070034631], [-96.69769440006132, 39.15270836308831], [-96.69775368887008, 39.152709756314025], [-96.69794413171034, 39.15271323937821], [-96.6986591906766, 39.152725778407856], [-96.6993832327957, 39.152746676785654], [-96.7001297327969, 39.15277454127973], [-96.70072082425393, 39.15280101253888], [-96.70091486035534, 39.152807282046155], [-96.70122028755198, 39.15282051767081], [-96.70123376228125, 39.15282121428256], [-96.70123466059653, 39.15285883130711], [-96.7012364572271, 39.152970985649794], [-96.70124903364109, 39.1532656511767], [-96.70125442353277, 39.15340915214491], [-96.70125532184805, 39.153450948488384], [-96.70126969489262, 39.15362788606745], [-96.70128945782888, 39.153803429997566], [-96.70130742413457, 39.15390234741608], [-96.70132898370137, 39.153985242892105], [-96.70137479778089, 39.154138494775516], [-96.70138378093372, 39.15416635871844], [-96.70145025626475, 39.154339114918415], [-96.70151673159579, 39.15450142176824], [-96.70152212148749, 39.15451256728924], [-96.70159578334079, 39.154704130655745], [-96.70165417383427, 39.154855987790256], [-96.70168022497752, 39.15493888214284], [-96.70169100476093, 39.15503083206674], [-96.70169639465261, 39.15512974775984], [-96.70169280139149, 39.15521124861376], [-96.70169010644564, 39.15529553572233], [-96.70167753003166, 39.15539096811184], [-96.70166495361768, 39.155497545736914], [-96.70165686878012, 39.15557138373542], [-96.7016236311146, 39.15575040573089], [-96.70159847828664, 39.15589320505054], [-96.70159219007965, 39.15593012385189], [-96.70159039344911, 39.155941269146616], [-96.70156164736, 39.156111931251395], [-96.70153200295562, 39.15628677240704], [-96.70149876529008, 39.15646579258237], [-96.70146642593987, 39.15664481230223], [-96.70143857816606, 39.15683985272371], [-96.70141073039225, 39.15700424351616], [-96.7013900691407, 39.15717768931725], [-96.70136850957387, 39.157358100359495], [-96.7013496449529, 39.157537814374066], [-96.70133706853893, 39.1577175279296], [-96.70132359380966, 39.15789724102611], [-96.70131191571097, 39.15807973990238], [-96.70130203424283, 39.15825805895783], [-96.70129305108999, 39.15843777067365], [-96.70128496625244, 39.158618875039124], [-96.70127688141488, 39.15879719272814], [-96.70126879657732, 39.15897690306683], [-96.70126520331618, 39.159158006044514], [-96.70126161005506, 39.15933841200881], [-96.70125622016334, 39.159519514055916], [-96.70125891510921, 39.15963096123779], [-96.70125442353277, 39.159722905029966], [-96.70125172858693, 39.15987893058408], [-96.70125172858693, 39.1600600312398], [-96.70124903364109, 39.16024043489102], [-96.70125352521751, 39.16041526578727], [-96.70124454206466, 39.160757960944956], [-96.70124364374936, 39.16082273850058], [-96.70046121113678, 39.160815773174875], [-96.70033365036645, 39.16080950438116], [-96.7001863266598, 39.16080602171773], [-96.69997252762215, 39.160796966792034], [-96.69960332004032, 39.16080602171773], [-96.69936526649002, 39.16081229051177], [-96.69903109320427, 39.160831793422965], [-96.69866997046, 39.160874281889335], [-96.69838969609133, 39.160932094023636], [-96.69829177972534, 39.160964134463164], [-96.69793964013392, 39.16111319196826], [-96.69778333327446, 39.16115428720619], [-96.69766026408053, 39.161181451841806], [-96.69756055108395, 39.16119398936239], [-96.69740514253981, 39.1611786657258], [-96.69712127490999, 39.16109159954549], [-96.69686435673867, 39.16100940897241], [-96.69662720150363, 39.16094602465132], [-96.69650592894027, 39.16093696974366], [-96.69636848670177, 39.16095298996414], [-96.69623912930085, 39.16098503039415], [-96.69608461907195, 39.16103935978558], [-96.69566959741063, 39.161207919938214], [-96.69532823760261, 39.161347225544624], [-96.69502730198239, 39.161453794147334], [-96.6948161978906, 39.16152135716473], [-96.69472726467747, 39.16156663131536], [-96.69466977249927, 39.16160285061488], [-96.69432481943012, 39.161900266080686], [-96.6942808019812, 39.161942753901734], [-96.69422959801, 39.16196504258449], [-96.69408586756451, 39.162011012970346], [-96.6938244578168, 39.162075092851985], [-96.69378493194428, 39.16209598845298], [-96.69373552460367, 39.16213290399953], [-96.69367354084903, 39.16215101350582], [-96.69359538741932, 39.1621663369306], [-96.6933735035441, 39.16226176000073], [-96.69335463892313, 39.16230633715698], [-96.69328816359209, 39.16234464562811], [-96.69295848188278, 39.16254315282607], [-96.69289829475873, 39.16257449601662], [-96.69286146383209, 39.16259817752915], [-96.69278420871764, 39.162639968414126], [-96.69272851317002, 39.1626643464189], [-96.69267910582938, 39.16268454533074], [-96.69262251196648, 39.16269638606945], [-96.6925713079953, 39.162709619833905], [-96.69249944277253, 39.1627326047873], [-96.69243656070265, 39.162743052490924], [-96.69230450835585, 39.162782753750456], [-96.69217874421606, 39.162819668936635], [-96.69211765877674, 39.16287469342341], [-96.6920386070317, 39.162995189934016], [-96.69202692893302, 39.1632710077594], [-96.69201255588847, 39.16338314550544], [-96.69199638621336, 39.163425632430844], [-96.69195686034085, 39.16346672631788], [-96.69184097766919, 39.163578863751894], [-96.69177001076172, 39.163676374418806], [-96.69171072195296, 39.16378433249947], [-96.69162717863152, 39.163927812014755], [-96.69162178873982, 39.16406850523585], [-96.69150770269873, 39.16432481691535], [-96.69137295540608, 39.16445227590829], [-96.69129480197635, 39.16450381663764], [-96.69104147706621, 39.16456998373486], [-96.69090313651243, 39.16461455942843], [-96.69068664252893, 39.164705103718994], [-96.69040277489911, 39.164782414521014], [-96.69015753482651, 39.16481306022081], [-96.6899293627443, 39.164820721643665], [-96.6897182586525, 39.16473365997107], [-96.68943978091438, 39.16463893674887], [-96.68926640606455, 39.16460620148804]]]}}, {"type": "Feature", "properties": {"FID": 65, "AREA_ID": "30", "ACRES": 1181.27, "area_name": "30", "area_type": null, "area_syskey": 65}, "geometry": {"type": "Polygon", "coordinates": [[[-96.68275451856906, 39.18824684200502], [-96.68249849871304, 39.18823779061236], [-96.68235925984398, 39.18823779061236], [-96.68221283445266, 39.188250323309596], [-96.68199005226215, 39.188285832606255], [-96.68182386393458, 39.18831159424165], [-96.68197028932589, 39.18206168402885], [-96.6818508133931, 39.17486343293802], [-96.68188494937388, 39.16763449687873], [-96.68187596622104, 39.16462639984226], [-96.68187686453635, 39.16462639984226], [-96.68207449389888, 39.16464172272781], [-96.68227212326141, 39.164650080664], [-96.68269612807558, 39.16466749302782], [-96.68379117440706, 39.16466122457733], [-96.68410468644127, 39.16465356313709], [-96.68495808596131, 39.16459993303207], [-96.6855913982367, 39.164612469943414], [-96.68649959498907, 39.16459505756596], [-96.68741407994841, 39.16457764518421], [-96.68833664974535, 39.16456092929365], [-96.68912896382605, 39.16457625219347], [-96.68926640606455, 39.16460620148804], [-96.68943978091438, 39.16463893674887], [-96.6897182586525, 39.16473365997107], [-96.6899293627443, 39.164820721643665], [-96.69015753482651, 39.16481306022081], [-96.69040277489911, 39.164782414521014], [-96.69068664252893, 39.164705103718994], [-96.69090313651243, 39.16461455942843], [-96.69104147706621, 39.16456998373486], [-96.69129480197635, 39.16450381663764], [-96.69137295540608, 39.16445227590829], [-96.69150770269873, 39.16432481691535], [-96.69162178873982, 39.16406850523585], [-96.69162717863152, 39.163927812014755], [-96.69171072195296, 39.16378433249947], [-96.69177001076172, 39.163676374418806], [-96.69184097766919, 39.163578863751894], [-96.69195686034085, 39.16346672631788], [-96.69199638621336, 39.163425632430844], [-96.69201255588847, 39.16338314550544], [-96.69202692893302, 39.1632710077594], [-96.6920386070317, 39.162995189934016], [-96.69211765877674, 39.16287469342341], [-96.69217874421606, 39.162819668936635], [-96.69230450835585, 39.162782753750456], [-96.69243656070265, 39.162743052490924], [-96.69249944277253, 39.1627326047873], [-96.6925713079953, 39.162709619833905], [-96.69262251196648, 39.16269638606945], [-96.69267910582938, 39.16268454533074], [-96.69272851317002, 39.1626643464189], [-96.69278420871764, 39.162639968414126], [-96.69286146383209, 39.16259817752915], [-96.69289829475873, 39.16257449601662], [-96.69295848188278, 39.16254315282607], [-96.69328816359209, 39.16234464562811], [-96.69335463892313, 39.16230633715698], [-96.6933735035441, 39.16226176000073], [-96.69359538741932, 39.1621663369306], [-96.69367354084903, 39.16215101350582], [-96.69373552460367, 39.16213290399953], [-96.69378493194428, 39.16209598845298], [-96.6938244578168, 39.162075092851985], [-96.69408586756451, 39.162011012970346], [-96.69422959801, 39.16196504258449], [-96.6942808019812, 39.161942753901734], [-96.69432481943012, 39.161900266080686], [-96.69466977249927, 39.16160285061488], [-96.69472726467747, 39.16156663131536], [-96.6948161978906, 39.16152135716473], [-96.69502730198239, 39.161453794147334], [-96.69532823760261, 39.161347225544624], [-96.69566959741063, 39.161207919938214], [-96.69608461907195, 39.16103935978558], [-96.69623912930085, 39.16098503039415], [-96.69636848670177, 39.16095298996414], [-96.69650592894027, 39.16093696974366], [-96.69662720150363, 39.16094602465132], [-96.69686435673867, 39.16100940897241], [-96.69712127490999, 39.16109159954549], [-96.69740514253981, 39.1611786657258], [-96.69756055108395, 39.16119398936239], [-96.69766026408053, 39.161181451841806], [-96.69778333327446, 39.16115428720619], [-96.69793964013392, 39.16111319196826], [-96.69829177972534, 39.160964134463164], [-96.69838969609133, 39.160932094023636], [-96.69866997046, 39.160874281889335], [-96.69903109320427, 39.160831793422965], [-96.69936526649002, 39.16081229051177], [-96.69960332004032, 39.16080602171773], [-96.69997252762215, 39.160796966792034], [-96.7001863266598, 39.16080602171773], [-96.70033365036645, 39.16080950438116], [-96.70046121113678, 39.160815773174875], [-96.70124364374936, 39.16082273850058], [-96.70123825385765, 39.161079758536665], [-96.70124005048824, 39.16113966009034], [-96.70123825385765, 39.161322150555826], [-96.70124184711881, 39.161501157918906], [-96.70124813532578, 39.16168016482648], [-96.70125711847862, 39.16186126084534], [-96.70126610163146, 39.16204165987755], [-96.7012759830996, 39.16220394895912], [-96.70128945782888, 39.162402456554084], [-96.70130562750398, 39.16258355071354], [-96.70131371234154, 39.162697779097414], [-96.70131820391796, 39.16275837578673], [-96.70133347527779, 39.16293946902991], [-96.70135144158347, 39.163119168787304], [-96.70136761125859, 39.16330095760968], [-96.70138018767258, 39.163479959937405], [-96.70139635734768, 39.16366383734062], [-96.70141162870753, 39.16383657022097], [-96.70142600175207, 39.164000944664835], [-96.70144217142719, 39.16417924871199], [-96.7014520528953, 39.16433038889803], [-96.70146193436344, 39.164420933554375], [-96.70146822257043, 39.16448083226301], [-96.70147630740799, 39.16456441177119], [-96.70149427371368, 39.164735749452475], [-96.7015104433888, 39.16491544462104], [-96.70152840969448, 39.16509583582079], [-96.7015445793696, 39.165276923046335], [-96.70156074904472, 39.165457313319045], [-96.70157961366567, 39.1656377031291], [-96.70159129176439, 39.165818788959626], [-96.70158680018795, 39.165952513581345], [-96.70158590187268, 39.16597410451205], [-96.70157063051283, 39.1660952921937], [-96.70153918947788, 39.16618374513987], [-96.70149517202896, 39.1662596613593], [-96.70147810403857, 39.166284734588054], [-96.70144666300362, 39.1663327915849], [-96.70135503484462, 39.16643935263468], [-96.70124993195637, 39.166543824095406], [-96.70115740548208, 39.16663297295251], [-96.70103523460342, 39.166757641867875], [-96.70090497888722, 39.166908776513644], [-96.70085197828543, 39.16698260253591], [-96.70079358779196, 39.16707941201372], [-96.7007513669736, 39.16717552488865], [-96.70072441751508, 39.16729531756337], [-96.70071543436224, 39.16745411218981], [-96.70072441751508, 39.16763449687873], [-96.7007396888749, 39.16781488110503], [-96.70075496023476, 39.167996657791704], [-96.70075945181117, 39.16808092958285], [-96.70076753664871, 39.16819166674164], [-96.7007855029544, 39.16835742392397], [-96.7008034692601, 39.16853641338383], [-96.70081694398934, 39.16871749175131], [-96.70083041871862, 39.1688936944844], [-96.70084299513259, 39.16907546838279], [-96.70085018165489, 39.16917227497986], [-96.70085377491601, 39.16925445601527], [-96.70086185975356, 39.16943413963946], [-96.7008654530147, 39.169613822804564], [-96.70086365638414, 39.16969809265796], [-96.70085736817714, 39.169794898398], [-96.70084119850202, 39.16996970554785], [-96.7008079608365, 39.17015217310532], [-96.70078190969328, 39.1702824072938], [-96.70076753664871, 39.17035344402223], [-96.70058248370016, 39.170309568404335], [-96.70044414314638, 39.17029772894716], [-96.70044054988526, 39.1703854801704], [-96.70046749934379, 39.17045233817175], [-96.70050433027043, 39.17049691013733], [-96.700512415108, 39.170566553777014], [-96.70048277070362, 39.17065848327578], [-96.70041000716559, 39.17084094904614], [-96.70030759922318, 39.17106032520434], [-96.70024651378385, 39.17120796845569], [-96.70021686937949, 39.17130686140355], [-96.70020339465022, 39.17140087921798], [-96.7002096828572, 39.1714865397839], [-96.70023483568517, 39.17169337828124], [-96.70021058117248, 39.17206596461178], [-96.70018363171397, 39.17232294356613], [-96.70018453002925, 39.17243645971574], [-96.70018273339868, 39.17248799459435], [-96.70016836035413, 39.1725423151012], [-96.70015129236373, 39.17257922516523], [-96.70012793616635, 39.17261195671525], [-96.70009200355496, 39.172643991834555], [-96.70005247768246, 39.17267533052408], [-96.69988449272431, 39.172744972006406], [-96.69980184771815, 39.172786756862685], [-96.69975333869282, 39.17282018472986], [-96.6997021347216, 39.172864755194674], [-96.69967788020892, 39.172901665089455], [-96.69965901558797, 39.17294623550264], [-96.69964913411984, 39.17300194847938], [-96.69964733748927, 39.17305069729782], [-96.69964913411984, 39.17310710660268], [-96.69966350716439, 39.173167694324206], [-96.69970303303688, 39.173283298337616], [-96.69979735614173, 39.17354514768937], [-96.69985754326578, 39.173717159897755], [-96.69987101799505, 39.17375128372711], [-96.6998907809313, 39.173785407539924], [-96.7000282231698, 39.17397134720864], [-96.7001989030738, 39.17419349920187], [-96.70030849753846, 39.174300048341415], [-96.70047468586606, 39.174418436084935], [-96.70064087419364, 39.17452707407414], [-96.70075226528888, 39.174596713722565], [-96.70082233388106, 39.174678192023656], [-96.70088521595098, 39.17476315220286], [-96.7009112670942, 39.174812596194315], [-96.7009283350846, 39.174864825724995], [-96.70099031883922, 39.17517750570401], [-96.70099481041564, 39.175237395251806], [-96.7010028952532, 39.17543516967513], [-96.701037031234, 39.17559603508103], [-96.7010864385746, 39.17574575796363], [-96.70109093015104, 39.17581539640507], [-96.70109991330389, 39.1758439481461], [-96.70111787960957, 39.17586762519087], [-96.70113674423055, 39.1759073190421], [-96.70112865939299, 39.17594492372264], [-96.70110889645673, 39.17596651158571], [-96.70108913352048, 39.17599993794126], [-96.70107655710649, 39.176034757044704], [-96.70107026889951, 39.17607793270905], [-96.70106487900782, 39.17630913097668], [-96.70101457335188, 39.17658071833208], [-96.70101098009076, 39.17667055084181], [-96.70101816661303, 39.17680077295837], [-96.7010424211257, 39.17705912735265], [-96.70106308237723, 39.17734255008406], [-96.70106308237723, 39.17750062565663], [-96.70107116721479, 39.17757792239314], [-96.70107296384536, 39.17798251023093], [-96.70106487900782, 39.17816008247105], [-96.70101636998247, 39.1784428044063], [-96.70097774242524, 39.178711598098346], [-96.70085916480772, 39.17942326969869], [-96.70083760524089, 39.17979024431341], [-96.70081963893522, 39.17999845107041], [-96.70082413051162, 39.18015721701254], [-96.70082682545748, 39.1803466215271], [-96.70083491029503, 39.18093990001281], [-96.70085197828543, 39.18129502910519], [-96.70084748670902, 39.18138833723579], [-96.7008205372505, 39.18157773843346], [-96.70079628273781, 39.181693328619524], [-96.70072980740677, 39.18195793194436], [-96.70071902762336, 39.18206029138442], [-96.7007235191998, 39.18218214766637], [-96.700768434964, 39.18269951227114], [-96.70077202822513, 39.18279630011222], [-96.70077023159457, 39.18286105737033], [-96.70076214675701, 39.18294670397491], [-96.7007289090915, 39.18315002720366], [-96.70072172256921, 39.183273970527146], [-96.70073160403734, 39.18339791363212], [-96.70075945181117, 39.183980025516234], [-96.70077562148629, 39.18408864873124], [-96.70079987599897, 39.18417916794885], [-96.70083041871862, 39.18422373121317], [-96.70087892774397, 39.184283613055094], [-96.70092564013875, 39.18432747995345], [-96.70098313231692, 39.18436368753145], [-96.70102355650472, 39.184387361707], [-96.7010603874314, 39.1844019839879], [-96.7011439307528, 39.184417998863495], [-96.70118615157119, 39.18443053224185], [-96.70122388081312, 39.18445908048422], [-96.70126340668561, 39.18453079918826], [-96.70129484772058, 39.18461156967998], [-96.70131461065682, 39.18467841415466], [-96.70132449212494, 39.184741777087574], [-96.70132000054853, 39.184803051078276], [-96.70130742413457, 39.18486293242667], [-96.7012705932079, 39.1849019249052], [-96.70122567744369, 39.18492281372405], [-96.7011906431476, 39.184925598899426], [-96.70115830379737, 39.18492281372405], [-96.70110440488031, 39.184910280433485], [-96.701030743027, 39.184886606434056], [-96.70096965758768, 39.18487894719723], [-96.70092384350818, 39.18487825090295], [-96.7008888092121, 39.184892176787606], [-96.70087353785226, 39.18491445819727], [-96.7008654530147, 39.18494509512402], [-96.7008780294287, 39.184975732037444], [-96.7009274367693, 39.185009154109544], [-96.70099031883922, 39.18503839840964], [-96.70108733688991, 39.18510454618634], [-96.70113404928469, 39.185156071779815], [-96.70118435494061, 39.185210382499584], [-96.70121130439914, 39.18526051543445], [-96.70124364374936, 39.18529254479079], [-96.70129305108999, 39.18532109268305], [-96.70128855951359, 39.185371921828356], [-96.7012750847843, 39.18552023131625], [-96.70126969489262, 39.185630244724805], [-96.70125711847862, 39.185687340223424], [-96.70124364374936, 39.185726332244585], [-96.70120860945329, 39.18577924995301], [-96.70119243977817, 39.185827293627455], [-96.70118704988647, 39.18588160382859], [-96.7011897448323, 39.18609675536689], [-96.70118165999476, 39.18630424716505], [-96.70116459200436, 39.18644489561951], [-96.70116459200436, 39.1866301055312], [-96.70117177852661, 39.18672340658007], [-96.70118884651704, 39.18681531495484], [-96.7012310673354, 39.18692532633634], [-96.7013155089721, 39.187055529457766], [-96.70138737419484, 39.187142563495314], [-96.70158590187268, 39.18733543053853], [-96.701646987312, 39.18738625822712], [-96.70182395542301, 39.18751715676283], [-96.70198475385887, 39.187590961148885], [-96.7021195011515, 39.18763482598312], [-96.7022398753996, 39.18763691478406], [-96.7023368934503, 39.18763691478406], [-96.70241145361888, 39.187656410256565], [-96.7024788272652, 39.18769052732045], [-96.70252823460584, 39.18775528006963], [-96.7025767436312, 39.187852757213975], [-96.70263603243994, 39.18810828594342], [-96.70268184651945, 39.188319949364605], [-96.70272406733781, 39.18844597234881], [-96.70278515277714, 39.18857199510702], [-96.70284713653174, 39.188676433685664], [-96.70293157816846, 39.18879827849798], [-96.70299625686894, 39.188879044085695], [-96.70307081703753, 39.188959809580616], [-96.70311034291004, 39.1890273461732], [-96.70315525867424, 39.18909488270088], [-96.70325407335551, 39.18953491292112], [-96.70298547708552, 39.18964909752806], [-96.70263423580937, 39.189817589109175], [-96.70240157215075, 39.1899241145698], [-96.70232162209047, 39.189961015508665], [-96.70212399272792, 39.190052223406596], [-96.70192456673483, 39.190137165006604], [-96.70182934531469, 39.190173369591804], [-96.70174849693912, 39.190197738052085], [-96.70168022497752, 39.19021653657283], [-96.70160835975479, 39.19023463884732], [-96.70153469790147, 39.19024995615285], [-96.70144845963418, 39.19026039976836], [-96.70136581462805, 39.19026527345504], [-96.70127688141488, 39.19026388097317], [-96.70117627010305, 39.19025970352736], [-96.70106937058424, 39.19025065239393], [-96.7009103687789, 39.19023533508855], [-96.70043515999355, 39.19018659818557], [-96.69978118646661, 39.1901114040404], [-96.6992287225668, 39.19004804594822], [-96.6981184048755, 39.189941520675454], [-96.69746982124026, 39.189875377450974], [-96.69727848008472, 39.18985309761398], [-96.69715451257548, 39.18983429899602], [-96.69705300294837, 39.189814107882256], [-96.69693442533085, 39.189784865569244], [-96.6968580685317, 39.18976328194947], [-96.69677542352555, 39.189732647122895], [-96.69666852400671, 39.18969296107773], [-96.69653377671408, 39.189643527551524], [-96.6959624481933, 39.18940541064243], [-96.69567049572592, 39.189284263133395], [-96.69540549271709, 39.18918121796133], [-96.69529140667596, 39.18914501286502], [-96.6951818122113, 39.18911437776897], [-96.69509287899815, 39.18909488270088], [-96.69500035252386, 39.18907956514358], [-96.69487009680765, 39.18906494383578], [-96.69450088922582, 39.18903361245168], [-96.69427092051308, 39.189016206121146], [-96.69143404084541, 39.188787138409616], [-96.69098667983388, 39.188763465716], [-96.69064981160227, 39.18874536306259], [-96.69021233205883, 39.188723082867334], [-96.68964908837563, 39.18870219517788], [-96.68879389222504, 39.18867852245567], [-96.68747157212661, 39.18864858341322], [-96.68654540906857, 39.188627695701626], [-96.68589862206392, 39.18861168178518], [-96.6857728579241, 39.18860750424116], [-96.68564439883846, 39.18859984540984], [-96.685048815805, 39.18855876620931], [-96.68460594636989, 39.188524649566894], [-96.68449275864407, 39.18851559821001], [-96.68440831700735, 39.188504458076864], [-96.68410288981069, 39.18846268256177], [-96.68380734408218, 39.18842786961359], [-96.68347676405759, 39.18837216886062], [-96.68320277789589, 39.18832412692573], [-96.68296113108443, 39.18828026252169], [-96.68275451856906, 39.18824684200502]]]}}, {"type": "Feature", "properties": {"FID": 66, "AREA_ID": "2A", "ACRES": 177.646, "area_name": "2A", "area_type": null, "area_syskey": 66}, "geometry": {"type": "Polygon", "coordinates": [[[-96.78019657408163, 39.05249275269856], [-96.78019657408163, 39.05249414790628], [-96.7811613646969, 39.05287922418226], [-96.78208752775495, 39.0534198621495], [-96.78302986048813, 39.05402327899288], [-96.78335235567516, 39.054194885615914], [-96.78408538094712, 39.054406254176016], [-96.78432163786688, 39.05446554887299], [-96.78444830032197, 39.05453181935772], [-96.78456328467834, 39.05469296101377], [-96.7846800656653, 39.055067561624405], [-96.78470342186267, 39.05514987583119], [-96.78481301632736, 39.05527125423226], [-96.78499627264534, 39.0553193869887], [-96.78683781897804, 39.05532915305121], [-96.7885293466583, 39.055194520784575], [-96.79068530334047, 39.055178476507706], [-96.79221603258482, 39.055033380273066], [-96.7935688954029, 39.05499222311376], [-96.79589104041267, 39.05513452912194], [-96.79697440864547, 39.05520707717264], [-96.79730409035479, 39.055281020301436], [-96.79753585569811, 39.055382168795624], [-96.7977254002231, 39.05553075218296], [-96.79783409637247, 39.05571351629634], [-96.79788799528954, 39.055946504976376], [-96.80009964751936, 39.056014169209455], [-96.80015713969753, 39.05620739557999], [-96.8003700404199, 39.0569740177385], [-96.800496702875, 39.05761018922497], [-96.80068175582353, 39.05827007157471], [-96.80086501214151, 39.05892925021711], [-96.80086501214151, 39.05892925021711], [-96.80086501214151, 39.058929947757385], [-96.80086680877208, 39.05939520558715], [-96.80086411382624, 39.05939660065851], [-96.80086411382624, 39.05939520558715], [-96.79965587976893, 39.05995253439372], [-96.79958491286148, 39.05997485535567], [-96.79918067098357, 39.0601011081639], [-96.79905670347433, 39.060138077175495], [-96.79875486953883, 39.060228058273765], [-96.7985392738706, 39.06026432969181], [-96.79842698446008, 39.06028386044766], [-96.79834793271507, 39.06029711345747], [-96.79834703439978, 39.06029711345747], [-96.79803891225728, 39.06027758270529], [-96.79782870648079, 39.0602650272189], [-96.7972349200779, 39.060199459642554], [-96.79670221911434, 39.06008785511729], [-96.7965728617134, 39.06006065148749], [-96.79646955545572, 39.060036237964674], [-96.79607429673065, 39.059943466500926], [-96.79550386652515, 39.05977047878429], [-96.79539696700634, 39.05973211451551], [-96.7950223695328, 39.059598885711175], [-96.79482204522442, 39.05951448408724], [-96.79448607530811, 39.05937288444195], [-96.79385186471744, 39.05913572183834], [-96.79373957530689, 39.059095264608764], [-96.7934943352343, 39.059006677145796], [-96.7929697191083, 39.058902046140915], [-96.79262476603914, 39.05887623713584], [-96.79250169684519, 39.0588664715639], [-96.79183424858901, 39.058835779757594], [-96.79124136050142, 39.05879601989776], [-96.79124136050142, 39.05879601989776], [-96.79034843510888, 39.05870812960185], [-96.79034843510888, 39.05870812960185], [-96.78947886591374, 39.058691388580684], [-96.78947617096787, 39.058691388580684], [-96.78871709455268, 39.05874858705322], [-96.78871709455268, 39.05874858705322], [-96.78850688877618, 39.05874998213735], [-96.78800562884757, 39.05875277230551], [-96.78720343329873, 39.05878555677304], [-96.78710911019388, 39.05878974202311], [-96.7868584802296, 39.05878485923134], [-96.78685668359901, 39.05878485923134], [-96.78659257890544, 39.058722777992095], [-96.78599699587201, 39.05837470351615], [-96.78550202415038, 39.05804336850302], [-96.78550202415038, 39.05804336850302], [-96.78544722691802, 39.057988262107955], [-96.78516066434237, 39.05770017354491], [-96.78476091404087, 39.05741347891697], [-96.78427582378738, 39.05699843232018], [-96.78379522511031, 39.05669220309899], [-96.78347003497741, 39.05637481150237], [-96.78309633581918, 39.05611113124488], [-96.78299931776846, 39.056042071967134], [-96.782416311149, 39.05562980760085], [-96.781800066864, 39.055253117243055], [-96.7815548267914, 39.0551205775652], [-96.78137516373455, 39.05502431174848], [-96.78102302414314, 39.05478783211983], [-96.78064842666961, 39.054506008755276], [-96.78058374796913, 39.054473919885005], [-96.7804606787752, 39.0544125324404], [-96.78025945615151, 39.05426534187292], [-96.77977975578975, 39.0540211862266], [-96.77977975578975, 39.0540211862266], [-96.77923268178162, 39.05388724905637], [-96.7787952022382, 39.053763077911206], [-96.7784646222136, 39.053689830785], [-96.77839545193672, 39.053674483758435], [-96.77816548322394, 39.05365634635914], [-96.77784568298276, 39.0536375113626], [-96.77756720524465, 39.0536270474735], [-96.77756540861408, 39.0536270474735], [-96.77728782919125, 39.05364309210285], [-96.7772725578314, 39.05364448728782], [-96.77699318177801, 39.05373308147822], [-96.77687190921463, 39.05376935623276], [-96.77682519681986, 39.0537833080565], [-96.77682429850458, 39.053784005647614], [-96.7766796697438, 39.05337451847898], [-96.77670572088705, 39.05337382088383], [-96.77677578947922, 39.0533640545509], [-96.77684675638669, 39.053334755543965], [-96.77688628225917, 39.05331033969558], [-96.77692580813168, 39.0532775526859], [-96.77696443568891, 39.053230813730885], [-96.7771135560261, 39.05311152461593], [-96.77723393027418, 39.05301176806687], [-96.77734082979302, 39.05293503216397], [-96.77737586408908, 39.052907825778384], [-96.77742347479916, 39.05287713138206], [-96.77747018719393, 39.052852017775145], [-96.77761212100886, 39.05278714091597], [-96.7778196318395, 39.05269784793701], [-96.77818165289906, 39.05254367776233], [-96.77850145314025, 39.052388112041285], [-96.77879969381463, 39.052261845441784], [-96.77943570103588, 39.05235462699822], [-96.77996301210773, 39.05243833957613], [-96.78019657408163, 39.05249275269856]]]}}, {"type": "Feature", "properties": {"FID": 67, "AREA_ID": "34", "ACRES": 640.843, "area_name": "34", "area_type": null, "area_syskey": 67}, "geometry": {"type": "Polygon", "coordinates": [[[-96.81691521132511, 39.1464538948327], [-96.81689544838886, 39.14645110813351], [-96.81679843033817, 39.14643856798589], [-96.81677866740192, 39.14643578128609], [-96.81668614092764, 39.14642463448587], [-96.81643101938693, 39.14641000430791], [-96.81603935392297, 39.146405127581225], [-96.81588484369409, 39.146401644204836], [-96.81580938521022, 39.1464037342307], [-96.81424002840865, 39.14639119407461], [-96.81395346583298, 39.14639119407461], [-96.81351418965896, 39.1463898007238], [-96.81341986655413, 39.14638840737295], [-96.81287099591546, 39.146387014022096], [-96.81254939904368, 39.14638631734665], [-96.81234458315889, 39.146382137293834], [-96.81224037858591, 39.14638144061832], [-96.8122583448916, 39.14621145159188], [-96.8123149387545, 39.145164338002985], [-96.81230505728638, 39.14261302198413], [-96.81229966739468, 39.14153937938031], [-96.81228888761126, 39.14090117783429], [-96.81228170108899, 39.14016473065068], [-96.81228349771956, 39.13961500299164], [-96.81228619266541, 39.139036007621996], [-96.81228529435013, 39.13856988153615], [-96.81241375343578, 39.13413421344068], [-96.81242183827334, 39.133516848855585], [-96.81242812648031, 39.132939893763776], [-96.81241914332747, 39.1321420434875], [-96.81241555006633, 39.1318814336658], [-96.81242453321919, 39.1318814336658], [-96.81296172575915, 39.1318807368468], [-96.81370822576037, 39.131887008217554], [-96.81465684670054, 39.1318821304848], [-96.8151715813584, 39.13188561457963], [-96.81609864273175, 39.13188979549324], [-96.81691251637926, 39.13189746050086], [-96.81817464935364, 39.13190651914513], [-96.81991378774394, 39.13191557778824], [-96.82118220892526, 39.13191697142555], [-96.82356543937438, 39.131939966437], [-96.82492638703, 39.131941360073824], [-96.82585434671864, 39.131941360073824], [-96.82735722818917, 39.131942753710625], [-96.82977549293439, 39.131939966437], [-96.82993449473969, 39.131944147347376], [-96.83007373360874, 39.13194693462082], [-96.83091276008422, 39.131962264622764], [-96.83090557356194, 39.132015222785654], [-96.83089209883269, 39.13212113899192], [-96.83086425105888, 39.132361540316374], [-96.8308390982309, 39.13260194082015], [-96.8308166403488, 39.13284234050326], [-96.83079687741255, 39.13308343617278], [-96.83077980942215, 39.133323834212156], [-96.83076633469288, 39.13356492823321], [-96.83075555490947, 39.13380602142879], [-96.83074657175663, 39.13404711379896], [-96.83074118186494, 39.13428820534367], [-96.83073938523435, 39.1345292960629], [-96.83073848691907, 39.13470628121003], [-96.83075555490947, 39.13905412307274], [-96.83075555490947, 39.139231793592685], [-96.83099989666678, 39.13923249033894], [-96.83099989666678, 39.1392485155009], [-96.83099989666678, 39.13924921224698], [-96.83100708318906, 39.14020165770333], [-96.83100708318906, 39.140202354439964], [-96.83102055791834, 39.14477140513187], [-96.83102055791834, 39.14477210182329], [-96.8310286427559, 39.146465041628296], [-96.8310286427559, 39.14646573830294], [-96.83102145623361, 39.1464664349776], [-96.8304860603242, 39.14647967179481], [-96.83006205551003, 39.14647967179481], [-96.82927423300576, 39.14647340172383], [-96.82885831302914, 39.146472705049234], [-96.82799054046457, 39.14647340172383], [-96.82797796405058, 39.14647340172383], [-96.82795191290737, 39.14647409839841], [-96.82730602421799, 39.14648106514385], [-96.82645172638267, 39.14647758177121], [-96.82577439665835, 39.14648176181835], [-96.82543483348088, 39.14648176181835], [-96.82525337379349, 39.14647758177121], [-96.82509437198817, 39.14647409839841], [-96.82482308077232, 39.146476188422106], [-96.82447273781148, 39.1464699183508], [-96.82407837740169, 39.14647479507298], [-96.82346482806255, 39.146465041628296], [-96.823358826859, 39.14646364827894], [-96.82321779135938, 39.146465041628296], [-96.82294739845881, 39.14646713165227], [-96.82280276969806, 39.14646713165227], [-96.82253776668921, 39.14645598485701], [-96.82241559581055, 39.14646016490543], [-96.82220988161046, 39.14647131170003], [-96.82203291349947, 39.14648176181835], [-96.82185953864959, 39.14649987535311], [-96.82170053684429, 39.146515202186585], [-96.8214202624756, 39.146549339212775], [-96.82116154767375, 39.146567452730146], [-96.82079503503778, 39.146577902834196], [-96.8202740121729, 39.146575812813495], [-96.81974670110105, 39.14657999285482], [-96.81913405007721, 39.146578599507755], [-96.81825998930564, 39.14656536270915], [-96.81777130579101, 39.14655839597202], [-96.8175045061516, 39.146543765821875], [-96.81748474321532, 39.14654167580018], [-96.8173670639131, 39.14652704564652], [-96.81726016439427, 39.14650126870175], [-96.81716494297413, 39.14648176181835], [-96.81691521132511, 39.1464538948327]]]}}, {"type": "Feature", "properties": {"FID": 68, "AREA_ID": "97", "ACRES": 952.298, "area_name": "97", "area_type": null, "area_syskey": 68}, "geometry": {"type": "Polygon", "coordinates": [[[-96.77353107467252, 39.2547862086758], [-96.7734412431441, 39.254687433226316], [-96.77335410656154, 39.25458726643122], [-96.77326876660953, 39.25448640388877], [-96.7731861216034, 39.25438345438547], [-96.77310617154308, 39.25427980912471], [-96.77302801811335, 39.25417546810345], [-96.77295255962947, 39.25406973571017], [-96.77287979609144, 39.25396261193856], [-96.77283667695782, 39.25389652901086], [-96.77147662761747, 39.251799928844754], [-96.77141823712398, 39.251709496770395], [-96.77129876119118, 39.25152445847016], [-96.77123228586017, 39.25142220025266], [-96.77112808128717, 39.25125524774035], [-96.77102567334478, 39.25108690355464], [-96.77092506203294, 39.25091716768547], [-96.77082804398225, 39.25074743140548], [-96.76937816311346, 39.24814568455498], [-96.76930180631432, 39.248009333662466], [-96.76920299163304, 39.247840286014466], [-96.76910148200592, 39.247671237958976], [-96.76899817574824, 39.24750358084302], [-96.7688921745447, 39.24733661900146], [-96.76878347839529, 39.24717104811605], [-96.76867208730006, 39.24700617251822], [-96.76855800125895, 39.246841992212865], [-96.76844211858727, 39.24667920288654], [-96.76832354096977, 39.246517804548986], [-96.7682022684064, 39.24635710152488], [-96.76807830089716, 39.24619778950553], [-96.76795253675736, 39.24603986850037], [-96.76782407767173, 39.24588264282919], [-96.76769292364024, 39.245726808187875], [-96.76767226238869, 39.24570245899389], [-96.76337741701472, 39.240668255533244], [-96.76343041761649, 39.24064181735853], [-96.76440508969989, 39.24013949014558], [-96.76468356743803, 39.23999616620921], [-96.76503121545302, 39.2398215332502], [-96.76524231954481, 39.239726911226285], [-96.7653564055859, 39.239689340681394], [-96.76545701689774, 39.239662206386434], [-96.765562119786, 39.23964063809324], [-96.76568518897994, 39.23962394005524], [-96.76586664866737, 39.239603763254], [-96.76633826419157, 39.239564801138684], [-96.7665942840476, 39.23954949458742], [-96.76733180089596, 39.23949870464352], [-96.76760129548123, 39.23947435328747], [-96.76807380932073, 39.23941799725973], [-96.76844481353314, 39.23940060341486], [-96.76875832556733, 39.23937694777889], [-96.7688858863377, 39.23935955392384], [-96.76892900547135, 39.239355379397985], [-96.76907004097096, 39.23934285581892], [-96.76947428284888, 39.23942843356457], [-96.7696099284568, 39.23945417644324], [-96.7698156426569, 39.23949244286705], [-96.77025132556975, 39.239585673703175], [-96.77127271004794, 39.23982362049929], [-96.77160778164897, 39.239894586931385], [-96.77222402593394, 39.2400079939238], [-96.7726830650442, 39.24007617718068], [-96.77312144290292, 39.24012974969315], [-96.77360473652584, 39.2401673200022], [-96.77411857286842, 39.24018958387952], [-96.77484890319451, 39.240223675428034], [-96.77496837912732, 39.240225762665155], [-96.7750204814138, 39.240227154156536], [-96.77504563424176, 39.240223675428034], [-96.77508695674484, 39.240217413716266], [-96.77537621426636, 39.24011235602477], [-96.77552263965771, 39.24013322842634], [-96.77614696878025, 39.24022297968231], [-96.77670482257177, 39.2402368945954], [-96.77917878286458, 39.24025707121455], [-96.78080293689848, 39.24028350953427], [-96.78441236771057, 39.24034195210042], [-96.78971332620291, 39.24039900312992], [-96.79159709335399, 39.24040874354497], [-96.79290953198426, 39.24041500523963], [-96.79382581357419, 39.24042474565245], [-96.79388150912179, 39.2407211318528], [-96.79391295015675, 39.24095698758227], [-96.79399559516291, 39.24150870599982], [-96.79405398565639, 39.24181274065032], [-96.79405847723282, 39.241836395464915], [-96.79407824016904, 39.24191918725313], [-96.79411057951928, 39.24205624571295], [-96.79411507109572, 39.24207155171723], [-96.79416178349051, 39.242225307302135], [-96.79429922572898, 39.242606564040585], [-96.79441151513952, 39.242922421155846], [-96.7944133117701, 39.24292729118835], [-96.79447709215526, 39.24312417936172], [-96.79457950009767, 39.24338020273233], [-96.79471424739032, 39.24376841029959], [-96.79483911321479, 39.24415661571826], [-96.79502147121751, 39.244697177749245], [-96.79518765954509, 39.245188341181695], [-96.79531522031546, 39.24557236458566], [-96.79544547603167, 39.24594942899804], [-96.7955586637575, 39.24627431497486], [-96.79569610599597, 39.246645114475506], [-96.79577246279514, 39.246862862611984], [-96.79584253138731, 39.247054174314556], [-96.79590541345722, 39.247240615762564], [-96.79593326123103, 39.247338706026916], [-96.79596021068956, 39.24743540480574], [-96.7959799736258, 39.247484101981996], [-96.79603477085816, 39.247623236584964], [-96.79613717880054, 39.24795298449177], [-96.79629168902945, 39.24848099531604], [-96.79633570647837, 39.24866186767503], [-96.79637972392727, 39.24886500069129], [-96.79644889420419, 39.249240656089015], [-96.79655669203828, 39.24986604829683], [-96.7966977275379, 39.25066395439576], [-96.79682259336242, 39.25133733277525], [-96.79696632380791, 39.25215261282043], [-96.79705076544464, 39.25270841690545], [-96.79716934306214, 39.25344090291934], [-96.79722144534864, 39.253732364836644], [-96.79728253078795, 39.25400713092847], [-96.79735259938013, 39.25426867942318], [-96.79747656688936, 39.2545782235885], [-96.79770743391741, 39.254986541554516], [-96.79779636713054, 39.25510896692083], [-96.79571676724753, 39.255081142992715], [-96.79491277506813, 39.25507210021369], [-96.79427137795517, 39.25505957944084], [-96.79381323716021, 39.2550581882437], [-96.7930326011782, 39.25505262345493], [-96.79208757349919, 39.25502966869657], [-96.79058469202863, 39.254999062340424], [-96.78776667698196, 39.2549712383687], [-96.78448962282502, 39.25490932999196], [-96.78293823232913, 39.254926024391075], [-96.77809990620821, 39.25481751072585], [-96.77517139838157, 39.25478203506809], [-96.7747249356853, 39.25483837875144], [-96.77373678887263, 39.254999062340424], [-96.77373139898093, 39.25499349754696], [-96.77371792425166, 39.25498028116073], [-96.77362360114681, 39.25488428838585], [-96.77353107467252, 39.2547862086758]]]}}, {"type": "Feature", "properties": {"FID": 69, "AREA_ID": "91", "ACRES": 1439.76, "area_name": "91", "area_type": null, "area_syskey": 69}, "geometry": {"type": "Polygon", "coordinates": [[[-96.74041108845772, 39.22926899966142], [-96.74041108845772, 39.229268303807075], [-96.7410399091567, 39.21997107381512], [-96.74104350241782, 39.219760201697746], [-96.74104170578727, 39.21973723538927], [-96.74103721421083, 39.219668336418835], [-96.74103811252611, 39.219567423663285], [-96.74105607883179, 39.21938160462362], [-96.74112345247812, 39.21868634475276], [-96.74113962215324, 39.21848034050576], [-96.74114231709908, 39.21843927877617], [-96.74114770699082, 39.21809616880876], [-96.74111626595587, 39.21797576673915], [-96.7410506889401, 39.21785397252804], [-96.7409707388798, 39.21775096925889], [-96.74086563599155, 39.21765840538134], [-96.74072819375304, 39.217574888996104], [-96.74056470037134, 39.21749276445373], [-96.74033293502798, 39.21738488884958], [-96.74022513719387, 39.217334778835145], [-96.74006883033442, 39.217254045958875], [-96.73998259206714, 39.21719906403311], [-96.7399206083125, 39.21714756193701], [-96.73983975993693, 39.21707796444982], [-96.73983077678409, 39.21706682884548], [-96.73979753911857, 39.217029942143434], [-96.73977777618232, 39.21700349506212], [-96.73975082672379, 39.2169666083268], [-96.739716690743, 39.216901186522165], [-96.73968435139275, 39.21682741292467], [-96.73966997834822, 39.216751551314324], [-96.73966279182595, 39.216609571566444], [-96.73966369014123, 39.216578252465744], [-96.73966818171763, 39.21643418442265], [-96.73967087666351, 39.21641608889875], [-96.73968524970805, 39.216308907623116], [-96.7397113008513, 39.2161968542964], [-96.73972657221113, 39.21615579123129], [-96.73976250482248, 39.21605835335351], [-96.73981191216312, 39.215983882884345], [-96.73981730205482, 39.21594629962691], [-96.74003469435362, 39.21597483506495], [-96.74043713960094, 39.21601520225015], [-96.74075873647271, 39.21605069751453], [-96.74123484357337, 39.216105680339595], [-96.74152859267132, 39.21613978358921], [-96.74182413839983, 39.216171798869695], [-96.74219244766637, 39.21621216594166], [-96.74258501144558, 39.21625114102362], [-96.742949727451, 39.216282460270214], [-96.74302428761959, 39.21628942010091], [-96.74309705115762, 39.216300555828546], [-96.74319406920831, 39.21631377950286], [-96.74329018894372, 39.216331179070494], [-96.74338541036386, 39.21635275452839], [-96.74349859808967, 39.21638755364006], [-96.74360998918492, 39.216426528624645], [-96.74371868533431, 39.21647037545645], [-96.74381211012388, 39.216510742356746], [-96.74397380687503, 39.2165859082472], [-96.74453974550411, 39.21687891525563], [-96.74466640795919, 39.21693946524506], [-96.7447975619907, 39.21699514335015], [-96.7449215294999, 39.21703829385124], [-96.7450598700537, 39.21708562017677], [-96.74517754935592, 39.21712041892522], [-96.74530331349573, 39.21714895388605], [-96.74543356921194, 39.21717540091256], [-96.7455269940015, 39.217185144551394], [-96.7456006558548, 39.21719071234444], [-96.74569228401378, 39.21719697611102], [-96.74579020037977, 39.21720184792911], [-96.74588811674575, 39.21720254390313], [-96.74598603311175, 39.2171983680591], [-96.74610910230568, 39.21719071234444], [-96.7464100379259, 39.21716148142616], [-96.74644866548313, 39.21715800155413], [-96.74667953251117, 39.21713503439442], [-96.74727511554464, 39.217072396647865], [-96.74776110411341, 39.21702924616772], [-96.74791381771173, 39.217018110555664], [-96.74809437908385, 39.21700558298994], [-96.74819948197212, 39.217000711158235], [-96.7482982966534, 39.21700279908615], [-96.74838633155123, 39.21700767091773], [-96.74847077318796, 39.217014630676516], [-96.74856150303168, 39.217029942143434], [-96.74868277559504, 39.21705569323933], [-96.74880674310427, 39.21709675577816], [-96.74890555778553, 39.21713225049574], [-96.74900077920567, 39.217172617015514], [-96.74907623768955, 39.21720880766866], [-96.74914900122756, 39.21724847817089], [-96.74930261314117, 39.21733617078047], [-96.7496089386531, 39.21752199523405], [-96.75002036705328, 39.2177697604071], [-96.75025392902718, 39.21790269023785], [-96.75041652409364, 39.21799177396261], [-96.75052432192773, 39.21803909964544], [-96.750635713023, 39.21808085757438], [-96.75073812096541, 39.21810660828482], [-96.75084232553837, 39.21812609530267], [-96.7509483267419, 39.218139318633135], [-96.75106690435943, 39.218146278279754], [-96.75123309268702, 39.21815184599655], [-96.75174513239902, 39.21815950160642], [-96.7520775090542, 39.2181643733577], [-96.75236946152158, 39.21816506932215], [-96.75269644828505, 39.21816785317986], [-96.75356691579549, 39.218174812823655], [-96.75401337849176, 39.218180380538186], [-96.75472753914273, 39.21818873210912], [-96.75542103854215, 39.218194995786725], [-96.75616125033638, 39.218206131212135], [-96.75650171182912, 39.21820961103221], [-96.75663106923005, 39.21821169892417], [-96.75693380148084, 39.21821517874399], [-96.75745482434569, 39.21822005049142], [-96.7582408502194, 39.218228402057655], [-96.7586001763331, 39.218234665731686], [-96.75882206020832, 39.21823536169545], [-96.75901609630972, 39.218233273804195], [-96.75947603373524, 39.21823048994906], [-96.75981919017383, 39.218226314166195], [-96.76003029426562, 39.21822561820236], [-96.76023870341156, 39.218224226274664], [-96.76047585864661, 39.21822283434694], [-96.76084237128256, 39.218224226274664], [-96.76112803554298, 39.21822213838308], [-96.76157719318509, 39.21822005049142], [-96.7619185529931, 39.21822283434694], [-96.76230213361947, 39.21822213838308], [-96.76272074854194, 39.218219354527534], [-96.76327680570289, 39.21822144241919], [-96.76359121605236, 39.21822005049142], [-96.76396311858002, 39.21822144241919], [-96.76509858909932, 39.2182235303108], [-96.76619363543082, 39.218233273804195], [-96.76760219379652, 39.21824858500532], [-96.76858854397862, 39.218261808312704], [-96.76983091401674, 39.21828129528748], [-96.77117748862781, 39.218299390330664], [-96.77156645914589, 39.2183091338135], [-96.77238392605454, 39.21832096518372], [-96.77329751269862, 39.21833627636571], [-96.77457132377168, 39.218350891581835], [-96.77564750548221, 39.21836411486993], [-96.7769653340042, 39.21838151392946], [-96.77700845313784, 39.218382209891764], [-96.77717913304186, 39.21841561607364], [-96.77727974435368, 39.21841283222575], [-96.7771189459178, 39.21887007776038], [-96.77695635085136, 39.21913593300347], [-96.77690604519543, 39.2192222313476], [-96.77642185325723, 39.22005737113264], [-96.7757615915233, 39.22123698915149], [-96.77566906504903, 39.221402621245], [-96.77557474194418, 39.221574516323706], [-96.77546424916423, 39.22182435497913], [-96.77541843508475, 39.22195101379069], [-96.77541394350831, 39.22196423640069], [-96.77538968899563, 39.22203104533951], [-96.7753519597537, 39.22217301412336], [-96.77531872208816, 39.22235534615987], [-96.77529895915194, 39.222518887850754], [-96.7752836877921, 39.22282648438182], [-96.77528458610738, 39.22308188590712], [-96.77528458610738, 39.22310624295226], [-96.7752711113781, 39.22527746559113], [-96.77525584001827, 39.226603826886695], [-96.77524236528902, 39.22840961427457], [-96.77521631414578, 39.23123823984849], [-96.77520194110122, 39.232975022080566], [-96.7752208057222, 39.23513550247861], [-96.77525224675715, 39.23706770186258], [-96.77526392485584, 39.23751369351332], [-96.7752711113781, 39.23836879282103], [-96.77524236528902, 39.239756132747296], [-96.7752495518113, 39.23985005898236], [-96.77528009453097, 39.23992589562859], [-96.77528997599907, 39.239952334073116], [-96.77529626420606, 39.23996485754338], [-96.77533040018687, 39.24003651958014], [-96.77537621426636, 39.24011235602477], [-96.77508695674484, 39.240217413716266], [-96.77504563424176, 39.240223675428034], [-96.7750204814138, 39.240227154156536], [-96.77496837912732, 39.240225762665155], [-96.77484890319451, 39.240223675428034], [-96.77411857286842, 39.24018958387952], [-96.77360473652584, 39.2401673200022], [-96.77312144290292, 39.24012974969315], [-96.7726830650442, 39.24007617718068], [-96.77222402593394, 39.2400079939238], [-96.77160778164897, 39.239894586931385], [-96.77127271004794, 39.23982362049929], [-96.77025132556975, 39.239585673703175], [-96.7698156426569, 39.23949244286705], [-96.7696099284568, 39.23945417644324], [-96.76947428284888, 39.23942843356457], [-96.76907004097096, 39.23934285581892], [-96.76892900547135, 39.239355379397985], [-96.7688858863377, 39.23935955392384], [-96.76875832556733, 39.23937694777889], [-96.76844481353314, 39.23940060341486], [-96.76807380932073, 39.23941799725973], [-96.76760129548123, 39.23947435328747], [-96.76733180089596, 39.23949870464352], [-96.7665942840476, 39.23954949458742], [-96.76633826419157, 39.239564801138684], [-96.76586664866737, 39.239603763254], [-96.76568518897994, 39.23962394005524], [-96.765562119786, 39.23964063809324], [-96.76545701689774, 39.239662206386434], [-96.7653564055859, 39.239689340681394], [-96.76524231954481, 39.239726911226285], [-96.76503121545302, 39.2398215332502], [-96.76468356743803, 39.23999616620921], [-96.76440508969989, 39.24013949014558], [-96.76343041761649, 39.24064181735853], [-96.76337741701472, 39.240668255533244], [-96.75932332013691, 39.235916181448516], [-96.7592433700766, 39.23582224994661], [-96.75912928403554, 39.23568796246991], [-96.75906101207393, 39.23560864228519], [-96.75896399402322, 39.23550079452179], [-96.75886517934195, 39.23539364238625], [-96.75876366971484, 39.23528788167639], [-96.75866036345714, 39.23518351239854], [-96.7585552605689, 39.23508053455892], [-96.75844746273478, 39.23497894816364], [-96.75833696995483, 39.23487875321871], [-96.7582246805443, 39.23477994973016], [-96.75811059450318, 39.234682537703804], [-96.75799381351624, 39.23458651714549], [-96.757876134214, 39.234492583863485], [-96.75775575996592, 39.23439934625917], [-96.75763269077197, 39.23430889174854], [-96.75750872326273, 39.23421913292657], [-96.75738206080767, 39.23413146140821], [-96.7572545000373, 39.2340451813943], [-96.75712424432109, 39.23396029288999], [-96.75699219197429, 39.23387749170896], [-96.75685834299695, 39.233796082049174], [-96.75672359570432, 39.2337167597257], [-96.75658615346582, 39.233639524745634], [-96.75658076357412, 39.233636045690474], [-96.75644781291204, 39.23356368130409], [-96.75630767572771, 39.233489925218095], [-96.7561657419128, 39.233417560681005], [-96.7560229097826, 39.233347283511065], [-96.75587738270656, 39.23327909371453], [-96.75573095731522, 39.23321229548226], [-96.75558363360861, 39.2331475846341], [-96.75543451327141, 39.23308496117582], [-96.75528449461895, 39.233024425113044], [-96.75519556140581, 39.23299033006615], [-96.7551326793359, 39.23296597645115], [-96.75497906742231, 39.23290891937709], [-96.75482545550871, 39.23285394971308], [-96.75467004696453, 39.23280176328334], [-96.75451374010505, 39.23275096845446], [-96.75435653493032, 39.23270226104977], [-96.75419753312502, 39.232655641073634], [-96.75403853131972, 39.232611108530165], [-96.75387773288384, 39.23256866342338], [-96.75373849401478, 39.23253317651111], [-96.74041108845772, 39.22926899966142]]]}}, {"type": "Feature", "properties": {"FID": 70, "AREA_ID": "86", "ACRES": 699.441, "area_name": "86", "area_type": null, "area_syskey": 70}, "geometry": {"type": "Polygon", "coordinates": [[[-96.90088792746573, 39.30586993077945], [-96.90117898161783, 39.29213977888363], [-96.90225785827421, 39.29214812164957], [-96.90322444552005, 39.292152293032174], [-96.90424672831352, 39.29215159780175], [-96.90530584203366, 39.292152293032174], [-96.90553311580055, 39.29215507395377], [-96.90552053938659, 39.2956589474244], [-96.91032922110314, 39.29570691590402], [-96.93045956830778, 39.295900179880185], [-96.9305556880432, 39.29238936620169], [-96.93096981138923, 39.29239770893791], [-96.93278710320926, 39.29243594646616], [-96.93278710320926, 39.29243664169376], [-96.93278710320926, 39.294420097914184], [-96.93279428973153, 39.296363872208694], [-96.9328077644608, 39.298894312963455], [-96.93281135772193, 39.30041114321686], [-96.93280956109137, 39.3017993408167], [-96.93278800152454, 39.30225604277165], [-96.93274757733674, 39.30252644785193], [-96.93268469526686, 39.30280797388213], [-96.93262899971924, 39.30301442558461], [-96.93248347264318, 39.303413424792346], [-96.93235770850339, 39.30369564237083], [-96.93224541909285, 39.303917383955586], [-96.93204509478447, 39.304243391467615], [-96.93182500753984, 39.30454645892275], [-96.93148634267767, 39.30492459629271], [-96.93119708515616, 39.30520055187061], [-96.93099316758662, 39.30537432686512], [-96.93060868864497, 39.30566140221092], [-96.9300427500159, 39.306027716983394], [-96.92999693593639, 39.30604995994389], [-96.92098324037428, 39.303466253785224], [-96.92085298465808, 39.30342941251809], [-96.92068769464576, 39.30338492492435], [-96.92052150631818, 39.3033425226603], [-96.92035441967532, 39.30330220572963], [-96.92018643471718, 39.30326466925609], [-96.92001755144373, 39.30322852300325], [-96.919847769855, 39.3031944620941], [-96.91967798826627, 39.303163181652714], [-96.91950730836226, 39.3031332914401], [-96.91933573014298, 39.30310618170137], [-96.91916325360842, 39.30308115731781], [-96.91899077707382, 39.3030582182917], [-96.91881830053927, 39.30303736462507], [-96.91864492568939, 39.3030185963198], [-96.91861078970861, 39.30301512070715], [-96.91579906286891, 39.303024157299646], [-96.91567958693611, 39.30303736462507], [-96.91550621208624, 39.3030582182917], [-96.91533373555167, 39.30308185243972], [-96.91516215733238, 39.303106876823016], [-96.91499057911308, 39.30313398656149], [-96.91481989920909, 39.30316387677377], [-96.91465011762037, 39.30319585233561], [-96.91463394794525, 39.30319863281855], [-96.90104064106406, 39.30584143191176], [-96.90088792746573, 39.30586993077945]]]}}, {"type": "Feature", "properties": {"FID": 71, "AREA_ID": "101", "ACRES": 502.079, "area_name": "101", "area_type": null, "area_syskey": 71}, "geometry": {"type": "Polygon", "coordinates": [[[-96.92344821751425, 39.260609540632814], [-96.92192557310746, 39.26061510498051], [-96.92124734506787, 39.26054555060245], [-96.92071913568071, 39.26043287236356], [-96.92032567358623, 39.26024159716063], [-96.92017295998791, 39.25989451827789], [-96.92025740162461, 39.259550915446766], [-96.92041191185352, 39.25931234002076], [-96.92015858694334, 39.25889430940116], [-96.91979566756852, 39.25866964299674], [-96.91969505625667, 39.25807006535249], [-96.91905276082845, 39.25728893736541], [-96.91814546239135, 39.256658742281175], [-96.91781937394319, 39.256456327426356], [-96.91770079632566, 39.256183657694685], [-96.91770169464094, 39.255604926587], [-96.91825236191019, 39.254114254632036], [-96.91828829452156, 39.253289954385764], [-96.91826314169359, 39.25282249880099], [-96.91825326022547, 39.25260685603739], [-96.91829458272852, 39.252300085672886], [-96.91828829452156, 39.25170323608399], [-96.91815444554419, 39.251411765732286], [-96.91795591786638, 39.251168293149426], [-96.9177672716567, 39.251121685444296], [-96.91759210017626, 39.25116759751227], [-96.91734147021195, 39.2510834253647], [-96.91729026624076, 39.25092273280245], [-96.9173055376006, 39.250670215174935], [-96.91735404662595, 39.2503884795586], [-96.91746184446005, 39.25019926389204], [-96.91774032219816, 39.24990917858835], [-96.91786608633795, 39.24925943880609], [-96.91787327286023, 39.248655606716554], [-96.91787417117551, 39.24863056287704], [-96.91788225601307, 39.24863056287704], [-96.91888657250085, 39.24863891082454], [-96.92257236011213, 39.248663258999066], [-96.92327663929497, 39.248663954661076], [-96.92408152978966, 39.248672998266514], [-96.92518466095869, 39.24868273753257], [-96.92561854724099, 39.248686911503356], [-96.92606231499141, 39.24869456378245], [-96.92645847203175, 39.24869943341416], [-96.9270711230556, 39.24870986833813], [-96.92761999369431, 39.24871821627619], [-96.92820210199848, 39.24872308590626], [-96.92850124098814, 39.24872169458341], [-96.92982715434769, 39.2487446514068], [-96.93062665495064, 39.248760651612585], [-96.9313264425571, 39.24877873879736], [-96.93208192571113, 39.248797521638146], [-96.93315271752994, 39.24881839145532], [-96.9331383444854, 39.24947648317169], [-96.93312846301728, 39.25006917782511], [-96.93312486975613, 39.25046430481111], [-96.93308264893778, 39.25375810246564], [-96.93303234328187, 39.25953839547374], [-96.93301707192204, 39.26333740912443], [-96.93299102077877, 39.265781411226165], [-96.93297485110367, 39.26748673728388], [-96.93297395278839, 39.26763695977667], [-96.93219870669809, 39.26763487335536], [-96.93187800814161, 39.26761957293056], [-96.93161031018691, 39.26756741236634], [-96.93140908756322, 39.26745752731733], [-96.93124739081206, 39.26731912754847], [-96.93063833304936, 39.26678708569111], [-96.93003736012419, 39.26625225784478], [-96.92952981198859, 39.26577862925745], [-96.9294094377405, 39.2656221433379], [-96.92935733545401, 39.26548026246888], [-96.92932050452737, 39.26523405674978], [-96.92930253822166, 39.26334923290264], [-96.92392162966905, 39.263175353610414], [-96.92373567840522, 39.26301399324138], [-96.92350121811604, 39.2628032504759], [-96.92341857310986, 39.262606417551716], [-96.92344821751425, 39.260609540632814]]]}}, {"type": "Feature", "properties": {"FID": 72, "AREA_ID": "4", "ACRES": 404.385, "area_name": "4", "area_type": null, "area_syskey": 72}, "geometry": {"type": "Polygon", "coordinates": [[[-96.78703904160173, 39.09498844961208], [-96.78662851151681, 39.09440769303127], [-96.78543015892764, 39.09463218773884], [-96.78493608552131, 39.09350970705397], [-96.78393715892521, 39.09129885588907], [-96.78365778287183, 39.09069784936206], [-96.78360208732421, 39.09056467900919], [-96.78353112041674, 39.09032831844432], [-96.78348800128309, 39.090183294460786], [-96.78346554340098, 39.09006964564988], [-96.78345117035644, 39.0899762164289], [-96.78344398383418, 39.089871631333246], [-96.78343410236604, 39.089760073726914], [-96.78343500068132, 39.0896715247513], [-96.7834367973119, 39.08960737896722], [-96.78344128888833, 39.08952928836874], [-96.78345386530232, 39.0894295832825], [-96.78348350970667, 39.08928176848971], [-96.78369910537488, 39.0883307262821], [-96.78432523112802, 39.08590425551599], [-96.78443931716912, 39.08545520981901], [-96.78453813185038, 39.08506682482219], [-96.7845543015255, 39.08495107591765], [-96.78454891163379, 39.084854153496], [-96.78453453858923, 39.08476978207093], [-96.7845093857613, 39.08465054624851], [-96.78446806325822, 39.08453340208636], [-96.78440877444945, 39.08443578180265], [-96.78433331596557, 39.08433049120233], [-96.78422911139259, 39.08422589773517], [-96.7829921312462, 39.083166705820666], [-96.7824558370215, 39.082701604675385], [-96.7822905470092, 39.082556565010364], [-96.78210998563706, 39.08238851387173], [-96.7819653568763, 39.082240684323374], [-96.78072747841462, 39.08081118450277], [-96.77972226361155, 39.07974078396553], [-96.77958571968834, 39.07962223697885], [-96.77947253196253, 39.07952949125622], [-96.77929017395982, 39.0794032731973], [-96.77911949405582, 39.07930006710285], [-96.77900989959113, 39.07924637198051], [-96.77889491523476, 39.079212202335896], [-96.77874399826699, 39.07914804704013], [-96.77824543328425, 39.07893535787054], [-96.77773159694166, 39.078715694612555], [-96.7776660199259, 39.07855321309599], [-96.77769835927614, 39.07840258611979], [-96.7806430367779, 39.07714874353346], [-96.78080024195263, 39.077571342578565], [-96.78092600609244, 39.07771569513777], [-96.78157369141238, 39.07809993650105], [-96.78212615531218, 39.07856785736818], [-96.78281336650464, 39.07899323728182], [-96.7828151631352, 39.07899323728182], [-96.78370180032076, 39.079010670830144], [-96.78474654099632, 39.078867715606826], [-96.7856942636212, 39.07878263967792], [-96.7862817618171, 39.078764508728966], [-96.78628266013237, 39.078764508728966], [-96.7869599898567, 39.07885097936662], [-96.78696088817198, 39.07885097936662], [-96.787472927884, 39.07877217951564], [-96.78857246579192, 39.07868989285164], [-96.7885733641072, 39.07869059019665], [-96.78954983282118, 39.07895279143316], [-96.79038167277439, 39.078936055213134], [-96.79047779250979, 39.079046235255355], [-96.79058918360504, 39.07916338852922], [-96.79067003198064, 39.079242187943265], [-96.79074549046452, 39.07931192186462], [-96.79082723715537, 39.07938305039338], [-96.79093772993534, 39.07947161228485], [-96.79102396820262, 39.07953576728641], [-96.7911281727756, 39.079608987597354], [-96.79127549648221, 39.079705917225425], [-96.79140575219843, 39.07978262403095], [-96.79148300731288, 39.07982725340666], [-96.79156924558016, 39.07987188275418], [-96.79175609515929, 39.07996183869696], [-96.79193036832443, 39.08003645322915], [-96.79205164088779, 39.08008456910058], [-96.79230137253681, 39.08018149807526], [-96.79249810358407, 39.080251231068225], [-96.79409710479001, 39.08083419619267], [-96.79435671790718, 39.080928334845964], [-96.79458488998937, 39.08101828944174], [-96.79478521429775, 39.08110684928057], [-96.79492355485152, 39.08117100279519], [-96.79512208252933, 39.08128327130538], [-96.79526671129013, 39.08136764690042], [-96.79541313668143, 39.08147084997036], [-96.79555596881164, 39.08157753947181], [-96.79578324257857, 39.08177627438743], [-96.79571137735581, 39.08181044279023], [-96.79576078469645, 39.08185995207918], [-96.79583893812618, 39.08195060279986], [-96.79594493932973, 39.08208169748225], [-96.79604644895684, 39.08221139730062], [-96.79617850130363, 39.08243244429101], [-96.79627012946261, 39.08261583606335], [-96.79632313006438, 39.08276227021605], [-96.7963563677299, 39.08285989281566], [-96.79638062224258, 39.082939385404124], [-96.79639319865655, 39.083032126644135], [-96.79640757170111, 39.083131840773675], [-96.79644889420419, 39.08360182015788], [-96.79504392909963, 39.083683403797316], [-96.7951481336726, 39.08477814948948], [-96.79370633764137, 39.08666079343169], [-96.79437198926699, 39.08833281803124], [-96.79440432861725, 39.088414396199], [-96.7942650897482, 39.0895927369866], [-96.7936138111671, 39.09173182841499], [-96.79415280033764, 39.092142487501], [-96.78703904160173, 39.09498844961208]]]}}, {"type": "Feature", "properties": {"FID": 73, "AREA_ID": "17", "ACRES": 77.5032, "area_name": "17", "area_type": null, "area_syskey": 73}, "geometry": {"type": "Polygon", "coordinates": [[[-96.82172928293339, 39.07717175641793], [-96.82142205910618, 39.075058026535075], [-96.82225479737467, 39.075020367955815], [-96.82455358618705, 39.0745789242227], [-96.8266951698247, 39.07400985524104], [-96.82897329738553, 39.07347425671326], [-96.8295868467247, 39.07334175124189], [-96.83076902963874, 39.07308580575859], [-96.83167093818413, 39.07294353593323], [-96.83209763794414, 39.072875887925456], [-96.83270579739157, 39.072358413390866], [-96.83381791171348, 39.0724407074385], [-96.83385384432485, 39.072618545942525], [-96.83386372579297, 39.0727454735419], [-96.83386462410824, 39.072865426887525], [-96.83384126791086, 39.073145084767845], [-96.8337990470925, 39.073382897704384], [-96.83374874143657, 39.073563523416865], [-96.83367238463741, 39.07376437308709], [-96.83357985816315, 39.073951971741906], [-96.83350170473342, 39.074091449972464], [-96.83342085635782, 39.07421000625167], [-96.83336695744077, 39.07427904775777], [-96.83326454949837, 39.0744052749832], [-96.83314866682672, 39.07453429152725], [-96.83303368247033, 39.07464099151791], [-96.83283156153136, 39.07481185064403], [-96.8326698647802, 39.07494365597296], [-96.83198804347946, 39.075460414173506], [-96.83168171796754, 39.0756947324344], [-96.83140234191413, 39.07591579984224], [-96.83113374564415, 39.07614035340862], [-96.83099091351394, 39.076270761518245], [-96.83081843697938, 39.0764353403928], [-96.83063068908498, 39.07663966871562], [-96.83053097608841, 39.07675543125711], [-96.83045372097398, 39.076852364805404], [-96.83035939786913, 39.07697789006573], [-96.83026866802541, 39.077108296627465], [-96.8301833280734, 39.077238702948186], [-96.83011236116597, 39.07721638744517], [-96.82665294900632, 39.07613826129794], [-96.82377205188975, 39.07670731311532], [-96.82316479075762, 39.077214992725985], [-96.82230330640003, 39.07893535787054], [-96.82227096704979, 39.07889630667465], [-96.82223413612314, 39.07885167671005], [-96.82217035573794, 39.078756140597136], [-96.82213711807245, 39.07869616895653], [-96.82210747366805, 39.0786292238091], [-96.82207962589425, 39.0785608839056], [-96.82205357475101, 39.0784841757718], [-96.82202662529247, 39.078380968332915], [-96.82195745501559, 39.07809435769401], [-96.82189097968455, 39.0777728781955], [-96.82182899592995, 39.0775127646442], [-96.82180474141727, 39.07741304257268], [-96.82177689364346, 39.07730774149098], [-96.82174006271681, 39.07719965081325], [-96.82172928293339, 39.07717175641793]]]}}, {"type": "Feature", "properties": {"FID": 74, "AREA_ID": "3", "ACRES": 808.377, "area_name": "3", "area_type": null, "area_syskey": 74}, "geometry": {"type": "Polygon", "coordinates": [[[-96.79780714691395, 39.0848443915181], [-96.79784218121003, 39.08483951052863], [-96.79790955485636, 39.08484578608646], [-96.7980335223656, 39.084822078420665], [-96.79811616737173, 39.084796976177614], [-96.7981754561805, 39.084753047230805], [-96.79824821971852, 39.08469796168741], [-96.7983012203203, 39.0846463625318], [-96.7983012203203, 39.0846463625318], [-96.7983012203203, 39.0846463625318], [-96.79823025341283, 39.084070401827304], [-96.79807933644508, 39.08356346884178], [-96.79806316676996, 39.083272695457744], [-96.79812515052457, 39.08309209459906], [-96.79823743993511, 39.08292195282661], [-96.79828055906877, 39.08275111333894], [-96.79824193151154, 39.082592824954574], [-96.79819521911676, 39.082473585452504], [-96.79812245557872, 39.08236898923216], [-96.79796525040398, 39.082276247120376], [-96.79763646700994, 39.08216398019038], [-96.79747477025879, 39.08211865498166], [-96.7973373280203, 39.08206426469279], [-96.79722503860977, 39.0820029012396], [-96.79713251213549, 39.081932472665045], [-96.7970408839765, 39.081836940723846], [-96.79666808313354, 39.08135788444003], [-96.7965953195955, 39.08139065840882], [-96.79639589360242, 39.08147921778022], [-96.7961731114119, 39.08157684215532], [-96.79604285569569, 39.081631930135934], [-96.79595482079783, 39.08167725565736], [-96.79578324257857, 39.08177627438743], [-96.79555596881164, 39.08157753947181], [-96.79541313668143, 39.08147084997036], [-96.79526671129013, 39.08136764690042], [-96.79512208252933, 39.08128327130538], [-96.79492355485152, 39.08117100279519], [-96.79478521429775, 39.08110684928057], [-96.79458488998937, 39.08101828944174], [-96.79435671790718, 39.080928334845964], [-96.79409710479001, 39.08083419619267], [-96.79249810358407, 39.080251231068225], [-96.79230137253681, 39.08018149807526], [-96.79205164088779, 39.08008456910058], [-96.79193036832443, 39.08003645322915], [-96.79175609515929, 39.07996183869696], [-96.79156924558016, 39.07987188275418], [-96.79148300731288, 39.07982725340666], [-96.79140575219843, 39.07978262403095], [-96.79127549648221, 39.079705917225425], [-96.7911281727756, 39.079608987597354], [-96.79102396820262, 39.07953576728641], [-96.79093772993534, 39.07947161228485], [-96.79082723715537, 39.07938305039338], [-96.79074549046452, 39.07931192186462], [-96.79067003198064, 39.079242187943265], [-96.79058918360504, 39.07916338852922], [-96.79047779250979, 39.079046235255355], [-96.79038167277439, 39.078936055213134], [-96.7904840807168, 39.07893675255573], [-96.7903699946757, 39.078792402494635], [-96.79025860358045, 39.078620855661214], [-96.79019212824943, 39.07850579352705], [-96.79010678829742, 39.07833843008781], [-96.79000887193143, 39.078113186165886], [-96.78992622692529, 39.077864231520834], [-96.78986603980123, 39.077620157486706], [-96.78982920887458, 39.077297281110056], [-96.7898561583331, 39.07684887798941], [-96.78988131116108, 39.076487642920846], [-96.78988849768334, 39.07607898480306], [-96.78989209094449, 39.075726114285274], [-96.78988849768334, 39.07550713841263], [-96.7898669381165, 39.07530350418882], [-96.78980225941605, 39.07503082867429], [-96.78973039419331, 39.07480627157707], [-96.7896513424483, 39.07463122812676], [-96.78957678227971, 39.07448268493795], [-96.78951300189453, 39.07436133956572], [-96.78941508552855, 39.07420651930509], [-96.78930818600972, 39.07405727783145], [-96.78918152355465, 39.073910128219], [-96.78903869142444, 39.07376576787446], [-96.78881051934225, 39.07358165570221], [-96.78854102475698, 39.0733947534603], [-96.78830386952193, 39.073244115472214], [-96.78792118721086, 39.07304256692044], [-96.78738219804029, 39.072778948914674], [-96.78685129370731, 39.07250835586344], [-96.78665725760591, 39.072396073390685], [-96.78646052655866, 39.072271237388264], [-96.78619103197339, 39.072080147213825], [-96.78602664027636, 39.07195670547569], [-96.78549214268223, 39.07150338650592], [-96.7850429850401, 39.07105076204481], [-96.78504208672483, 39.07105006462431], [-96.78506544292223, 39.07103751105386], [-96.78546249827788, 39.07083107424149], [-96.78731662102456, 39.06978981449419], [-96.79211092969656, 39.06714021689818], [-96.79219087975687, 39.06633883178048], [-96.79239300069582, 39.06598242520637], [-96.79359494654612, 39.06501781678327], [-96.7937332870999, 39.06496829567697], [-96.79395247602926, 39.06499619489604], [-96.79395247602926, 39.06499619489604], [-96.79395427265983, 39.06499619489604], [-96.79493792789607, 39.065041531103546], [-96.79537630575479, 39.065114766454144], [-96.79584073475674, 39.065192884077725], [-96.79618299288005, 39.06528006882336], [-96.79644350431248, 39.06534702663492], [-96.79694656087166, 39.06547536226287], [-96.7971271222438, 39.065494194101674], [-96.79726815774342, 39.065508841083954], [-96.79726995437397, 39.065508841083954], [-96.79727175100454, 39.065508841083954], [-96.79743344775571, 39.06549837895408], [-96.79757178830948, 39.06543281623816], [-96.797861045831, 39.06525495962767], [-96.79804789541012, 39.06504571598277], [-96.79821138879186, 39.064886690397834], [-96.79838296701115, 39.064817639703364], [-96.79853657892477, 39.064798807684056], [-96.79867851273967, 39.064809967399796], [-96.79920312886567, 39.065065245415866], [-96.79992986593064, 39.06555278201255], [-96.80091711442802, 39.06606542415837], [-96.80142556087891, 39.066329067240765], [-96.80191154944768, 39.06655225638217], [-96.80314224138709, 39.067117200742324], [-96.80426872875354, 39.067852319102855], [-96.80451127388028, 39.06813687899343], [-96.8046011054087, 39.0683684317833], [-96.80453822333881, 39.06863555348581], [-96.8043953912086, 39.06882874531432], [-96.80431544114832, 39.068911043477755], [-96.80391389421625, 39.06932253285556], [-96.80371536653846, 39.06933717904344], [-96.80354468663444, 39.069351127790966], [-96.80340544776539, 39.069412502247374], [-96.8033245993898, 39.06947666639473], [-96.80327519204916, 39.06957849198707], [-96.80321949650151, 39.069701937884915], [-96.80318895378187, 39.069936275266535], [-96.80319793693471, 39.07016433500691], [-96.80322219144739, 39.070324046129464], [-96.80333717580376, 39.07055559174395], [-96.80333717580376, 39.07055559174395], [-96.80349078771737, 39.07074459377577], [-96.80356265294012, 39.07100264001305], [-96.80358870408334, 39.071142821492415], [-96.80358870408334, 39.071142821492415], [-96.80360846701961, 39.07133879612867], [-96.80347910961868, 39.07193299347869], [-96.80342790564748, 39.07208642390661], [-96.80331651455224, 39.07219103537077], [-96.80315212285521, 39.07221544469009], [-96.80293742550228, 39.0721708104998], [-96.80251521731869, 39.07204388186685], [-96.80227626545307, 39.07193020383146], [-96.80193760059092, 39.0717419023884], [-96.80180375161356, 39.0717419023884], [-96.80168337736546, 39.07177398341049], [-96.80151359577674, 39.07186116002734], [-96.80101053921757, 39.07227611924724], [-96.8009063346446, 39.072421877453024], [-96.80085063909698, 39.07261505891733], [-96.80090274138345, 39.0728570580561], [-96.80107252297218, 39.07302582929855], [-96.80117313428401, 39.07312625497032], [-96.80118840564386, 39.073274103615866], [-96.80118840564386, 39.073274103615866], [-96.80117672754515, 39.073339659048266], [-96.80115876123946, 39.07343938687651], [-96.80114079493379, 39.07353771977194], [-96.80122164330936, 39.073608156726316], [-96.80130608494608, 39.07368068579396], [-96.80156749469381, 39.07391849692557], [-96.80183968422492, 39.07414933335718], [-96.80195377026601, 39.07432995710791], [-96.80214600973686, 39.07455939742191], [-96.80227985871421, 39.07475605995446], [-96.80245233524877, 39.074977130303026], [-96.80247658976147, 39.07498828840951], [-96.8027371011939, 39.07510684318196], [-96.80301018904032, 39.07531396486531], [-96.80310900372157, 39.0754527430268], [-96.80323027628495, 39.075621508061445], [-96.80338209156797, 39.075810496526145], [-96.80350875402307, 39.075968800127306], [-96.80360128049733, 39.07606364264333], [-96.80374051936639, 39.076205906178345], [-96.80387796160488, 39.07628610363294], [-96.80397587797087, 39.07634259048105], [-96.80416093091942, 39.07639489307785], [-96.80441066256844, 39.07640884043044], [-96.80513560300282, 39.0762505378165], [-96.8056736938581, 39.07613268233583], [-96.80595935811846, 39.07616615610184], [-96.8062495139553, 39.07628610363294], [-96.80648397424449, 39.07641023516555], [-96.80677951997299, 39.07656365585916], [-96.8070409297207, 39.076620839850555], [-96.80734006871036, 39.07662153721603], [-96.80762483465547, 39.07651274812054], [-96.80798056750803, 39.0763202746946], [-96.80796529614821, 39.075924168310934], [-96.80771107292276, 39.075698916681986], [-96.80744966317505, 39.07546529581186], [-96.80697355607438, 39.074831377374956], [-96.80648038098333, 39.074569858208726], [-96.80576981359351, 39.07405658044066], [-96.80518590865874, 39.073653487402325], [-96.80525328230506, 39.073533535396216], [-96.80526316377319, 39.07340730661147], [-96.80523711262992, 39.07334035644615], [-96.80526136714262, 39.0732831697963], [-96.80527663850245, 39.07318832354319], [-96.80526316377319, 39.073106030367356], [-96.80523531599938, 39.07303001370441], [-96.80523351936881, 39.07302722410053], [-96.80513111142642, 39.07285078143186], [-96.8049029393442, 39.072489525895996], [-96.80462805486722, 39.07216104676689], [-96.80443042550469, 39.071925321948534], [-96.80437652658765, 39.07186116002734], [-96.80430735631076, 39.071762824795776], [-96.80396689481803, 39.071142821492415], [-96.8038258593184, 39.07087570927912], [-96.80373692610524, 39.07074668604637], [-96.80367314572007, 39.07065462608204], [-96.80351773717591, 39.070409132256806], [-96.80346204162828, 39.070324046129464], [-96.80343149890861, 39.070252908468845], [-96.80341892249464, 39.07019153474328], [-96.8034081427112, 39.07009040746538], [-96.80341712586406, 39.06996556738452], [-96.80343060059333, 39.06990698313637], [-96.80344317700731, 39.069802368286595], [-96.8034836011951, 39.06968729177274], [-96.80353031358986, 39.06961475860093], [-96.80358151756108, 39.06956175354364], [-96.8037000951786, 39.06952060485328], [-96.80379980817516, 39.069499681781174], [-96.80408996401196, 39.069503866396076], [-96.80439628952388, 39.069609876557834], [-96.80462266497553, 39.069654512367784], [-96.80516973898362, 39.06986583464728], [-96.80570423657775, 39.07023756504247], [-96.8059755277936, 39.070549314915034], [-96.80601146040497, 39.07079480825266], [-96.80601146040497, 39.07079480825266], [-96.81077971793373, 39.073430320716106], [-96.81436040265673, 39.07459775363263], [-96.81291680999495, 39.076963245463546], [-96.81574470650976, 39.07799463644448], [-96.8164705452594, 39.07822964363947], [-96.81617859279204, 39.0786975636464], [-96.81657385151709, 39.080574791253675], [-96.81306952359327, 39.08049808530942], [-96.81187206931938, 39.080676600832696], [-96.81013113429852, 39.08093740004299], [-96.80848362406721, 39.08171700262908], [-96.80786198989051, 39.08225811706923], [-96.807389476051, 39.082669528621295], [-96.8070813539085, 39.083380079532915], [-96.80598091768529, 39.083320111822765], [-96.80454001996937, 39.08621035800948], [-96.80450049409686, 39.086208266197396], [-96.79853029071776, 39.08593772464603], [-96.79739661682906, 39.085886126397284], [-96.7973768538928, 39.08575503878475], [-96.79735080274958, 39.08560303263117], [-96.79734181959674, 39.085462182600104], [-96.79733553138972, 39.08534294794808], [-96.7973768538928, 39.08519721643301], [-96.79737954883866, 39.08511493726283], [-96.79739751514434, 39.08498524278271], [-96.79743344775571, 39.08493782753691], [-96.79748824498805, 39.08491760631946], [-96.79767329793658, 39.08487367744776], [-96.79775594294277, 39.08485903448445], [-96.79780714691395, 39.0848443915181]]]}}, {"type": "Feature", "properties": {"FID": 75, "AREA_ID": "1", "ACRES": 201.739, "area_name": "1", "area_type": null, "area_syskey": 75}, "geometry": {"type": "Polygon", "coordinates": [[[-96.77628261438818, 39.0522723095332], [-96.77592688153563, 39.051274725846916], [-96.77559360656517, 39.05033991435912], [-96.77550377503675, 39.050097140396566], [-96.77490370042686, 39.04840537337979], [-96.77471056264073, 39.047888417107465], [-96.77457581534811, 39.04756121880716], [-96.77440064386768, 39.047162858062954], [-96.77426050668333, 39.04687821363311], [-96.77413474254355, 39.04663473011013], [-96.77407186047364, 39.0465224064828], [-96.77387243448055, 39.0461728765371], [-96.77369097479313, 39.0458693910497], [-96.77344573472053, 39.04549962536046], [-96.7732534952497, 39.045221950985464], [-96.77301544169939, 39.04490660087413], [-96.77299298381728, 39.044877298358664], [-96.77294537310719, 39.04481729793195], [-96.77275582858222, 39.044575202669286], [-96.7726785734678, 39.04447962016133], [-96.7722958911567, 39.044033799310036], [-96.77245579127728, 39.044016357122516], [-96.77253574133759, 39.04401496174733], [-96.77239380752268, 39.04390682008642], [-96.77232733219164, 39.04383705118507], [-96.7714173388087, 39.0429230722138], [-96.7712008448252, 39.0427172508906], [-96.77106160595615, 39.042597246316916], [-96.77108226720767, 39.04249259099906], [-96.77095470643731, 39.0423823538966], [-96.77079390800145, 39.04236421359742], [-96.77028546155057, 39.04194768313903], [-96.76995038994951, 39.04170976430454], [-96.76884815709577, 39.04094576732196], [-96.76821664145093, 39.04050271505878], [-96.76776209391711, 39.04018873933192], [-96.76695630510714, 39.03963055681676], [-96.76611638031639, 39.03924331510605], [-96.76630772147192, 39.03907167215543], [-96.76650085925803, 39.038901424264054], [-96.76669579367471, 39.03873326918176], [-96.76689342303725, 39.038565811440705], [-96.76709284903035, 39.03840044653194], [-96.7672949699693, 39.03823577898085], [-96.76749888753882, 39.03807320428484], [-96.76770460173893, 39.03791202471054], [-96.76791211256958, 39.03775293801695], [-96.76801631714255, 39.03767409228606], [-96.7680190120884, 39.037672696785584], [-96.76812142003081, 39.03759454871618], [-96.76833342243789, 39.03743825231805], [-96.76854632316027, 39.03728404883638], [-96.76876191882849, 39.03713054277389], [-96.76897931112727, 39.036979129649104], [-96.76919850005663, 39.036829111717054], [-96.76940601088727, 39.03669025762636], [-96.77050734542576, 39.03670002626476], [-96.77666260175342, 39.03674468288035], [-96.77567535325602, 39.03776828850302], [-96.77559360656517, 39.03898515278649], [-96.77633741162052, 39.03964869781784], [-96.77806666854269, 39.04103158657298], [-96.77872513364603, 39.042911211340275], [-96.77725459152572, 39.0444865969911], [-96.7764407178782, 39.04634799055841], [-96.7770443857492, 39.04825747264642], [-96.77766512161062, 39.05019899394225], [-96.77829394230959, 39.05091405750755], [-96.78052445916038, 39.05193676022965], [-96.780494814756, 39.05196257177113], [-96.78037533882319, 39.05212162646727], [-96.7802774224572, 39.05230788743241], [-96.78019837071218, 39.05249275269856], [-96.77996301210773, 39.05243833957613], [-96.77943570103588, 39.05235462699822], [-96.77879969381463, 39.052261845441784], [-96.77850145314025, 39.052388112041285], [-96.77818165289906, 39.05254367776233], [-96.7778196318395, 39.05269784793701], [-96.77761212100886, 39.05278714091597], [-96.77747018719393, 39.052852017775145], [-96.77742347479916, 39.05287713138206], [-96.77737586408908, 39.052907825778384], [-96.77734082979302, 39.05293503216397], [-96.77723393027418, 39.05301176806687], [-96.7771135560261, 39.05311152461593], [-96.77696443568891, 39.053230813730885], [-96.77692580813168, 39.0532775526859], [-96.77688628225917, 39.05331033969558], [-96.77684675638669, 39.053334755543965], [-96.77677578947922, 39.0533640545509], [-96.77670572088705, 39.05337382088383], [-96.7766796697438, 39.05337451847898], [-96.77657905843198, 39.053091294278225], [-96.77628261438818, 39.0522723095332]]]}}, {"type": "Feature", "properties": {"FID": 76, "AREA_ID": "18", "ACRES": 497.555, "area_name": "18", "area_type": null, "area_syskey": 76}, "geometry": {"type": "Polygon", "coordinates": [[[-96.81440621673623, 39.068643922817856], [-96.81356719026074, 39.06810549376768], [-96.8137468533176, 39.0680880575251], [-96.81391573659104, 39.068017615061294], [-96.81420679074313, 39.06783767260687], [-96.81454725223584, 39.06757473261401], [-96.81487783226046, 39.067293657745395], [-96.81518415777238, 39.06698398587467], [-96.8156342137298, 39.066278849586716], [-96.81594862407927, 39.065348421588645], [-96.81618308436846, 39.06467605069433], [-96.81659810602979, 39.06391090714534], [-96.8167005139722, 39.063813258329056], [-96.8167005139722, 39.063813258329056], [-96.81671398870145, 39.06380000597929], [-96.81686310903865, 39.06356285824714], [-96.81706433166231, 39.06302160043908], [-96.81715775645186, 39.062860477790046], [-96.81726285934013, 39.06271748984982], [-96.81732484309474, 39.06256822408129], [-96.81740389483974, 39.062354089927624], [-96.81747755669306, 39.062180410609365], [-96.81757637137434, 39.061998360744795], [-96.81768506752373, 39.06188048146333], [-96.81788629014741, 39.06177027461977], [-96.81803002059287, 39.061701918389865], [-96.81810188581562, 39.06162240187587], [-96.81816386957021, 39.06149754681793], [-96.81819800555101, 39.06136013624753], [-96.81820878533442, 39.061252021143744], [-96.81820249712744, 39.06087396573719], [-96.81819620892045, 39.06068284470592], [-96.8182276499554, 39.060532179586616], [-96.8182456162611, 39.06038639682721], [-96.81827436235018, 39.06024549645786], [-96.8183246680061, 39.060124824135805], [-96.81837497366202, 39.0600222873764], [-96.81836688882446, 39.05990928750986], [-96.8183309562131, 39.05975513307928], [-96.81816656451608, 39.059652595782964], [-96.81816386957021, 39.05965120071667], [-96.81809469929333, 39.0594837925626], [-96.81808571614049, 39.059332427348274], [-96.81808391950992, 39.05915943813453], [-96.81806415657367, 39.0588706568092], [-96.81811985212131, 39.05864953601042], [-96.81816836114665, 39.05846329177199], [-96.81819261565933, 39.05831610964804], [-96.81832376969082, 39.058158463999625], [-96.81844683888475, 39.05805522683561], [-96.81859595922195, 39.05794222382084], [-96.8187127402089, 39.05782085001099], [-96.81886455549191, 39.05767506165323], [-96.81892474261599, 39.05748672218079], [-96.81894450555222, 39.05738278647905], [-96.81894091229108, 39.057288616415846], [-96.81893911566051, 39.0571846804225], [-96.818912166202, 39.05710794905408], [-96.81895438702036, 39.056994944523304], [-96.81899930278456, 39.05688054469064], [-96.81898403142475, 39.05674033488686], [-96.81901996403612, 39.056625934641716], [-96.81884209760983, 39.05617879532023], [-96.81873340146042, 39.055979988316345], [-96.81866602781412, 39.05579792246384], [-96.8186786042281, 39.05560050953396], [-96.81872801156874, 39.05542472087746], [-96.81879628353033, 39.05522939963476], [-96.8189238443007, 39.05494688045285], [-96.81906667643088, 39.054736908674336], [-96.81920591529995, 39.054545771030796], [-96.81929574682836, 39.054393697645594], [-96.81941073118475, 39.054203954247], [-96.81954907173852, 39.05388236592556], [-96.81964608978922, 39.05361239802611], [-96.81973681963294, 39.053211978620865], [-96.81975209099278, 39.05315198527399], [-96.81975209099278, 39.05315128767665], [-96.81981317643209, 39.05290364017967], [-96.819869770295, 39.05256181544742], [-96.8199434321483, 39.0519081582402], [-96.81997397486796, 39.051645856528644], [-96.81997397486796, 39.05164515891642], [-96.81998385633611, 39.051564235850535], [-96.81999822938064, 39.0512733306151], [-96.8199829580208, 39.051004747979], [-96.82003506030732, 39.05078918351399], [-96.82004314514487, 39.05061896385991], [-96.82003955188372, 39.050240851521174], [-96.8200126024252, 39.04975669734233], [-96.8200009243265, 39.04956136042278], [-96.82000451758763, 39.049303933442985], [-96.8200233822086, 39.04914975585949], [-96.82005661987412, 39.04901092598276], [-96.82010962047592, 39.04886790999528], [-96.82024436776854, 39.0486355956032], [-96.82038989484458, 39.0484744401256], [-96.8205309303442, 39.048322353666634], [-96.82065130459229, 39.04820026567595], [-96.82080311987534, 39.04811585042754], [-96.82093786716796, 39.04805655039932], [-96.82139510964767, 39.04785632523033], [-96.8215693828128, 39.047797024984256], [-96.82171940146526, 39.047663773661384], [-96.82204548991345, 39.047393084336235], [-96.82231318786815, 39.04710565020592], [-96.82247398630403, 39.04690263170516], [-96.8225395633198, 39.046683566414096], [-96.82273539605174, 39.046402408373055], [-96.82293033046844, 39.04619938785108], [-96.82311089184057, 39.045918925551646], [-96.82327079196115, 39.045645438853974], [-96.82341901398304, 39.045419392927066], [-96.82373252601725, 39.04517729972784], [-96.82383583227495, 39.04498962460193], [-96.82397866440513, 39.04480055361772], [-96.82408466560868, 39.04462473807873], [-96.82427960002535, 39.04430240845406], [-96.82445117824464, 39.04414682458081], [-96.82467665538098, 39.04400519412022], [-96.82506921916021, 39.04376100300412], [-96.82527223841446, 39.043712862370214], [-96.82554083468445, 39.04369751317568], [-96.82585434671864, 39.04370030393858], [-96.82605287439645, 39.043698908557126], [-96.8263466234944, 39.043665419394536], [-96.82676703504742, 39.043599138713425], [-96.82701227512003, 39.04354262566248], [-96.82712636116113, 39.04349169410873], [-96.82759438342423, 39.043433087891856], [-96.82783064034399, 39.04340169168424], [-96.82802108318424, 39.043354946193716], [-96.82820613613279, 39.04329843294744], [-96.82841274864816, 39.043261455119875], [-96.8286957179627, 39.04323424500798], [-96.82892119509904, 39.04320982566785], [-96.82908918005721, 39.04321191875448], [-96.829221232404, 39.043247501217635], [-96.8293236403464, 39.04329494447397], [-96.82947545562944, 39.043365411604725], [-96.82954282927574, 39.04342959942503], [-96.82890502542394, 39.045171718318635], [-96.82854749594081, 39.04688100427036], [-96.82851605490586, 39.047074953287904], [-96.82851156332943, 39.047210298689734], [-96.82850527512245, 39.047416804576315], [-96.82849719028489, 39.0476867961592], [-96.82851335996001, 39.048433976787756], [-96.82848281724034, 39.05047525350469], [-96.82848281724034, 39.05582303502313], [-96.82833729016428, 39.05582373259409], [-96.82833010364203, 39.055947202546136], [-96.82829776429179, 39.05598975428748], [-96.8281773900437, 39.05602533031386], [-96.82805252421917, 39.05603021329646], [-96.82795370953792, 39.05604486224229], [-96.827909692089, 39.05609927258583], [-96.82785579317193, 39.05624855203105], [-96.82782345382171, 39.056412480030225], [-96.82783872518152, 39.05660082236799], [-96.8278863358916, 39.05677102760403], [-96.82797077752832, 39.05688682273506], [-96.82801569329253, 39.056935651950255], [-96.82828339124724, 39.05708144183469], [-96.82829686597648, 39.05723141676058], [-96.82835705310055, 39.05767157388976], [-96.8283705278298, 39.057928970369005], [-96.8283660362534, 39.05925221062847], [-96.8283660362534, 39.05976699112435], [-96.82836873119925, 39.06016528077543], [-96.82836873119925, 39.06016528077543], [-96.82635470833196, 39.060039028081995], [-96.82471258799235, 39.05993509613729], [-96.82392835874923, 39.059885571465514], [-96.82392656211864, 39.059885571465514], [-96.82375049232294, 39.059904404795496], [-96.8235645410591, 39.05999578125109], [-96.82337499653414, 39.060154120325436], [-96.82117322577243, 39.06307461040773], [-96.82098188461691, 39.0634965962384], [-96.82092798569984, 39.06377280377987], [-96.82098098630162, 39.06410690186187], [-96.82098098630162, 39.06410759935097], [-96.82102859701168, 39.064254071914036], [-96.82106452962304, 39.06436357739361], [-96.82117412408773, 39.064498889662374], [-96.82121903985194, 39.064554688460554], [-96.82121903985194, 39.064554688460554], [-96.8214651782398, 39.06477439579968], [-96.8214651782398, 39.06477439579968], [-96.82153255188614, 39.06481554725702], [-96.82176970712118, 39.06495853094768], [-96.82199428594224, 39.06505408574048], [-96.82213172818074, 39.06511337149581], [-96.82267251398186, 39.065282161255936], [-96.82333636897691, 39.06552697543875], [-96.82386368004876, 39.065734125237995], [-96.8242993629616, 39.06592593006559], [-96.82463263793208, 39.066119826779804], [-96.82504855790866, 39.06652714763898], [-96.82511143997857, 39.06658991948018], [-96.82567109040066, 39.06725460010685], [-96.82672930580549, 39.068508618494754], [-96.82698352903093, 39.06880921692247], [-96.82698083408509, 39.06881061180777], [-96.82277132866311, 39.070395881145345], [-96.8196308184294, 39.07082340259157], [-96.81562612889222, 39.0694292407262], [-96.81440621673623, 39.068643922817856]]]}}, {"type": "Feature", "properties": {"FID": 77, "AREA_ID": "92", "ACRES": 619.994, "area_name": "92", "area_type": null, "area_syskey": 77}, "geometry": {"type": "Polygon", "coordinates": [[[-96.71437970815089, 39.217823349950294], [-96.7145440998479, 39.21775444910153], [-96.71507051260446, 39.21744474243108], [-96.71518100538442, 39.217384192877425], [-96.7153364139286, 39.21732364327154], [-96.71552775508414, 39.21727353321336], [-96.71570472319515, 39.217267965426956], [-96.71589606435069, 39.21727631710644], [-96.71607932066867, 39.21731111576034], [-96.71623113595172, 39.21737792912749], [-96.71635959503736, 39.217434302856574], [-96.71652578336494, 39.21752756300036], [-96.71669107337726, 39.21762499883915], [-96.71685007518256, 39.21768833206186], [-96.7169093639913, 39.21771965066736], [-96.7169731443765, 39.2177447055417], [-96.71703782307696, 39.21776628056523], [-96.7171096882997, 39.217785071709315], [-96.71721658781854, 39.21780734268844], [-96.71731270755393, 39.21781917414321], [-96.71741242055049, 39.21782752575715], [-96.71759298192262, 39.21783378946694], [-96.71779869612271, 39.21784005317619], [-96.71825414197184, 39.21784631688486], [-96.71960969973576, 39.21786580397497], [-96.72131290551468, 39.21789225073143], [-96.72226152645484, 39.21790617007298], [-96.72247083391606, 39.21791034587487], [-96.72264780202707, 39.217907562006964], [-96.72273314197908, 39.21790129830374], [-96.72279512573368, 39.217895034599984], [-96.72285171959658, 39.217877635419896], [-96.72291909324291, 39.21785188462544], [-96.72298107699751, 39.21780734268844], [-96.72304934895912, 39.217737745855274], [-96.72311492597487, 39.21766188522856], [-96.7231589434238, 39.21761107944191], [-96.72328650419416, 39.217663277167404], [-96.72343742116193, 39.217714778885195], [-96.72358294823796, 39.21775792894401], [-96.72380752705902, 39.21781569430378], [-96.72396383391849, 39.21784701285246], [-96.72407073343732, 39.21786510800755], [-96.72424500660244, 39.21789155476429], [-96.7244417376497, 39.21790686603997], [-96.72462319733712, 39.217912433775744], [-96.7251262538963, 39.21792078537859], [-96.72556732670087, 39.21792287327916], [-96.72607128157532, 39.217929832947206], [-96.72673064499396, 39.21793470471443], [-96.72683035799051, 39.21793192084751], [-96.72692557941063, 39.2179242652128], [-96.72702349577663, 39.217912433775744], [-96.72711332730505, 39.21789781846838], [-96.72720585377932, 39.21787624348531], [-96.72732443139685, 39.21784562091725], [-96.72743402586151, 39.21780525478444], [-96.72754002706507, 39.21775862491248], [-96.72789216665647, 39.21757836884747], [-96.72799277796832, 39.217524779117255], [-96.72838354511698, 39.21730763589574], [-96.72859015763235, 39.21719488818891], [-96.72875454932935, 39.21710510747805], [-96.72882102466039, 39.21706891677142], [-96.72933755594883, 39.2167884381626], [-96.72983701924687, 39.21651631020323], [-96.73038409325498, 39.216228869550875], [-96.73054758663672, 39.21614187154273], [-96.73075599578266, 39.21603399386295], [-96.73093835378536, 39.215942123708174], [-96.73108477917668, 39.21587043706453], [-96.73121323826234, 39.215815454055246], [-96.7313578670231, 39.215759079026306], [-96.73160131046514, 39.21567973631634], [-96.73205046810725, 39.2155440183151], [-96.73266311913112, 39.21536862850957], [-96.7331428194929, 39.21523638987445], [-96.7331769554737, 39.21522803795227], [-96.73329373646064, 39.2152008941984], [-96.73340063597948, 39.2151751424222], [-96.7334850776162, 39.21515426259672], [-96.73371055475255, 39.215109022953555], [-96.73377792839887, 39.21509579905236], [-96.73391986221377, 39.21507631119341], [-96.73410671179289, 39.21505264735743], [-96.7343115276777, 39.21503942344562], [-96.73442202045766, 39.2150331594865], [-96.73453251323761, 39.2150303755045], [-96.73470139651106, 39.21502967950899], [-96.73480649939931, 39.215031767495525], [-96.73491160228757, 39.21503733545931], [-96.73500682370769, 39.215043599418046], [-96.73513348616278, 39.215056823329064], [-96.73524218231218, 39.21506726325707], [-96.73535177677685, 39.21507909517361], [-96.7354802358625, 39.21509997502142], [-96.73558264380492, 39.2151166788952], [-96.73577667990631, 39.215151478619525], [-96.73630399097816, 39.21525518169567], [-96.73660672322895, 39.21531642907808], [-96.73722656077507, 39.21544379562275], [-96.73752030987302, 39.21550295486819], [-96.73779699098058, 39.21555933010275], [-96.73832879362884, 39.215663728565744], [-96.73882646029632, 39.21576464693243], [-96.7391687184196, 39.215837029671604], [-96.73938431408781, 39.21587809292318], [-96.73960080807132, 39.21591428424361], [-96.73981730205482, 39.21594629962691], [-96.73981191216312, 39.215983882884345], [-96.73976250482248, 39.21605835335351], [-96.73972657221113, 39.21615579123129], [-96.7397113008513, 39.2161968542964], [-96.73968524970805, 39.216308907623116], [-96.73967087666351, 39.21641608889875], [-96.73966818171763, 39.21643418442265], [-96.73966369014123, 39.216578252465744], [-96.73966279182595, 39.216609571566444], [-96.73966997834822, 39.216751551314324], [-96.73968435139275, 39.21682741292467], [-96.739716690743, 39.216901186522165], [-96.73975082672379, 39.2169666083268], [-96.73977777618232, 39.21700349506212], [-96.73979753911857, 39.217029942143434], [-96.73983077678409, 39.21706682884548], [-96.73983975993693, 39.21707796444982], [-96.7399206083125, 39.21714756193701], [-96.73998259206714, 39.21719906403311], [-96.74006883033442, 39.217254045958875], [-96.74022513719387, 39.217334778835145], [-96.74033293502798, 39.21738488884958], [-96.74056470037134, 39.21749276445373], [-96.74072819375304, 39.217574888996104], [-96.74086563599155, 39.21765840538134], [-96.7409707388798, 39.21775096925889], [-96.7410506889401, 39.21785397252804], [-96.74111626595587, 39.21797576673915], [-96.74114770699082, 39.21809616880876], [-96.74114231709908, 39.21843927877617], [-96.74113962215324, 39.21848034050576], [-96.74112345247812, 39.21868634475276], [-96.74105607883179, 39.21938160462362], [-96.74103811252611, 39.219567423663285], [-96.74103721421083, 39.219668336418835], [-96.74104170578727, 39.21973723538927], [-96.74104350241782, 39.219760201697746], [-96.7410399091567, 39.21997107381512], [-96.74041108845772, 39.229268303807075], [-96.74041108845772, 39.22926899966142], [-96.71466627072655, 39.222958012803815], [-96.7146357280069, 39.2229503577172], [-96.71440845423997, 39.22289329249998], [-96.71418118047306, 39.22283344356375], [-96.71395570333672, 39.22277220273899], [-96.71373112451566, 39.22270887410263], [-96.7135065456946, 39.222642761729], [-96.71332598432245, 39.22258847994408], [-96.71352002042386, 39.22220572257698], [-96.71352002042386, 39.22220502665258], [-96.7133358657906, 39.22214796082943], [-96.71311757517651, 39.22207767237371], [-96.71290018287773, 39.22200529606854], [-96.71268458720951, 39.221931527834556], [-96.71246899154129, 39.22185497581169], [-96.71225609081891, 39.22177703184805], [-96.71204319009657, 39.221696304080204], [-96.71183208600476, 39.22161418435902], [-96.71162906675053, 39.22153276047284], [-96.71162188022825, 39.22152997674856], [-96.71141347108231, 39.22144437717326], [-96.71120596025163, 39.221355993762394], [-96.7110200089878, 39.221274569576735], [-96.71001209923888, 39.22082638689836], [-96.70999772619433, 39.21812331144331], [-96.71041005290981, 39.21800847714843], [-96.71050976590634, 39.21798133446946], [-96.71063912330729, 39.21795767161258], [-96.71077297228463, 39.21793540068117], [-96.71096072017905, 39.21792148134545], [-96.7114997093496, 39.217929832947206], [-96.71241239767839, 39.21793609664788], [-96.71315979599487, 39.21794027244802], [-96.71350295243346, 39.217934008747726], [-96.71376526049644, 39.21792635311327], [-96.7139116858878, 39.21791452167656], [-96.71406260285553, 39.217895034599984], [-96.71419735014817, 39.217866499942346], [-96.71437970815089, 39.217823349950294]]]}}, {"type": "Feature", "properties": {"FID": 78, "AREA_ID": "33", "ACRES": 297.282, "area_name": "33", "area_type": null, "area_syskey": 78}, "geometry": {"type": "Polygon", "coordinates": [[[-96.70999682787905, 39.21796184741145], [-96.70997796325808, 39.21088559989232], [-96.703385227387, 39.210771449797576], [-96.703385227387, 39.21077075375985], [-96.70437966240667, 39.209725993347156], [-96.7047362935745, 39.20853922132498], [-96.70503273761831, 39.2074415263583], [-96.70534445302195, 39.20677190312156], [-96.70564988021859, 39.20628255902656], [-96.70635954929314, 39.20582314325974], [-96.70742764616611, 39.205255830249676], [-96.70743483268839, 39.205251653695186], [-96.708362792377, 39.20475881852187], [-96.70945963533907, 39.204108660616335], [-96.70950455110328, 39.20415181903637], [-96.7095602466509, 39.20419915404723], [-96.7096114506221, 39.204233263079374], [-96.7097372147619, 39.20430635380679], [-96.71005432005725, 39.204467849239585], [-96.71041184954038, 39.20464674676401], [-96.71088975327159, 39.2048820276394], [-96.71108738263413, 39.20498296150118], [-96.71146916662993, 39.20517577957872], [-96.71154642174437, 39.205222417806816], [-96.71172428817066, 39.205339361287294], [-96.7117961533934, 39.20539644077253], [-96.7118976630205, 39.20549110908482], [-96.7120575631411, 39.20565399397053], [-96.71218781885732, 39.20580574108828], [-96.71223273462154, 39.2058635162809], [-96.71227854870104, 39.20592477185487], [-96.71233244761808, 39.206007606012015], [-96.71240161789498, 39.20612594035275], [-96.71243934713692, 39.20620390169181], [-96.71249234773869, 39.20632432394725], [-96.71255702643914, 39.206476765697055], [-96.71268458720951, 39.206810187366436], [-96.71276094400866, 39.207034323799405], [-96.71279418167418, 39.207130382051716], [-96.71282562270913, 39.20720068547195], [-96.71286335195107, 39.20727655740098], [-96.71292892896682, 39.207369831036274], [-96.7130448116385, 39.207508349116814], [-96.71314811789618, 39.20762598486016], [-96.71320471175908, 39.2076962877843], [-96.7132954416028, 39.20778816872757], [-96.71340234112161, 39.20789397087701], [-96.71351732547801, 39.20798863582297], [-96.71364488624836, 39.20807912425497], [-96.71388922800568, 39.208225993692594], [-96.7141048236739, 39.208342932172094], [-96.71446325147232, 39.20850441832372], [-96.71506602102805, 39.20876335224007], [-96.71549182247277, 39.2089394546001], [-96.71562836639598, 39.208995835104275], [-96.71596703125813, 39.20913713419361], [-96.71619071176391, 39.20923597378171], [-96.71631198432729, 39.20928887378579], [-96.71638744281117, 39.20932785271067], [-96.71647907097015, 39.20937657633633], [-96.71656081766102, 39.20942738808139], [-96.71665783571171, 39.20949838525265], [-96.71676383691528, 39.20959095988773], [-96.71688600779393, 39.209716248673196], [-96.71697134774593, 39.209817871635025], [-96.71733965701246, 39.21029953463187], [-96.717793306231, 39.21089395233099], [-96.718330498771, 39.211628963043744], [-96.71849309383745, 39.21185865231377], [-96.71880301261051, 39.212307588263194], [-96.71894943800183, 39.21253866735395], [-96.71906981224991, 39.21274051292543], [-96.71934379841161, 39.213260436604784], [-96.71953424125189, 39.2136230584718], [-96.71986032970005, 39.21422092805596], [-96.71996183932718, 39.214406064752886], [-96.72010107819624, 39.21464270493296], [-96.72018012994124, 39.21475545673824], [-96.72027265641553, 39.21488212830352], [-96.72042716664441, 39.21507839917855], [-96.72062299937639, 39.21530598918715], [-96.7209589692927, 39.21568043230541], [-96.72115570033995, 39.21589897253339], [-96.72132638024395, 39.216088976701094], [-96.72167133331308, 39.21646480760631], [-96.7217791311472, 39.21658382030689], [-96.72191477675513, 39.216738327722474], [-96.72204772741719, 39.21687821927843], [-96.72216899998057, 39.21699235944595], [-96.72231273042605, 39.21711137125229], [-96.72249958000518, 39.21725195803844], [-96.7226693615939, 39.21735844190198], [-96.7227547015459, 39.217410639815306], [-96.72283285497562, 39.217451702146555], [-96.7230098230866, 39.2175428743554], [-96.7231589434238, 39.21761107944191], [-96.72311492597487, 39.21766188522856], [-96.72304934895912, 39.217737745855274], [-96.72298107699751, 39.21780734268844], [-96.72291909324291, 39.21785188462544], [-96.72285171959658, 39.217877635419896], [-96.72279512573368, 39.217895034599984], [-96.72273314197908, 39.21790129830374], [-96.72264780202707, 39.217907562006964], [-96.72247083391606, 39.21791034587487], [-96.72226152645484, 39.21790617007298], [-96.72131290551468, 39.21789225073143], [-96.71960969973576, 39.21786580397497], [-96.71825414197184, 39.21784631688486], [-96.71779869612271, 39.21784005317619], [-96.71759298192262, 39.21783378946694], [-96.71741242055049, 39.21782752575715], [-96.71731270755393, 39.21781917414321], [-96.71721658781854, 39.21780734268844], [-96.7171096882997, 39.217785071709315], [-96.71703782307696, 39.21776628056523], [-96.7169731443765, 39.2177447055417], [-96.7169093639913, 39.21771965066736], [-96.71685007518256, 39.21768833206186], [-96.71669107337726, 39.21762499883915], [-96.71652578336494, 39.21752756300036], [-96.71635959503736, 39.217434302856574], [-96.71623113595172, 39.21737792912749], [-96.71607932066867, 39.21731111576034], [-96.71589606435069, 39.21727631710644], [-96.71570472319515, 39.217267965426956], [-96.71552775508414, 39.21727353321336], [-96.7153364139286, 39.21732364327154], [-96.71518100538442, 39.217384192877425], [-96.71507051260446, 39.21744474243108], [-96.7145440998479, 39.21775444910153], [-96.71437970815089, 39.217823349950294], [-96.71419735014817, 39.217866499942346], [-96.71406260285553, 39.217895034599984], [-96.7139116858878, 39.21791452167656], [-96.71376526049644, 39.21792635311327], [-96.71350295243346, 39.217934008747726], [-96.71315979599487, 39.21794027244802], [-96.71241239767839, 39.21793609664788], [-96.7114997093496, 39.217929832947206], [-96.71096072017905, 39.21792148134545], [-96.71077297228463, 39.21793540068117], [-96.71063912330729, 39.21795767161258], [-96.71050976590634, 39.21798133446946], [-96.71041005290981, 39.21800847714843], [-96.70999772619433, 39.21812331144331], [-96.70999682787905, 39.21796184741145]]]}}, {"type": "Feature", "properties": {"FID": 79, "AREA_ID": "19", "ACRES": 595.774, "area_name": "19", "area_type": null, "area_syskey": 79}, "geometry": {"type": "Polygon", "coordinates": [[[-96.8539042414692, 39.06916630666244], [-96.85344430404365, 39.068736682848275], [-96.852961908736, 39.068341231344355], [-96.85246154712267, 39.06793810566126], [-96.85194411751897, 39.06753637258625], [-96.85143387443752, 39.067149283866605], [-96.8509029701045, 39.0667824194451], [-96.85036487924927, 39.066428107509346], [-96.84982858502455, 39.06607518873451], [-96.849302172268, 39.06572854545339], [-96.84876318309743, 39.065370740844614], [-96.84822509224219, 39.06501293442222], [-96.8476825098105, 39.06465652115355], [-96.84713184254126, 39.06429592116194], [-96.84659644663185, 39.06394159674544], [-96.84605386420017, 39.063592850504335], [-96.84549780703921, 39.06323573256803], [-96.84498307238132, 39.062897445356754], [-96.84443599837324, 39.06253265135157], [-96.843891619311, 39.062173435527406], [-96.84334634193345, 39.061817007922556], [-96.84281274265462, 39.061471041246506], [-96.84225399054782, 39.061123677837855], [-96.84166469572136, 39.06080281855242], [-96.84105204469748, 39.060526599390855], [-96.84042142736794, 39.060279675286154], [-96.83978182688557, 39.06005367619612], [-96.83912785335863, 39.059852089977596], [-96.8384756764623, 39.05965817604783], [-96.83781990630477, 39.05948867530608], [-96.83715784794029, 39.059324056912224], [-96.83650207778278, 39.05916850612803], [-96.83589571496593, 39.059023418092224], [-96.83525431785297, 39.058855310908626], [-96.83460483590247, 39.058690691038045], [-96.83326724444423, 39.05835726487001], [-96.83237701399753, 39.05813195717462], [-96.83168531122867, 39.05794780422087], [-96.83100618487379, 39.05777481161475], [-96.83032256694246, 39.057599028371115], [-96.82925806333064, 39.057328377124506], [-96.8288277703095, 39.05726768971806], [-96.82882507536364, 39.05704586634041], [-96.82888885574881, 39.05696146166464], [-96.82892119509904, 39.05688752029551], [-96.82895173781873, 39.05600161296495], [-96.82877387139243, 39.05582233745215], [-96.82848281724034, 39.05582303502313], [-96.82848281724034, 39.05047525350469], [-96.82851335996001, 39.048433976787756], [-96.82849719028489, 39.0476867961592], [-96.82850527512245, 39.047416804576315], [-96.82851156332943, 39.047210298689734], [-96.82851605490586, 39.047074953287904], [-96.82854749594081, 39.04688100427036], [-96.82890502542394, 39.045171718318635], [-96.82954282927574, 39.04342959942503], [-96.82964164395702, 39.043524485661266], [-96.82971440749503, 39.043656349410256], [-96.82976381483567, 39.04382309739654], [-96.82982130701387, 39.04398147273455], [-96.82982310364444, 39.044053334554945], [-96.82982400195972, 39.04411054488396], [-96.82982220532915, 39.044371479211726], [-96.8298419682654, 39.044444038318744], [-96.82989676549775, 39.044555667568666], [-96.83000635996241, 39.04471892502903], [-96.83014290388563, 39.044880089074944], [-96.83026597307956, 39.04498404317789], [-96.83033783830231, 39.04503567133327], [-96.83046629738794, 39.0450852064198], [-96.83054804407882, 39.04514032288374], [-96.83061092614874, 39.045235904497716], [-96.83077621616101, 39.04546125333846], [-96.83087592915757, 39.04557497399756], [-96.8310106764502, 39.045693578170905], [-96.8311076945009, 39.045791252046506], [-96.831215492335, 39.04586520503387], [-96.8313466463665, 39.04590497217433], [-96.83149666501897, 39.04595101830898], [-96.83162422578934, 39.045948227635016], [-96.83173202362345, 39.0459412509496], [-96.83181646526016, 39.04593566960077], [-96.83197007717378, 39.045932878926195], [-96.83213087560966, 39.045948227635016], [-96.83225035154247, 39.045997762081655], [-96.83251625286661, 39.04612892354725], [-96.83270579739157, 39.04619729485295], [-96.83285042615233, 39.04626427076174], [-96.83298068186855, 39.04629775869231], [-96.83310105611663, 39.04635008355206], [-96.83319807416734, 39.04641008267686], [-96.83329509221804, 39.046511941539485], [-96.8333714490172, 39.04661100960744], [-96.8334621788609, 39.04669612431539], [-96.83352955250723, 39.04674216993435], [-96.8336104008828, 39.0467972851054], [-96.83364363854832, 39.046837051721134], [-96.83366160485403, 39.04690960829564], [-96.83367507958327, 39.04699611796013], [-96.8337020290418, 39.04708890643412], [-96.83379096225495, 39.04716634634541], [-96.83385923421656, 39.047249367417294], [-96.83389696345849, 39.04731285405345], [-96.83398230341048, 39.047419595192245], [-96.8340442871651, 39.04745726849686], [-96.83411345744199, 39.04750401127277], [-96.83432725647964, 39.04763865820066], [-96.83441708800805, 39.0477209810664], [-96.8345850729662, 39.04789888184685], [-96.83470993879072, 39.04798050676087], [-96.83480965178727, 39.04805166686536], [-96.83492822940481, 39.04816119747432], [-96.83508004468783, 39.048241426793524], [-96.83522647007916, 39.0483042148928], [-96.83536930220937, 39.04836560764702], [-96.8354869815116, 39.04842700034785], [-96.83560376249855, 39.048501648219045], [-96.83573311989949, 39.0485965276424], [-96.83585079920171, 39.048678151750195], [-96.83599003807078, 39.04885674775967], [-96.83608166622977, 39.04897883461563], [-96.83614364998436, 39.049098828348455], [-96.83613466683153, 39.049312305066834], [-96.83614364998436, 39.049389742540505], [-96.83619126069445, 39.04947694680108], [-96.83639607657925, 39.04972669920767], [-96.83652363734961, 39.04996249815531], [-96.8366152655086, 39.0501494624418], [-96.83669431725362, 39.050321078478085], [-96.8367347414414, 39.05046618439479], [-96.83674102964841, 39.0506001280533], [-96.83658202784308, 39.05102009558572], [-96.8365137558815, 39.0513437897869], [-96.83649399294524, 39.05157330481942], [-96.83646345022558, 39.051869092089575], [-96.83642392435306, 39.05199745221762], [-96.8363421776622, 39.052144647512044], [-96.8363421776622, 39.05214534511934], [-96.83618497248747, 39.05243066592729], [-96.8360915476979, 39.052548560985684], [-96.83583822278773, 39.05272854241127], [-96.83577893397897, 39.05283388016461], [-96.83576456093444, 39.052959448142126], [-96.8357780356637, 39.05313454533802], [-96.83575917104272, 39.053214769007845], [-96.83573581484535, 39.05330685171655], [-96.83574120473705, 39.053380099239995], [-96.83577623903312, 39.053443580365524], [-96.8358058834375, 39.053525896465324], [-96.83588942675894, 39.053586587087594], [-96.83600261448476, 39.0536933187451], [-96.83600261448476, 39.0536933187451], [-96.83602686899742, 39.05371633927753], [-96.83604753024896, 39.053816094831355], [-96.83604753024896, 39.053816094831355], [-96.83606010666294, 39.0538781803846], [-96.83612837862455, 39.05408745712837], [-96.83618587080275, 39.054160006254776], [-96.83633678777049, 39.05425557566327], [-96.83633678777049, 39.05425557566327], [-96.8364041614168, 39.05429882601001], [-96.83651465419678, 39.054378350772], [-96.83661167224747, 39.05441881070423], [-96.83675001280125, 39.054471827132105], [-96.83681918307813, 39.05452275076874], [-96.83690991292183, 39.054647618160715], [-96.83698177814458, 39.05478783211983], [-96.83705364336731, 39.05487991277736], [-96.83723420473945, 39.05511220662982], [-96.83740039306703, 39.05526916150298], [-96.83757825949331, 39.05541495482816], [-96.83764922640079, 39.0555084298161], [-96.8377103118401, 39.05561027555762], [-96.83781092315193, 39.05571212115224], [-96.83793668729173, 39.05581257145786], [-96.8380570615398, 39.05589348965569], [-96.83818013073376, 39.05592906573054], [-96.83829331845958, 39.055938831708744], [-96.83838584493385, 39.05592557788086], [-96.83840740450067, 39.05592278760098], [-96.83851250738894, 39.05588093338968], [-96.83860772880907, 39.05583838158274], [-96.83871013675147, 39.055798620035056], [-96.83884039246769, 39.05577629775287], [-96.83904880161363, 39.055770019609724], [-96.8393057197849, 39.05579582975015], [-96.83955904469508, 39.05582861559066], [-96.83980697971353, 39.05587186497398], [-96.8399974225538, 39.05589976778784], [-96.84026422219321, 39.0559262754508], [-96.84036932508147, 39.055941621988], [-96.84037022339675, 39.055941621988], [-96.84044927514175, 39.0559534806735], [-96.84065139608072, 39.05597859317748], [-96.84079422821092, 39.05598626644078], [-96.84089753446861, 39.055976500469164], [-96.84107001100317, 39.05595557338253], [-96.84124787742945, 39.05592069489101], [-96.84138442135266, 39.055884421241565], [-96.84153084674399, 39.05584047429515], [-96.84162427153356, 39.05581466417104], [-96.84173296768296, 39.05580629331795], [-96.84187400318258, 39.055810478744604], [-96.84202492015032, 39.055834893728594], [-96.84223692255742, 39.05589348965569], [-96.84238783952517, 39.055919299751004], [-96.84250012893571, 39.05593534385953], [-96.84261780823793, 39.0559360414294], [-96.84261780823793, 39.0559360414294], [-96.84262858802133, 39.0559360414294], [-96.84281813254631, 39.05595069039474], [-96.84305079620493, 39.05600021782652], [-96.84329064638582, 39.05607206741929], [-96.84362122641042, 39.056180888022546], [-96.84384490691622, 39.05624994716457], [-96.84413236780716, 39.056344118613], [-96.84421680944389, 39.05640550437844], [-96.84421680944389, 39.05640550437844], [-96.84440545565359, 39.0565429245917], [-96.84454559283792, 39.05669987628476], [-96.84467045866243, 39.05685124714272], [-96.84479981606337, 39.056930769030245], [-96.84497139428264, 39.05703470539735], [-96.84507020896392, 39.0571344562635], [-96.84510703989056, 39.057218860732505], [-96.84515465060065, 39.05736953292218], [-96.84519237984257, 39.05759065772955], [-96.8452139394094, 39.05777760182143], [-96.84520765120239, 39.057929667919176], [-96.8452085495177, 39.05827704704228], [-96.84525616022775, 39.058585362021205], [-96.84531904229765, 39.05883438467517], [-96.84540528056493, 39.05901574515894], [-96.84551487502964, 39.05919082733786], [-96.84567387683494, 39.05943636018013], [-96.84577987803847, 39.05958144736739], [-96.84583018369439, 39.05969026256218], [-96.84584276010838, 39.0598039603109], [-96.84583198032496, 39.059910682571044], [-96.84582030222626, 39.060029960200296], [-96.84584276010838, 39.060131799420155], [-96.84590564217827, 39.060208527502496], [-96.84591821859226, 39.060311761518065], [-96.84592989669093, 39.06049451325657], [-96.84598110066216, 39.060618672564786], [-96.84607183050585, 39.06078468298405], [-96.84613920415217, 39.0608934963244], [-96.84621735758189, 39.06098556901982], [-96.84636108802736, 39.06108601182338], [-96.84644912292524, 39.06116343638692], [-96.84648146227548, 39.06124225590042], [-96.84653446287724, 39.061358741215], [-96.84666471859346, 39.06146546112491], [-96.84678599115682, 39.061533817583765], [-96.8469018738285, 39.06160566154573], [-96.84698272220407, 39.06167053030294], [-96.84707794362421, 39.06172563382408], [-96.84720819934041, 39.0617716696442], [-96.84735642136232, 39.061821192992916], [-96.84745343941302, 39.06191605452166], [-96.84758279681394, 39.061976737932746], [-96.84769778117034, 39.062007428373676], [-96.84770137443148, 39.062008125883544], [-96.84770227274674, 39.062008125883544], [-96.8477274255747, 39.06201510098181], [-96.84790708863156, 39.062030446195614], [-96.84793493640538, 39.062030446195614], [-96.84810471799409, 39.06203184121489], [-96.84830414398719, 39.06203951382037], [-96.84852782449298, 39.0620597415945], [-96.8487317420625, 39.06208345690852], [-96.84898237202681, 39.062088339472176], [-96.84915844182251, 39.06208903698123], [-96.8493982920034, 39.06209391954451], [-96.84960759946463, 39.06209461705351], [-96.84977019453108, 39.062088339472176], [-96.85002262112594, 39.0620597415945], [-96.85037116745625, 39.06204369887755], [-96.85069635758913, 39.06202347109885], [-96.8509433942923, 39.062034631253354], [-96.85113293881729, 39.062077179326145], [-96.85129014399203, 39.062132980038506], [-96.85161263917907, 39.06231014700797], [-96.85181925169444, 39.062412680444645], [-96.85195579561766, 39.06246569087051], [-96.85209862774785, 39.062513818722664], [-96.85224235819334, 39.062559156524436], [-96.85238249537768, 39.06258914920806], [-96.85275709285119, 39.06268540471125], [-96.85287297552286, 39.06273562492168], [-96.85297089188884, 39.06276282752076], [-96.85310923244262, 39.062773290056064], [-96.85321703027674, 39.0628158376837], [-96.85347933833974, 39.063053685424876], [-96.8535044911677, 39.06315342778749], [-96.85352425410395, 39.06323154758151], [-96.85358713617383, 39.06328664988424], [-96.85371918852061, 39.06336267704139], [-96.85381530825605, 39.06342266171313], [-96.85381530825605, 39.06342266171313], [-96.8538171048866, 39.0634240567049], [-96.85390064820804, 39.06346241896748], [-96.85419888888241, 39.063634002650424], [-96.85437765362397, 39.06378466115014], [-96.85452857059174, 39.06391090714534], [-96.85470194544159, 39.06396461393673], [-96.85481423485211, 39.06406714497049], [-96.85493999899191, 39.064136196399076], [-96.8550379153579, 39.06428057644059], [-96.85502803388978, 39.06446262041991], [-96.8550486951413, 39.06463210922], [-96.85513673003915, 39.06474161411313], [-96.85519152727149, 39.064865765952085], [-96.85520500200076, 39.065022001663884], [-96.85519961210906, 39.06505966557839], [-96.85519961210906, 39.06505966557839], [-96.85517895085752, 39.06519776642633], [-96.85519871379378, 39.06533795943498], [-96.85524722281912, 39.06557300878], [-96.85525261271083, 39.065726453034046], [-96.85524901944969, 39.065895938799656], [-96.85526429080952, 39.06604659247189], [-96.85530920657374, 39.06615121288848], [-96.85532178298772, 39.06625792555362], [-96.85533705434756, 39.066419737914565], [-96.85540352967858, 39.0665104084719], [-96.85550773425156, 39.06658643215713], [-96.85560385398698, 39.066693144164304], [-96.85565685458874, 39.06675521839493], [-96.85582214460105, 39.06681310779676], [-96.85589580645434, 39.066864022532634], [-96.85595240031725, 39.06693376868655], [-96.8559955194509, 39.067010489376244], [-96.85602336722471, 39.067103251553334], [-96.85602785880111, 39.06719671106709], [-96.85604852005267, 39.06728319588004], [-96.85609523244744, 39.06738083989636], [-96.85612487685184, 39.067448493171284], [-96.85614643641867, 39.067521726024665], [-96.85615362294092, 39.06765284751522], [-96.85616440272435, 39.06777280951662], [-96.85621470838025, 39.06785580636338], [-96.8563440657812, 39.067972280765225], [-96.85648779622666, 39.06807410852796], [-96.85662523846516, 39.06816059226586], [-96.8567590874425, 39.0682268498966], [-96.85687137685302, 39.068263814653044], [-96.85696210669674, 39.06826032741269], [-96.85709954893524, 39.06823870651871], [-96.85722890633616, 39.06821429582398], [-96.85726843220868, 39.06820732133823], [-96.85738790814146, 39.0682170856181], [-96.85751007902012, 39.06821778306659], [-96.85761787685423, 39.06818291063265], [-96.85771848816609, 39.06813199684812], [-96.85780382811808, 39.0681124682635], [-96.85794845687886, 39.06813269429748], [-96.85812452667456, 39.06822406010288], [-96.85813261151212, 39.06822824479343], [-96.85829071500214, 39.06830356918081], [-96.85850092077867, 39.068359364971485], [-96.85871651644688, 39.06839632965852], [-96.85907404593002, 39.06846746919042], [-96.85945403329524, 39.06855046522032], [-96.8595591361835, 39.06858324513803], [-96.85969478179143, 39.06862509181935], [-96.85970556157481, 39.06862857904169], [-96.85987713979411, 39.06868018991192], [-96.86005949779683, 39.068728313527245], [-96.86017987204491, 39.06873528796149], [-96.86028407661789, 39.068714364656614], [-96.8603909761367, 39.0687129697694], [-96.86049697734023, 39.0686899541264], [-96.860562554356, 39.06863904070764], [-96.86066855555956, 39.068597891479314], [-96.86081408263559, 39.06861323526217], [-96.8609551181352, 39.06865577936993], [-96.86103057661909, 39.0687087851076], [-96.86109525531955, 39.06876876523644], [-96.86114286602961, 39.06884966858531], [-96.86121562956764, 39.06888314580599], [-96.86133241055458, 39.068911043477755], [-96.86148063257649, 39.06894173090398], [-96.8615830405189, 39.06894521811067], [-96.86172138107268, 39.068951495082224], [-96.86188217950854, 39.06892429486798], [-96.86212023305887, 39.06886919696597], [-96.86226037024322, 39.06885385323876], [-96.86243464340838, 39.068865709755535], [-96.86256489912459, 39.06888733045746], [-96.86271312114648, 39.068931966724364], [-96.86281463077358, 39.06899403898607], [-96.86293590333696, 39.069090983195764], [-96.86297632752476, 39.06917537337059], [-96.86297363257891, 39.06926604038812], [-96.86297273426362, 39.06929742509783], [-96.86297273426362, 39.06943412278179], [-96.86294308985924, 39.06952478946694], [-96.86289188588805, 39.06959592786145], [-96.86282900381816, 39.0696419585491], [-96.86281013919718, 39.06968519947074], [-96.86281552908889, 39.06974657363662], [-96.86286224148367, 39.06980376315229], [-96.86293320839111, 39.069856768027826], [-96.86303022644181, 39.06991883947623], [-96.8631218546008, 39.069928603519344], [-96.86326827999214, 39.06994534187579], [-96.86339584076251, 39.069987187749526], [-96.86357460550407, 39.07003112589025], [-96.86388721922299, 39.07012667381618], [-96.86402466146147, 39.0703059130071], [-96.86423756218385, 39.07050816680044], [-96.86441812355596, 39.07063928274301], [-96.86464090574648, 39.07074529119933], [-96.86501999479641, 39.070888262878356], [-96.86569642620546, 39.07106889497581], [-96.86608090514711, 39.07115049310763], [-96.86641777337871, 39.07122581437634], [-96.86669445448625, 39.071363205742735], [-96.86683099840945, 39.07140784044382], [-96.86687591417368, 39.071423183615806], [-96.86696664401738, 39.07143085520054], [-96.86646628240405, 39.07614453762977], [-96.86630189070705, 39.07635723521205], [-96.86630189070705, 39.07635723521205], [-96.86560300141589, 39.07725892636671], [-96.86561108625345, 39.07736004337239], [-96.86568564642205, 39.078264511109126], [-96.86302932812653, 39.07895697548755], [-96.86300058203743, 39.07887608372545], [-96.86297902247063, 39.07882169093671], [-96.86294847975095, 39.07874219370853], [-96.86287841115877, 39.07857064675303], [-96.86284247854742, 39.07849393862983], [-96.86284158023211, 39.078493241282864], [-96.86277510490109, 39.07835307440461], [-96.86282541055701, 39.078337035390824], [-96.86283978360154, 39.07829379977033], [-96.86285954653779, 39.07826590580754], [-96.86287481789765, 39.0782435906294], [-96.86288469936578, 39.078219183395206], [-96.8628838010505, 39.07818152650304], [-96.86287212295179, 39.07814735634275], [-96.86281732571945, 39.078023925217686], [-96.8627239009299, 39.07786771828665], [-96.86259544184423, 39.0776808273969], [-96.86251010189225, 39.07757901349495], [-96.86246967770445, 39.07753717212276], [-96.86237894786075, 39.07744372630201], [-96.86219119996635, 39.07726380788066], [-96.86201243522478, 39.07710480982414], [-96.86190104412951, 39.07701485023871], [-96.86173844906308, 39.07690885120017], [-96.86164412595824, 39.076835628087125], [-96.86158663378004, 39.076788207363876], [-96.86149410730576, 39.0767024315629], [-96.8612686301694, 39.076475787684565], [-96.86113567950736, 39.0763656036284], [-96.86103866145665, 39.076278432576], [-96.86058950381452, 39.07582653611424], [-96.86023197433138, 39.07546948007306], [-96.8599813443671, 39.07524074009723], [-96.85928874328293, 39.074606122257656], [-96.85896894304175, 39.074304153743235], [-96.85820537505013, 39.07353981195972], [-96.85766369093375, 39.07298956443752], [-96.85689473305042, 39.07221962914398], [-96.85623087805538, 39.07154034954634], [-96.85527417227766, 39.070577211928196], [-96.85432824628333, 39.069605691949214], [-96.8539042414692, 39.06916630666244]]]}}, {"type": "Feature", "properties": {"FID": 80, "AREA_ID": "20", "ACRES": 531.256, "area_name": "20", "area_type": null, "area_syskey": 80}, "geometry": {"type": "Polygon", "coordinates": [[[-96.85149495987682, 39.08946444521682], [-96.85131439850471, 39.08944492253571], [-96.85115719332995, 39.0894532893997], [-96.8510520904417, 39.089467931409274], [-96.85096315722856, 39.089487454083994], [-96.8508355964582, 39.08951116018175], [-96.85073498514636, 39.08952580217929], [-96.85062179742054, 39.08953556350934], [-96.8505382540991, 39.08954044417382], [-96.85039811691476, 39.08953974693606], [-96.85026965782912, 39.089536260747124], [-96.84994716264208, 39.08951743532393], [-96.8499678238936, 39.08941842745991], [-96.84997770536174, 39.089332667014645], [-96.84998938346044, 39.089225989242095], [-96.85008729982641, 39.08866819433979], [-96.85017623303958, 39.08792213676206], [-96.85019060608411, 39.08778059410671], [-96.85022474206491, 39.08744869986996], [-96.850161859995, 39.08731064256366], [-96.85002351944125, 39.08721651242715], [-96.84993189128224, 39.08717258498713], [-96.84987350078876, 39.087137024658475], [-96.84983936480798, 39.08711122597748], [-96.84979894062019, 39.0870903081211], [-96.84974594001842, 39.087077757404266], [-96.84968844784022, 39.08706102311171], [-96.8495465140253, 39.08699199411292], [-96.84934978297807, 39.08688112921595], [-96.84910723785133, 39.08672912548904], [-96.84891140511935, 39.08651855097752], [-96.84879731907826, 39.08642163070965], [-96.848679639776, 39.08626195602106], [-96.84860238466158, 39.0860667201028], [-96.84854219753753, 39.08584010630574], [-96.84850177334972, 39.08567276026521], [-96.84844787443268, 39.08548240366145], [-96.84836253448067, 39.08532342412622], [-96.84835983953481, 39.085156774141], [-96.84839667046148, 39.084941313953145], [-96.84846943399951, 39.08466309739719], [-96.84854668911393, 39.08456966101446], [-96.84879642076295, 39.08437651227875], [-96.84898147371152, 39.08424472457069], [-96.84918000138934, 39.08424402728058], [-96.84942344483136, 39.08425239476152], [-96.84968754952494, 39.08418127114196], [-96.84991841655297, 39.0840369318113], [-96.84996063737135, 39.08383471679335], [-96.84988338225689, 39.083662484924375], [-96.84974324507255, 39.083533485071015], [-96.84947644543313, 39.08343865259592], [-96.84936235939203, 39.08335497677673], [-96.84931115542084, 39.08328664145078], [-96.8492842059623, 39.083142300289566], [-96.84929498574571, 39.08304328347682], [-96.84932912172651, 39.082940082707154], [-96.84941715662438, 39.08283827639454], [-96.84954381907946, 39.08275041603405], [-96.84968665120965, 39.082636057940626], [-96.84975851643239, 39.082546802714496], [-96.84984475469967, 39.08242268197797], [-96.84989506035559, 39.082302047569726], [-96.84992200981412, 39.082171650607414], [-96.8500199261801, 39.081479915097674], [-96.85004687563864, 39.08135858175868], [-96.85011245265439, 39.081215631292686], [-96.8502768443514, 39.080908112479186], [-96.85033613316016, 39.08073308416591], [-96.85034870957412, 39.08059361906361], [-96.85033523484488, 39.08050366392635], [-96.8503621843034, 39.08041580065833], [-96.85042776131915, 39.08031678001876], [-96.85051669453229, 39.080158486172465], [-96.85061640752885, 39.0800022839672], [-96.85069276432802, 39.079915117407666], [-96.85079337563984, 39.07977983469401], [-96.85083379982764, 39.07970312788545], [-96.85084278298048, 39.07965570908937], [-96.85080415542325, 39.07960689558952], [-96.8507511548215, 39.07954901668164], [-96.85068557780573, 39.07950508446687], [-96.85061101763714, 39.07947928299465], [-96.85052567768513, 39.07944441612528], [-96.8504762703445, 39.07940466787323], [-96.85043315121085, 39.07935306484588], [-96.85041428658988, 39.07929309371264], [-96.85040799838289, 39.079231030509455], [-96.8504133882746, 39.07915780980628], [-96.85042237142744, 39.079099930530006], [-96.85044303267898, 39.07904553791383], [-96.85049513496548, 39.07896185688403], [-96.85064874687907, 39.07874986449759], [-96.85072510367823, 39.078635499919365], [-96.85077810428002, 39.07854066086025], [-96.85078618911756, 39.07848835985398], [-96.85079337563984, 39.07832587781389], [-96.85080774868439, 39.07811458086731], [-96.85082840993591, 39.07798975498109], [-96.85085535939444, 39.0778844547601], [-96.85087422401541, 39.077783338505924], [-96.85088320716827, 39.07769616920501], [-96.85088410548353, 39.07757482935883], [-96.85087152906956, 39.077484173015726], [-96.85085805434029, 39.07741443728791], [-96.85083829140405, 39.07733075432359], [-96.85079696890098, 39.07720662441037], [-96.85075384976732, 39.077102717742065], [-96.85059484796201, 39.076805641457014], [-96.85039272702308, 39.076456261408666], [-96.85029750560294, 39.07629168258291], [-96.85021126733564, 39.07616824821168], [-96.849905840139, 39.07579236481348], [-96.85065234014021, 39.07592556305561], [-96.85156053689258, 39.07314996656639], [-96.85502983052034, 39.07400497350198], [-96.85844342860047, 39.07481045587735], [-96.85886833172992, 39.074922734508604], [-96.8590515880479, 39.074990380554254], [-96.85920969153793, 39.07506709248633], [-96.8593588118751, 39.07513404101344], [-96.85948547433019, 39.075207265892224], [-96.85962201825339, 39.07528676710317], [-96.85973790092505, 39.07535999182349], [-96.85982054593121, 39.075422755809], [-96.85990229262207, 39.07548482236197], [-96.86006488768852, 39.07563685031733], [-96.86018885519776, 39.075754009252094], [-96.86105033955535, 39.07660828727104], [-96.86146625953195, 39.07707063914241], [-96.86140786903847, 39.07710969134875], [-96.8613485802297, 39.07714874353346], [-96.86131085098778, 39.077178032657834], [-96.8612865964751, 39.0772038349716], [-96.86126773185413, 39.07723033463537], [-96.86125785038601, 39.07725334749322], [-96.86125695207072, 39.077279149779436], [-96.86126144364715, 39.077298675827606], [-96.8612695284847, 39.077318899228956], [-96.86128839310568, 39.07733912262448], [-96.86133241055458, 39.07737329317618], [-96.8613890044175, 39.07741513464555], [-96.86147075110836, 39.07747580473204], [-96.8615372264394, 39.0775253170628], [-96.86160639671628, 39.07757552671486], [-96.8616800585696, 39.0776243416201], [-96.86171509286568, 39.07764735434946], [-96.86180312776354, 39.07770314275305], [-96.86189116266141, 39.07775683904983], [-96.86198099418982, 39.0778077458909], [-96.86207082571823, 39.07785725798875], [-96.86218491175933, 39.07791723034241], [-96.86242027036383, 39.07804484576258], [-96.86244991476819, 39.078066463652405], [-96.86248315243371, 39.078092962992216], [-96.86250920357695, 39.07811946232205], [-96.8625397462966, 39.07815921129818], [-96.86258196711499, 39.078213604597636], [-96.86261071320408, 39.07825405087002], [-96.86265023907659, 39.07830426000353], [-96.86266820538228, 39.07832727251111], [-96.86273288408273, 39.078367718718354], [-96.86277510490109, 39.07835307440461], [-96.86284158023211, 39.078493241282864], [-96.86284247854742, 39.07849393862983], [-96.86287841115877, 39.07857064675303], [-96.86294847975095, 39.07874219370853], [-96.86297902247063, 39.07882169093671], [-96.86300058203743, 39.07887608372545], [-96.86302932812653, 39.07895697548755], [-96.8612237144052, 39.07942768002189], [-96.86112130646279, 39.079454876187896], [-96.85544844544279, 39.093789980302375], [-96.85640245627465, 39.095101393313556], [-96.85549964941401, 39.09640302155781], [-96.85072510367823, 39.10135484557063], [-96.8471578936845, 39.09927460596059], [-96.84639252906231, 39.09891069714723], [-96.84575831847165, 39.09855306079375], [-96.84494983471583, 39.09830069252864], [-96.84406499416085, 39.09809294117946], [-96.84336430823915, 39.09792841283097], [-96.8426079267698, 39.09769904851809], [-96.84276603025982, 39.097660704867145], [-96.84288730282321, 39.097628635615806], [-96.84310469512198, 39.09756240559404], [-96.8432412390452, 39.09751848459793], [-96.84351971678332, 39.09742018512654], [-96.84412248633905, 39.09719779078128], [-96.84508548032373, 39.09682341376311], [-96.84547445084183, 39.096665156958416], [-96.84577987803847, 39.096541061065786], [-96.84589576071015, 39.09649086491233], [-96.8460745254517, 39.096400232878075], [-96.84632066383959, 39.0962503411812], [-96.8468668395324, 39.095868987380896], [-96.847990631953, 39.09503028063373], [-96.84882516685207, 39.094430003096306], [-96.84920784916315, 39.094148338007244], [-96.84961748093275, 39.09383529801155], [-96.85064874687907, 39.092995172668445], [-96.85139524688029, 39.092360017321354], [-96.85170067407692, 39.09210623246569], [-96.85187494724208, 39.09195981771048], [-96.8520222709487, 39.09185384112655], [-96.8521588148719, 39.09175623097418], [-96.85223606998632, 39.09170603141463], [-96.85229985037152, 39.091664198421064], [-96.85230613857851, 39.09166001512032], [-96.85240495325976, 39.091601448884155], [-96.85248400500478, 39.091555432521595], [-96.85249208984234, 39.09155055199655], [-96.85260797251402, 39.09150104950899], [-96.85257293821793, 39.091142678351396], [-96.85255856517338, 39.09107156167946], [-96.85252173424674, 39.09096279486601], [-96.8524543606004, 39.09084705563671], [-96.85239507179165, 39.090790580401666], [-96.85232679983004, 39.09072016060077], [-96.85227020596714, 39.090639979553764], [-96.85222169694178, 39.090558403960195], [-96.8521983407444, 39.09049147006936], [-96.8521588148719, 39.090372243918985], [-96.85213635698979, 39.090281604020646], [-96.85211749236882, 39.09018747784909], [-96.85209413617142, 39.09004593973985], [-96.85207886481159, 39.08990788751732], [-96.85205640692949, 39.089801210614795], [-96.85201508442641, 39.08969035013338], [-96.85195399898707, 39.089612956863824], [-96.85184530283769, 39.08954462760027], [-96.85177523424552, 39.08952231598969], [-96.85168001282538, 39.08949860989567], [-96.85149495987682, 39.08946444521682]]]}}, {"type": "Feature", "properties": {"FID": 81, "AREA_ID": "47", "ACRES": 926.01, "area_name": "47", "area_type": null, "area_syskey": 81}, "geometry": {"type": "Polygon", "coordinates": [[[-96.86831142199787, 39.16110204749282], [-96.86829974389921, 39.16032750212473], [-96.8682763877018, 39.159396921951924], [-96.86825931971141, 39.15608546123778], [-96.86826381128782, 39.15525025753605], [-96.86826111634198, 39.15479817066299], [-96.86825213318913, 39.15361047097115], [-96.86825213318913, 39.15294451445459], [-96.86824853992799, 39.15184037810061], [-96.86822877699174, 39.14997758765948], [-96.86822787867646, 39.14966688557788], [-96.86822428541532, 39.148722231362164], [-96.86822248878474, 39.14823526970093], [-96.86820631910965, 39.147334486245335], [-96.86818925111922, 39.14645459150748], [-96.86818206459695, 39.14612436689062], [-96.86825752308083, 39.14201523986821], [-96.86825752308083, 39.14200060877376], [-96.86826381128782, 39.141484338208556], [-96.86826381128782, 39.141473887348326], [-96.86828896411579, 39.139318886821044], [-96.8776673756833, 39.13934396965085], [-96.87767096894443, 39.14037026777306], [-96.87768085041256, 39.14037026777306], [-96.87768174872784, 39.14037026777306], [-96.88000928362933, 39.14037653838768], [-96.88234759831421, 39.14038280900176], [-96.8823547848365, 39.14117499208833], [-96.88059857845579, 39.141170114998964], [-96.87884237207508, 39.14116593463638], [-96.87884686365152, 39.142075157651846], [-96.87767635883614, 39.142072370779324], [-96.87769342682655, 39.14661970323491], [-96.88710507605957, 39.146634333369285], [-96.88711675415827, 39.151070607175896], [-96.89240783118247, 39.152274371932705], [-96.89334567233922, 39.15492425373477], [-96.89338340158116, 39.15503083206674], [-96.89347592805544, 39.155283693737964], [-96.89357025116028, 39.155536554500486], [-96.89366816752626, 39.15578871777193], [-96.89376877883811, 39.15604018355983], [-96.8938720850958, 39.15629025529416], [-96.89397718798405, 39.15654032613977], [-96.89408588413345, 39.156789699524104], [-96.89419727522868, 39.157038375454604], [-96.89431136126979, 39.15728635393865], [-96.89442724394146, 39.157533634983594], [-96.89454671987426, 39.15777952203414], [-96.89466799243762, 39.15802540822535], [-96.89479285826215, 39.1582699004416], [-96.89491952071721, 39.15851369525287], [-96.89504977643342, 39.15875679266631], [-96.8950749292614, 39.15880346170118], [-96.89570554659092, 39.159966694806215], [-96.89299083780196, 39.16118284489974], [-96.89296837991984, 39.159366273892545], [-96.89294592203773, 39.15754826284916], [-96.8871311272028, 39.15754199376429], [-96.88714011035565, 39.161175183080665], [-96.88714011035565, 39.16118981018911], [-96.88658854477113, 39.161173790022545], [-96.88565609350609, 39.16116891431896], [-96.88548721023264, 39.161167521260744], [-96.88472364224104, 39.161166128202474], [-96.88426639976134, 39.161167521260744], [-96.88355403574096, 39.161164735144204], [-96.88309679326127, 39.16116543167334], [-96.88285963802622, 39.16116543167334], [-96.88241407364525, 39.16116543167334], [-96.88157594548504, 39.16117170043535], [-96.88043418675878, 39.161167521260744], [-96.88026440517005, 39.161166128202474], [-96.88002365667387, 39.161164735144204], [-96.87996257123454, 39.16116403861504], [-96.8793723780928, 39.16115916291079], [-96.87821983958311, 39.16115707332313], [-96.87777786846327, 39.161151501089115], [-96.8751808389765, 39.16114174967851], [-96.87275898097019, 39.161131998266555], [-96.87091204474577, 39.16111597808683], [-96.86980172705447, 39.161108316260474], [-96.86831142199787, 39.16110204749282]]]}}, {"type": "Feature", "properties": {"FID": 82, "AREA_ID": "50", "ACRES": 657.808, "area_name": "50", "area_type": null, "area_syskey": 82}, "geometry": {"type": "Polygon", "coordinates": [[[-96.8677634496745, 39.17566428089963], [-96.86787933234616, 39.17521162882472], [-96.86797545208157, 39.174823738497466], [-96.86801677458467, 39.174618301999566], [-96.86804552067376, 39.17444281000734], [-96.86806797855586, 39.17422483720083], [-96.8681003179061, 39.17386967239454], [-96.86814343703973, 39.17322131789623], [-96.86815511513842, 39.17294693191512], [-96.86815960671485, 39.172572261003694], [-96.86814972524672, 39.172391888979455], [-96.86815062356202, 39.172231016243195], [-96.8681344538869, 39.17209173219158], [-96.86811828421177, 39.17197125126442], [-96.86809223306854, 39.17177764564276], [-96.86806079203357, 39.171569414541054], [-96.86803923246677, 39.17143639702626], [-96.86801587626937, 39.17130477211735], [-96.867979943658, 39.17114389689413], [-96.86793772283964, 39.170968396230876], [-96.86791257001168, 39.17087646713721], [-96.8678829256073, 39.17077548428222], [-96.86782902669026, 39.170622965074585], [-96.8677688395662, 39.17047671346893], [-96.86768529624477, 39.17028310373268], [-96.86761702428316, 39.170137547860534], [-96.86753437927702, 39.16995925891763], [-96.86745532753203, 39.169779576635094], [-96.86742298818176, 39.16969669976867], [-96.86739783535383, 39.169610340577044], [-96.867376275787, 39.1695295528502], [-96.8673592077966, 39.16944667568912], [-96.86734932632847, 39.16938051317952], [-96.86734752969791, 39.16931017191682], [-96.86735202127433, 39.169250973769934], [-96.86735741116603, 39.16919177557323], [-96.86736459768828, 39.16913954182885], [-96.86738076736343, 39.16906084291409], [-96.86739963198438, 39.16898284036301], [-96.86742658144291, 39.16890344482039], [-96.8674894635128, 39.168744653466206], [-96.86786855256277, 39.1678928849515], [-96.86797365545101, 39.16763728273902], [-96.86806887687113, 39.16736775024446], [-96.86812187747293, 39.16717204254039], [-96.86816319997598, 39.16699235313683], [-96.86826650623367, 39.166513875625874], [-96.86828896411579, 39.16640243934814], [-96.86831232031317, 39.16627010853902], [-96.86834196471756, 39.16609668515434], [-96.86835274450095, 39.16598385525278], [-96.86835813439266, 39.16588495481983], [-96.86836352428439, 39.16575819490671], [-96.86835993102324, 39.16562377343052], [-96.86834735460927, 39.16513135681334], [-96.86833028661884, 39.16403507320882], [-96.86831771020489, 39.16287956900876], [-96.8683159135743, 39.16144473930499], [-96.86831142199787, 39.16110204749282], [-96.86980172705447, 39.161108316260474], [-96.87091204474577, 39.16111597808683], [-96.87275898097019, 39.161131998266555], [-96.8751808389765, 39.16114174967851], [-96.87777786846327, 39.161151501089115], [-96.87821983958311, 39.16115707332313], [-96.8793723780928, 39.16115916291079], [-96.87996257123454, 39.16116403861504], [-96.88002365667387, 39.161164735144204], [-96.88026440517005, 39.161166128202474], [-96.88043418675878, 39.161167521260744], [-96.88157594548504, 39.16117170043535], [-96.88241407364525, 39.16116543167334], [-96.88285963802622, 39.16116543167334], [-96.88309679326127, 39.16116543167334], [-96.88355403574096, 39.161164735144204], [-96.88426639976134, 39.161167521260744], [-96.88472364224104, 39.161166128202474], [-96.88548721023264, 39.161167521260744], [-96.88565609350609, 39.16116891431896], [-96.88658854477113, 39.161173790022545], [-96.88714011035565, 39.16118981018911], [-96.88715268676964, 39.16842637322511], [-96.88715897497661, 39.17024549602423], [-96.88718951769629, 39.175706064021156], [-96.88718951769629, 39.175706064021156], [-96.88664513863404, 39.175720688107845], [-96.88616633658754, 39.175715813412644], [-96.88546744729639, 39.175680297765815], [-96.88537492082212, 39.17567751222414], [-96.88528778423954, 39.17568099415124], [-96.88511081612853, 39.1756886543902], [-96.88498056041232, 39.17569283270203], [-96.88474071023144, 39.17570258209533], [-96.88443258808894, 39.17570676040633], [-96.88416758508009, 39.17570676040633], [-96.88396007424943, 39.175694225472604], [-96.88366902009733, 39.17569143993146], [-96.88345881432082, 39.175694225472604], [-96.8827527385074, 39.17569770739883], [-96.88094173489438, 39.175693529087305], [-96.87962480468767, 39.17568586884886], [-96.87925290215999, 39.17568308330739], [-96.878209958115, 39.175674726682345], [-96.87790812417948, 39.17566985198391], [-96.87749849240986, 39.17567751222414], [-96.8766522794121, 39.175679601380416], [-96.87556082634174, 39.17566776282736], [-96.87455650985397, 39.17566288812847], [-96.87238348518136, 39.175651745958326], [-96.87148247495128, 39.175652442344], [-96.87036227579183, 39.17565035318692], [-96.86824045509043, 39.175661495357296], [-96.8677634496745, 39.17566428089963]]]}}, {"type": "Feature", "properties": {"FID": 83, "AREA_ID": "63", "ACRES": 978.074, "area_name": "63", "area_type": null, "area_syskey": 83}, "geometry": {"type": "Polygon", "coordinates": [[[-96.93693103161547, 39.20496416693099], [-96.93682503041194, 39.20492657777559], [-96.93667231681361, 39.20490639099863], [-96.93648187397336, 39.20490847928615], [-96.93593479996527, 39.20491961681865], [-96.93522962246713, 39.20494119578286], [-96.93475890525818, 39.20494467626034], [-96.93437712126239, 39.20492796996686], [-96.93366116398084, 39.20495094111935], [-96.93339526265667, 39.204955117691696], [-96.9326361862415, 39.20496903959781], [-96.93235501355754, 39.20496903959781], [-96.93190855086127, 39.20497948102559], [-96.93170553160702, 39.204981569310945], [-96.93127793353173, 39.20498853026173], [-96.93076409718915, 39.20498992245181], [-96.92941123437106, 39.205003844351005], [-96.9292944533841, 39.205003844351005], [-96.92917497745131, 39.205002452161224], [-96.92906628130194, 39.2049975794967], [-96.92898004303463, 39.20499409902187], [-96.92887044856995, 39.20498504978644], [-96.92876804062755, 39.20496973569307], [-96.92867192089214, 39.20495372550096], [-96.92858208936372, 39.204936323114104], [-96.9284689016379, 39.20490987147781], [-96.92834852738982, 39.204875066678056], [-96.92824522113213, 39.20484443844002], [-96.9280862193268, 39.20479153508827], [-96.92777001234676, 39.204680855578815], [-96.9274996194462, 39.204574352489935], [-96.92728492209325, 39.20449778154195], [-96.92713670007136, 39.20444000522593], [-96.9264899130667, 39.20419219301824], [-96.92606231499141, 39.204044619040964], [-96.92556285169337, 39.20386363166443], [-96.92514333845563, 39.20370979202772], [-96.92477682581966, 39.2035719625648], [-96.92449026324398, 39.203475899445856], [-96.9241120725093, 39.203352687861845], [-96.9241183607163, 39.203601199140145], [-96.92410129272591, 39.204185231988525], [-96.92408781799664, 39.20435995362524], [-96.9228472445891, 39.20390191749452], [-96.92102007130094, 39.20323365273645], [-96.91790022231876, 39.20208645007699], [-96.9170315514389, 39.20176692852479], [-96.9167629551689, 39.20166947068147], [-96.91567060378325, 39.20126989211033], [-96.91370598825662, 39.20054521507012], [-96.91091671929905, 39.199523275473666], [-96.90965009474826, 39.19905755011339], [-96.90804750028116, 39.19846651303616], [-96.9074537138783, 39.198240956939635], [-96.90702611580299, 39.19807039706483], [-96.9067170953452, 39.19793603736171], [-96.90655899185518, 39.197863636171626], [-96.90637214227606, 39.197773134579066], [-96.90627961580176, 39.19772718757209], [-96.90611073252835, 39.19763877430744], [-96.90581159353869, 39.19747238998804], [-96.90566426983206, 39.19738536874353], [-96.90541543649833, 39.19723081874761], [-96.9052222987122, 39.19710481151736], [-96.90511719582396, 39.19703380181845], [-96.90492585466842, 39.19689665543206], [-96.90475966634084, 39.19677203995544], [-96.90466264829013, 39.19669824521146], [-96.90459168138267, 39.19663976630272], [-96.90449735827785, 39.1965659714198], [-96.90443447620794, 39.19651027711722], [-96.90430332217642, 39.19639749601929], [-96.9041730664602, 39.19628332237773], [-96.90406976020252, 39.19618585692716], [-96.90396465731426, 39.19608421424185], [-96.903793079095, 39.195903902541005], [-96.90371402734996, 39.19582941069943], [-96.90350292325817, 39.19559966900836], [-96.90337446417253, 39.195447899842826], [-96.90313551230692, 39.19514505672086], [-96.90299357849202, 39.19494733774847], [-96.90281840701158, 39.19468417571791], [-96.90270521928576, 39.1944975946335], [-96.90258304840711, 39.194285949818614], [-96.90248603035641, 39.194100760082634], [-96.9023387066498, 39.19379791115442], [-96.9022686380576, 39.19363708739987], [-96.90218150147504, 39.19340942716994], [-96.90211412782874, 39.19322701997029], [-96.90202249966974, 39.1929227748471], [-96.90197848222081, 39.192764733954334], [-96.90192637993432, 39.192553083920025], [-96.90188236248538, 39.19233725592596], [-96.90184553155873, 39.19211446504319], [-96.90181768378493, 39.19190490172443], [-96.90178983601112, 39.19158185272643], [-96.901779954543, 39.19135418583787], [-96.90177456465129, 39.19106803466578], [-96.90176917475956, 39.19078536350748], [-96.90176647981374, 39.19021514408998], [-96.90175300508447, 39.187554058965524], [-96.90174761519276, 39.1864386291102], [-96.90173773372463, 39.18467284378419], [-96.90359994130887, 39.18468328822843], [-96.90359994130887, 39.18454611773692], [-96.90593017115621, 39.18455934738989], [-96.90595622229944, 39.18303443941286], [-96.91051876562813, 39.182983608577224], [-96.9112446043778, 39.182925118255156], [-96.91109368741004, 39.1830170315966], [-96.91093827886587, 39.18311033744147], [-96.91071370004481, 39.18325447383906], [-96.91055110497835, 39.18338050590586], [-96.91056457970761, 39.18352812328791], [-96.91057176622989, 39.183704985214824], [-96.91045857850408, 39.18401275175892], [-96.91030047501405, 39.184167330827016], [-96.9109867878912, 39.18458023631058], [-96.91110985708517, 39.18457745112152], [-96.91112333181441, 39.18432956885269], [-96.9112841302503, 39.18407541898967], [-96.91130658813242, 39.183922928630764], [-96.91138923313855, 39.183833801692494], [-96.91149972591852, 39.18380734211094], [-96.91208812242971, 39.18327884469832], [-96.91208812242971, 39.18318345014385], [-96.91218693711097, 39.183147241957904], [-96.91230281978262, 39.18316395343067], [-96.91286606346586, 39.18299753483724], [-96.91313376142054, 39.18284016793875], [-96.91346254481459, 39.18270299385047], [-96.91365837754654, 39.18270647542964], [-96.91384522712568, 39.1827956037973], [-96.9142315026979, 39.18280744115012], [-96.91449201413035, 39.18290283621488], [-96.914699524961, 39.18311590793578], [-96.91479294975055, 39.18327048897609], [-96.91490703579164, 39.184406858080855], [-96.91495644313228, 39.184598340036835], [-96.91504088476901, 39.184675628969465], [-96.91530229451672, 39.18470974748025], [-96.91568497682782, 39.184812102913284], [-96.91579277466191, 39.18510942023059], [-96.91575235047412, 39.185857233871744], [-96.91572809596146, 39.18647205048673], [-96.9156966549265, 39.18669068159943], [-96.91493039198905, 39.187754583803816], [-96.91474264409464, 39.18788478538901], [-96.91450279391374, 39.18793282762424], [-96.91434289379315, 39.18792516871936], [-96.91415873915989, 39.18795510806999], [-96.91409046719826, 39.18819253363151], [-96.91398266936416, 39.18829975781578], [-96.91372305624702, 39.18839096786969], [-96.91350656226352, 39.188458505008896], [-96.91346703639103, 39.188548322340935], [-96.91364849607842, 39.188627695701626], [-96.91383624397284, 39.188698017639254], [-96.91409226382885, 39.18875998443687], [-96.91420455323937, 39.18888600663202], [-96.91424138416603, 39.189096275205934], [-96.91422251954506, 39.18941028438842], [-96.91421802796864, 39.18956763657746], [-96.91413807790833, 39.18969992354342], [-96.91413897622363, 39.18979530925387], [-96.91420455323937, 39.18991575963752], [-96.91419916334769, 39.19011070779795], [-96.91414346780005, 39.1903293275917], [-96.91403297502009, 39.19054655422906], [-96.91388295636763, 39.19063428018073], [-96.91368892026622, 39.190774223734124], [-96.91333767899009, 39.19085846822639], [-96.9131032187009, 39.190896761144046], [-96.91292175901347, 39.19084106234782], [-96.91274299427191, 39.19085707575624], [-96.91261184024042, 39.1909454975545], [-96.91275107910947, 39.19101442470587], [-96.91292894553575, 39.19101790587335], [-96.9131948468599, 39.191123037049664], [-96.91351105383993, 39.19121911706], [-96.91377965010993, 39.191228864300065], [-96.9140554329022, 39.19123791530752], [-96.91426833362455, 39.191304057249575], [-96.91433840221674, 39.19139595963416], [-96.91430246960537, 39.19158115649853], [-96.91418568861842, 39.191817177358914], [-96.91410034866641, 39.19200167688952], [-96.91396739800433, 39.19215206105422], [-96.91384253217983, 39.192216809692674], [-96.91386499006192, 39.192303141117826], [-96.9139638047432, 39.19245700573357], [-96.9141398745389, 39.19254124820851], [-96.91428091003854, 39.19253428602433], [-96.91445697983424, 39.19258023642717], [-96.91462047321598, 39.19264080736687], [-96.91486840823444, 39.192945053710886], [-96.91494835829472, 39.19315670256457], [-96.91501573194105, 39.19336765457058], [-96.91504807129128, 39.193520820646775], [-96.91535170185736, 39.19402208910724], [-96.91556460257972, 39.19429291182923], [-96.91570114650294, 39.19438063310406], [-96.91585565673181, 39.19458392325651], [-96.91598052255632, 39.19493411005088], [-96.91597692929518, 39.19526340936067], [-96.91596345456593, 39.195501506420385], [-96.91590955564888, 39.195667199219734], [-96.91585745336239, 39.19578555098006], [-96.91588799608206, 39.19599092562042], [-96.91602543832053, 39.19611275775051], [-96.91609371028214, 39.19628053765244], [-96.91606945576946, 39.19648034141135], [-96.9160613709319, 39.19650470768453], [-96.91598860739388, 39.196712864931065], [-96.91594548826025, 39.196955134127016], [-96.91596345456593, 39.19708949570603], [-96.91595087815196, 39.19716537855678], [-96.9159472848908, 39.19730809378807], [-96.91586553819995, 39.19755941112475], [-96.9159814208716, 39.197723706737015], [-96.91590596238775, 39.197869901662166], [-96.91582421569687, 39.19792559488697], [-96.91579546960779, 39.198068308574], [-96.91575594373526, 39.19817691001478], [-96.91579277466191, 39.19834955811352], [-96.91573618079902, 39.19842474344329], [-96.91573797742959, 39.198505497967076], [-96.91579636792306, 39.198669095209254], [-96.91563107791075, 39.19907147318837], [-96.91549902556397, 39.199407018460626], [-96.91546938115958, 39.19978850781917], [-96.91549902556397, 39.20001266665851], [-96.91538044794646, 39.20010107693573], [-96.91545860137619, 39.20034611901228], [-96.9154630929526, 39.20061274052802], [-96.91573977406017, 39.20074082987809], [-96.91594638657554, 39.2008362006012], [-96.91695339800917, 39.20119749435599], [-96.91711599307561, 39.201300521907015], [-96.91724445216127, 39.201498223000726], [-96.91767294855185, 39.20173003378571], [-96.91788854422008, 39.20170079643156], [-96.91813737755379, 39.20176692852479], [-96.9192836278565, 39.20215954303828], [-96.91946688417448, 39.20219574142903], [-96.91966361522174, 39.20216580814568], [-96.91984327827856, 39.202102460922646], [-96.91994119464457, 39.20197437405531], [-96.92006606046908, 39.20181078451016], [-96.92015948525865, 39.20156435528465], [-96.92041191185352, 39.201097251188294], [-96.92050803158892, 39.200960808869105], [-96.92062032099946, 39.20089606828822], [-96.9206742199165, 39.200739437603815], [-96.92075506829208, 39.2006976693623], [-96.92091047683627, 39.200624574879946], [-96.92103534266077, 39.200526419312546], [-96.92105061402061, 39.200450540092], [-96.92098503700485, 39.20036352253634], [-96.92099581678828, 39.20022568650759], [-96.92107307190271, 39.20007880034092], [-96.92112427587391, 39.2000272856884], [-96.92113775060317, 39.199775281033006], [-96.92131741366, 39.199711931654264], [-96.92140275361201, 39.19950308714389], [-96.92147372051949, 39.199380564742185], [-96.92157523014662, 39.19928240743663], [-96.92163541727064, 39.19911185009018], [-96.92166236672918, 39.198948950033916], [-96.92172075722264, 39.198603656358095], [-96.92174591005062, 39.19845467832069], [-96.9218034022288, 39.198380885344044], [-96.92182765674148, 39.198213806619925], [-96.92181867358863, 39.1980898896429], [-96.92193186131445, 39.1979917305341], [-96.92197857370924, 39.19783996653559], [-96.92203965914855, 39.19765060916034], [-96.92204594735557, 39.19735961043449], [-96.92204954061667, 39.19718835224776], [-96.92202887936514, 39.19698785432795], [-96.92199654001493, 39.19660565358344], [-96.92194084446729, 39.196356421376905], [-96.92190311522536, 39.19605079743646], [-96.92179801233709, 39.19585377719835], [-96.9217584864646, 39.19566650303232], [-96.92185101293886, 39.195530050165786], [-96.92194982762014, 39.19550359498752], [-96.92216093171191, 39.195402647505254], [-96.92197587876338, 39.19524182742358], [-96.92177465613972, 39.19499607134968], [-96.92166506167503, 39.19467999853487], [-96.92164889199991, 39.19463404950509], [-96.92171087575451, 39.194469050468676], [-96.92184202978602, 39.194376455902976], [-96.92194982762014, 39.194258797970555], [-96.92195791245769, 39.194173165150296], [-96.92178363929256, 39.19407987399157], [-96.92152133122957, 39.194017911884856], [-96.92148899187933, 39.19386962032893], [-96.92151594133784, 39.1937707591178], [-96.92131651534473, 39.19349436471202], [-96.92134615974912, 39.193327970578224], [-96.92145395758324, 39.19319638665367], [-96.92156445036319, 39.192984041705515], [-96.92169650270998, 39.19267144092567], [-96.92170638417811, 39.192324027737016], [-96.92116649669227, 39.19108892165206], [-96.92065086371912, 39.19071713236788], [-96.92062301594531, 39.190511742313134], [-96.92066164350251, 39.190350214797526], [-96.92050713327365, 39.18998538404261], [-96.92050264169721, 39.189608018940824], [-96.92061403279246, 39.189276604375785], [-96.92076494976021, 39.189141531604776], [-96.92078201775061, 39.1889653796113], [-96.92073261040998, 39.18877808708652], [-96.92076764470607, 39.188636050787004], [-96.92082513688428, 39.18854135976115], [-96.92094910439349, 39.188286528866804], [-96.92096168080745, 39.1880672064556], [-96.92102366456209, 39.18784927588971], [-96.9211368522879, 39.187751102474714], [-96.9213749058382, 39.18714465231091], [-96.92153750090466, 39.18702837481596], [-96.92175668983403, 39.18707572136407], [-96.92175758814929, 39.18707572136407], [-96.92199923496077, 39.18726858859069], [-96.92226244133906, 39.187580517136695], [-96.92297839862059, 39.188255893396516], [-96.92365572834491, 39.18897373465654], [-96.92421987034344, 39.189525165446106], [-96.92425939621593, 39.18968042863777], [-96.92451361944137, 39.18977511812886], [-96.92533557792645, 39.190586239792175], [-96.92559878430474, 39.19080068069296], [-96.92600302618266, 39.1912323454569], [-96.92644769224836, 39.19153102807214], [-96.92656896481174, 39.19178584720185], [-96.92668664411396, 39.19193553560406], [-96.92671718683363, 39.19216528927551], [-96.92668305085283, 39.19227389984056], [-96.92653572714619, 39.192476499868974], [-96.92630845337929, 39.192720176105354], [-96.92616382461853, 39.192846887414305], [-96.92621502858972, 39.192971509852455], [-96.92622940163427, 39.19312467679213], [-96.9263749287103, 39.193165057111514], [-96.92649709958899, 39.1929624590683], [-96.92667137275411, 39.1928698625173], [-96.9268375610817, 39.192839925260415], [-96.927009139301, 39.1928566344286], [-96.92718161583556, 39.19282182365704], [-96.92729480356138, 39.1927097328554], [-96.92745111042086, 39.192612262447774], [-96.92760472233445, 39.19261017379471], [-96.92779157191357, 39.192699289603894], [-96.92797662486214, 39.192855241998096], [-96.92821916998888, 39.19296454771092], [-96.92848327468245, 39.193135816192886], [-96.92882822775161, 39.19348531399519], [-96.9290555015185, 39.193675378803384], [-96.92930074159112, 39.19393854461216], [-96.92936991186798, 39.19465841641855], [-96.92916599429847, 39.19493132527213], [-96.9290276537447, 39.1950434125299], [-96.9289189575953, 39.19520771402561], [-96.92876265073585, 39.19529613034944], [-96.92866653100043, 39.19545625411734], [-96.92859286914712, 39.19555859389958], [-96.92834493412866, 39.19554118918523], [-96.92814999971199, 39.19550916449957], [-96.92801794736519, 39.19543536842919], [-96.92788589501842, 39.195333028467466], [-96.92787691186558, 39.1954137865449], [-96.92792901415206, 39.19552865778823], [-96.92813472835216, 39.195608719452835], [-96.92829193352689, 39.195688084838984], [-96.92842398587369, 39.195795297586734], [-96.9284922578353, 39.19596307824673], [-96.92847968142131, 39.19618724929169], [-96.92836469706491, 39.19633762449868], [-96.92825779754611, 39.196421862321195], [-96.92840332462214, 39.1964719872586], [-96.92845452859335, 39.19662027332229], [-96.9284967494117, 39.196845138446186], [-96.92841590103613, 39.19689665543206], [-96.92845363027807, 39.19727815842211], [-96.9286063438764, 39.197491186562665], [-96.92864137817247, 39.19762833178853], [-96.92853897023006, 39.1977188335676], [-96.92859556409299, 39.19806273926482], [-96.92868359899082, 39.19821241429555], [-96.92873210801618, 39.198442147443316], [-96.92875546421357, 39.198694853038205], [-96.92858119104844, 39.198973315450964], [-96.92892973737871, 39.1987888342259], [-96.92896297504424, 39.19871295312858], [-96.9289360255857, 39.19858416392258], [-96.9289530935761, 39.198426831923506], [-96.92892344917173, 39.19830639612864], [-96.92891805928002, 39.197978503409644], [-96.9289144660189, 39.197687506041866], [-96.92900250091672, 39.19756498047383], [-96.92890638118133, 39.19715772065813], [-96.9289719581971, 39.196958615000185], [-96.9289018896049, 39.196824253170874], [-96.92890638118133, 39.19666691723067], [-96.92900160260146, 39.19657293320453], [-96.92896117841366, 39.196462936925315], [-96.92890458455076, 39.19632370088193], [-96.92900070428618, 39.196186553109435], [-96.92900519586259, 39.196020165350895], [-96.92899800934032, 39.19584820771363], [-96.92912197684954, 39.19580295563388], [-96.92933757251777, 39.195768842508336], [-96.92955316818599, 39.195720109443116], [-96.92967354243407, 39.195603149948674], [-96.92982356108654, 39.19549593690775], [-96.92992237576779, 39.19544998841154], [-96.9300885640954, 39.19543397604975], [-96.93024846421599, 39.19540821702529], [-96.93031943112345, 39.19529961130481], [-96.93041016096714, 39.19513461383131], [-96.93043621211041, 39.19487771825955], [-96.93054221331393, 39.19478860521308], [-96.93074613088348, 39.194949426332066], [-96.93091860741802, 39.19513391763862], [-96.93126625543303, 39.19539777417484], [-96.93153754664888, 39.19553770824184], [-96.93156180116155, 39.19555093582579], [-96.93156988599911, 39.195564163407255], [-96.93171990465157, 39.19580643656412], [-96.93192561885166, 39.19590529491115], [-96.9322139780579, 39.1960960493566], [-96.93242328551915, 39.196276360564305], [-96.93250952378644, 39.196383572414405], [-96.93267481379873, 39.196466417822876], [-96.93280596783022, 39.196597995623776], [-96.93288591789053, 39.19677064760249], [-96.93297125784252, 39.196996208419364], [-96.93314553100768, 39.197113861767946], [-96.93330453281298, 39.19713126609275], [-96.93349497565326, 39.1971250005363], [-96.9337204527896, 39.19715772065813], [-96.93420015315138, 39.197323409551764], [-96.93440317240562, 39.197421569594326], [-96.9345352247524, 39.197596308054166], [-96.93448222415063, 39.19771465656498], [-96.93432591729118, 39.197826043216544], [-96.93411660982993, 39.197855978349075], [-96.93410583004655, 39.19801331162651], [-96.93432681560645, 39.197997996013186], [-96.93442293534187, 39.19807596637342], [-96.9344615628991, 39.19822912218617], [-96.93449390224932, 39.198353735078406], [-96.93459900513757, 39.19853682512804], [-96.93474363389836, 39.19862871805299], [-96.93488107613683, 39.19874219172625], [-96.93513889262341, 39.199156403885944], [-96.93517662186534, 39.199248992152384], [-96.93520177469333, 39.19931025349469], [-96.93504007794215, 39.19939309545216], [-96.9349745009264, 39.1995351100091], [-96.93525387697979, 39.199416068414656], [-96.9353670647056, 39.199317911158715], [-96.93574615375557, 39.19933879569273], [-96.93581083245603, 39.199416068414656], [-96.93584317180627, 39.19950169484506], [-96.93587371452591, 39.199584536576786], [-96.93601115676442, 39.19968687034579], [-96.93608841187886, 39.199564348264616], [-96.93604439442993, 39.19940144925757], [-96.93590156229972, 39.19926082673405], [-96.93568596663151, 39.199089573181716], [-96.93544252318948, 39.198818768948186], [-96.93539940405586, 39.19861270641561], [-96.93531945399555, 39.198486701663796], [-96.93530597926629, 39.19825348785288], [-96.93535448829164, 39.198054385300225], [-96.93548115074671, 39.19792281022677], [-96.93569584809966, 39.197917240906065], [-96.9363992289672, 39.1982145027821], [-96.93653577289042, 39.198318230869056], [-96.93665884208437, 39.198506194126374], [-96.93686904786087, 39.19864821047616], [-96.93711698287933, 39.19875263407961], [-96.93726879816236, 39.19880832660467], [-96.93759308997997, 39.198827818977996], [-96.9377395153713, 39.198858449839456], [-96.93799733185789, 39.19904989242098], [-96.9380647055042, 39.19904153857376], [-96.93823808035405, 39.198973315450964], [-96.93855428733411, 39.19904641165143], [-96.93876179816476, 39.199096534716375], [-96.93896661404959, 39.199219753765654], [-96.93911663270205, 39.19932208806602], [-96.93937983908035, 39.1993457572027], [-96.93959094317213, 39.19945017976937], [-96.93980025063335, 39.199420245316134], [-96.93996464233037, 39.19944252211974], [-96.94015688180122, 39.19956991745477], [-96.94054854726514, 39.19960542103154], [-96.94076144798748, 39.19964718992245], [-96.94101028132124, 39.19973699295378], [-96.94118365617108, 39.1998880567088], [-96.94146752380092, 39.20003146255354], [-96.94177115436699, 39.2001226573802], [-96.94239548348953, 39.20056749151703], [-96.94252573920575, 39.200754752619474], [-96.94274133487396, 39.20087379194552], [-96.94327313752225, 39.20115503025381], [-96.94370522717398, 39.201458543600474], [-96.94410767242131, 39.20173699505872], [-96.94430440346856, 39.202145620575315], [-96.94479578192905, 39.20251665326985], [-96.94477062910109, 39.20274567622505], [-96.94458827109838, 39.20289464516289], [-96.94461162729579, 39.2031431580617], [-96.94481195160417, 39.20341324951489], [-96.94473110322856, 39.20367429052525], [-96.9447472729037, 39.20396526309483], [-96.94494130900509, 39.20425484225445], [-96.94501317422782, 39.204508919139585], [-96.94529075365067, 39.20465231555123], [-96.94556473981237, 39.2047093955948], [-96.94568960563687, 39.20484026186105], [-96.94586837037842, 39.20514236709779], [-96.9446448649613, 39.20514027881722], [-96.94342764775114, 39.20507275771144], [-96.94318150936326, 39.20508041474732], [-96.94257873980753, 39.205161161620275], [-96.94222929516195, 39.20519387799927], [-96.94195530900025, 39.2052746247418], [-96.9417990021408, 39.205367204944416], [-96.94173522175562, 39.20543820622015], [-96.94160047446299, 39.20558508118035], [-96.94147201537736, 39.20575562281043], [-96.94132918324715, 39.205920595340174], [-96.94118006290996, 39.20604380241976], [-96.9409321278915, 39.20625471573228], [-96.94073629515954, 39.20641759884716], [-96.94047039383541, 39.20660345219628], [-96.94023862849207, 39.20670647181842], [-96.94006884690334, 39.2067510207974], [-96.93983079335302, 39.20678234428133], [-96.93964663871975, 39.20680949128945], [-96.9394319413668, 39.206823412827994], [-96.93921005749162, 39.206825501058525], [-96.93887408757531, 39.20680740305841], [-96.93863693234026, 39.20677955997221], [-96.9384698456974, 39.206740579633], [-96.93834947144929, 39.20668489339656], [-96.93825963992087, 39.206629903194795], [-96.93819316458985, 39.20654567761235], [-96.9381042313767, 39.206412726280824], [-96.93786258456524, 39.2060257042182], [-96.93771526085862, 39.20573195583344], [-96.93761554786208, 39.205564894592676], [-96.93758320851185, 39.20552869793813], [-96.93744935953448, 39.20536302839657], [-96.9373002391973, 39.20521684906479], [-96.9371699834811, 39.205115219445325], [-96.9370046934688, 39.20500105997138], [-96.93693103161547, 39.20496416693099]]]}}, {"type": "Feature", "properties": {"FID": 84, "AREA_ID": "75", "ACRES": 938.317, "area_name": "75", "area_type": null, "area_syskey": 84}, "geometry": {"type": "Polygon", "coordinates": [[[-96.94256975665469, 39.26352519830722], [-96.94256616339354, 39.26275039080497], [-96.94256077350185, 39.2620423455802], [-96.94255897687128, 39.2613127315748], [-96.94256077350185, 39.260580327800106], [-96.94255628192542, 39.26014978487785], [-96.94255628192542, 39.2592733888537], [-96.9425571802407, 39.25855557061488], [-96.94254999371844, 39.2574224879141], [-96.94254909540314, 39.25631512359056], [-96.94254999371844, 39.255762826053015], [-96.94253831561973, 39.255309298877336], [-96.94255089203372, 39.25428815639972], [-96.94254280719616, 39.25385200995075], [-96.9425401122503, 39.252907364480954], [-96.9425401122503, 39.25163436849682], [-96.94253831561973, 39.25108690355464], [-96.94254190888088, 39.250492826215144], [-96.94254370551145, 39.25025074173423], [-96.94254370551145, 39.25020900294617], [-96.94254190888088, 39.25008239513704], [-96.94252933246689, 39.24905143732539], [-96.94252933246689, 39.24901943704283], [-96.94252843415161, 39.248277861187475], [-96.94252753583633, 39.24757453950533], [-96.94253292572805, 39.2471091328526], [-96.94253831561973, 39.24626944517474], [-96.94254819708786, 39.245694806388315], [-96.94255897687128, 39.245168861677634], [-96.94257784149225, 39.243329415561924], [-96.94259401116734, 39.2421425158752], [-96.94260479095078, 39.2417932602088], [-96.94386961887098, 39.24179813031968], [-96.94443735413064, 39.24180091324004], [-96.94536711044984, 39.241803000430245], [-96.9461163053969, 39.24180508762038], [-96.95018747026508, 39.241825263788456], [-96.9515771640098, 39.24184265703212], [-96.95189337098986, 39.241846135680376], [-96.95243146184514, 39.24185448443538], [-96.95277192333785, 39.24185309297629], [-96.95408346365284, 39.24186352891888], [-96.95601753645983, 39.24187674777725], [-96.95601843477512, 39.24187674777725], [-96.9571871429599, 39.2418844007994], [-96.95744855270763, 39.24188161788235], [-96.95768031805096, 39.24188022642377], [-96.95778272599337, 39.24187953069448], [-96.95808455992888, 39.24188231361161], [-96.95823727352719, 39.24188370507014], [-96.95912570734332, 39.24189066236234], [-96.95939340529803, 39.24189344527901], [-96.95957845824657, 39.24188996663315], [-96.95960361107453, 39.24188996663315], [-96.96021266883726, 39.24188996663315], [-96.96047138363912, 39.24189344527901], [-96.96067799615449, 39.24189066236234], [-96.9608926935074, 39.24188648798709], [-96.9611388318953, 39.241880922153086], [-96.96151073442297, 39.24189692392471], [-96.96151073442297, 39.241897619653855], [-96.9615098361077, 39.24202980806135], [-96.9615098361077, 39.24203050378916], [-96.961491869802, 39.2445949095764], [-96.961491869802, 39.24459560527877], [-96.96146042876707, 39.2490903941714], [-96.96146042876707, 39.249091089829165], [-96.96137419049978, 39.25634642495801], [-96.96137419049978, 39.25634712054379], [-96.96129693538532, 39.26280533704104], [-96.96129693538532, 39.26280603256275], [-96.96129513875475, 39.26295209196675], [-96.96129513875475, 39.26295209196675], [-96.96117117124554, 39.262859587712875], [-96.96106696667256, 39.26272604752206], [-96.96099330481927, 39.262656495238566], [-96.96079208219558, 39.262474963453535], [-96.9606995557213, 39.262452706650606], [-96.96035100939102, 39.262383849621756], [-96.96010217605729, 39.26233585831927], [-96.95997731023279, 39.26232890305532], [-96.95989466522663, 39.26231221041899], [-96.95983807136373, 39.26228508487649], [-96.95976530782568, 39.26225239510621], [-96.9595883397147, 39.262140415139214], [-96.95943562611639, 39.262070862274626], [-96.95927033610407, 39.261995745103384], [-96.95918679278265, 39.261951926716286], [-96.9590807915791, 39.26189489321907], [-96.95899545162709, 39.26184759711298], [-96.95893346787248, 39.26181073394936], [-96.95886878917203, 39.26177387076635], [-96.95875380481563, 39.26171196839656], [-96.95869182106102, 39.26167997389187], [-96.9585912097492, 39.261647979372576], [-96.9585103613736, 39.26163824190728], [-96.95845736077183, 39.261638937440566], [-96.95841064837707, 39.26164380617332], [-96.95834507136131, 39.2616577168365], [-96.95828488423726, 39.26167580069452], [-96.95822918868963, 39.261704317538076], [-96.95817978134899, 39.261741876289925], [-96.95796328736549, 39.26189072003452], [-96.95758868989196, 39.262128591157094], [-96.9573362632971, 39.262280216188266], [-96.95720960084202, 39.262343509108824], [-96.9571314474123, 39.2623831540959], [-96.95704970072143, 39.262416539330765], [-96.95696076750828, 39.262446446923505], [-96.95685656293531, 39.26246383505295], [-96.95675056173177, 39.262471485828534], [-96.95664905210465, 39.262471485828534], [-96.95650891492029, 39.26246313952785], [-96.95633643838573, 39.26244714244876], [-96.95608041852972, 39.262420016958494], [-96.95583967003354, 39.26238106751819], [-96.95552525968405, 39.26233724937198], [-96.95545878435303, 39.26232751200243], [-96.95538961407614, 39.262325425423064], [-96.95529259602544, 39.262325425423064], [-96.9551865948219, 39.26233029410816], [-96.95511742454502, 39.262335162792894], [-96.9550500508987, 39.262346291213916], [-96.95498627051352, 39.262358810685434], [-96.95488565920166, 39.262385936199394], [-96.9546565888042, 39.26245131560018], [-96.95438080601194, 39.262531996478785], [-96.95426761828611, 39.26256329507047], [-96.95417419349656, 39.262583465266616], [-96.95402147989823, 39.262616154882515], [-96.95388493597503, 39.262638411633546], [-96.95374569710597, 39.262654408669], [-96.95361094981332, 39.26266345047002], [-96.95346991431371, 39.26266971017773], [-96.95332798049878, 39.26267388331592], [-96.9530360280314, 39.26266414599311], [-96.95285456834401, 39.26265301762257], [-96.95255722598492, 39.26262589221197], [-96.95219161166422, 39.26258833393379], [-96.95178108157933, 39.26254521144143], [-96.95150979036347, 39.2625180859891], [-96.95139570432238, 39.26251182626786], [-96.95132114415378, 39.26251182626786], [-96.95124478735463, 39.2625180859891], [-96.9511738204472, 39.262531996478785], [-96.95109207375631, 39.262554253256546], [-96.95100314054318, 39.26258416079052], [-96.95092319048288, 39.262619632500346], [-96.9508423421073, 39.26265858180808], [-96.95074622237188, 39.26270935498031], [-96.95018836858036, 39.26297921725114], [-96.94974639746052, 39.26319621914828], [-96.94958559902463, 39.263277594686485], [-96.94945264836255, 39.26333880015727], [-96.94933137579918, 39.26338818180497], [-96.94924334090135, 39.263419480014356], [-96.94916428915631, 39.26344521408716], [-96.94909601719472, 39.263464688514375], [-96.94896935473965, 39.26349946426378], [-96.94885257375269, 39.26352032970513], [-96.94873579276575, 39.263534239995906], [-96.94861092694123, 39.263542586169066], [-96.94843755209138, 39.2635530188841], [-96.94826238061093, 39.26356066954081], [-96.94803331021346, 39.263564842625925], [-96.94748982946648, 39.26358014393593], [-96.94703438361738, 39.26358779458969], [-96.94667865076482, 39.26358501253386], [-96.9449970045527, 39.263557191969674], [-96.94457928794554, 39.26355162785551], [-96.94414270671739, 39.263539804111446], [-96.94327403583755, 39.26353145793796], [-96.94279972536745, 39.26352032970513], [-96.94256975665469, 39.26352519830722]]]}}, {"type": "Feature", "properties": {"FID": 85, "AREA_ID": "79", "ACRES": 673.804, "area_name": "79", "area_type": null, "area_syskey": 85}, "geometry": {"type": "Polygon", "coordinates": [[[-96.94256975665469, 39.26352519830722], [-96.94279972536745, 39.26352032970513], [-96.94327403583755, 39.26353145793796], [-96.94414270671739, 39.263539804111446], [-96.94457928794554, 39.26355162785551], [-96.9449970045527, 39.263557191969674], [-96.94667865076482, 39.26358501253386], [-96.94703438361738, 39.26358779458969], [-96.94748982946648, 39.26358014393593], [-96.94803331021346, 39.263564842625925], [-96.94826238061093, 39.26356066954081], [-96.94843755209138, 39.2635530188841], [-96.94861092694123, 39.263542586169066], [-96.94873579276575, 39.263534239995906], [-96.94885257375269, 39.26352032970513], [-96.94896935473965, 39.26349946426378], [-96.94909601719472, 39.263464688514375], [-96.94916428915631, 39.26344521408716], [-96.94924334090135, 39.263419480014356], [-96.94933137579918, 39.26338818180497], [-96.94945264836255, 39.26333880015727], [-96.94958559902463, 39.263277594686485], [-96.94974639746052, 39.26319621914828], [-96.95018836858036, 39.26297921725114], [-96.95074622237188, 39.26270935498031], [-96.9508423421073, 39.26265858180808], [-96.95092319048288, 39.262619632500346], [-96.95100314054318, 39.26258416079052], [-96.95109207375631, 39.262554253256546], [-96.9511738204472, 39.262531996478785], [-96.95124478735463, 39.2625180859891], [-96.95132114415378, 39.26251182626786], [-96.95139570432238, 39.26251182626786], [-96.95150979036347, 39.2625180859891], [-96.95178108157933, 39.26254521144143], [-96.95219161166422, 39.26258833393379], [-96.95255722598492, 39.26262589221197], [-96.95285456834401, 39.26265301762257], [-96.9530360280314, 39.26266414599311], [-96.95332798049878, 39.26267388331592], [-96.95346991431371, 39.26266971017773], [-96.95361094981332, 39.26266345047002], [-96.95374569710597, 39.262654408669], [-96.95388493597503, 39.262638411633546], [-96.95402147989823, 39.262616154882515], [-96.95417419349656, 39.262583465266616], [-96.95426761828611, 39.26256329507047], [-96.95438080601194, 39.262531996478785], [-96.9546565888042, 39.26245131560018], [-96.95488565920166, 39.262385936199394], [-96.95498627051352, 39.262358810685434], [-96.9550500508987, 39.262346291213916], [-96.95511742454502, 39.262335162792894], [-96.9551865948219, 39.26233029410816], [-96.95529259602544, 39.262325425423064], [-96.95538961407614, 39.262325425423064], [-96.95545878435303, 39.26232751200243], [-96.95552525968405, 39.26233724937198], [-96.95583967003354, 39.26238106751819], [-96.95608041852972, 39.262420016958494], [-96.95633643838573, 39.26244714244876], [-96.95650891492029, 39.26246313952785], [-96.95664905210465, 39.262471485828534], [-96.95675056173177, 39.262471485828534], [-96.95685656293531, 39.26246383505295], [-96.95696076750828, 39.262446446923505], [-96.95704970072143, 39.262416539330765], [-96.9571314474123, 39.2623831540959], [-96.95720960084202, 39.262343509108824], [-96.9573362632971, 39.262280216188266], [-96.95758868989196, 39.262128591157094], [-96.95796328736549, 39.26189072003452], [-96.95817978134899, 39.261741876289925], [-96.95822918868963, 39.261704317538076], [-96.95828488423726, 39.26167580069452], [-96.95834507136131, 39.2616577168365], [-96.95841064837707, 39.26164380617332], [-96.95845736077183, 39.261638937440566], [-96.9585103613736, 39.26163824190728], [-96.9585912097492, 39.261647979372576], [-96.95869182106102, 39.26167997389187], [-96.95875380481563, 39.26171196839656], [-96.95886878917203, 39.26177387076635], [-96.95893346787248, 39.26181073394936], [-96.95899545162709, 39.26184759711298], [-96.9590807915791, 39.26189489321907], [-96.95918679278265, 39.261951926716286], [-96.95927033610407, 39.261995745103384], [-96.95943562611639, 39.262070862274626], [-96.9595883397147, 39.262140415139214], [-96.95976530782568, 39.26225239510621], [-96.95983807136373, 39.26228508487649], [-96.95989466522663, 39.26231221041899], [-96.95997731023279, 39.26232890305532], [-96.96010217605729, 39.26233585831927], [-96.96035100939102, 39.262383849621756], [-96.9606995557213, 39.262452706650606], [-96.96079208219558, 39.262474963453535], [-96.96099330481927, 39.262656495238566], [-96.96106696667256, 39.26272604752206], [-96.96117117124554, 39.262859587712875], [-96.96129513875475, 39.26295209196675], [-96.96129513875475, 39.26295209196675], [-96.96128795223248, 39.263603095894666], [-96.96126729098094, 39.27082702529786], [-96.96124662972942, 39.2780516008093], [-96.94238200876028, 39.27794242757215], [-96.94239458517426, 39.27639242739872], [-96.94241704305637, 39.27470192153782], [-96.9424143481105, 39.274522507168264], [-96.94245117903716, 39.27274016039863], [-96.94248441670268, 39.27158783482516], [-96.9424996880625, 39.27056484313567], [-96.94250777290006, 39.27017678391748], [-96.94249609480137, 39.2695863456084], [-96.94250238300837, 39.26911830322558], [-96.94249789143194, 39.268964606605316], [-96.9424889082791, 39.268734408774286], [-96.94249160322497, 39.26860713895397], [-96.94249609480137, 39.2681509129994], [-96.94249609480137, 39.26754793907907], [-96.94251765436819, 39.26676413477499], [-96.94254280719616, 39.26553590205958], [-96.94256257013241, 39.263799926020056], [-96.94256975665469, 39.263525893821786], [-96.94256975665469, 39.26352519830722]]]}}, {"type": "Feature", "properties": {"FID": 86, "AREA_ID": "25", "ACRES": 944.996, "area_name": "25", "area_type": null, "area_syskey": 86}, "geometry": {"type": "Polygon", "coordinates": [[[-96.7076962424361, 39.15307687033106], [-96.70756059682817, 39.1530650279733], [-96.70733871295296, 39.153055275441886], [-96.70710245603321, 39.15304552290913], [-96.70668473942605, 39.15304691612818], [-96.70621132727123, 39.153037163594256], [-96.70541452161412, 39.15301487208308], [-96.7044919518172, 39.15298143480306], [-96.70357207696613, 39.152936155127726], [-96.70274203364349, 39.15289157203433], [-96.70203416119949, 39.152860921141226], [-96.70142240849094, 39.15282887701141], [-96.70123376228125, 39.15282121428256], [-96.70123466059653, 39.15267840872856], [-96.70123196565068, 39.1525474453316], [-96.7012310673354, 39.1523691118034], [-96.70122298249784, 39.15218938458727], [-96.70121310102972, 39.152006870432885], [-96.70120950776857, 39.15182853553476], [-96.70120232124629, 39.15164671706791], [-96.70119782966988, 39.1514683812571], [-96.7011897448323, 39.15128656185972], [-96.70117986336417, 39.15110404536384], [-96.7011735751572, 39.15092710143884], [-96.70116818526552, 39.150745280643015], [-96.70115740548208, 39.150564852645616], [-96.70115201559037, 39.15038581745736], [-96.70114213412225, 39.15020538853837], [-96.70113584591525, 39.150025655796235], [-96.70113045602356, 39.14984383267143], [-96.70112416781656, 39.14966897550677], [-96.70111428634844, 39.149486454815715], [-96.70110620151088, 39.14930881017712], [-96.7010990149886, 39.14912698520031], [-96.70109093015104, 39.148946553053996], [-96.7010864385746, 39.148842055460435], [-96.70108554025936, 39.148766120445075], [-96.70107925205235, 39.14858499071994], [-96.70107386216067, 39.14840734380594], [-96.70106757395365, 39.14822690981468], [-96.70105859080081, 39.14804577870181], [-96.70105589585498, 39.147866040444434], [-96.70104421775628, 39.14768421174027], [-96.7010424211257, 39.147504472559525], [-96.70103792954927, 39.14732612625209], [-96.70103433628815, 39.14714499282105], [-96.701030743027, 39.14696594893301], [-96.70102714976586, 39.14678272456049], [-96.70102445482003, 39.1466029830776], [-96.70102175987415, 39.14642254446064], [-96.70101816661303, 39.146246982119074], [-96.70100918346019, 39.146065845910854], [-96.70100559019903, 39.145888192638466], [-96.70099930199207, 39.14570426877818], [-96.70099570873091, 39.14552591790925], [-96.70099121715451, 39.145345476531155], [-96.7009849289475, 39.145165034690535], [-96.70097953905582, 39.14498528907667], [-96.70097055590297, 39.144804846312674], [-96.70096516601124, 39.144623009700354], [-96.70095797948899, 39.14444326270239], [-96.70094899633614, 39.14426421194186], [-96.70093462329159, 39.144084464027664], [-96.70092474182347, 39.14390471565447], [-96.70090677551778, 39.14372775362939], [-96.7008825210051, 39.14354870104885], [-96.70085467323129, 39.143365467780924], [-96.70082233388106, 39.14319338134974], [-96.70078280800857, 39.143013630701155], [-96.70074148550549, 39.142833182882974], [-96.70068758658843, 39.14259003045816], [-96.70063368767138, 39.14233712317679], [-96.70059326348358, 39.14212323118559], [-96.70056631402507, 39.14194138764613], [-96.70056002581806, 39.14175954363691], [-96.70055822918751, 39.14158605983401], [-96.70056002581806, 39.14140421490696], [-96.70056092413333, 39.14122306623676], [-96.70056272076391, 39.141044007285416], [-96.70056272076391, 39.14086494787867], [-96.70056182244863, 39.140683797820834], [-96.70056451739448, 39.140503344030535], [-96.70056721234035, 39.140322889777714], [-96.70056361907919, 39.14014452527407], [-96.70056092413333, 39.13996407010148], [-96.70055463592635, 39.13978222098475], [-96.70055643255692, 39.13960106814095], [-96.70055553424163, 39.139422701808535], [-96.70055014434995, 39.139242244785784], [-96.70055104266521, 39.13906109055254], [-96.70054655108879, 39.13888272285211], [-96.70054205951236, 39.13870296119679], [-96.70054205951236, 39.13852180557596], [-96.70054116119708, 39.13841311197974], [-96.70054116119708, 39.138297450661], [-96.70054116119708, 39.138128138869824], [-96.70053936456654, 39.137979729434065], [-96.70054116119708, 39.13780066223363], [-96.70054116119708, 39.13762089781559], [-96.70054205951236, 39.13743834588261], [-96.70053936456654, 39.137259974071036], [-96.70054026288182, 39.13707951150496], [-96.70053846625123, 39.1368997452457], [-96.70053577130538, 39.136740881657815], [-96.70053577130538, 39.1367185849852], [-96.70053666962067, 39.13657156612351], [-96.70053217804424, 39.13640503727902], [-96.7005348729901, 39.13623293383342], [-96.7005348729901, 39.13605246863501], [-96.70053577130538, 39.13589499669401], [-96.70053846625123, 39.13575773104225], [-96.70054026288182, 39.135638581452426], [-96.70053846625123, 39.13545881151432], [-96.70054295782765, 39.13527695076105], [-96.70054295782765, 39.13509787668683], [-96.70054924603465, 39.134917408579284], [-96.70054924603465, 39.134737636799954], [-96.70055463592635, 39.13455716776916], [-96.70055733087221, 39.1343787886587], [-96.70056092413333, 39.134197621912115], [-96.70056541570976, 39.13401715149729], [-96.70057080560147, 39.1338359838203], [-96.70057709380846, 39.133656209280076], [-96.7005806870696, 39.13347504067447], [-96.7005806870696, 39.13334613195972], [-96.7005806870696, 39.133295962017776], [-96.70058338201544, 39.1331161860989], [-96.70058338201544, 39.132936409721076], [-96.70058338201544, 39.1327552392636], [-96.7005869752766, 39.13257476515218], [-96.70058967022244, 39.13239498739214], [-96.70059685674471, 39.13221520917314], [-96.70059775506, 39.13203403686025], [-96.70060314495171, 39.13185495453905], [-96.70060763652812, 39.131673084478265], [-96.70060853484341, 39.13151629956614], [-96.70060943315869, 39.13147170290515], [-96.70061033147397, 39.13137902537868], [-96.70061122978927, 39.131372057138705], [-96.7069605222183, 39.13142501574542], [-96.71628503486876, 39.131466128320554], [-96.71964293740128, 39.13148006478124], [-96.71978217627033, 39.13148076160418], [-96.72006514558487, 39.13146682514365], [-96.72032835196313, 39.131472399728196], [-96.72017743499539, 39.13150515040355], [-96.72008490852112, 39.131535113774035], [-96.7199950769927, 39.131570651708536], [-96.71990794041012, 39.13160967373363], [-96.71982080382755, 39.13165078620095], [-96.71973456556024, 39.13169538274853], [-96.71967887001264, 39.131730223781666], [-96.71962766604143, 39.13176854889822], [-96.71958185196195, 39.13181105491219], [-96.71954052945887, 39.13185634817753], [-96.71941386700378, 39.13201661642098], [-96.71934290009634, 39.13211904854202], [-96.71929708601684, 39.132206847384346], [-96.71927193318888, 39.1322598053633], [-96.71926833992774, 39.132272348036686], [-96.71923240731637, 39.13236014668787], [-96.71920276291199, 39.13245561017646], [-96.7191794067146, 39.13255246716035], [-96.71916323703948, 39.13265002082243], [-96.7191569488325, 39.132736425381694], [-96.71915245725607, 39.132939893763776], [-96.71916413535476, 39.13371195337264], [-96.71917401682289, 39.13477596027977], [-96.71917491513818, 39.1349194989461], [-96.71917761008403, 39.13514177426467], [-96.71918389829102, 39.135765395628844], [-96.71918210166044, 39.13629215976298], [-96.71918838986744, 39.137116440175824], [-96.71917581345348, 39.13862701524328], [-96.71917401682289, 39.13877542331463], [-96.71917581345348, 39.139102895416976], [-96.71916144040891, 39.14077785656287], [-96.71915784714778, 39.14104888438354], [-96.71915335557135, 39.1412941323091], [-96.7191506606255, 39.141620895973325], [-96.71914257578793, 39.14196716626075], [-96.71913808421152, 39.142636710215164], [-96.71912371116696, 39.14329997744778], [-96.71911832127527, 39.14405241590172], [-96.71910664317656, 39.1446933756482], [-96.71909586339315, 39.145154584376726], [-96.71908688024031, 39.145279988040166], [-96.71906981224991, 39.14543047214141], [-96.71904825268308, 39.14557329240288], [-96.71900872681061, 39.145762790058605], [-96.7189844722979, 39.14590630632599], [-96.71896111610053, 39.14603310200807], [-96.71894314979485, 39.14612158017842], [-96.71892428517388, 39.14623095855021], [-96.71890272560705, 39.1463180431196], [-96.71884882669, 39.146557699298285], [-96.71883714859129, 39.1466022864043], [-96.71873204570304, 39.14698545568221], [-96.71855058601562, 39.14766609851029], [-96.71850387362083, 39.14784444395626], [-96.71845356796493, 39.148116141227966], [-96.71842482187584, 39.14827358583359], [-96.71840775388544, 39.14842406353462], [-96.71840505893958, 39.14858011414397], [-96.71841134714657, 39.14870202844178], [-96.7184212286147, 39.14879398651529], [-96.71843739828981, 39.14887479805644], [-96.7184724325859, 39.14901691467957], [-96.71853890791694, 39.14924820190371], [-96.71859011188812, 39.149416790305004], [-96.71876169010743, 39.14997967757916], [-96.71897728577565, 39.150685370239586], [-96.71902040490927, 39.15083166299539], [-96.71903387963854, 39.15088739348904], [-96.71905274425951, 39.15098074196704], [-96.71906352404294, 39.15105249481746], [-96.71907430382635, 39.15112494422325], [-96.71907430382635, 39.151168831807816], [-96.71907969371804, 39.15132766283738], [-96.71908149034863, 39.15157566144744], [-96.71909316844732, 39.151783951739624], [-96.71910933812242, 39.15191143345378], [-96.71912101622114, 39.151992938035235], [-96.71914976231022, 39.15210718361448], [-96.71919288144387, 39.15224302415328], [-96.71927462813473, 39.15247708723577], [-96.71933930683518, 39.15265124080985], [-96.71952076652262, 39.153064331363964], [-96.71948842717238, 39.15307338728487], [-96.71938332428412, 39.153101948258545], [-96.71895123463241, 39.15322176489983], [-96.71889464076949, 39.15323430383887], [-96.71872036760433, 39.15324544956058], [-96.71860268830211, 39.15325241563577], [-96.71840505893958, 39.15325102242078], [-96.71816880201983, 39.1532273377619], [-96.717970274342, 39.153200170055136], [-96.7179136804791, 39.153191810758635], [-96.71787774786773, 39.15318066502842], [-96.71770437301787, 39.15312493635089], [-96.71755255773483, 39.153051095785166], [-96.71744925147713, 39.152979344972536], [-96.71733516543604, 39.152899931366505], [-96.71724174064649, 39.15282957362309], [-96.7171222647137, 39.15275851919697], [-96.71699380562802, 39.15272368856974], [-96.7169093639913, 39.152722295344276], [-96.71680336278779, 39.15273971066041], [-96.71677551501396, 39.152749463235565], [-96.71670364979121, 39.15277245144305], [-96.71668029359383, 39.15278011417721], [-96.71663358119906, 39.152800315926896], [-96.71655991934574, 39.15283305668134], [-96.71644403667408, 39.152881122867704], [-96.71627425508535, 39.15295287378048], [-96.71606674425469, 39.15303507376538], [-96.71576670694975, 39.15315907017111], [-96.71542355051118, 39.15329351546527], [-96.71512800478266, 39.153414028386265], [-96.7149600198245, 39.15347393646672], [-96.71489623943933, 39.15349065499169], [-96.71479293318164, 39.153518519191174], [-96.71429885977531, 39.15361883021791], [-96.71403565339702, 39.15367943472727], [-96.71389012632096, 39.153714264881465], [-96.71380568468425, 39.15373516296569], [-96.71364937782478, 39.15377556591093], [-96.71356403787279, 39.153798553783204], [-96.71315889767959, 39.15389886441074], [-96.71301786217997, 39.15393578425849], [-96.71299360766729, 39.153942750265344], [-96.71287592836505, 39.153965738083016], [-96.71279957156588, 39.15397479388792], [-96.71275735074754, 39.153978973489785], [-96.71268099394838, 39.15398384969165], [-96.71259385736579, 39.15398245649115], [-96.71248605953168, 39.15397967009007], [-96.71231987120409, 39.15396086187988], [-96.71210786879702, 39.1539176726375], [-96.71190574785808, 39.15387309016593], [-96.71181681464492, 39.153850102318], [-96.71167218588415, 39.15381318242529], [-96.71150599755657, 39.15376999309227], [-96.71133262270673, 39.15372889354105], [-96.7113119614552, 39.15372401732153], [-96.71123201139487, 39.153706602249024], [-96.71092927914411, 39.153641121537774], [-96.71048820633953, 39.15356101207414], [-96.70976326590515, 39.15342935371402], [-96.70949916121157, 39.15338477093307], [-96.70912905531446, 39.15331511028132], [-96.70902754568733, 39.15329560528646], [-96.70887573040432, 39.153267740998736], [-96.70857659141465, 39.153209922566475], [-96.70835291090887, 39.15316324982142], [-96.70801604267729, 39.15311170078349], [-96.70780853184662, 39.15308662285947], [-96.7076962424361, 39.15307687033106]]]}}, {"type": "Feature", "properties": {"FID": 87, "AREA_ID": "11", "ACRES": 472.195, "area_name": "11", "area_type": null, "area_syskey": 87}, "geometry": {"type": "Polygon", "coordinates": [[[-96.77028366491999, 39.10787889865381], [-96.77015071425792, 39.10751433719554], [-96.77001776359585, 39.107168594567554], [-96.76991355902287, 39.10699641968275], [-96.76988840619491, 39.10695389869503], [-96.7697177262909, 39.106757325926566], [-96.76961172508739, 39.10658027055236], [-96.76952009692836, 39.106428309285974], [-96.76945721485848, 39.106370452387424], [-96.76912393988803, 39.10619130482211], [-96.76894607346175, 39.106102079405666], [-96.76869454518216, 39.10597590889749], [-96.76854901810611, 39.10595778493856], [-96.7683217443392, 39.105933387294144], [-96.7681277082378, 39.105922234082456], [-96.76783934903155, 39.10587483291311], [-96.76708566250808, 39.10563852366682], [-96.76661943687556, 39.10549910781073], [-96.76592863242197, 39.10544194722999], [-96.76514440317882, 39.10530392514892], [-96.76519291220417, 39.10515474946446], [-96.76526028585049, 39.10499511719076], [-96.76537167694573, 39.10471976809616], [-96.76547498320342, 39.104473695716706], [-96.76559984902795, 39.104180917262376], [-96.76564745973799, 39.10404846946685], [-96.76568429066465, 39.103934145906436], [-96.76571663001491, 39.103814942484405], [-96.76577052893195, 39.10359605380441], [-96.76580196996689, 39.10342108179115], [-96.76582173290313, 39.10330187750151], [-96.76582802111014, 39.10322728758033], [-96.76583430931713, 39.10312690475809], [-96.765824427849, 39.10299863761054], [-96.76578490197649, 39.102859216533275], [-96.76572740979829, 39.10274698236574], [-96.76561422207247, 39.10258176776917], [-96.76553157706633, 39.10244652852848], [-96.76542916912393, 39.102288284345356], [-96.76534382917193, 39.10216210701084], [-96.76519470883473, 39.10186095356494], [-96.76502313061546, 39.10149426962314], [-96.76490994288964, 39.10123215217639], [-96.76479316190269, 39.100959576882936], [-96.76471950004938, 39.10076926153922], [-96.76465661797948, 39.100581734196155], [-96.76461978705282, 39.10041372600421], [-96.7646036173777, 39.100339133027184], [-96.764591939279, 39.100241534620274], [-96.76459463422486, 39.10016763859376], [-96.76460631232355, 39.10007701128566], [-96.76464134661964, 39.099860202406646], [-96.76467997417687, 39.099702649555375], [-96.76472309331052, 39.099526273600674], [-96.76478956864153, 39.09921813747474], [-96.7648039416861, 39.099011085973004], [-96.76527196394919, 39.099107988940084], [-96.76592234421499, 39.09923347459881], [-96.76626370402298, 39.099299005909636], [-96.76671196334983, 39.099384754234926], [-96.7671126119666, 39.09946283392011], [-96.76755009151003, 39.09954649062971], [-96.76796601148664, 39.09962735868798], [-96.76826065889988, 39.09968452398354], [-96.76843493206502, 39.09971868371121], [-96.76863615468868, 39.099757723379696], [-96.76876371545904, 39.09978142602503], [-96.76899907406352, 39.09982185993101], [-96.7692398225597, 39.09985741386368], [-96.76950931714497, 39.09988739069493], [-96.769667420635, 39.09990272767344], [-96.76977521846909, 39.099909699026185], [-96.76988840619491, 39.09991667037827], [-96.76997284783164, 39.099921550324304], [-96.77004201810854, 39.099925035999824], [-96.77026300366845, 39.09993200735038], [-96.77049027743536, 39.0999354930254], [-96.77073102593154, 39.099932704485404], [-96.7709268586635, 39.099921550324304], [-96.77119814987935, 39.09990203053811], [-96.77146584783407, 39.09987623652663], [-96.7716338327922, 39.09985671672792], [-96.77171468116778, 39.09984625969065], [-96.77189344590936, 39.0998211627949], [-96.77208299043433, 39.09979188307192], [-96.7721764152239, 39.09977445465959], [-96.77230577262482, 39.099750752011914], [-96.77255550427384, 39.099697769594194], [-96.77294447479191, 39.099608535958566], [-96.77336578466023, 39.099510936540284], [-96.77377631474513, 39.09941263984671], [-96.77410509813916, 39.09933316582406], [-96.77460635806777, 39.09921604604847], [-96.77481386889843, 39.099167246084555], [-96.7749701757579, 39.09913238894679], [-96.77511570283393, 39.09910032036482], [-96.77528458610738, 39.099068948911814], [-96.7754211300306, 39.099048731745825], [-96.77558013183591, 39.099025028854165], [-96.77577326962201, 39.098999931666086], [-96.77592957648145, 39.09897971448031], [-96.77606252714352, 39.09896577159019], [-96.7762008676973, 39.09895601156544], [-96.77633022509825, 39.09894694868414], [-96.77645329429218, 39.09893997723618], [-96.77656288875686, 39.09893230864264], [-96.77671650067046, 39.09892882291801], [-96.7768970620426, 39.09892533719323], [-96.77705696216319, 39.0989260343382], [-96.77725279489515, 39.09892742862813], [-96.77753845915555, 39.09893230864264], [-96.77772171547352, 39.0989350972222], [-96.77790317516096, 39.09894276581543], [-96.77960099104817, 39.09925648027871], [-96.78142277444461, 39.099621084445396], [-96.78149913124378, 39.09963433006798], [-96.78185486409635, 39.099699861006165], [-96.78219802053492, 39.09976260333676], [-96.78244954881453, 39.0997981572993], [-96.78269299225654, 39.099852533913186], [-96.78336044051272, 39.09997383543923], [-96.78359939237835, 39.10002054344249], [-96.78383744592867, 39.100074919884854], [-96.78407280453314, 39.10013557048267], [-96.78430456987648, 39.10020319235203], [-96.78453364027396, 39.1002777854729], [-96.78475821909502, 39.100358652692364], [-96.78497920465495, 39.1004457939888], [-96.78519569863845, 39.10053920933895], [-96.7854085993608, 39.100638898717904], [-96.78561521187619, 39.10074486209901], [-96.78581733281516, 39.10085640232812], [-96.78601406386241, 39.10097351937877], [-96.78620540501792, 39.10109621322316], [-96.78639045796649, 39.101224483832155], [-96.78656922270807, 39.10135833117532], [-96.78674169924264, 39.101496360981805], [-96.78690788757021, 39.10163996746334], [-96.78706688937554, 39.10178845346914], [-96.78721870465856, 39.10194042473811], [-96.78736333341934, 39.1020972754749], [-96.78749987734254, 39.10225830853493], [-96.78762923474346, 39.10242282677918], [-96.78775050730684, 39.10259083018322], [-96.78829398805381, 39.103379255747576], [-96.78829219142324, 39.1033799528485], [-96.78829308973853, 39.10338064994942], [-96.78517773233276, 39.10592293115824], [-96.78292565591516, 39.107749943095364], [-96.78193571247192, 39.107929086699265], [-96.7809448707134, 39.10790259856862], [-96.77901169622172, 39.10814935603167], [-96.77843497780921, 39.11152371250557], [-96.77772441041938, 39.111748849730986], [-96.77699318177801, 39.11211617734422], [-96.77627003797419, 39.11274627566002], [-96.77522439898334, 39.11405385109056], [-96.7747869194399, 39.113657956612826], [-96.77434135505894, 39.113214663677795], [-96.77425871005275, 39.11312962917968], [-96.77405658911381, 39.112936558667705], [-96.7738921974168, 39.11278530811374], [-96.77366672028045, 39.11260757087278], [-96.7733559031921, 39.11239149754473], [-96.77295884783646, 39.11212175346022], [-96.77269384482761, 39.111923801072116], [-96.77243872328688, 39.111670783653786], [-96.77211173652341, 39.11134736612698], [-96.77201112521159, 39.11124420677604], [-96.77194285324998, 39.111168928235465], [-96.77142632196154, 39.11059318414548], [-96.77115323411513, 39.110257215082044], [-96.77089811257441, 39.10990451554536], [-96.77081636588355, 39.109730953267665], [-96.77071036468, 39.1094507433871], [-96.7706717371228, 39.10922071951821], [-96.77068790679789, 39.10892586964292], [-96.7706474826101, 39.10867632670433], [-96.77059807526948, 39.10847627348698], [-96.7704022425375, 39.108111715118554], [-96.77028366491999, 39.10787889865381]]]}}, {"type": "Feature", "properties": {"FID": 88, "AREA_ID": "24", "ACRES": 768.358, "area_name": "24", "area_type": null, "area_syskey": 88}, "geometry": {"type": "Polygon", "coordinates": [[[-96.83113374564415, 39.11564995239311], [-96.8308795224187, 39.11562137622476], [-96.83056511206922, 39.11557816346036], [-96.83006744540177, 39.115494525776555], [-96.82960750797622, 39.11541367592117], [-96.82920775767472, 39.11534258373032], [-96.82951498150193, 39.11450550263775], [-96.82702754647985, 39.11391584587373], [-96.8270257498493, 39.11391584587373], [-96.82678050977671, 39.114697174873136], [-96.82678050977671, 39.114697174873136], [-96.82584177030466, 39.11453407925866], [-96.8255264616399, 39.114333345676464], [-96.8250808972589, 39.11427898023289], [-96.82454639966477, 39.11370047355592], [-96.82443411025424, 39.113514374615306], [-96.82439458438175, 39.113303183087325], [-96.82446016139748, 39.11308989991178], [-96.82456256933989, 39.11296862095543], [-96.82461736657223, 39.11285779689903], [-96.82523271254195, 39.11289682929097], [-96.8257366674164, 39.1128884652088], [-96.82610048510651, 39.112254186085515], [-96.82618402842795, 39.1114163712842], [-96.8261597739153, 39.11121841691471], [-96.82718385333933, 39.11113756215317], [-96.82757462048798, 39.11105949539879], [-96.82761324804518, 39.11086572218839], [-96.82763301098146, 39.1102174841948], [-96.82728895622759, 39.10831595168345], [-96.8255435296303, 39.10849927615062], [-96.82540518907652, 39.10845466491735], [-96.82529649292712, 39.1084198123717], [-96.82499465899161, 39.108391233271384], [-96.8249048274632, 39.108382868654495], [-96.82476648690943, 39.10838356570593], [-96.82465240086833, 39.10747460476204], [-96.82599897547941, 39.107382592724804], [-96.82631069088303, 39.1069232278027], [-96.82597741591258, 39.10510177110803], [-96.82407927571697, 39.10578630417323], [-96.8240433431056, 39.10350473380386], [-96.8251833052013, 39.10347266721073], [-96.82616606212227, 39.10341550498677], [-96.8270194616423, 39.103474061410715], [-96.82736351639619, 39.10340086587318], [-96.82857444539934, 39.1034148078862], [-96.82913589245199, 39.10185607375314], [-96.83098372699169, 39.098499380326814], [-96.831746396668, 39.0987308334769], [-96.83207428174674, 39.09884516547553], [-96.83215513012232, 39.098884902773094], [-96.83229975888311, 39.09899644594482], [-96.83243809943686, 39.099109383226406], [-96.83250906634431, 39.09916933751225], [-96.83295822398645, 39.099384754234926], [-96.8330525470913, 39.09942100552809], [-96.83328431243464, 39.09953254785168], [-96.83330677031672, 39.09949908517313], [-96.83335797428794, 39.09942239980823], [-96.8335026030487, 39.099207680342765], [-96.8335645868033, 39.099124023231134], [-96.83368855431254, 39.09896925731296], [-96.83368945262782, 39.098967863023866], [-96.8336912492584, 39.09896646873475], [-96.83388348872921, 39.09875453646746], [-96.83396882868122, 39.09866948452317], [-96.83398769330219, 39.09865066153804], [-96.83402632085942, 39.098617895588944], [-96.83409099955988, 39.09856351802282], [-96.83414220353107, 39.0985209919483], [-96.83414220353107, 39.0985209919483], [-96.83423023842893, 39.098447791268114], [-96.83437486718972, 39.09833903583153], [-96.83453386899502, 39.09823446313813], [-96.83474137982567, 39.09809712409857], [-96.83491744962139, 39.097991853892175], [-96.83522647007916, 39.09782523384032], [-96.8354860831963, 39.09771508312956], [-96.83568191592828, 39.09763909298198], [-96.83582474805846, 39.09759308055921], [-96.83596308861223, 39.09755264537505], [-96.83611220894943, 39.09752127323342], [-96.83625953265604, 39.097494084032725], [-96.83645985696442, 39.097462014705584], [-96.8366215537156, 39.09744179707883], [-96.83681379318644, 39.09742576240517], [-96.8369683034153, 39.09741809364694], [-96.83700513434196, 39.097416699327155], [-96.83710664396908, 39.09741600216728], [-96.83775882086545, 39.09741321352762], [-96.8378405675563, 39.09741391068754], [-96.83794656875986, 39.097414607847476], [-96.83816396105864, 39.09741879080681], [-96.8384514219496, 39.09742436808557], [-96.83903083530795, 39.0974571345893], [-96.83946561990551, 39.097489901077815], [-96.83982404770393, 39.097525456186446], [-96.84018067887177, 39.097568680019805], [-96.84070439668248, 39.097632818562445], [-96.84114457117177, 39.09769068263239], [-96.8414967107632, 39.09773669499144], [-96.84175991714149, 39.097761095472706], [-96.84176800197905, 39.09776179262917], [-96.84188208802014, 39.097768764193646], [-96.84208780222023, 39.09776667272437], [-96.84221805793645, 39.09776318694213], [-96.84236897490419, 39.09774575802832], [-96.84249024746757, 39.09772275185551], [-96.8424938407287, 39.09772205469863], [-96.8426079267698, 39.09769904851809], [-96.84336430823915, 39.09792841283097], [-96.84406499416085, 39.09809294117946], [-96.84494983471583, 39.09830069252864], [-96.84575831847165, 39.09855306079375], [-96.84639252906231, 39.09891069714723], [-96.8471578936845, 39.09927460596059], [-96.85072510367823, 39.10135484557063], [-96.8500145362884, 39.10209169856579], [-96.84616256034957, 39.10711840598059], [-96.84385389006906, 39.11018890582344], [-96.8397288262838, 39.115606739646225], [-96.83966145263749, 39.11557607251947], [-96.83951862050728, 39.115536344630875], [-96.83940183952033, 39.115488252946264], [-96.83923385456218, 39.115424130649075], [-96.83910090390012, 39.11537882681697], [-96.83898052965202, 39.11534606864332], [-96.83886285034978, 39.115324462180006], [-96.83871193338202, 39.115305643642024], [-96.83852418548763, 39.11529658286271], [-96.83836338705176, 39.115299370794936], [-96.83825828416349, 39.115307734590935], [-96.83812802844727, 39.115326553128355], [-96.83803011208128, 39.11534606864332], [-96.83767258259816, 39.115422736685446], [-96.83734379920413, 39.11548337407787], [-96.83693326911923, 39.115568405735694], [-96.8365245356649, 39.1156346188408], [-96.83637451701242, 39.11566667990094], [-96.83626851580888, 39.11568549834246], [-96.83612568367869, 39.115716862400525], [-96.83602597068214, 39.115730104998626], [-96.83555435515791, 39.11576495392909], [-96.83536211568708, 39.11577889349644], [-96.83526330100581, 39.11578446932263], [-96.83511777392977, 39.115790742126535], [-96.83497494179957, 39.11579353003923], [-96.83489499173926, 39.115790742126535], [-96.83480605852615, 39.11578168140959], [-96.83405416863323, 39.11570989261103], [-96.83396343878951, 39.11570222584181], [-96.8338610308471, 39.115699437925535], [-96.8337703010034, 39.11570013490463], [-96.83368046947498, 39.11570501375801], [-96.83360231604526, 39.11571825635833], [-96.83351248451683, 39.11574125665823], [-96.83343702603294, 39.11577122673475], [-96.83337234733247, 39.11580816657893], [-96.83330048210973, 39.11585625804518], [-96.83323310846342, 39.11589877366193], [-96.83317381965468, 39.11593153157865], [-96.83310824263893, 39.115961501574226], [-96.8330345807856, 39.11598798667597], [-96.83296271556286, 39.11600401712747], [-96.8328692907733, 39.11601865362346], [-96.83278215419072, 39.11602283547892], [-96.83270579739157, 39.11602004757532], [-96.83260877934087, 39.11600401712747], [-96.83227819931628, 39.115920379949145], [-96.8320823665843, 39.11586671270742], [-96.83190539847332, 39.1158067726229], [-96.83181916020604, 39.11575589320883], [-96.83171136237192, 39.11571895333722], [-96.83162422578934, 39.115693862092634], [-96.83150924143297, 39.11567295271533], [-96.83138796886959, 39.11566737688034], [-96.83113374564415, 39.11564995239311]]]}}, {"type": "Feature", "properties": {"FID": 89, "AREA_ID": "16", "ACRES": 549.643, "area_name": "16", "area_type": null, "area_syskey": 89}, "geometry": {"type": "Polygon", "coordinates": [[[-96.81214425885048, 39.12812338856227], [-96.81214515716577, 39.1281226917061], [-96.81282428352068, 39.12730527465763], [-96.81466043996166, 39.12500767567756], [-96.81509881782038, 39.12440347205359], [-96.81517966619596, 39.12428569704119], [-96.81577884249054, 39.123419452290264], [-96.8165963093992, 39.12222007250426], [-96.81670680217917, 39.12205769121944], [-96.8178746120487, 39.12039134490503], [-96.81787551036398, 39.12039204183768], [-96.81825370109863, 39.12069241917652], [-96.81859595922195, 39.12107154791036], [-96.81859685753723, 39.12107154791036], [-96.81983204105306, 39.120383678645204], [-96.81983204105306, 39.120384375577935], [-96.82026233407422, 39.12086177288881], [-96.8219906926811, 39.12110290957087], [-96.82204099833703, 39.1211286958146], [-96.82214969448641, 39.121169117475006], [-96.82230869629171, 39.1212220837535], [-96.82244973179135, 39.12125274842283], [-96.82264466620805, 39.1212924730883], [-96.82314502782134, 39.12136843773704], [-96.82401639364706, 39.12150085298399], [-96.82485721675314, 39.12161375420847], [-96.82517611867905, 39.121666720152675], [-96.82542495201277, 39.1217022630666], [-96.82557586898054, 39.12175731970176], [-96.82576990508191, 39.12183049617558], [-96.82593789004008, 39.12191691400867], [-96.82606006091873, 39.12200263481903], [-96.82617863853626, 39.12208765860918], [-96.82630350436078, 39.12220404346706], [-96.82630440267606, 39.12220334655231], [-96.82654155791109, 39.121981030396974], [-96.82701137680473, 39.12140119311076], [-96.82715600556551, 39.121213023735], [-96.8272530236162, 39.1210757294659], [-96.82731321074024, 39.120966312014154], [-96.82734105851407, 39.12088058994279], [-96.82739944900756, 39.12073144722861], [-96.82742100857436, 39.120590667367594], [-96.8274192119438, 39.120469401321174], [-96.82862025947883, 39.12046661359352], [-96.82868314154872, 39.11799664354249], [-96.82869751459327, 39.117777101946444], [-96.82875231182562, 39.11751434808932], [-96.82890053384752, 39.117433500551535], [-96.82897239907025, 39.1164932926316], [-96.82898407716894, 39.116407565117804], [-96.82915924864936, 39.11559558796532], [-96.82920775767472, 39.11534258373032], [-96.82960750797622, 39.11541367592117], [-96.83006744540177, 39.115494525776555], [-96.83056511206922, 39.11557816346036], [-96.8308795224187, 39.11562137622476], [-96.83113374564415, 39.11564995239311], [-96.83138796886959, 39.11566737688034], [-96.83150924143297, 39.11567295271533], [-96.83162422578934, 39.115693862092634], [-96.83171136237192, 39.11571895333722], [-96.83181916020604, 39.11575589320883], [-96.83190539847332, 39.1158067726229], [-96.8320823665843, 39.11586671270742], [-96.83227819931628, 39.115920379949145], [-96.83260877934087, 39.11600401712747], [-96.83270579739157, 39.11602004757532], [-96.83278215419072, 39.11602283547892], [-96.8328692907733, 39.11601865362346], [-96.83296271556286, 39.11600401712747], [-96.8330345807856, 39.11598798667597], [-96.83310824263893, 39.115961501574226], [-96.83317381965468, 39.11593153157865], [-96.83323310846342, 39.11589877366193], [-96.83330048210973, 39.11585625804518], [-96.83337234733247, 39.11580816657893], [-96.83343702603294, 39.11577122673475], [-96.83351248451683, 39.11574125665823], [-96.83360231604526, 39.11571825635833], [-96.83368046947498, 39.11570501375801], [-96.8337703010034, 39.11570013490463], [-96.8338610308471, 39.115699437925535], [-96.83396343878951, 39.11570222584181], [-96.83405416863323, 39.11570989261103], [-96.83480605852615, 39.11578168140959], [-96.83489499173926, 39.115790742126535], [-96.83497494179957, 39.11579353003923], [-96.83511777392977, 39.115790742126535], [-96.83526330100581, 39.11578446932263], [-96.83536211568708, 39.11577889349644], [-96.83555435515791, 39.11576495392909], [-96.83602597068214, 39.115730104998626], [-96.83612568367869, 39.115716862400525], [-96.83626851580888, 39.11568549834246], [-96.83637451701242, 39.11566667990094], [-96.8365245356649, 39.1156346188408], [-96.83693326911923, 39.115568405735694], [-96.83734379920413, 39.11548337407787], [-96.83767258259816, 39.115422736685446], [-96.83803011208128, 39.11534606864332], [-96.83812802844727, 39.115326553128355], [-96.83825828416349, 39.115307734590935], [-96.83836338705176, 39.115299370794936], [-96.83852418548763, 39.11529658286271], [-96.83871193338202, 39.115305643642024], [-96.83886285034978, 39.115324462180006], [-96.83898052965202, 39.11534606864332], [-96.83910090390012, 39.11537882681697], [-96.83923385456218, 39.115424130649075], [-96.83940183952033, 39.115488252946264], [-96.83951862050728, 39.115536344630875], [-96.83966145263749, 39.11557607251947], [-96.8397288262838, 39.115606739646225], [-96.83971984313096, 39.115618588305274], [-96.8395392817588, 39.11585556106764], [-96.83232311508048, 39.1196937118451], [-96.83232311508048, 39.119785010870196], [-96.83232311508048, 39.119785010870196], [-96.83230425045952, 39.12448849294607], [-96.83227460605512, 39.12677147460203], [-96.8322135206158, 39.12692478573706], [-96.83219645262542, 39.12697008214489], [-96.83212458740267, 39.12715544867966], [-96.83203834913539, 39.127387504593784], [-96.83195480581394, 39.12761955974339], [-96.83187395743836, 39.1278523109873], [-96.83179580400862, 39.128085758318605], [-96.83172034552476, 39.12831990173041], [-96.83164758198672, 39.128554044363796], [-96.83157841170986, 39.12878957991799], [-96.83151103806354, 39.12902441783724], [-96.83144635936308, 39.12926064866335], [-96.83138527392373, 39.12949687869706], [-96.83132598511497, 39.129733804778674], [-96.83127028956733, 39.12997142690117], [-96.83121728896559, 39.130209048221914], [-96.83116698330964, 39.1304466687409], [-96.83111937259959, 39.13068498528899], [-96.83107445683538, 39.13092399785913], [-96.83103223601702, 39.13116231279195], [-96.83099271014453, 39.1314020205658], [-96.83095677753316, 39.13164172752375], [-96.83092264155233, 39.1318814336658], [-96.83091545503007, 39.1319357855264], [-96.83091545503007, 39.131936482344834], [-96.83091276008422, 39.13195947734993], [-96.83091276008422, 39.131962264622764], [-96.83007373360874, 39.13194693462082], [-96.82993449473969, 39.131944147347376], [-96.82977549293439, 39.131939966437], [-96.82735722818917, 39.131942753710625], [-96.82585434671864, 39.131941360073824], [-96.82492638703, 39.131941360073824], [-96.82356543937438, 39.131939966437], [-96.82118220892526, 39.13191697142555], [-96.81991378774394, 39.13191557778824], [-96.81817464935364, 39.13190651914513], [-96.81691251637926, 39.13189746050086], [-96.81609864273175, 39.13188979549324], [-96.8151715813584, 39.13188561457963], [-96.81465684670054, 39.1318821304848], [-96.81370822576037, 39.131887008217554], [-96.81296172575915, 39.1318807368468], [-96.81242453321919, 39.1318814336658], [-96.81241555006633, 39.1318814336658], [-96.81099531360195, 39.131884220941714], [-96.81113185752515, 39.13146752196674], [-96.81126480818722, 39.13115952548744], [-96.8114148268397, 39.130716342669494], [-96.81154777750176, 39.13033169117053], [-96.8116708466957, 39.12998675733315], [-96.81169420289308, 39.12975749734302], [-96.8116888130014, 39.129419529127254], [-96.81164749049832, 39.12917981460554], [-96.81160437136467, 39.12901675251693], [-96.81162682924679, 39.12879654841351], [-96.81191429013774, 39.128383315437134], [-96.81205981721376, 39.1282104955307], [-96.81214425885048, 39.12812338856227]]]}}, {"type": "Feature", "properties": {"FID": 90, "AREA_ID": "103", "ACRES": 649.265, "area_name": "103", "area_type": null, "area_syskey": 90}, "geometry": {"type": "Polygon", "coordinates": [[[-96.76860920523015, 39.13545463081261], [-96.76958028405242, 39.131730223781666], [-96.76958926720528, 39.131691898644256], [-96.76982911738615, 39.13173510152493], [-96.7700438147391, 39.131779001199114], [-96.77029713964926, 39.13184241179132], [-96.77050465047991, 39.13190094459493], [-96.77061693989044, 39.13193439188947], [-96.77074270403024, 39.13197968507547], [-96.77097626600414, 39.13206539364006], [-96.77154939115549, 39.13227165122156], [-96.77188266612595, 39.13239220013643], [-96.77232463724579, 39.13255455759737], [-96.77267228526078, 39.1326827709501], [-96.77305317094131, 39.132820042596165], [-96.77383380692334, 39.13310224996199], [-96.77421828586498, 39.133238127179226], [-96.7743943556607, 39.133293174797714], [-96.77459647659964, 39.13334961598214], [-96.77478332617878, 39.133390030629634], [-96.77493334483124, 39.13341511557156], [-96.77505282076405, 39.13342626443179], [-96.77519565289424, 39.13343532287941], [-96.77542472329172, 39.133439503701005], [-96.77554779248565, 39.13343392927215], [-96.77570499766038, 39.1334220836094], [-96.77590442365351, 39.13340048268985], [-96.7761263075287, 39.13336773289597], [-96.77644341282407, 39.13330223326248], [-96.77672009393159, 39.13379417582864], [-96.7777405800945, 39.134705584418995], [-96.77910512101126, 39.135326422506715], [-96.78062147721107, 39.135688052944026], [-96.78181264327797, 39.13574727933192], [-96.78319874376157, 39.13570129178799], [-96.78472947300594, 39.13558214210267], [-96.78635722030097, 39.13542815302943], [-96.7878376438894, 39.13537937813961], [-96.7896459525566, 39.135562632193476], [-96.79092515352136, 39.13588384822466], [-96.7920579290948, 39.1362796178056], [-96.7928331751851, 39.136515824294705], [-96.79283766676153, 39.136572959668655], [-96.79284485328378, 39.13663706271593], [-96.79285293812134, 39.13667747547661], [-96.7928735993729, 39.13674227519961], [-96.79291492187595, 39.136843306906854], [-96.79298768541399, 39.136972905987996], [-96.79310177145508, 39.13717078799582], [-96.79323472211713, 39.137421623544455], [-96.79327155304381, 39.137501751378615], [-96.79330119744819, 39.13756515681753], [-96.79332185869973, 39.137616717242274], [-96.79334431658184, 39.137675245246186], [-96.79336407951808, 39.13773865052887], [-96.79343145316439, 39.13803198631332], [-96.79348804702731, 39.13830302470481], [-96.7935572173042, 39.13866812361361], [-96.79361111622124, 39.138964242521276], [-96.79369016796628, 39.13939483202827], [-96.79373059215405, 39.1396393889737], [-96.79374766014445, 39.13979754928092], [-96.79377101634185, 39.13997521792477], [-96.7938015590615, 39.14020374791328], [-96.79384467819514, 39.14042391634691], [-96.79389498385106, 39.14062318212047], [-96.79396325581267, 39.14084474270299], [-96.79401715472972, 39.14101195777528], [-96.79404230755767, 39.14110810626199], [-96.79405308734108, 39.141159664092065], [-96.79406207049394, 39.14122515641639], [-96.79406296880923, 39.14131573080706], [-96.79405398565639, 39.14139097713531], [-96.79404590081883, 39.14144810855305], [-96.79402883282843, 39.14153032197526], [-96.79396505244326, 39.1417100764114], [-96.79388240743708, 39.14192954341461], [-96.79382761020474, 39.14210023949963], [-96.79379437253925, 39.14225142711501], [-96.79375843992788, 39.142472982573096], [-96.7937278972082, 39.14279347036667], [-96.7937117275331, 39.143127194148796], [-96.79372340563178, 39.144202205930284], [-96.79369735448853, 39.14573004601483], [-96.79369735448853, 39.146274152510095], [-96.79365782861602, 39.14635078688981], [-96.79355452235833, 39.14634660683491], [-96.79349164028844, 39.146349393538195], [-96.79342247001155, 39.146355663620234], [-96.79335689299579, 39.146366810431374], [-96.79319339961408, 39.14641070098312], [-96.78788076302305, 39.1477176515372], [-96.78530888636428, 39.14836206118753], [-96.78404765170518, 39.14874173762464], [-96.78368742727622, 39.14877657022272], [-96.78340894953809, 39.14877099700818], [-96.78278821367667, 39.148635149767415], [-96.78188091523957, 39.14832792504052], [-96.78121167035283, 39.14805622858637], [-96.78050379790885, 39.147742731374485], [-96.78008608130166, 39.14748217929583], [-96.77972316192682, 39.147195849562195], [-96.77943839598173, 39.14694226215885], [-96.77936563244369, 39.14673395753687], [-96.77908895133616, 39.146015685032324], [-96.7787386083753, 39.14510720960127], [-96.77861733581193, 39.144930250599224], [-96.77861104760494, 39.144919800250555], [-96.778573318363, 39.14486615510289], [-96.77820680572702, 39.14468292526435], [-96.77757618839749, 39.14447461395599], [-96.77696802895007, 39.14434920885772], [-96.77658804158482, 39.14417642813412], [-96.7762242238947, 39.143970205424985], [-96.77620985085014, 39.14396184503213], [-96.77611822269114, 39.14389356845339], [-96.77511929609508, 39.14314391513175], [-96.77406647058196, 39.142389376821775], [-96.77399101209807, 39.14235036077051], [-96.77372511077394, 39.142213107704045], [-96.77347268417904, 39.14221868143783], [-96.77314300246974, 39.14214761629885], [-96.77152513664282, 39.14133314894574], [-96.77043637851831, 39.1407367494244], [-96.769136516302, 39.13994804510241], [-96.76879246154813, 39.13959828117047], [-96.76753302351963, 39.139157241703614], [-96.76798936768402, 39.137850828966066], [-96.76782767093287, 39.137402114144955], [-96.76800553735914, 39.13646356629017], [-96.76860920523015, 39.13545463081261]]]}}, {"type": "Feature", "properties": {"FID": 91, "AREA_ID": "23", "ACRES": 419.292, "area_name": "23", "area_type": null, "area_syskey": 91}, "geometry": {"type": "Polygon", "coordinates": [[[-96.83098372699169, 39.098499380326814], [-96.83469466743088, 39.09175762540586], [-96.83700064276555, 39.08756932547699], [-96.8380579598551, 39.08787402623619], [-96.83875774746153, 39.08767740026763], [-96.83989591292666, 39.087410350645314], [-96.84314422099449, 39.08553818586961], [-96.84467315360827, 39.08490366064888], [-96.84604398273204, 39.08472655039252], [-96.84846943399951, 39.08466309739719], [-96.84839667046148, 39.084941313953145], [-96.84835983953481, 39.085156774141], [-96.84836253448067, 39.08532342412622], [-96.84844787443268, 39.08548240366145], [-96.84850177334972, 39.08567276026521], [-96.84854219753753, 39.08584010630574], [-96.84860238466158, 39.0860667201028], [-96.848679639776, 39.08626195602106], [-96.84879731907826, 39.08642163070965], [-96.84891140511935, 39.08651855097752], [-96.84910723785133, 39.08672912548904], [-96.84934978297807, 39.08688112921595], [-96.8495465140253, 39.08699199411292], [-96.84968844784022, 39.08706102311171], [-96.84974594001842, 39.087077757404266], [-96.84979894062019, 39.0870903081211], [-96.84983936480798, 39.08711122597748], [-96.84987350078876, 39.087137024658475], [-96.84993189128224, 39.08717258498713], [-96.85002351944125, 39.08721651242715], [-96.850161859995, 39.08731064256366], [-96.85022474206491, 39.08744869986996], [-96.85019060608411, 39.08778059410671], [-96.85017623303958, 39.08792213676206], [-96.85008729982641, 39.08866819433979], [-96.84998938346044, 39.089225989242095], [-96.84997770536174, 39.089332667014645], [-96.8499678238936, 39.08941842745991], [-96.84994716264208, 39.08951743532393], [-96.85026965782912, 39.089536260747124], [-96.85039811691476, 39.08953974693606], [-96.8505382540991, 39.08954044417382], [-96.85062179742054, 39.08953556350934], [-96.85073498514636, 39.08952580217929], [-96.8508355964582, 39.08951116018175], [-96.85096315722856, 39.089487454083994], [-96.8510520904417, 39.089467931409274], [-96.85115719332995, 39.0894532893997], [-96.85131439850471, 39.08944492253571], [-96.85149495987682, 39.08946444521682], [-96.85168001282538, 39.08949860989567], [-96.85177523424552, 39.08952231598969], [-96.85184530283769, 39.08954462760027], [-96.85195399898707, 39.089612956863824], [-96.85201508442641, 39.08969035013338], [-96.85205640692949, 39.089801210614795], [-96.85207886481159, 39.08990788751732], [-96.85209413617142, 39.09004593973985], [-96.85211749236882, 39.09018747784909], [-96.85213635698979, 39.090281604020646], [-96.8521588148719, 39.090372243918985], [-96.8521983407444, 39.09049147006936], [-96.85222169694178, 39.090558403960195], [-96.85227020596714, 39.090639979553764], [-96.85232679983004, 39.09072016060077], [-96.85239507179165, 39.090790580401666], [-96.8524543606004, 39.09084705563671], [-96.85252173424674, 39.09096279486601], [-96.85255856517338, 39.09107156167946], [-96.85257293821793, 39.091142678351396], [-96.85260797251402, 39.09150104950899], [-96.85249208984234, 39.09155055199655], [-96.85248400500478, 39.091555432521595], [-96.85240495325976, 39.091601448884155], [-96.85230613857851, 39.09166001512032], [-96.85229985037152, 39.091664198421064], [-96.85223606998632, 39.09170603141463], [-96.8521588148719, 39.09175623097418], [-96.8520222709487, 39.09185384112655], [-96.85187494724208, 39.09195981771048], [-96.85170067407692, 39.09210623246569], [-96.85139524688029, 39.092360017321354], [-96.85064874687907, 39.092995172668445], [-96.84961748093275, 39.09383529801155], [-96.84920784916315, 39.094148338007244], [-96.84882516685207, 39.094430003096306], [-96.847990631953, 39.09503028063373], [-96.8468668395324, 39.095868987380896], [-96.84632066383959, 39.0962503411812], [-96.8460745254517, 39.096400232878075], [-96.84589576071015, 39.09649086491233], [-96.84577987803847, 39.096541061065786], [-96.84547445084183, 39.096665156958416], [-96.84508548032373, 39.09682341376311], [-96.84412248633905, 39.09719779078128], [-96.84351971678332, 39.09742018512654], [-96.8432412390452, 39.09751848459793], [-96.84310469512198, 39.09756240559404], [-96.84288730282321, 39.097628635615806], [-96.84276603025982, 39.097660704867145], [-96.8426079267698, 39.09769904851809], [-96.8424938407287, 39.09772205469863], [-96.84249024746757, 39.09772275185551], [-96.84236897490419, 39.09774575802832], [-96.84221805793645, 39.09776318694213], [-96.84208780222023, 39.09776667272437], [-96.84188208802014, 39.097768764193646], [-96.84176800197905, 39.09776179262917], [-96.84175991714149, 39.097761095472706], [-96.8414967107632, 39.09773669499144], [-96.84114457117177, 39.09769068263239], [-96.84070439668248, 39.097632818562445], [-96.84018067887177, 39.097568680019805], [-96.83982404770393, 39.097525456186446], [-96.83946561990551, 39.097489901077815], [-96.83903083530795, 39.0974571345893], [-96.8384514219496, 39.09742436808557], [-96.83816396105864, 39.09741879080681], [-96.83794656875986, 39.097414607847476], [-96.8378405675563, 39.09741391068754], [-96.83775882086545, 39.09741321352762], [-96.83710664396908, 39.09741600216728], [-96.83700513434196, 39.097416699327155], [-96.8369683034153, 39.09741809364694], [-96.83681379318644, 39.09742576240517], [-96.8366215537156, 39.09744179707883], [-96.83645985696442, 39.097462014705584], [-96.83625953265604, 39.097494084032725], [-96.83611220894943, 39.09752127323342], [-96.83596308861223, 39.09755264537505], [-96.83582474805846, 39.09759308055921], [-96.83568191592828, 39.09763909298198], [-96.8354860831963, 39.09771508312956], [-96.83522647007916, 39.09782523384032], [-96.83491744962139, 39.097991853892175], [-96.83474137982567, 39.09809712409857], [-96.83453386899502, 39.09823446313813], [-96.83437486718972, 39.09833903583153], [-96.83423023842893, 39.098447791268114], [-96.83414220353107, 39.0985209919483], [-96.83414220353107, 39.0985209919483], [-96.83409099955988, 39.09856351802282], [-96.83402632085942, 39.098617895588944], [-96.83398769330219, 39.09865066153804], [-96.83396882868122, 39.09866948452317], [-96.83388348872921, 39.09875453646746], [-96.8336912492584, 39.09896646873475], [-96.83368945262782, 39.098967863023866], [-96.83368855431254, 39.09896925731296], [-96.8335645868033, 39.099124023231134], [-96.8335026030487, 39.099207680342765], [-96.83335797428794, 39.09942239980823], [-96.83330677031672, 39.09949908517313], [-96.83328431243464, 39.09953254785168], [-96.8330525470913, 39.09942100552809], [-96.83295822398645, 39.099384754234926], [-96.83250906634431, 39.09916933751225], [-96.83243809943686, 39.099109383226406], [-96.83229975888311, 39.09899644594482], [-96.83215513012232, 39.098884902773094], [-96.83207428174674, 39.09884516547553], [-96.831746396668, 39.0987308334769], [-96.83098372699169, 39.098499380326814]]]}}, {"type": "Feature", "properties": {"FID": 92, "AREA_ID": "15", "ACRES": 236.255, "area_name": "15", "area_type": null, "area_syskey": 92}, "geometry": {"type": "Polygon", "coordinates": [[[-96.7974505157461, 39.131815235830224], [-96.79763646700994, 39.13160409915994], [-96.79768767098116, 39.131560896198884], [-96.79780085870698, 39.13146473467431], [-96.79786913066857, 39.131410382450184], [-96.79796255545814, 39.13133721592834], [-96.7980892179132, 39.13116300961805], [-96.79818264270277, 39.131031309361425], [-96.79828145738405, 39.130875219849464], [-96.79837218722774, 39.13070589021087], [-96.79841171310026, 39.130615302171215], [-96.79846381538673, 39.13049614388009], [-96.79855274859989, 39.13026758238312], [-96.7986371902366, 39.13003065809717], [-96.79870905545934, 39.12980836664538], [-96.79878271731263, 39.129546354503475], [-96.79882403981573, 39.1293777185136], [-96.7988590741118, 39.1291826019884], [-96.79887165052578, 39.129044626405], [-96.79889410840788, 39.12887877660863], [-96.79891117639828, 39.128664843731485], [-96.79898573656688, 39.12739726068154], [-96.79902885570053, 39.126843948998356], [-96.79906299168132, 39.12640143589685], [-96.79906927988833, 39.12631502356518], [-96.79908634787873, 39.12609829539603], [-96.79908544956345, 39.12585996332754], [-96.7990701782036, 39.12574219075037], [-96.79903873716864, 39.12561605540498], [-96.79900460118787, 39.12551640135362], [-96.79898034667517, 39.12545019753522], [-96.79891836292057, 39.125306639567945], [-96.79878451394322, 39.12505645775098], [-96.79864976665057, 39.124828575489786], [-96.79844854402691, 39.124486402269625], [-96.79819342248618, 39.1240466619432], [-96.79797962344854, 39.12369333452558], [-96.79777301093317, 39.123344883660074], [-96.79714508854948, 39.12229324849739], [-96.79677857591349, 39.12167926471258], [-96.79769755244929, 39.121680658552435], [-96.79769845076457, 39.121680658552435], [-96.79957413307808, 39.12245075085332], [-96.79939896159763, 39.122736484316945], [-96.80234543572996, 39.12391773597051], [-96.80234543572996, 39.12391703907274], [-96.80287184848652, 39.12321038116493], [-96.80287274680181, 39.1232110780697], [-96.80335424379416, 39.12338669785493], [-96.80335424379416, 39.12338669785493], [-96.80351683886062, 39.12314069065194], [-96.80351773717591, 39.12314138755742], [-96.80449869746629, 39.123454994319864], [-96.80449869746629, 39.12345429741749], [-96.80452474860954, 39.12339924210857], [-96.80452564692482, 39.12339924210857], [-96.80461278350738, 39.123421542998365], [-96.80461368182269, 39.123420846095684], [-96.80461997002966, 39.12338809166101], [-96.80462176666023, 39.12338809166101], [-96.80476729373628, 39.123425724414425], [-96.80502331359229, 39.12349262703753], [-96.80505295799666, 39.1234975053513], [-96.80507541587878, 39.123505171272285], [-96.80508978892334, 39.12351423099599], [-96.80510775522902, 39.1235253814236], [-96.80512033164298, 39.123537925652506], [-96.80512931479583, 39.1235504698792], [-96.80509428049976, 39.12355534818898], [-96.80509428049976, 39.12355534818898], [-96.80507631419405, 39.12355325748482], [-96.8050745175635, 39.12355325748482], [-96.80505026305082, 39.123557438893066], [-96.80500624560189, 39.1235567419917], [-96.80500444897133, 39.1235567419917], [-96.8049200073346, 39.123565104807504], [-96.80482119265335, 39.12357555832586], [-96.80474483585418, 39.12359576845697], [-96.80464781780347, 39.124859238589266], [-96.80485532863413, 39.124870388803934], [-96.80476909036685, 39.12567947154611], [-96.80677143513543, 39.12578470040153], [-96.80677143513543, 39.12578470040153], [-96.8067283160018, 39.12573243443339], [-96.80676604524372, 39.125227891626665], [-96.80676784187429, 39.125227891626665], [-96.80692594536433, 39.12523137605073], [-96.80699242069535, 39.124552606993845], [-96.80683252057476, 39.124543547403675], [-96.806877436339, 39.12422437032956], [-96.80690348748222, 39.1241964945339], [-96.80693313188661, 39.1241867380028], [-96.80696097966042, 39.12399927296446], [-96.8069618779757, 39.12399927296446], [-96.8070238617303, 39.124003454346216], [-96.8070238617303, 39.124003454346216], [-96.80704452298185, 39.12387592209088], [-96.80704631961241, 39.12387592209088], [-96.80706518423338, 39.12387731588727], [-96.80722508435399, 39.12388986005353], [-96.80728527147801, 39.12389682903378], [-96.80729335631557, 39.123898222829766], [-96.80734276365621, 39.12391564527714], [-96.80734366197149, 39.12391564527714], [-96.80735803501605, 39.123896132135805], [-96.80737869626758, 39.12388986005353], [-96.80737959458286, 39.12388986005353], [-96.80747571431829, 39.12391912976608], [-96.80760776666506, 39.12397557846313], [-96.80780988760401, 39.124064084353854], [-96.80794732984252, 39.12412471430928], [-96.8080452462085, 39.1241686187272], [-96.80815484067318, 39.124216007592025], [-96.80827072334483, 39.124260608847436], [-96.80835336835098, 39.12428290946454], [-96.80841804705145, 39.12429963492274], [-96.80849709879647, 39.12430939143822], [-96.80857794717204, 39.124318451058514], [-96.80864082924195, 39.12432054173993], [-96.80871359277997, 39.12432054173993], [-96.80880611925424, 39.12431078522603], [-96.80885822154075, 39.12430521007463], [-96.80892649350234, 39.12429684734666], [-96.80927593814792, 39.1242362175394], [-96.80931546402041, 39.12422994548737], [-96.80939092250429, 39.12421670448685], [-96.80939092250429, 39.12421670448685], [-96.80938643092786, 39.12424876164172], [-96.80938822755844, 39.1242480647472], [-96.81089739723598, 39.123989516406034], [-96.81089739723598, 39.123990213303124], [-96.81146603081089, 39.1242264610138], [-96.80928042972434, 39.12700074431214], [-96.81214425885048, 39.12812338856227], [-96.81205981721376, 39.1282104955307], [-96.81191429013774, 39.128383315437134], [-96.81162682924679, 39.12879654841351], [-96.81160437136467, 39.12901675251693], [-96.81164749049832, 39.12917981460554], [-96.8116888130014, 39.129419529127254], [-96.81169420289308, 39.12975749734302], [-96.8116708466957, 39.12998675733315], [-96.81154777750176, 39.13033169117053], [-96.8114148268397, 39.130716342669494], [-96.81126480818722, 39.13115952548744], [-96.81113185752515, 39.13146752196674], [-96.81099531360195, 39.131884220941714], [-96.80989397906346, 39.131876555932664], [-96.80891751034949, 39.13186819410367], [-96.80841445379032, 39.13186192273124], [-96.80764100433059, 39.131843108610695], [-96.806852283511, 39.13183683723602], [-96.80628005667495, 39.13184101815253], [-96.80569794837075, 39.13184798634612], [-96.80561979494105, 39.13184728952682], [-96.8046073936157, 39.13184659270746], [-96.80350516076193, 39.1318284754023], [-96.80263289662093, 39.1318256881242], [-96.80194568542848, 39.13182499130464], [-96.80146778169726, 39.131824294485085], [-96.80105096340537, 39.13181384219091], [-96.80074014631703, 39.13180757081367], [-96.80035656569063, 39.13179642169719], [-96.79996939180315, 39.13179015031837], [-96.79950855606232, 39.13178875667857], [-96.79862191887676, 39.13179920897646], [-96.79817815112636, 39.131802693075414], [-96.79807035329225, 39.13181105491219], [-96.79797513187211, 39.13182638494373], [-96.7974505157461, 39.131815235830224]]]}}, {"type": "Feature", "properties": {"FID": 93, "AREA_ID": "49", "ACRES": 969.141, "area_name": "49", "area_type": null, "area_syskey": 93}, "geometry": {"type": "Polygon", "coordinates": [[[-96.83105469389912, 39.160964134463164], [-96.83105828716026, 39.158834806557955], [-96.83105828716026, 39.15883411000572], [-96.83105289726858, 39.15600117507543], [-96.83105289726858, 39.15600047849516], [-96.831051100638, 39.15485807756506], [-96.831051100638, 39.15485738097345], [-96.83104121916986, 39.15370451244003], [-96.83104121916986, 39.15370381583703], [-96.83103762590873, 39.150406019894405], [-96.83103762590873, 39.15040532325873], [-96.8310286427559, 39.14646573830294], [-96.8310286427559, 39.146465041628296], [-96.83102055791834, 39.14477210182329], [-96.83102055791834, 39.14477140513187], [-96.83100708318906, 39.140202354439964], [-96.83100708318906, 39.14020165770333], [-96.83099989666678, 39.13924921224698], [-96.83099989666678, 39.1392485155009], [-96.83099989666678, 39.13923249033894], [-96.83100798150434, 39.13923249033894], [-96.84031183290327, 39.13924921224698], [-96.84966149838169, 39.13929659096485], [-96.84969383773192, 39.13929659096485], [-96.84968754952494, 39.140760438286804], [-96.84969383773192, 39.14145995286556], [-96.84970910909178, 39.143157849281174], [-96.84973605855029, 39.14415204372366], [-96.84975492317126, 39.14485291798226], [-96.84976660126995, 39.14555587531334], [-96.84978277094507, 39.146494301958285], [-96.84980522882717, 39.14701750247272], [-96.84983846649268, 39.14802487892805], [-96.84985733111367, 39.14855851787492], [-96.84987080584293, 39.14897650900221], [-96.84987978899576, 39.14937847479472], [-96.84990045024729, 39.15088182044164], [-96.84990224687787, 39.151457235253915], [-96.84990224687787, 39.15145862850439], [-96.84988158562632, 39.15281912444728], [-96.84988158562632, 39.152819821059055], [-96.84987260247348, 39.15358191020388], [-96.84987260247348, 39.1535826068081], [-96.84985553448308, 39.15451814004907], [-96.84985553448308, 39.15451883664403], [-96.84985553448308, 39.15512696140417], [-96.84985553448308, 39.15512765799313], [-96.84985553448308, 39.15645395079497], [-96.84985553448308, 39.156454647370744], [-96.84984116143855, 39.15820721021074], [-96.84984116143855, 39.158207906769185], [-96.84984205975381, 39.159001282340995], [-96.84984205975381, 39.15900197889155], [-96.84981870355644, 39.1611090127902], [-96.84981870355644, 39.16110970931989], [-96.8495006999458, 39.1611285156191], [-96.84924827335094, 39.1611285156191], [-96.84845326432438, 39.16113408785495], [-96.84699080704162, 39.16110344055234], [-96.84630449416447, 39.16108324118654], [-96.84537473784528, 39.16106373834504], [-96.84536395806187, 39.16106304181489], [-96.84462194963709, 39.16105329039205], [-96.84453121979337, 39.16105259386176], [-96.8424713828466, 39.16102194652368], [-96.841963834711, 39.16101637427895], [-96.84180393459042, 39.161014981217704], [-96.84180393459042, 39.161014981217704], [-96.84149311750204, 39.16101149856445], [-96.84138891292908, 39.161010802033786], [-96.84109785877698, 39.161008015911044], [-96.84056336118284, 39.16100244366519], [-96.84044478356535, 39.161001050603666], [-96.83986986178343, 39.16099478182647], [-96.8388727318179, 39.16098851304871], [-96.83677426731393, 39.16098085120846], [-96.83631702483424, 39.1609787616155], [-96.83532438644514, 39.16097388589841], [-96.83466681965707, 39.16097318936736], [-96.83349900978757, 39.16096274140088], [-96.83291330822222, 39.16095647262027], [-96.83238150557396, 39.16095507955783], [-96.8319988232629, 39.16095577608905], [-96.83159008980854, 39.160957169151466], [-96.83124603505468, 39.160957169151466], [-96.83105469389912, 39.160965527525434], [-96.83105469389912, 39.160964134463164]]]}}, {"type": "Feature", "properties": {"FID": 94, "AREA_ID": "7", "ACRES": 602.252, "area_name": "7", "area_type": null, "area_syskey": 94}, "geometry": {"type": "Polygon", "coordinates": [[[-96.72192465822326, 39.12409056640976], [-96.72195520094293, 39.12288283515436], [-96.7205592189912, 39.122893985681884], [-96.72071013595894, 39.11685850461106], [-96.71598320093325, 39.11680414111571], [-96.71597870935685, 39.11587228852666], [-96.71728665641069, 39.11519761119727], [-96.71606135436298, 39.113609863646246], [-96.71660842837107, 39.11332618417555], [-96.71668029359383, 39.113303183087325], [-96.71677012512225, 39.11328854602728], [-96.71684827855199, 39.11327809098253], [-96.71692822861226, 39.113284364009566], [-96.7169776359529, 39.11330875910941], [-96.71703782307696, 39.113356155279234], [-96.71708004389531, 39.113380550354215], [-96.71711597650668, 39.11340773342781], [-96.71715640069448, 39.11343352248796], [-96.71717346868488, 39.11345722053487], [-96.71720311308927, 39.113477433568626], [-96.71723904570064, 39.113483009576896], [-96.7172695884203, 39.113467675553075], [-96.71731180923865, 39.11344328050824], [-96.71734055532774, 39.11340146041175], [-96.7173558266876, 39.11334988225859], [-96.71735313174173, 39.11329830406767], [-96.71733606375133, 39.11325508987861], [-96.71729384293296, 39.11320281461455], [-96.717281266519, 39.113167267412805], [-96.71726509684387, 39.11312196212971], [-96.717268690105, 39.113073868797336], [-96.71731360586921, 39.11303762452515], [-96.71739714919066, 39.11299789520539], [-96.71750943860118, 39.112973499997935], [-96.7175938802379, 39.11297001496759], [-96.71769898312616, 39.11297907604608], [-96.71773491573752, 39.11299789520539], [-96.71778072981704, 39.11301671435963], [-96.71781486579783, 39.11301741136526], [-96.71784271357164, 39.11299998622277], [-96.71795769792804, 39.11292331554463], [-96.71785798493146, 39.112841765731766], [-96.71782923884237, 39.112708637202026], [-96.71787864618301, 39.112618026016996], [-96.71790110406512, 39.112580387490524], [-96.71833139708627, 39.11215102806197], [-96.71886948794153, 39.11176766921883], [-96.72006604390015, 39.11104067572187], [-96.72110898794516, 39.1104245027827], [-96.72192016664683, 39.110239092223964], [-96.72208635497442, 39.110238395190876], [-96.72330357218456, 39.10972189177153], [-96.72346257398988, 39.109703071737414], [-96.72385513776909, 39.10958666622949], [-96.72375452645726, 39.109210263869976], [-96.72425219312473, 39.10903948806245], [-96.72441029661475, 39.10916565308672], [-96.72441209324533, 39.109164956042996], [-96.72441209324533, 39.10916565308672], [-96.72552061430608, 39.10876345771902], [-96.72573351502845, 39.10849509384872], [-96.72605511190021, 39.10835707774609], [-96.72615123163564, 39.108391233271384], [-96.72615212995089, 39.10839053622002], [-96.72615392658146, 39.108391233271384], [-96.72665698314064, 39.108108926901984], [-96.72730556677588, 39.107816163546744], [-96.72750050119255, 39.10767954023148], [-96.72857219132668, 39.107202750668804], [-96.72873837965425, 39.107114920660734], [-96.72903931527448, 39.106991540226446], [-96.72934204752526, 39.10726269807178], [-96.72930072502218, 39.10731846305206], [-96.72926389409554, 39.10736028675828], [-96.7292081985479, 39.10740280750084], [-96.72913004511817, 39.10754361371117], [-96.72908872261512, 39.10766002259341], [-96.72910129902908, 39.107748548979956], [-96.72915070636972, 39.10784265170988], [-96.72921538507018, 39.107931874922954], [-96.7292719789331, 39.10804410083527], [-96.72929892839161, 39.10815075013916], [-96.72925760588853, 39.108260884545054], [-96.72914711310857, 39.10841144775817], [-96.72903033212164, 39.108549463754336], [-96.72880575330058, 39.10873836399785], [-96.72838983332396, 39.10908479597007], [-96.72823352646449, 39.10921305204299], [-96.72811494884698, 39.10933573154651], [-96.72802871057968, 39.10952462968267], [-96.72790384475519, 39.10974489402862], [-96.72784186100056, 39.10983341779653], [-96.72771070696906, 39.10999652429031], [-96.72755350179432, 39.11020563462761], [-96.72751307760653, 39.11028300529512], [-96.7274816365716, 39.11050326727093], [-96.72746726352703, 39.11061409503009], [-96.72744839890608, 39.11072980181279], [-96.72740527977243, 39.11085805489212], [-96.72727053247978, 39.111168231211565], [-96.72725885438109, 39.11123723654418], [-96.72726154932694, 39.11134736612698], [-96.72728490552434, 39.111466556810655], [-96.72731275329815, 39.11150977209644], [-96.72734778759423, 39.11154462311408], [-96.72741336460999, 39.11158156517396], [-96.72753373885807, 39.111632447602084], [-96.72774843621099, 39.111707725647534], [-96.72784096268529, 39.11176627518286], [-96.72795055714995, 39.11184015905087], [-96.72807542297448, 39.111969107125496], [-96.72815088145833, 39.11206320422026], [-96.72822454331165, 39.112162877302104], [-96.72826227255361, 39.11220121306527], [-96.7283188664165, 39.112252095046], [-96.72843744403403, 39.11234688877514], [-96.72866202285509, 39.112520444610524], [-96.72889199156786, 39.112693303009685], [-96.7290195523382, 39.11280343031704], [-96.72912196028061, 39.11291146643236], [-96.72925401262741, 39.11301044130879], [-96.72951542237512, 39.113061322705214], [-96.72968071238742, 39.11311638609287], [-96.72983162935516, 39.113181207494065], [-96.72999512273691, 39.11326275691408], [-96.73015053128107, 39.11337288333154], [-96.73039038146199, 39.11354016363642], [-96.73051524728648, 39.11361543964403], [-96.73065268952497, 39.11369210956914], [-96.73145758001965, 39.11411936862414], [-96.73164712454462, 39.11423158468376], [-96.73183846570018, 39.11437307424333], [-96.73202890854041, 39.114542443145496], [-96.73225169073093, 39.11474805505169], [-96.7323271492148, 39.11480939001261], [-96.73246638808386, 39.11488466466439], [-96.73258945727781, 39.11491742305256], [-96.73276552707351, 39.11491324113151], [-96.73293441034696, 39.11490905921023], [-96.73312664981778, 39.11489860440588], [-96.73338536461964, 39.11487839177982], [-96.73382464079364, 39.114835178559765], [-96.73417408543922, 39.114764782773584], [-96.73447681768998, 39.11473202431444], [-96.73448400421228, 39.11475990385509], [-96.73449568231096, 39.11479684422948], [-96.73451364861666, 39.114836572535005], [-96.73455137785858, 39.11492160497336], [-96.73462414139662, 39.11510839718253], [-96.73464570096343, 39.115158580079736], [-96.73466995547611, 39.11520458103742], [-96.73469870156522, 39.115253369899115], [-96.73474182069884, 39.115326553128355], [-96.7347795499408, 39.11538509965701], [-96.73479931287704, 39.11541646384879], [-96.734818177498, 39.115442252173764], [-96.73484512695653, 39.115479192190406], [-96.73488016125262, 39.11551822313036], [-96.7351325878475, 39.11576565090752], [-96.73527991155412, 39.115905046455666], [-96.73551616847388, 39.11613504850727], [-96.73582698556223, 39.11642011061414], [-96.73606414079725, 39.11664662613596], [-96.7362725499432, 39.116846656160526], [-96.7363408219048, 39.116907292327596], [-96.7363812460926, 39.11694492854295], [-96.73642885680266, 39.116981867771834], [-96.73646748435989, 39.11701114035454], [-96.7365124001241, 39.117040412925114], [-96.73656270578002, 39.117068988517964], [-96.73661390975121, 39.117094079272874], [-96.73668757160453, 39.1171205639489], [-96.73674775872855, 39.117139382002165], [-96.73680704753733, 39.11715332129762], [-96.73689418411992, 39.11716935148397], [-96.73696065945093, 39.11718398773791], [-96.73704240614181, 39.11720350273844], [-96.73711337304925, 39.11722441166156], [-96.73717805174974, 39.11724532057847], [-96.7372364422432, 39.117263441634776], [-96.7372876462144, 39.11728365357671], [-96.73734334176203, 39.11730944121833], [-96.73739724067909, 39.1173380167021], [-96.73745563117257, 39.117376349649895], [-96.73749515704506, 39.11740283421984], [-96.73753647954814, 39.11743698536113], [-96.73756971721366, 39.117469742562704], [-96.7375957683569, 39.11749553013623], [-96.73762810770714, 39.117540135646514], [-96.73765415885038, 39.11757707456334], [-96.73769907461458, 39.11764886145954], [-96.73774848195522, 39.1177401631345], [-96.73791197533694, 39.11807470261181], [-96.73797934898326, 39.11822036617949], [-96.7380054001265, 39.11829006155993], [-96.73802965463918, 39.11834930257906], [-96.73804312936844, 39.118399483168076], [-96.73805840072829, 39.11845733019164], [-96.73807636703397, 39.1185556003276], [-96.73808265524094, 39.11863017402724], [-96.7380862485021, 39.118704050698604], [-96.73808445187153, 39.11878977541824], [-96.73808265524094, 39.11886992445205], [-96.73808085861039, 39.1189284680365], [-96.73807457040338, 39.11901349553678], [-96.73807187545755, 39.11912570380226], [-96.73801887485578, 39.1191514907697], [-96.73797665403741, 39.11918006550635], [-96.73794341637189, 39.1192149127305], [-96.73791736522865, 39.11925672937675], [-96.73790389049938, 39.11928181935258], [-96.73789670397713, 39.11930830320627], [-96.73789131408543, 39.11933409010687], [-96.73788322924786, 39.11936893725484], [-96.73787604272557, 39.11945814587513], [-96.737874246095, 39.1195055379087], [-96.73786077136576, 39.119543869677244], [-96.73782124549324, 39.11960798822529], [-96.73778890614301, 39.11964980463822], [-96.73776195668448, 39.11969162102634], [-96.73773590554123, 39.11976201189027], [-96.73770536282156, 39.11984355369424], [-96.73767032852548, 39.119930670901915], [-96.73762990433768, 39.120015000256295], [-96.73753468291757, 39.120182264792824], [-96.73745113959613, 39.120342559601], [-96.73725620517945, 39.12065408803287], [-96.73711966125626, 39.12086456060082], [-96.73705498255578, 39.120949585764535], [-96.736922930209, 39.121104303422115], [-96.7368825060212, 39.121145422021726], [-96.7368259121583, 39.121196297543925], [-96.73676841998011, 39.12124159763552], [-96.73671002948663, 39.121272959220335], [-96.73662379121934, 39.12132522849734], [-96.73657618050929, 39.121357983891166], [-96.73651599338523, 39.12140885925985], [-96.7364495180542, 39.121455553059086], [-96.73636866967863, 39.12151827602427], [-96.7361135481379, 39.121734321365736], [-96.73599137725924, 39.12183955611467], [-96.7357991377884, 39.12197684889517], [-96.73537872623537, 39.12225979662428], [-96.73533021721003, 39.122275128734756], [-96.73514875752262, 39.122335063316505], [-96.73389201443996, 39.12259849610605], [-96.7331032936204, 39.12288074443025], [-96.73256340613455, 39.12305497122639], [-96.73203789169327, 39.1233058570558], [-96.731591428997, 39.12348217350685], [-96.73105154151116, 39.123660580217624], [-96.73059699397736, 39.123786719064654], [-96.73031941455451, 39.12385292444649], [-96.72975347592545, 39.12398672881769], [-96.72938337002832, 39.124114957768256], [-96.72916328278369, 39.124246670958165], [-96.72905099337316, 39.1243372671892], [-96.72903572201332, 39.12436374914241], [-96.72902045065351, 39.12438883729945], [-96.7289979927714, 39.124412531661775], [-96.72897194162815, 39.12443692290877], [-96.72895038206133, 39.124459223470076], [-96.72892073765695, 39.12448222091651], [-96.72888660167615, 39.12450661213939], [-96.72883988928136, 39.12453657848736], [-96.72876083753634, 39.12458884534284], [-96.72865573464809, 39.12465574686128], [-96.72859554752405, 39.12469895405815], [-96.7282568826619, 39.12495540913285], [-96.72814998314308, 39.12503833869908], [-96.72802781226443, 39.1251352058839], [-96.72791642116916, 39.12523276982027], [-96.72786072562153, 39.125286429927684], [-96.72775382610273, 39.12539444690306], [-96.72757326473057, 39.125595148972316], [-96.727400788196, 39.125806303657036], [-96.72730826172172, 39.12592546988289], [-96.72724627796713, 39.126018154585786], [-96.72722022682389, 39.12605787656399], [-96.72718788747365, 39.126112929794985], [-96.72717171779853, 39.12615474234675], [-96.72715914138453, 39.12619237362212], [-96.72714297170944, 39.12625718299364], [-96.72712590371904, 39.12632199230555], [-96.72710793741335, 39.12638052969731], [-96.72708907279238, 39.126422342090216], [-96.72705583512685, 39.126492726228854], [-96.72700013957923, 39.12661328503564], [-96.72698307158883, 39.12664952232452], [-96.72694713897747, 39.12671224066503], [-96.72691390131195, 39.126759627818615], [-96.72684473103506, 39.126871823746335], [-96.7267683742359, 39.127005622382974], [-96.72665338987952, 39.127239769385525], [-96.72663452525853, 39.12726764397684], [-96.72658691454848, 39.12732548371862], [-96.72650786280347, 39.127430710114986], [-96.72644947231, 39.127518514802254], [-96.72633089469247, 39.12770457675396], [-96.72629945365753, 39.12773454174144], [-96.72627070756842, 39.127754053819444], [-96.72624106316405, 39.12776520357588], [-96.72620602886796, 39.127774262751686], [-96.72612967206881, 39.12779586539699], [-96.72605960347661, 39.12781677117645], [-96.72601378939713, 39.12783349579554], [-96.72597606015519, 39.12785440156385], [-96.72593833091324, 39.127874610467266], [-96.72581705834988, 39.12795544602309], [-96.72570566725464, 39.12803976577125], [-96.72555025871047, 39.12815195965981], [-96.72549007158642, 39.128189589868086], [-96.72543976593049, 39.12822652320116], [-96.72540922321085, 39.128251609982364], [-96.7253777821759, 39.12827599989999], [-96.72513613536444, 39.128492721368374], [-96.72502115100804, 39.12859515861492], [-96.72490975991279, 39.128699686263936], [-96.72484418289706, 39.128761009079156], [-96.72476692778261, 39.128841843617636], [-96.72469865582099, 39.1289143158836], [-96.72465284174149, 39.12897076057755], [-96.72462499396768, 39.129011177738015], [-96.72460343440088, 39.12904532325206], [-96.72457558662704, 39.1290961930688], [-96.72455582369079, 39.12914845654089], [-96.7245441455921, 39.129176330376815], [-96.72453156917813, 39.129219534800704], [-96.72452258602527, 39.12926064866335], [-96.72448575509863, 39.129411167006495], [-96.72444982248726, 39.12958119659981], [-96.72441119493003, 39.12975819418301], [-96.72435460106713, 39.12997978895537], [-96.72434112633786, 39.130027870747895], [-96.72433393981558, 39.13006062209501], [-96.72431866845577, 39.13010312913984], [-96.72430070215009, 39.130139364633216], [-96.72428632910552, 39.13017560010793], [-96.72427914258326, 39.130201383030524], [-96.72427285437628, 39.13044109407515], [-96.7242827358444, 39.13052053302041], [-96.72406264859976, 39.13054143799112], [-96.72400605473683, 39.130546315816694], [-96.72376171297952, 39.130578370090845], [-96.72341226833395, 39.13064108493282], [-96.7229595174307, 39.130726098296144], [-96.72220493259192, 39.13087591667841], [-96.7217045709786, 39.13097625997482], [-96.72148089047283, 39.13102016012204], [-96.72112605593556, 39.13109263014648], [-96.72063108421395, 39.13119785091459], [-96.72031667386445, 39.131286347730274], [-96.72013880743816, 39.13133860957708], [-96.71978217627033, 39.13148076160418], [-96.71953963114359, 39.12714081449728], [-96.7195387328283, 39.12714081449728], [-96.71936895123957, 39.12410311053804], [-96.72052867627154, 39.12410171674613], [-96.72192465822326, 39.12409056640976]]]}}, {"type": "Feature", "properties": {"FID": 95, "AREA_ID": "22", "ACRES": 359.503, "area_name": "22", "area_type": null, "area_syskey": 95}, "geometry": {"type": "Polygon", "coordinates": [[[-96.83864815299685, 39.07561871856004], [-96.83928865179453, 39.07452313334896], [-96.84252438344836, 39.07517448905111], [-96.84734923484004, 39.07614453762977], [-96.848075971905, 39.07630005100705], [-96.84949980163053, 39.07572053529057], [-96.849905840139, 39.07579236481348], [-96.85021126733564, 39.07616824821168], [-96.85029750560294, 39.07629168258291], [-96.85039272702308, 39.076456261408666], [-96.85059484796201, 39.076805641457014], [-96.85075384976732, 39.077102717742065], [-96.85079696890098, 39.07720662441037], [-96.85083829140405, 39.07733075432359], [-96.85085805434029, 39.07741443728791], [-96.85087152906956, 39.077484173015726], [-96.85088410548353, 39.07757482935883], [-96.85088320716827, 39.07769616920501], [-96.85087422401541, 39.077783338505924], [-96.85085535939444, 39.0778844547601], [-96.85082840993591, 39.07798975498109], [-96.85080774868439, 39.07811458086731], [-96.85079337563984, 39.07832587781389], [-96.85078618911756, 39.07848835985398], [-96.85077810428002, 39.07854066086025], [-96.85072510367823, 39.078635499919365], [-96.85064874687907, 39.07874986449759], [-96.85049513496548, 39.07896185688403], [-96.85044303267898, 39.07904553791383], [-96.85042237142744, 39.079099930530006], [-96.8504133882746, 39.07915780980628], [-96.85040799838289, 39.079231030509455], [-96.85041428658988, 39.07929309371264], [-96.85043315121085, 39.07935306484588], [-96.8504762703445, 39.07940466787323], [-96.85052567768513, 39.07944441612528], [-96.85061101763714, 39.07947928299465], [-96.85068557780573, 39.07950508446687], [-96.8507511548215, 39.07954901668164], [-96.85080415542325, 39.07960689558952], [-96.85084278298048, 39.07965570908937], [-96.85083379982764, 39.07970312788545], [-96.85079337563984, 39.07977983469401], [-96.85069276432802, 39.079915117407666], [-96.85061640752885, 39.0800022839672], [-96.85051669453229, 39.080158486172465], [-96.85042776131915, 39.08031678001876], [-96.8503621843034, 39.08041580065833], [-96.85033523484488, 39.08050366392635], [-96.85034870957412, 39.08059361906361], [-96.85033613316016, 39.08073308416591], [-96.8502768443514, 39.080908112479186], [-96.85011245265439, 39.081215631292686], [-96.85004687563864, 39.08135858175868], [-96.8500199261801, 39.081479915097674], [-96.84992200981412, 39.082171650607414], [-96.84989506035559, 39.082302047569726], [-96.84984475469967, 39.08242268197797], [-96.84975851643239, 39.082546802714496], [-96.84968665120965, 39.082636057940626], [-96.84954381907946, 39.08275041603405], [-96.84941715662438, 39.08283827639454], [-96.84932912172651, 39.082940082707154], [-96.84929498574571, 39.08304328347682], [-96.8492842059623, 39.083142300289566], [-96.84931115542084, 39.08328664145078], [-96.84936235939203, 39.08335497677673], [-96.84947644543313, 39.08343865259592], [-96.84974324507255, 39.083533485071015], [-96.84988338225689, 39.083662484924375], [-96.84996063737135, 39.08383471679335], [-96.84991841655297, 39.0840369318113], [-96.84968754952494, 39.08418127114196], [-96.84942344483136, 39.08425239476152], [-96.84918000138934, 39.08424402728058], [-96.84898147371152, 39.08424472457069], [-96.84879642076295, 39.08437651227875], [-96.84854668911393, 39.08456966101446], [-96.84846943399951, 39.08466309739719], [-96.84604398273204, 39.08472655039252], [-96.84467315360827, 39.08490366064888], [-96.84314422099449, 39.08553818586961], [-96.83989591292666, 39.087410350645314], [-96.83875774746153, 39.08767740026763], [-96.8380579598551, 39.08787402623619], [-96.83700064276555, 39.08756932547699], [-96.83257464336008, 39.08630448948872], [-96.83274981484051, 39.086108556416484], [-96.83278305250602, 39.086066022830686], [-96.83281988343266, 39.08600536013117], [-96.832880968872, 39.08588821821891], [-96.8329555290406, 39.08573133142453], [-96.8330750049734, 39.08550959749344], [-96.83316393818654, 39.08533527787586], [-96.83324119330098, 39.08515747142209], [-96.833313956839, 39.08498175636866], [-96.83340648331328, 39.0847816359136], [-96.83347385695961, 39.084684713259165], [-96.83351338283211, 39.08463102223498], [-96.83355021375876, 39.084592671478426], [-96.83360590930639, 39.08455920171021], [-96.83366250316931, 39.08453549394811], [-96.83372269029333, 39.08452085091458], [-96.8337990470925, 39.084488775687696], [-96.83386911568466, 39.08444972756572], [-96.83396343878951, 39.084361171923256], [-96.83437037561329, 39.08391211640317], [-96.83449793638363, 39.08377405217491], [-96.8346596331348, 39.08360182015788], [-96.83475036297853, 39.083509776964185], [-96.83488151701002, 39.08337310654598], [-96.83494619571049, 39.08330546853698], [-96.83499829799696, 39.08325177646306], [-96.8351168756145, 39.08306978094735], [-96.83532887802157, 39.082730891494634], [-96.83559298271514, 39.08231599375465], [-96.83573761147589, 39.082099827578745], [-96.83586786719212, 39.08190179088782], [-96.83599093638604, 39.081693991227105], [-96.83604124204199, 39.081594972381545], [-96.83607537802277, 39.08150641315544], [-96.8361086156883, 39.08139763159171], [-96.8361247853634, 39.08132789973184], [-96.83613556514683, 39.08126514099905], [-96.8361481415608, 39.08115705638394], [-96.83615442976779, 39.08088858742991], [-96.83617778596516, 39.080570607295215], [-96.83619485395559, 39.08042137928175], [-96.83621192194599, 39.08033281858246], [-96.8362227017294, 39.080250533738635], [-96.83624875287263, 39.08015430218934], [-96.83627390570058, 39.08008596376305], [-96.83630983831195, 39.08000019197104], [-96.83634577092333, 39.07991720940636], [-96.83656136659155, 39.07954274065265], [-96.83675360606237, 39.079169664591944], [-96.83705094842146, 39.07858529102161], [-96.83734739246526, 39.078001609963], [-96.83747315660506, 39.0777428919637], [-96.8375450218278, 39.07757064522246], [-96.83758275106975, 39.07748208094489], [-96.83761598873525, 39.07738514826171], [-96.83864815299685, 39.07561871856004]]]}}, {"type": "Feature", "properties": {"FID": 96, "AREA_ID": "21", "ACRES": 191.046, "area_name": "21", "area_type": null, "area_syskey": 96}, "geometry": {"type": "Polygon", "coordinates": [[[-96.82998210544976, 39.077431871226345], [-96.83011236116597, 39.07721638744517], [-96.8301833280734, 39.077238702948186], [-96.83026866802541, 39.077108296627465], [-96.83035939786913, 39.07697789006573], [-96.83045372097398, 39.076852364805404], [-96.83053097608841, 39.07675543125711], [-96.83063068908498, 39.07663966871562], [-96.83081843697938, 39.0764353403928], [-96.83099091351394, 39.076270761518245], [-96.83113374564415, 39.07614035340862], [-96.83140234191413, 39.07591579984224], [-96.83168171796754, 39.0756947324344], [-96.83198804347946, 39.075460414173506], [-96.8326698647802, 39.07494365597296], [-96.83283156153136, 39.07481185064403], [-96.83303368247033, 39.07464099151791], [-96.83314866682672, 39.07453429152725], [-96.83326454949837, 39.0744052749832], [-96.83336695744077, 39.07427904775777], [-96.83342085635782, 39.07421000625167], [-96.83350170473342, 39.074091449972464], [-96.83357985816315, 39.073951971741906], [-96.83367238463741, 39.07376437308709], [-96.83374874143657, 39.073563523416865], [-96.8337990470925, 39.073382897704384], [-96.83384126791086, 39.073145084767845], [-96.83386462410824, 39.072865426887525], [-96.83386372579297, 39.0727454735419], [-96.83385384432485, 39.072618545942525], [-96.83381791171348, 39.0724407074385], [-96.83420508560098, 39.07252927804357], [-96.83409818608214, 39.07347774369597], [-96.83928865179453, 39.07452313334896], [-96.83864815299685, 39.07561871856004], [-96.83761598873525, 39.07738514826171], [-96.83758275106975, 39.07748208094489], [-96.8375450218278, 39.07757064522246], [-96.83747315660506, 39.0777428919637], [-96.83734739246526, 39.078001609963], [-96.83705094842146, 39.07858529102161], [-96.83675360606237, 39.079169664591944], [-96.83656136659155, 39.07954274065265], [-96.83634577092333, 39.07991720940636], [-96.83630983831195, 39.08000019197104], [-96.83627390570058, 39.08008596376305], [-96.83624875287263, 39.08015430218934], [-96.8362227017294, 39.080250533738635], [-96.83621192194599, 39.08033281858246], [-96.83619485395559, 39.08042137928175], [-96.83617778596516, 39.080570607295215], [-96.83615442976779, 39.08088858742991], [-96.8361481415608, 39.08115705638394], [-96.83613556514683, 39.08126514099905], [-96.8361247853634, 39.08132789973184], [-96.8361086156883, 39.08139763159171], [-96.83607537802277, 39.08150641315544], [-96.83604124204199, 39.081594972381545], [-96.83599093638604, 39.081693991227105], [-96.83586786719212, 39.08190179088782], [-96.83573761147589, 39.082099827578745], [-96.83559298271514, 39.08231599375465], [-96.83532887802157, 39.082730891494634], [-96.8351168756145, 39.08306978094735], [-96.83499829799696, 39.08325177646306], [-96.83494619571049, 39.08330546853698], [-96.83488151701002, 39.08337310654598], [-96.83475036297853, 39.083509776964185], [-96.8346596331348, 39.08360182015788], [-96.83449793638363, 39.08377405217491], [-96.83437037561329, 39.08391211640317], [-96.83396343878951, 39.084361171923256], [-96.83386911568466, 39.08444972756572], [-96.8337990470925, 39.084488775687696], [-96.83372269029333, 39.08452085091458], [-96.83366250316931, 39.08453549394811], [-96.83360590930639, 39.08455920171021], [-96.83355021375876, 39.084592671478426], [-96.83351338283211, 39.08463102223498], [-96.83347385695961, 39.084684713259165], [-96.83340648331328, 39.0847816359136], [-96.833313956839, 39.08498175636866], [-96.83324119330098, 39.08515747142209], [-96.83316393818654, 39.08533527787586], [-96.8330750049734, 39.08550959749344], [-96.8329555290406, 39.08573133142453], [-96.832880968872, 39.08588821821891], [-96.83281988343266, 39.08600536013117], [-96.83278305250602, 39.086066022830686], [-96.83274981484051, 39.086108556416484], [-96.83257464336008, 39.08630448948872], [-96.8276527739177, 39.08490575249964], [-96.82765367223298, 39.08490366064888], [-96.82800221856328, 39.08399718614663], [-96.8282788996708, 39.08325038186318], [-96.82833549353373, 39.08306978094735], [-96.82845676609709, 39.082716248086534], [-96.8285376144727, 39.082483347758526], [-96.82862744600111, 39.0821932672328], [-96.82874332867279, 39.08179928576256], [-96.82886280460556, 39.08136904153749], [-96.82903977271657, 39.080676600832696], [-96.82913858739785, 39.08024634976096], [-96.82923021555683, 39.07982446407153], [-96.82930657235599, 39.07950368979293], [-96.82939011567744, 39.07912015341507], [-96.82946916742243, 39.07880495468559], [-96.82953294780762, 39.078550423710446], [-96.82959313493167, 39.078337035390824], [-96.82965242374043, 39.07815642189709], [-96.82970811928806, 39.07800858348087], [-96.82978447608723, 39.07782796914633], [-96.8298653244628, 39.07765572261279], [-96.82998210544976, 39.077431871226345]]]}}, {"type": "Feature", "properties": {"FID": 97, "AREA_ID": "35", "ACRES": 633.636, "area_name": "35", "area_type": null, "area_syskey": 97}, "geometry": {"type": "Polygon", "coordinates": [[[-96.7973606842177, 39.131839624513724], [-96.7974505157461, 39.131815235830224], [-96.79797513187211, 39.13182638494373], [-96.79807035329225, 39.13181105491219], [-96.79817815112636, 39.131802693075414], [-96.79862191887676, 39.13179920897646], [-96.79950855606232, 39.13178875667857], [-96.79996939180315, 39.13179015031837], [-96.80035656569063, 39.13179642169719], [-96.80074014631703, 39.13180757081367], [-96.80105096340537, 39.13181384219091], [-96.80146778169726, 39.131824294485085], [-96.80194568542848, 39.13182499130464], [-96.80263289662093, 39.1318256881242], [-96.80350516076193, 39.1318284754023], [-96.8046073936157, 39.13184659270746], [-96.80561979494105, 39.13184728952682], [-96.80569794837075, 39.13184798634612], [-96.80628005667495, 39.13184101815253], [-96.806852283511, 39.13183683723602], [-96.80764100433059, 39.131843108610695], [-96.80841445379032, 39.13186192273124], [-96.80891751034949, 39.13186819410367], [-96.80989397906346, 39.131876555932664], [-96.81099531360195, 39.131884220941714], [-96.81241555006633, 39.1318814336658], [-96.81241914332747, 39.1321420434875], [-96.81242812648031, 39.132939893763776], [-96.81242183827334, 39.133516848855585], [-96.81241375343578, 39.13413421344068], [-96.81228529435013, 39.13856988153615], [-96.81228619266541, 39.139036007621996], [-96.81228349771956, 39.13961500299164], [-96.81228170108899, 39.14016473065068], [-96.81228888761126, 39.14090117783429], [-96.81229966739468, 39.14153937938031], [-96.81230505728638, 39.14261302198413], [-96.8123149387545, 39.145164338002985], [-96.8122583448916, 39.14621145159188], [-96.81224037858591, 39.14638144061832], [-96.81203376607054, 39.14637935059182], [-96.81163311745377, 39.1463765638897], [-96.80997482743905, 39.14635845032319], [-96.80900195198622, 39.14635496694449], [-96.80799494055258, 39.14635496694449], [-96.8064372618497, 39.14635496694449], [-96.80607793573601, 39.14635357359295], [-96.80580574620487, 39.14635357359295], [-96.8051427895251, 39.14635009021402], [-96.80417799890982, 39.14634103342793], [-96.80358690745278, 39.146338246724284], [-96.80337131178456, 39.146338246724284], [-96.8029760530595, 39.146338246724284], [-96.80244425041124, 39.14634382013147], [-96.80232297784787, 39.14634451680734], [-96.80212714511589, 39.146345910159035], [-96.80126027086659, 39.14636054035033], [-96.80039878650899, 39.14634730351073], [-96.79982745798823, 39.14633894340021], [-96.79957413307808, 39.146340336752026], [-96.7990764664106, 39.146343123455594], [-96.79859407110294, 39.14633894340021], [-96.79759783945272, 39.146329189936694], [-96.79718191947613, 39.14632570655654], [-96.7967381517257, 39.14632082982403], [-96.79602129612888, 39.14631386306273], [-96.79420939420056, 39.14629574948009], [-96.79373777867633, 39.14627624253973], [-96.79369735448853, 39.146274152510095], [-96.79369735448853, 39.14573004601483], [-96.79372340563178, 39.144202205930284], [-96.7937117275331, 39.143127194148796], [-96.7937278972082, 39.14279347036667], [-96.79375843992788, 39.142472982573096], [-96.79379437253925, 39.14225142711501], [-96.79382761020474, 39.14210023949963], [-96.79388240743708, 39.14192954341461], [-96.79396505244326, 39.1417100764114], [-96.79402883282843, 39.14153032197526], [-96.79404590081883, 39.14144810855305], [-96.79405398565639, 39.14139097713531], [-96.79406296880923, 39.14131573080706], [-96.79406207049394, 39.14122515641639], [-96.79405308734108, 39.141159664092065], [-96.79404230755767, 39.14110810626199], [-96.79401715472972, 39.14101195777528], [-96.79396325581267, 39.14084474270299], [-96.79389498385106, 39.14062318212047], [-96.79384467819514, 39.14042391634691], [-96.7938015590615, 39.14020374791328], [-96.79377101634185, 39.13997521792477], [-96.79374766014445, 39.13979754928092], [-96.79373059215405, 39.1396393889737], [-96.79369016796628, 39.13939483202827], [-96.79361111622124, 39.138964242521276], [-96.7935572173042, 39.13866812361361], [-96.79348804702731, 39.13830302470481], [-96.79343145316439, 39.13803198631332], [-96.79336407951808, 39.13773865052887], [-96.79334431658184, 39.137675245246186], [-96.79332185869973, 39.137616717242274], [-96.79330119744819, 39.13756515681753], [-96.79327155304381, 39.137501751378615], [-96.79323472211713, 39.137421623544455], [-96.79310177145508, 39.13717078799582], [-96.79298768541399, 39.136972905987996], [-96.79291492187595, 39.136843306906854], [-96.7928735993729, 39.13674227519961], [-96.79285293812134, 39.13667747547661], [-96.79284485328378, 39.13663706271593], [-96.79283766676153, 39.136572959668655], [-96.7928331751851, 39.136515824294705], [-96.79283676844625, 39.13646147596918], [-96.79284126002266, 39.136409914698476], [-96.79285293812134, 39.13635417274172], [-96.79286731116589, 39.136304004942915], [-96.79288887073271, 39.13623641771299], [-96.79291671850652, 39.136170920747915], [-96.79308470346469, 39.135830892971164], [-96.79347457229805, 39.13511808351176], [-96.79385545797855, 39.134428957829165], [-96.79403691766599, 39.13413630383078], [-96.79412495256383, 39.13401436430578], [-96.79418244474202, 39.13394398768386], [-96.79423454702852, 39.133884062980016], [-96.79429383583728, 39.13382971262313], [-96.79434414149318, 39.13378790462776], [-96.79442498986879, 39.13372867659183], [-96.79465855184269, 39.133564231430874], [-96.79549218842646, 39.13302420754433], [-96.7959916517245, 39.132707856144], [-96.79627911261545, 39.13252529147328], [-96.7968513394515, 39.13215249573295], [-96.79713610539663, 39.131966445531816], [-96.79728792067966, 39.13187167819922], [-96.7973606842177, 39.131839624513724]]]}}, {"type": "Feature", "properties": {"FID": 98, "AREA_ID": "102", "ACRES": 156.288, "area_name": "102", "area_type": null, "area_syskey": 98}, "geometry": {"type": "Polygon", "coordinates": [[[-96.7896459525566, 39.135562632193476], [-96.7878376438894, 39.13537937813961], [-96.78635722030097, 39.13542815302943], [-96.78472947300594, 39.13558214210267], [-96.78319874376157, 39.13570129178799], [-96.78181264327797, 39.13574727933192], [-96.78062147721107, 39.135688052944026], [-96.77910512101126, 39.135326422506715], [-96.7777405800945, 39.134705584418995], [-96.77672009393159, 39.13379417582864], [-96.77644341282407, 39.13330223326248], [-96.7767425518137, 39.13323046231755], [-96.77717823472655, 39.13311688290568], [-96.77751959453457, 39.133027691582676], [-96.7778941920081, 39.132900872475794], [-96.77813044892785, 39.132803319161205], [-96.77826250127465, 39.13273781900275], [-96.77838377383803, 39.13267859008359], [-96.77874759152814, 39.1324472484162], [-96.7791033243807, 39.132202666489576], [-96.77938359874938, 39.13202497823236], [-96.7795776348508, 39.13192881734148], [-96.77967824616262, 39.13188840185539], [-96.77979143388843, 39.13184659270746], [-96.77992258791993, 39.13180757081367], [-96.78005733521258, 39.13178109165911], [-96.78019028587462, 39.13176297433711], [-96.78036455903978, 39.13174555383079], [-96.780580154708, 39.13173510152493], [-96.78094576902869, 39.13172952696117], [-96.78150362282018, 39.131726042858624], [-96.78222227504759, 39.13172952696117], [-96.78284390922431, 39.131731617422645], [-96.78356615471284, 39.13174346336975], [-96.78441057108003, 39.13175461249463], [-96.78564575459586, 39.13175879341602], [-96.78625750730443, 39.131761580696796], [-96.78675607228719, 39.13176367115727], [-96.79153960117578, 39.13175879341602], [-96.79463160238416, 39.13176715525799], [-96.79649291165312, 39.13179502805749], [-96.79677588096766, 39.13179781533684], [-96.79695734065507, 39.13179920897646], [-96.79732564992159, 39.131804086714965], [-96.7974505157461, 39.131815235830224], [-96.7973606842177, 39.131839624513724], [-96.79728792067966, 39.13187167819922], [-96.79713610539663, 39.131966445531816], [-96.7968513394515, 39.13215249573295], [-96.79627911261545, 39.13252529147328], [-96.7959916517245, 39.132707856144], [-96.79549218842646, 39.13302420754433], [-96.79465855184269, 39.133564231430874], [-96.79442498986879, 39.13372867659183], [-96.79434414149318, 39.13378790462776], [-96.79429383583728, 39.13382971262313], [-96.79423454702852, 39.133884062980016], [-96.79418244474202, 39.13394398768386], [-96.79412495256383, 39.13401436430578], [-96.79403691766599, 39.13413630383078], [-96.79385545797855, 39.134428957829165], [-96.79347457229805, 39.13511808351176], [-96.79308470346469, 39.135830892971164], [-96.79291671850652, 39.136170920747915], [-96.79288887073271, 39.13623641771299], [-96.79286731116589, 39.136304004942915], [-96.79285293812134, 39.13635417274172], [-96.79284126002266, 39.136409914698476], [-96.79283676844625, 39.13646147596918], [-96.7928331751851, 39.136515824294705], [-96.7920579290948, 39.1362796178056], [-96.79092515352136, 39.13588384822466], [-96.7896459525566, 39.135562632193476]]]}}, {"type": "Feature", "properties": {"FID": 99, "AREA_ID": "14", "ACRES": 887.994, "area_name": "14", "area_type": null, "area_syskey": 99}, "geometry": {"type": "Polygon", "coordinates": [[[-96.76982911738615, 39.13173510152493], [-96.76958926720528, 39.131691898644256], [-96.76958028405242, 39.131730223781666], [-96.76953626660351, 39.131723952396975], [-96.76942397719297, 39.13171071280523], [-96.76930450126015, 39.13169747321102], [-96.76917783880508, 39.13168562725615], [-96.7690224302609, 39.13167169083614], [-96.76885893687917, 39.13166193534048], [-96.768709816542, 39.13166193534048], [-96.7682597605846, 39.13167029719398], [-96.76809716551814, 39.13167378129932], [-96.76749798922354, 39.13168423361429], [-96.76713417153343, 39.13168911136073], [-96.76664189475767, 39.13169538274853], [-96.76609482074956, 39.13170026049421], [-96.76610829547883, 39.13166750990959], [-96.76634275576801, 39.13081250521596], [-96.76632478946233, 39.13056443345172], [-96.76632389114704, 39.130559555627364], [-96.76636431533484, 39.130416704907326], [-96.76637868837938, 39.130372107549974], [-96.76637868837938, 39.130371410716066], [-96.76645863843969, 39.13011427852441], [-96.76651343567202, 39.12995679330388], [-96.76655026659867, 39.12984669280782], [-96.76659248741703, 39.12970523432288], [-96.7667200481874, 39.129340785784244], [-96.76682515107565, 39.1290996773015], [-96.76695810173771, 39.12884044991946], [-96.76709105239979, 39.128612579900526], [-96.76722579969243, 39.12840491789562], [-96.76732012279727, 39.1282683344982], [-96.76745127682878, 39.12806833690267], [-96.76755368477117, 39.12791851254791], [-96.76764082135375, 39.12777844390936], [-96.76776838212409, 39.12755266103994], [-96.76789504457918, 39.12722304462544], [-96.76794804518094, 39.1270411626031], [-96.76796331654079, 39.12692548260509], [-96.76796960474778, 39.12681328676286], [-96.76797679127006, 39.126721299976275], [-96.76798128284646, 39.12659934761187], [-96.76799475757574, 39.12645579198668], [-96.7680306901871, 39.12629829858554], [-96.76806482616789, 39.12618261736745], [-96.76810345372512, 39.12609690164356], [-96.7681510644352, 39.125994460763565], [-96.76821843808152, 39.125885050951666], [-96.76831815107806, 39.12574706890838], [-96.76840438934535, 39.12563417430829], [-96.76852386527815, 39.125512916943656], [-96.76871610474898, 39.12535960273557], [-96.76915088934656, 39.12507875811613], [-96.76970964145336, 39.12476097724606], [-96.77004111979323, 39.1245776950836], [-96.77014083278979, 39.12452264065269], [-96.77022078285009, 39.12448152402431], [-96.77055315950525, 39.12430939143822], [-96.77108945372996, 39.12409056640976], [-96.7714577629965, 39.123958852927984], [-96.77163293447693, 39.12389682903378], [-96.77191590379147, 39.12380762603407], [-96.77191680210674, 39.12380762603407], [-96.77219707647542, 39.12371911982112], [-96.77226624675232, 39.12369681902552], [-96.77233721365978, 39.12367382132268], [-96.7725060969332, 39.12362782589443], [-96.77259952172277, 39.12360552506993], [-96.77260580992976, 39.12360343436727], [-96.77287979609144, 39.123537925652506], [-96.77362899103852, 39.12335324650104], [-96.7738697395347, 39.12329400968953], [-96.77450664507123, 39.12314835661174], [-96.77541933340002, 39.122939981589276], [-96.77626105482135, 39.12275530087023], [-96.77626824134363, 39.12275321014233], [-96.77677848442507, 39.12263403854984], [-96.77683148502683, 39.12262149415997], [-96.77777920765172, 39.12241938979283], [-96.77827238274278, 39.1223253065276], [-96.77876735446439, 39.12223679845224], [-96.77966926300978, 39.12208278019777], [-96.77977436589804, 39.122062569632604], [-96.78009326782394, 39.12199287798408], [-96.78023969321526, 39.121944790706415], [-96.78034030452709, 39.121896703395905], [-96.78040138996644, 39.121862554416374], [-96.78045439056821, 39.12182979925715], [-96.7805055945394, 39.12179704408268], [-96.78055859514117, 39.121752441267475], [-96.78062417215693, 39.12168344623205], [-96.78068705422682, 39.12161654189073], [-96.78076430934127, 39.121479945329966], [-96.78080742847492, 39.12136216542968], [-96.78082180151947, 39.12132244080355], [-96.78089815831864, 39.12107782024357], [-96.78095115892037, 39.12088337765409], [-96.78097002354136, 39.120814381767524], [-96.78102661740427, 39.120615059937904], [-96.78108680452833, 39.1204087682197], [-96.78112812703138, 39.120280532522834], [-96.78114339839122, 39.1202338379448], [-96.78121077203754, 39.12004845319537], [-96.78132036650223, 39.11978779862482], [-96.78136977384287, 39.11966653119644], [-96.78143085928217, 39.119538294148576], [-96.7815431486927, 39.11937172502596], [-96.7815718947818, 39.119329908447945], [-96.78159435266393, 39.11929645516771], [-96.7816347768517, 39.11924627521752], [-96.78171562522729, 39.119172399114746], [-96.78181084664743, 39.119088765697335], [-96.78205518840473, 39.11891871077579], [-96.78235073413325, 39.11872844392212], [-96.78267592426614, 39.118517964972575], [-96.78300470766017, 39.118313061020324], [-96.78309184424275, 39.11826636513831], [-96.78324635447163, 39.118182730645415], [-96.78335954219747, 39.11812558035149], [-96.78348081476084, 39.11806773305557], [-96.78353561199317, 39.11804194569147], [-96.78356435808226, 39.11803149135199], [-96.78370180032076, 39.11798200745738], [-96.78408987252354, 39.11784540384964], [-96.78414197481003, 39.11782797990103], [-96.78415634785458, 39.11782310119464], [-96.78420934845634, 39.11780428332402], [-96.78483727084004, 39.11757010495789], [-96.7852379194568, 39.11742931877981], [-96.7852379194568, 39.11742931877981], [-96.78559095736351, 39.117305259439256], [-96.78604909815847, 39.117149139509266], [-96.78628625339353, 39.11707595817301], [-96.78651442547572, 39.11701392821896], [-96.78670037673956, 39.11696723147591], [-96.78693483702875, 39.1169184438009], [-96.78715043269698, 39.116875928799416], [-96.78767504882296, 39.116774868446996], [-96.78810983342052, 39.116691232183676], [-96.78871170466097, 39.116569262455], [-96.78925069383152, 39.116434050051886], [-96.78960283342295, 39.11633577695694], [-96.78995048143794, 39.11621798845682], [-96.79023614569836, 39.116110654385864], [-96.79058738697448, 39.115964986456625], [-96.79093593330475, 39.115821409159885], [-96.79123686892498, 39.115679225529185], [-96.79139407409974, 39.115599072865805], [-96.79149019383514, 39.11554401141814], [-96.79159978829983, 39.1154736163401], [-96.79170848444922, 39.115399736281546], [-96.79188006266853, 39.115256157833045], [-96.79201660659172, 39.11513209466621], [-96.79218369323458, 39.114973878962395], [-96.79226094834902, 39.114909756197136], [-96.7923597630303, 39.114834481572125], [-96.79256368059983, 39.11470623572953], [-96.79269663126189, 39.114640718741605], [-96.7927532251248, 39.11461283915381], [-96.79295534606375, 39.114527109352174], [-96.79296702416245, 39.11452292740797], [-96.7930945849328, 39.11447622901408], [-96.79323112885601, 39.11443371253904], [-96.79355272572776, 39.11434519454961], [-96.79368657470512, 39.1143173148449], [-96.79379796580038, 39.11430337498839], [-96.79390935689563, 39.114295708066145], [-96.79422197061453, 39.11428734415], [-96.79481306207157, 39.1142887381361], [-96.79529725400978, 39.11432079980858], [-96.79529725400978, 39.11432079980858], [-96.79526221971369, 39.114438591480095], [-96.79522988036345, 39.11454523110757], [-96.79548859516532, 39.11510560924275], [-96.79567364811388, 39.115432494430266], [-96.79574641165189, 39.11551404124498], [-96.79582546339691, 39.115573284598206], [-96.7959063117725, 39.11562207320461], [-96.79600782139963, 39.11565204333182], [-96.79586319263883, 39.116425686389576], [-96.79448338036224, 39.1179206752581], [-96.79434773475434, 39.1183409391441], [-96.79423005545209, 39.11959614023711], [-96.79435312464602, 39.119661652617374], [-96.79460285629507, 39.11968604550935], [-96.79596560058124, 39.11982125167176], [-96.79659082801909, 39.11988258221662], [-96.79669413427678, 39.11989582403177], [-96.79671479552833, 39.119898611782], [-96.79667616797109, 39.120198294290034], [-96.79662406568461, 39.12061924152055], [-96.79660609937892, 39.1208764083757], [-96.79660699769421, 39.12099976450152], [-96.79660699769421, 39.121022066150935], [-96.79661508253176, 39.12115796667444], [-96.79663394715273, 39.12127017152448], [-96.79668425280865, 39.12146670381253], [-96.79672647362702, 39.12157263588223], [-96.79677857591349, 39.12167926471258], [-96.79714508854948, 39.12229324849739], [-96.79777301093317, 39.123344883660074], [-96.79797962344854, 39.12369333452558], [-96.79819342248618, 39.1240466619432], [-96.79844854402691, 39.124486402269625], [-96.79864976665057, 39.124828575489786], [-96.79878451394322, 39.12505645775098], [-96.79891836292057, 39.125306639567945], [-96.79898034667517, 39.12545019753522], [-96.79900460118787, 39.12551640135362], [-96.79903873716864, 39.12561605540498], [-96.7990701782036, 39.12574219075037], [-96.79908544956345, 39.12585996332754], [-96.79908634787873, 39.12609829539603], [-96.79906927988833, 39.12631502356518], [-96.79906299168132, 39.12640143589685], [-96.79902885570053, 39.126843948998356], [-96.79898573656688, 39.12739726068154], [-96.79891117639828, 39.128664843731485], [-96.79889410840788, 39.12887877660863], [-96.79887165052578, 39.129044626405], [-96.7988590741118, 39.1291826019884], [-96.79882403981573, 39.1293777185136], [-96.79878271731263, 39.129546354503475], [-96.79870905545934, 39.12980836664538], [-96.7986371902366, 39.13003065809717], [-96.79855274859989, 39.13026758238312], [-96.79846381538673, 39.13049614388009], [-96.79841171310026, 39.130615302171215], [-96.79837218722774, 39.13070589021087], [-96.79828145738405, 39.130875219849464], [-96.79818264270277, 39.131031309361425], [-96.7980892179132, 39.13116300961805], [-96.79796255545814, 39.13133721592834], [-96.79786913066857, 39.131410382450184], [-96.79780085870698, 39.13146473467431], [-96.79768767098116, 39.131560896198884], [-96.79763646700994, 39.13160409915994], [-96.7974505157461, 39.131815235830224], [-96.79732564992159, 39.131804086714965], [-96.79695734065507, 39.13179920897646], [-96.79677588096766, 39.13179781533684], [-96.79649291165312, 39.13179502805749], [-96.79463160238416, 39.13176715525799], [-96.79153960117578, 39.13175879341602], [-96.78675607228719, 39.13176367115727], [-96.78625750730443, 39.131761580696796], [-96.78564575459586, 39.13175879341602], [-96.78441057108003, 39.13175461249463], [-96.78356615471284, 39.13174346336975], [-96.78284390922431, 39.131731617422645], [-96.78222227504759, 39.13172952696117], [-96.78150362282018, 39.131726042858624], [-96.78094576902869, 39.13172952696117], [-96.780580154708, 39.13173510152493], [-96.78036455903978, 39.13174555383079], [-96.78019028587462, 39.13176297433711], [-96.78005733521258, 39.13178109165911], [-96.77992258791993, 39.13180757081367], [-96.77979143388843, 39.13184659270746], [-96.77967824616262, 39.13188840185539], [-96.7795776348508, 39.13192881734148], [-96.77938359874938, 39.13202497823236], [-96.7791033243807, 39.132202666489576], [-96.77874759152814, 39.1324472484162], [-96.77838377383803, 39.13267859008359], [-96.77826250127465, 39.13273781900275], [-96.77813044892785, 39.132803319161205], [-96.7778941920081, 39.132900872475794], [-96.77751959453457, 39.133027691582676], [-96.77717823472655, 39.13311688290568], [-96.7767425518137, 39.13323046231755], [-96.77644341282407, 39.13330223326248], [-96.7761263075287, 39.13336773289597], [-96.77590442365351, 39.13340048268985], [-96.77570499766038, 39.1334220836094], [-96.77554779248565, 39.13343392927215], [-96.77542472329172, 39.133439503701005], [-96.77519565289424, 39.13343532287941], [-96.77505282076405, 39.13342626443179], [-96.77493334483124, 39.13341511557156], [-96.77478332617878, 39.133390030629634], [-96.77459647659964, 39.13334961598214], [-96.7743943556607, 39.133293174797714], [-96.77421828586498, 39.133238127179226], [-96.77383380692334, 39.13310224996199], [-96.77305317094131, 39.132820042596165], [-96.77267228526078, 39.1326827709501], [-96.77232463724579, 39.13255455759737], [-96.77188266612595, 39.13239220013643], [-96.77154939115549, 39.13227165122156], [-96.77097626600414, 39.13206539364006], [-96.77074270403024, 39.13197968507547], [-96.77061693989044, 39.13193439188947], [-96.77050465047991, 39.13190094459493], [-96.77029713964926, 39.13184241179132], [-96.7700438147391, 39.131779001199114], [-96.76982911738615, 39.13173510152493]]]}}, {"type": "Feature", "properties": {"FID": 100, "AREA_ID": "37", "ACRES": 691.912, "area_name": "37", "area_type": null, "area_syskey": 100}, "geometry": {"type": "Polygon", "coordinates": [[[-96.79365782861602, 39.14635078688981], [-96.79369735448853, 39.146274152510095], [-96.79373777867633, 39.14627624253973], [-96.79420939420056, 39.14629574948009], [-96.79602129612888, 39.14631386306273], [-96.7967381517257, 39.14632082982403], [-96.79718191947613, 39.14632570655654], [-96.79759783945272, 39.146329189936694], [-96.79859407110294, 39.14633894340021], [-96.7990764664106, 39.146343123455594], [-96.79957413307808, 39.146340336752026], [-96.79982745798823, 39.14633894340021], [-96.80039878650899, 39.14634730351073], [-96.80126027086659, 39.14636054035033], [-96.80212714511589, 39.146345910159035], [-96.80232297784787, 39.14634451680734], [-96.80244425041124, 39.14634382013147], [-96.8029760530595, 39.146338246724284], [-96.80337131178456, 39.146338246724284], [-96.80358690745278, 39.146338246724284], [-96.80417799890982, 39.14634103342793], [-96.8051427895251, 39.14635009021402], [-96.80580574620487, 39.14635357359295], [-96.80607793573601, 39.14635357359295], [-96.8064372618497, 39.14635496694449], [-96.80799494055258, 39.14635496694449], [-96.80900195198622, 39.14635496694449], [-96.80997482743905, 39.14635845032319], [-96.81163311745377, 39.1463765638897], [-96.81203376607054, 39.14637935059182], [-96.81224037858591, 39.14638144061832], [-96.81234458315889, 39.146382137293834], [-96.81254939904368, 39.14638631734665], [-96.81287099591546, 39.146387014022096], [-96.81341986655413, 39.14638840737295], [-96.81351418965896, 39.1463898007238], [-96.81395346583298, 39.14639119407461], [-96.81424002840865, 39.14639119407461], [-96.81580938521022, 39.1464037342307], [-96.81588484369409, 39.146401644204836], [-96.81578782564338, 39.14659253297727], [-96.81573033346521, 39.14675346435037], [-96.81565397666604, 39.146896978597795], [-96.81551833105812, 39.14709761938524], [-96.81531171854274, 39.147406939478635], [-96.81507905488414, 39.147732978105495], [-96.81469098268133, 39.14828124905764], [-96.81464337197127, 39.14834673475623], [-96.81459935452234, 39.14837669095973], [-96.81451940446203, 39.14840316387315], [-96.81442687798776, 39.14843938994905], [-96.81427416438945, 39.14848118924426], [-96.81414750193436, 39.14852020189737], [-96.81407024681991, 39.148548764718974], [-96.8139974832819, 39.148607283634355], [-96.81329859399074, 39.149147187998715], [-96.81313779555488, 39.149261438197755], [-96.81302640445963, 39.149328316277], [-96.81283236835822, 39.14944813934337], [-96.81274792672151, 39.149503174288014], [-96.81270929916428, 39.14954218637465], [-96.81268234970577, 39.149586074946235], [-96.81267067160705, 39.14964946950131], [-96.81268863791274, 39.14989608074391], [-96.81271558737129, 39.15081912362825], [-96.81263563731099, 39.15229736029541], [-96.81267875644461, 39.152841416020465], [-96.81274523177565, 39.15314235156736], [-96.81288986053642, 39.153612560782946], [-96.81310006631294, 39.154288263339076], [-96.81316833827452, 39.154417830304325], [-96.81324828833485, 39.15451814004907], [-96.81341627329299, 39.154715276144636], [-96.8134665789489, 39.15479468770201], [-96.81350879976726, 39.15489778327434], [-96.8135582071079, 39.15506217860425], [-96.81364264874463, 39.15527394151405], [-96.81374954826344, 39.15555536228949], [-96.81404239904612, 39.15629722106794], [-96.81409090807146, 39.15637454111023], [-96.81413492552038, 39.15646370285535], [-96.81414211204267, 39.15680154125502], [-96.8141627732942, 39.157027926903794], [-96.81418073959988, 39.15721321430809], [-96.81418163791517, 39.157301678423025], [-96.8142022991667, 39.157404073755735], [-96.81422655367939, 39.1574918410652], [-96.81428674080341, 39.15757542887715], [-96.81439364032225, 39.15769036195647], [-96.81451850614675, 39.157825495155016], [-96.81460923599047, 39.15794321407007], [-96.81470086414946, 39.158073470864856], [-96.8147844074709, 39.158235072542475], [-96.8148589676395, 39.15834652175901], [-96.81494251096092, 39.15844612934692], [-96.81503234248935, 39.158519267695816], [-96.81513385211647, 39.15859937151448], [-96.81522009038376, 39.15867599247309], [-96.81529914212877, 39.158783958227694], [-96.81536561745979, 39.15891212381162], [-96.81544377088954, 39.159045165013154], [-96.81550665295943, 39.159122482035656], [-96.81558121312801, 39.159174026670094], [-96.81565038340491, 39.15921860578297], [-96.81579501216567, 39.15930079844824], [-96.81598545500592, 39.15940945979054], [-96.81605103202168, 39.159465880036684], [-96.8160842696872, 39.15952299678301], [-96.81609235452476, 39.15958220311743], [-96.81608247305664, 39.15963723013651], [-96.81606001517451, 39.15973613935377], [-96.81602857413958, 39.15985733778249], [-96.81601330277975, 39.159976446379716], [-96.8160097095186, 39.16016102947991], [-96.81603935392297, 39.16033098481185], [-96.81606181180508, 39.160633977930225], [-96.8160950494706, 39.16089308825149], [-96.81606450675095, 39.16089308825149], [-96.81546083887994, 39.16089308825149], [-96.81475566138181, 39.16090214316482], [-96.81321235572348, 39.16091398420354], [-96.81279463911629, 39.16091746686163], [-96.81253951757556, 39.16091955645639], [-96.81253951757556, 39.16091955645639], [-96.81223229374837, 39.160923039114174], [-96.81044374801743, 39.16091955645639], [-96.80802099169581, 39.16093070096073], [-96.80621178471335, 39.160947417713935], [-96.80572399951402, 39.16095647262027], [-96.80504127989798, 39.1609766720225], [-96.8046523093799, 39.16099617488812], [-96.80434778049853, 39.16101776734017], [-96.80395880998047, 39.16105189733151], [-96.80368392550349, 39.16107488282654], [-96.80337131178456, 39.1611090127902], [-96.8029706631678, 39.161164735144204], [-96.80278650853454, 39.1611953824201], [-96.80259067580255, 39.16123369149619], [-96.80245952177106, 39.161263642213875], [-96.80234274078411, 39.16129916514158], [-96.80217655245653, 39.16136045956289], [-96.80212984006174, 39.16138344495711], [-96.80204719505558, 39.16142454003715], [-96.80191244776296, 39.161503247496334], [-96.80178039541617, 39.1615910096921], [-96.8016537329611, 39.16168782659057], [-96.80140579794264, 39.16190932086438], [-96.80127823717227, 39.162033998152005], [-96.80099436954245, 39.16231051626395], [-96.80056227989073, 39.16272703267809], [-96.79982386472707, 39.16335737473491], [-96.79948160660379, 39.16272563965071], [-96.79943848747013, 39.162645540530235], [-96.79934146941946, 39.16246862562795], [-96.79913755184991, 39.162095291933035], [-96.79898393993632, 39.1618138973162], [-96.79878181899736, 39.16145797330491], [-96.79875666616941, 39.16140991297751], [-96.79867402116325, 39.161263642213875], [-96.7986021559405, 39.161145928854665], [-96.79853837555532, 39.16104493202851], [-96.798483578323, 39.16096483099431], [-96.79842159456838, 39.16088542640083], [-96.79835871249847, 39.16081229051177], [-96.79831110178841, 39.160760747077624], [-96.79822576183642, 39.16067228731204], [-96.79809460780493, 39.16054482146997], [-96.79794189420659, 39.160392976613515], [-96.79776402778033, 39.16022859373889], [-96.79738404041507, 39.15986569628711], [-96.79709029131713, 39.15959404437836], [-96.79625306147221, 39.15880555135873], [-96.79566376664576, 39.15825457616811], [-96.7955299176684, 39.15813058874158], [-96.79525682982198, 39.15787007512234], [-96.79479509576589, 39.15743541923598], [-96.79444924438145, 39.15711221183615], [-96.79421029251583, 39.15688791617309], [-96.79412585087913, 39.15680850697813], [-96.79394259456114, 39.156626004804444], [-96.79388330575237, 39.15655913366046], [-96.79384737314102, 39.15651873231351], [-96.79378898264753, 39.15644628846089], [-96.79373777867633, 39.15637175480388], [-96.79369286291212, 39.1562944347585], [-96.79365513367019, 39.15621432831558], [-96.79362369263524, 39.156132828623555], [-96.79360123475313, 39.15605063225731], [-96.79358416676273, 39.155967042633876], [-96.79357698024045, 39.155878576840884], [-96.79357338697932, 39.155794987013024], [-96.79358955665444, 39.15511651256952], [-96.79360123475313, 39.15444917711493], [-96.79360931959069, 39.15395319927431], [-96.79361021790596, 39.15386751735501], [-96.79361111622124, 39.15362579625613], [-96.7936147094824, 39.153155587128985], [-96.7936147094824, 39.15271184615254], [-96.79362189600465, 39.152243720770784], [-96.79362818421164, 39.15164532382112], [-96.79362638758109, 39.15111797793749], [-96.79363267578807, 39.15051469497342], [-96.79363447241865, 39.15031963701956], [-96.79363537073392, 39.15021374818962], [-96.79363626904923, 39.14956517562984], [-96.79364704883261, 39.1489911386467], [-96.79364974377847, 39.14842267022404], [-96.79365154040904, 39.147876490355685], [-96.79365872693133, 39.14724043626395], [-96.79365872693133, 39.14665035684632], [-96.79365782861602, 39.14635078688981]]]}}, {"type": "Feature", "properties": {"FID": 101, "AREA_ID": "5", "ACRES": 537.31, "area_name": "5", "area_type": null, "area_syskey": 101}, "geometry": {"type": "Polygon", "coordinates": [[[-96.74450111794687, 39.09875174788075], [-96.74413370699561, 39.098671575965675], [-96.74386061914922, 39.0988130967629], [-96.74342313960578, 39.098855622661276], [-96.74306740675323, 39.098865382699884], [-96.74272694526049, 39.09883610257995], [-96.7425436889425, 39.09867436455554], [-96.74243409447784, 39.09851750620334], [-96.74297847354009, 39.0983195156072], [-96.7435758532041, 39.098080392420655], [-96.74422803010046, 39.09781826228142], [-96.74470234057056, 39.0976293327736], [-96.74505627679255, 39.097478746530264], [-96.74553328220847, 39.09723822616897], [-96.74621061193281, 39.09686733519219], [-96.74664809147623, 39.096561976119155], [-96.74701011253579, 39.09627404500565], [-96.74725535260838, 39.0960802311485], [-96.74761917029849, 39.09572885502751], [-96.74806024310307, 39.09532100554855], [-96.7484743664491, 39.0949633509872], [-96.74889926957854, 39.09452342641698], [-96.74929722324946, 39.09415321835253], [-96.74975356741388, 39.09375233172184], [-96.75043269376874, 39.09309905592949], [-96.75121153312018, 39.09237744756638], [-96.7518044212078, 39.0918315302465], [-96.75219429004115, 39.09144806089224], [-96.75223561254423, 39.09141250271918], [-96.75384269858775, 39.09240463874001], [-96.75399810713192, 39.09247924011131], [-96.75420022807089, 39.09254477769948], [-96.7543987557487, 39.09258312413239], [-96.75465567391998, 39.09263611189627], [-96.75492427018999, 39.092637506310574], [-96.75635528643777, 39.09267236665917], [-96.75648823709984, 39.09267097224555], [-96.75660322145625, 39.092669577831934], [-96.7567361721183, 39.092657725314865], [-96.7568888857166, 39.092617984507854], [-96.757338941674, 39.092472965232666], [-96.75755633397281, 39.092413005252865], [-96.75785726959303, 39.09233979823172], [-96.75803333938873, 39.092282626981394], [-96.75819234119405, 39.092189200692076], [-96.75830103734346, 39.09209437985395], [-96.7584573442029, 39.09192216815285], [-96.75861993926937, 39.09172137017272], [-96.75873851688688, 39.091609118274995], [-96.75886068776552, 39.0915184799663], [-96.75899633337345, 39.09143551095085], [-96.75913557224251, 39.09137415564975], [-96.75926492964344, 39.09133720299947], [-96.75941764324176, 39.09130443365189], [-96.75960718776675, 39.09127584761285], [-96.75985961436163, 39.091259114316316], [-96.7601165325329, 39.09126399486154], [-96.76038692543348, 39.091280030936346], [-96.76061150425454, 39.091284214259616], [-96.76083069318388, 39.09132813913891], [-96.7609663387918, 39.09136648623335], [-96.76106156021194, 39.09141459437692], [-96.76117474793774, 39.09145573029974], [-96.76127895251072, 39.091511507783906], [-96.76134632615704, 39.09155961582853], [-96.76141369980336, 39.09159308227502], [-96.76148646334138, 39.091608421057664], [-96.7615879729685, 39.091603540536276], [-96.76216738632684, 39.09141459437692], [-96.7622329633426, 39.09136160569524], [-96.76235962579766, 39.091289094803116], [-96.76246293205534, 39.09120542829649], [-96.7625114410807, 39.0911133950246], [-96.76256983157418, 39.09102903108647], [-96.76264618837334, 39.09091956698332], [-96.76270368055154, 39.09084566118701], [-96.76277913903543, 39.09078221369633], [-96.76288244529312, 39.09071318833943], [-96.76300371785648, 39.09065113518316], [-96.76408079788227, 39.09012054360623], [-96.7645245656327, 39.08985768664209], [-96.76488479006167, 39.089642938050375], [-96.76503480871415, 39.08953138008233], [-96.76517674252905, 39.08941563850397], [-96.76536359210817, 39.08929431881434], [-96.76556032315543, 39.089169512708956], [-96.76577502050836, 39.0890412201693], [-96.76610739716354, 39.08885435887889], [-96.76644696034099, 39.08868562549725], [-96.76657721605719, 39.088632634765176], [-96.76659158910172, 39.08863402925864], [-96.7666688442162, 39.08866191912202], [-96.7667137599804, 39.08869887317404], [-96.7667649639516, 39.08875883631157], [-96.76681526960752, 39.088844597454575], [-96.76686377863287, 39.088932450224654], [-96.7669410337473, 39.08908514644557], [-96.7669994242408, 39.08917509064017], [-96.76705062821199, 39.08922877820554], [-96.76728688513174, 39.08951534360993], [-96.76738390318245, 39.0896715247513], [-96.7675231420515, 39.08985768664209], [-96.76760938031879, 39.08998179429632], [-96.76765699102887, 39.09006964564988], [-96.76769292364024, 39.09015749689401], [-96.76887061497787, 39.092198264441976], [-96.7692955181073, 39.0929547348476], [-96.7695245885048, 39.09340512719828], [-96.76967281052669, 39.093768367230815], [-96.769923440491, 39.09400750504084], [-96.77023066431823, 39.09412811943036], [-96.77035822508859, 39.09417831726579], [-96.7710077070391, 39.094294051027944], [-96.77143889837554, 39.09433867122285], [-96.77197249765436, 39.09426755777386], [-96.77235697659603, 39.0941260278531], [-96.77297771245743, 39.09389943995016], [-96.77324091883573, 39.0938060158028], [-96.77337566612835, 39.09375790929059], [-96.77401975818717, 39.093812987758376], [-96.77412216612957, 39.09382205129958], [-96.77467822329052, 39.093949637948356], [-96.77504114266536, 39.0940772243663], [-96.77519475457896, 39.09413090819994], [-96.77600503496534, 39.094542947692226], [-96.77612361258288, 39.094587567729654], [-96.77644610776989, 39.09470887831369], [-96.77736777925155, 39.095067231348864], [-96.77780525879496, 39.09521782274238], [-96.77827148442749, 39.09537817433562], [-96.77873771006001, 39.09548414562321], [-96.77894162762954, 39.0955301594222], [-96.77932251331006, 39.09558523650573], [-96.7798111968247, 39.09565495427126], [-96.78090085326448, 39.09573791832247], [-96.78113980513007, 39.09572188326137], [-96.78163657348226, 39.0956898131282], [-96.7823704970695, 39.095565018340814], [-96.78237409033063, 39.09571630584796], [-96.78239026000576, 39.09583064273477], [-96.78241181957259, 39.09596519749215], [-96.78278282378496, 39.09754567378921], [-96.78281785808105, 39.09769835136098], [-96.7828385193326, 39.09784126842309], [-96.78285199406187, 39.097956299018776], [-96.78285648563828, 39.09806644935266], [-96.78285648563828, 39.098169627990345], [-96.78285558732297, 39.098286052352925], [-96.78284660417013, 39.09838644206808], [-96.78280617998236, 39.09858791821794], [-96.78273700970547, 39.0988472569128], [-96.78260585567398, 39.09926484597862], [-96.78244954881453, 39.0997981572993], [-96.78219802053492, 39.09976260333676], [-96.78185486409635, 39.099699861006165], [-96.78149913124378, 39.09963433006798], [-96.78142277444461, 39.099621084445396], [-96.77960099104817, 39.09925648027871], [-96.77790317516096, 39.09894276581543], [-96.77772171547352, 39.0989350972222], [-96.77753845915555, 39.09893230864264], [-96.77725279489515, 39.09892742862813], [-96.77705696216319, 39.0989260343382], [-96.7768970620426, 39.09892533719323], [-96.77671650067046, 39.09892882291801], [-96.77656288875686, 39.09893230864264], [-96.77645329429218, 39.09893997723618], [-96.77633022509825, 39.09894694868414], [-96.7762008676973, 39.09895601156544], [-96.77606252714352, 39.09896577159019], [-96.77592957648145, 39.09897971448031], [-96.77577326962201, 39.098999931666086], [-96.77558013183591, 39.099025028854165], [-96.7754211300306, 39.099048731745825], [-96.77528458610738, 39.099068948911814], [-96.77511570283393, 39.09910032036482], [-96.7749701757579, 39.09913238894679], [-96.77481386889843, 39.099167246084555], [-96.77460635806777, 39.09921604604847], [-96.77410509813916, 39.09933316582406], [-96.77377631474513, 39.09941263984671], [-96.77336578466023, 39.099510936540284], [-96.77294447479191, 39.099608535958566], [-96.77255550427384, 39.099697769594194], [-96.77230577262482, 39.099750752011914], [-96.7721764152239, 39.09977445465959], [-96.77208299043433, 39.09979188307192], [-96.77189344590936, 39.0998211627949], [-96.77171468116778, 39.09984625969065], [-96.7716338327922, 39.09985671672792], [-96.77146584783407, 39.09987623652663], [-96.77119814987935, 39.09990203053811], [-96.7709268586635, 39.099921550324304], [-96.77073102593154, 39.099932704485404], [-96.77049027743536, 39.0999354930254], [-96.77026300366845, 39.09993200735038], [-96.77004201810854, 39.099925035999824], [-96.76997284783164, 39.099921550324304], [-96.76988840619491, 39.09991667037827], [-96.76977521846909, 39.099909699026185], [-96.769667420635, 39.09990272767344], [-96.76950931714497, 39.09988739069493], [-96.7692398225597, 39.09985741386368], [-96.76899907406352, 39.09982185993101], [-96.76876371545904, 39.09978142602503], [-96.76863615468868, 39.099757723379696], [-96.76843493206502, 39.09971868371121], [-96.76826065889988, 39.09968452398354], [-96.76796601148664, 39.09962735868798], [-96.76755009151003, 39.09954649062971], [-96.7671126119666, 39.09946283392011], [-96.76671196334983, 39.099384754234926], [-96.76626370402298, 39.099299005909636], [-96.76592234421499, 39.09923347459881], [-96.76527196394919, 39.099107988940084], [-96.7648039416861, 39.099011085973004], [-96.7647805854887, 39.09900690310812], [-96.76457666791919, 39.098967863023866], [-96.76447785323792, 39.0989476458289], [-96.76438892002477, 39.098930217207865], [-96.76424608789458, 39.09890233140529], [-96.7640745096753, 39.098868868427644], [-96.76391910113111, 39.098838891163325], [-96.7637771673162, 39.09881100532462], [-96.76362625034844, 39.098782422328505], [-96.76344838392217, 39.09874686785375], [-96.76328489054043, 39.09871479909644], [-96.76318607585917, 39.09869527897614], [-96.76308456623205, 39.0986771531453], [-96.7629282593726, 39.098649267242656], [-96.76277015588258, 39.09862347277285], [-96.76273152832535, 39.09861719844093], [-96.76270907044324, 39.098613712700725], [-96.76251593265714, 39.09858582677296], [-96.7624656270012, 39.098579552437705], [-96.7623012353042, 39.09855863798279], [-96.76214492844473, 39.09854190641439], [-96.76204970702459, 39.09853214633097], [-96.7619760451713, 39.098526569139835], [-96.76181075515899, 39.09851402045823], [-96.76169846574847, 39.09850844326565], [-96.76155114204184, 39.098501471774334], [-96.76139573349768, 39.098497288879216], [-96.76131668175265, 39.098495894580786], [-96.7611442052181, 39.098496591730004], [-96.76108132314819, 39.098497288879216], [-96.76098789835862, 39.098499380326814], [-96.76085404938128, 39.098502866072664], [-96.76080284541007, 39.098504957520085], [-96.76062767392965, 39.09851402045823], [-96.76058814805714, 39.09851611190529], [-96.76045789234092, 39.098526569139835], [-96.76034200966924, 39.09853563207519], [-96.7602827208605, 39.09854190641439], [-96.76007431171455, 39.098562820874264], [-96.75990363181053, 39.098578855289304], [-96.75977427440962, 39.09859070681114], [-96.75950747477017, 39.09861440984879], [-96.75921821724867, 39.09864090146971], [-96.7587888225428, 39.09868203317714], [-96.7582866642989, 39.0987287420362], [-96.75812406923245, 39.098744776413504], [-96.75801088150665, 39.09875453646746], [-96.75787343926814, 39.09876638795975], [-96.7577575565965, 39.09877475371782], [-96.75764347055538, 39.09877963374289], [-96.75748446875008, 39.098787999499386], [-96.75743685804001, 39.09878939379204], [-96.7573236703142, 39.09879566810864], [-96.75723833036218, 39.09879706240115], [-96.75711705779882, 39.09879775954739], [-96.75688080087905, 39.09880124527847], [-96.75635438812249, 39.09880751959401], [-96.75578844949342, 39.0988158853472], [-96.75478682795148, 39.098828433975115], [-96.75452002831207, 39.098835405434095], [-96.75444097656704, 39.098838194017496], [-96.75429994106743, 39.09884516547553], [-96.75382652891263, 39.0988807199007], [-96.75365584900862, 39.09889326851707], [-96.75363878101824, 39.09889466280764], [-96.7533387437133, 39.09892115432326], [-96.75324352229316, 39.09892882291801], [-96.75319411495252, 39.09893370293245], [-96.75301535021096, 39.09894973726314], [-96.7528015511733, 39.098969954457516], [-96.75237664804386, 39.09900690310812], [-96.75211433998085, 39.09902990886194], [-96.75191132072662, 39.099048034602056], [-96.75181340436063, 39.09905640032672], [-96.75154929966706, 39.09907940606435], [-96.75127531350536, 39.099102411794505], [-96.75094473348078, 39.099130994660904], [-96.75079561314358, 39.09914005751855], [-96.75070667993045, 39.099144937518346], [-96.75064918775224, 39.09914563466115], [-96.75059349220464, 39.09914633180396], [-96.75053240676532, 39.09914633180396], [-96.75046682974956, 39.09914214894708], [-96.75037789653642, 39.09913587466134], [-96.75029525153026, 39.099124023231134], [-96.75021619978526, 39.09911008036956], [-96.75011019858172, 39.09908358892496], [-96.75000599400875, 39.09905500603933], [-96.74989011133707, 39.099016663125795], [-96.74978680507938, 39.09897553161356], [-96.74970775333436, 39.09893997723618], [-96.74959815886969, 39.09888281133692], [-96.74951371723296, 39.098832616850586], [-96.7494202924434, 39.098771965131924], [-96.7492954266189, 39.09866739308064], [-96.74920469677518, 39.098592101107684], [-96.74908881410352, 39.09848752878964], [-96.74866391097407, 39.09810758139525], [-96.74858306259848, 39.09802950020922], [-96.74851928221331, 39.09796327056398], [-96.74846358666568, 39.097896343701414], [-96.74842316247788, 39.09784475420148], [-96.74838543323595, 39.097784101632996], [-96.74835219557045, 39.09772414616923], [-96.74832434779663, 39.097668373599], [-96.74830188991452, 39.09760981235279], [-96.74827494045599, 39.0975359135679], [-96.74825068594333, 39.09746062038668], [-96.74822643143065, 39.097383235644415], [-96.74818780387342, 39.09722288861084], [-96.74816804093717, 39.0971343490056], [-96.74776379905927, 39.09783429686579], [-96.74751855898667, 39.09829999537747], [-96.7472885902739, 39.098771965131924], [-96.74706940134455, 39.09918885750131], [-96.74689961975582, 39.09941263984671], [-96.7466714476736, 39.09971310661395], [-96.74645675032069, 39.10009443962319], [-96.7462842737861, 39.100277088341294], [-96.74583781108984, 39.100447885378586], [-96.74559436764783, 39.10047158779189], [-96.74571564021119, 39.100084679754694], [-96.74574438630029, 39.10001217783223], [-96.74576145429069, 39.09993200735038], [-96.7457713357588, 39.09986856803493], [-96.7457596576601, 39.09977863747893], [-96.74573270820157, 39.09966848981995], [-96.74569767390551, 39.099562524821074], [-96.74566353792468, 39.09949978231242], [-96.7456303002592, 39.099467713897575], [-96.74560963900764, 39.099439131167685], [-96.74559885922423, 39.09940497130458], [-96.74559436764783, 39.099364537159495], [-96.74558628281027, 39.0993122515927], [-96.745572808081, 39.09925926884545], [-96.7455431636766, 39.09922022890094], [-96.74551711253336, 39.099193737497735], [-96.74551172264167, 39.099162366086304], [-96.74551621421807, 39.09912681180311], [-96.7455207057945, 39.09907940606435], [-96.74486673226757, 39.09891766859809], [-96.74450111794687, 39.09875174788075]]]}}, {"type": "Feature", "properties": {"FID": 102, "AREA_ID": "Madison Cove North", "ACRES": 137.176, "area_name": "Madison Cove North", "area_type": null, "area_syskey": 102}, "geometry": {"type": "Polygon", "coordinates": [[[-96.91665695396537, 39.21137143175664], [-96.91669019163088, 39.21135194286406], [-96.91674498886323, 39.211350550800084], [-96.91681865071654, 39.21136168731104], [-96.91687344794887, 39.21135263889604], [-96.91692644855064, 39.211323405547276], [-96.91695339800917, 39.21128651582793], [-96.91693183844235, 39.211240577659744], [-96.91689051593927, 39.21122248079738], [-96.91682314229296, 39.21122108873083], [-96.9167521753855, 39.21121482443112], [-96.91668210679332, 39.21118350292409], [-96.91654915613125, 39.21118141482312], [-96.9164036290552, 39.21108536211162], [-96.91631379752678, 39.21106656917443], [-96.91618174518001, 39.211069353313604], [-96.91607125240003, 39.21108745021543], [-96.91595806467421, 39.2110825779731], [-96.91587541966807, 39.211053344511924], [-96.9157658252034, 39.21100879826197], [-96.91571012965578, 39.21098026080575], [-96.91569126503481, 39.210944762978144], [-96.91568318019725, 39.21088211970924], [-96.91564994253173, 39.210805555638025], [-96.91562658633434, 39.210724815254295], [-96.91558346720069, 39.21066147575032], [-96.91555561942688, 39.2106134490554], [-96.91548914409584, 39.21058699955725], [-96.9154118889814, 39.21057447084408], [-96.91534092207395, 39.21056959856616], [-96.91531217598484, 39.21055637381004], [-96.91529151473331, 39.210522963888806], [-96.91525558212194, 39.21050486684149], [-96.91523402255513, 39.21048189750551], [-96.91522683603283, 39.210394196335294], [-96.91519898825902, 39.210348257583384], [-96.91514868260313, 39.21030997526717], [-96.91508490221793, 39.21027099688742], [-96.91504807129128, 39.210220185752746], [-96.91503729150789, 39.21016937458129], [-96.91501573194105, 39.210119259417276], [-96.91495823976287, 39.21008306510993], [-96.91490883242223, 39.20999675553248], [-96.91482169583963, 39.20990696561756], [-96.91479115311999, 39.20985406607906], [-96.91478576322828, 39.20978863764741], [-96.9147794750213, 39.20967796601247], [-96.91478755985887, 39.20963272284107], [-96.91478755985887, 39.209522050960445], [-96.91478037333658, 39.209439220948276], [-96.91475971208503, 39.20938353685153], [-96.91471210137497, 39.209357782941886], [-96.91468515191646, 39.20931393166855], [-96.91467257550246, 39.209205347445334], [-96.91463394794525, 39.20913991840927], [-96.91456118440722, 39.209106507814134], [-96.91442823374516, 39.209020893091584], [-96.91438152135036, 39.20896520866317], [-96.91436355504467, 39.20891718080819], [-96.91433930053202, 39.208866368694], [-96.91435277526128, 39.20884131065154], [-96.91438421629623, 39.20882878162696], [-96.91436355504467, 39.20879397876918], [-96.9142548588953, 39.2087563916634], [-96.91419467177126, 39.20873829416085], [-96.91413358633193, 39.20870418731645], [-96.91396290642791, 39.208600474565365], [-96.91375988717368, 39.20847170348678], [-96.91363322471861, 39.20839374466501], [-96.91347871448971, 39.20823782676186], [-96.91336013687219, 39.20808260457694], [-96.9132397626241, 39.20794478369474], [-96.91320472832801, 39.207921813521416], [-96.91317418560834, 39.20787100068706], [-96.91313825299697, 39.20783967768865], [-96.91305560799084, 39.20772552264293], [-96.91292535227463, 39.20765034726757], [-96.91274838416362, 39.2075215744469], [-96.91264687453649, 39.20741229138145], [-96.91252739860369, 39.207315537442724], [-96.9123962445722, 39.20721878337071], [-96.91232437934946, 39.20712481346096], [-96.91228934505335, 39.207106715537975], [-96.91223364950574, 39.20704824529339], [-96.91220670004722, 39.20697237311773], [-96.91218693711097, 39.20687144211478], [-96.91212315672577, 39.20674684433184], [-96.91201715552224, 39.20659927572194], [-96.91186444192394, 39.206410638038], [-96.91170993169503, 39.206287431601936], [-96.91153925179101, 39.20617675444963], [-96.91135779210362, 39.20610018524848], [-96.91122753638739, 39.20605633194116], [-96.91116195937163, 39.20604171416597], [-96.91110806045458, 39.20601595903084], [-96.91104068680825, 39.20601665511569], [-96.91098499126063, 39.2060257042182], [-96.91085293891386, 39.20602083162471], [-96.91080173494267, 39.206007606012015], [-96.91073166635049, 39.20598602737545], [-96.91066429270417, 39.20595470353639], [-96.91055020666307, 39.20588787929968], [-96.91048732459316, 39.205848898465554], [-96.91047834144032, 39.20581618239166], [-96.91046307008051, 39.205770240645165], [-96.91036874697566, 39.20569088664858], [-96.91026813566381, 39.20562127780585], [-96.91017830413539, 39.205587169447725], [-96.91005972651787, 39.20556211023529], [-96.90998247140342, 39.20554610017821], [-96.90989174155973, 39.205549580625714], [-96.90980729992302, 39.20556767894991], [-96.90976148584352, 39.20559969905058], [-96.90971477344873, 39.20563937611159], [-96.90965907790111, 39.205673484444375], [-96.90950097441107, 39.20579599587039], [-96.9093967698381, 39.20582453543328], [-96.90932310798479, 39.205900408848905], [-96.90928627705814, 39.20593799748316], [-96.9092144118354, 39.205979066523525], [-96.90915152976551, 39.20602291987911], [-96.90908595274976, 39.20606955754468], [-96.90902127404928, 39.20608347922988], [-96.90897186670867, 39.20611062650812], [-96.90894132398898, 39.20615030328049], [-96.90889101833307, 39.206206686023755], [-96.9088326278396, 39.20624357841148], [-96.90881825479505, 39.20628603943756], [-96.90878142386839, 39.20631040230978], [-96.90874279631117, 39.20632710827441], [-96.90869608391638, 39.2063765300632], [-96.9086323035312, 39.20643848127045], [-96.90858648945172, 39.20646493233107], [-96.90854426863335, 39.20647467745614], [-96.90850294613027, 39.20647119705446], [-96.90847420004118, 39.20645031464091], [-96.90847509835646, 39.2064203831706], [-96.90847240341063, 39.206400196823], [-96.9084113179713, 39.206391843849865], [-96.90834394432497, 39.2063981085798], [-96.90827207910222, 39.20641203019989], [-96.90824512964369, 39.206451706802014], [-96.90824333301313, 39.20651435402287], [-96.90826399426466, 39.20657491294992], [-96.90829453698433, 39.20662572672198], [-96.90830621508304, 39.20667097183056], [-96.90829184203847, 39.20671621690998], [-96.9082559094271, 39.20675032471983], [-96.9082226717616, 39.206780256049505], [-96.90816068800697, 39.206791393285194], [-96.90808343289252, 39.206794873670994], [-96.90805917837987, 39.206824804981686], [-96.9080169575615, 39.20683663828706], [-96.90794688896933, 39.206815059905196], [-96.90788939679113, 39.206781648204064], [-96.90783819281994, 39.2067732952763], [-96.90781663325312, 39.20675519726273], [-96.90777441243475, 39.20673918747763], [-96.90775644612906, 39.206696030647386], [-96.90771692025656, 39.20663059927354], [-96.90770254721201, 39.20657073647388], [-96.90752018920931, 39.20640089290403], [-96.90748605322851, 39.2063598241103], [-96.90744473072543, 39.20623592150241], [-96.90742047621275, 39.206185803531525], [-96.90738813686254, 39.20616492103309], [-96.9073557975123, 39.20616144061607], [-96.90730010196468, 39.20620111735974], [-96.90725698283104, 39.206233137171644], [-96.90721476201269, 39.20626446088654], [-96.9071905075, 39.20631179447365], [-96.90713032037596, 39.206368873168636], [-96.90707192988248, 39.20637513790063], [-96.90701803096543, 39.20636678492452], [-96.9069668269942, 39.20635077505087], [-96.90692550449114, 39.20632502002905], [-96.90690035166318, 39.20630413757201], [-96.9069677253095, 39.20621225468728], [-96.90699826802916, 39.2061579601989], [-96.90703599727111, 39.206119675598515], [-96.90707372651303, 39.206098793080415], [-96.9070880995576, 39.206051459349766], [-96.90708001472004, 39.20599855690717], [-96.90706833662135, 39.20595539962185], [-96.90707282819776, 39.20592337968336], [-96.90706384504492, 39.20589762450483], [-96.907013539389, 39.20586421236725], [-96.90695964047194, 39.20581061369673], [-96.90691921628415, 39.20577998586662], [-96.90697670846235, 39.205775809343294], [-96.90701892928071, 39.20577163281975], [-96.90703959053226, 39.2057444854105], [-96.90705935346851, 39.20571942625417], [-96.90715996478033, 39.20571107320008], [-96.90722733842665, 39.20572012234197], [-96.90727944071314, 39.20571107320008], [-96.90733154299964, 39.20569923970507], [-96.90741598463634, 39.20567278835611], [-96.9075040195342, 39.205637287845775], [-96.90754713866785, 39.20561292474007], [-96.90758666454033, 39.205578120288706], [-96.907629783674, 39.20552382531011], [-96.90766751291592, 39.20545143194004], [-96.90770793710372, 39.20540479386403], [-96.90774476803037, 39.205352587025814], [-96.9077726158042, 39.20528019347924], [-96.90788939679113, 39.20517647567191], [-96.9079486855999, 39.205115219445325], [-96.90801965250735, 39.20502333500527], [-96.90809600930652, 39.204937019209645], [-96.90811667055804, 39.2048994300397], [-96.90817775599737, 39.20481311409182], [-96.90829363866905, 39.20470173851848], [-96.90842928427698, 39.20458131348107], [-96.90851552254425, 39.20452492943307], [-96.90859906586569, 39.20449847764186], [-96.90870596538453, 39.204490124442586], [-96.90879669522822, 39.204479682942065], [-96.90884250930773, 39.20445740773576], [-96.90888562844137, 39.20440311189088], [-96.90890718800819, 39.20433837448246], [-96.90891437453047, 39.204248577333324], [-96.9089574936641, 39.204170613823926], [-96.90901678247288, 39.20401329433608], [-96.90903834203971, 39.20392906561593], [-96.90904373193139, 39.20387964210501], [-96.9090545117148, 39.203828826346246], [-96.90909763084845, 39.203784275513826], [-96.90914793650437, 39.2037223219655], [-96.90917488596288, 39.203697958195576], [-96.90913985166681, 39.20366176057892], [-96.90907966454276, 39.203642965655234], [-96.90901498584229, 39.2036346123542], [-96.90892784925971, 39.20363530846266], [-96.90890269643175, 39.20362486683507], [-96.90887395034267, 39.20360676801026], [-96.90887484865794, 39.2035615209278], [-96.90880208511993, 39.203520450473874], [-96.9087805255531, 39.203475899445856], [-96.90876615250856, 39.203441790045915], [-96.90881645816447, 39.203472418895586], [-96.90886766213569, 39.203486341095584], [-96.90891527284575, 39.20352741156945], [-96.90894940882654, 39.20356778591016], [-96.90897725660035, 39.20360607190152], [-96.90901857910343, 39.20360955244515], [-96.9090670881288, 39.2036130329886], [-96.90910571568601, 39.20361860185777], [-96.90914434324321, 39.203626955160715], [-96.90918925900745, 39.20364992673868], [-96.90923327645638, 39.203668721660506], [-96.90925214107733, 39.2036965659799], [-96.90926741243717, 39.20372928304106], [-96.90925303939262, 39.20376965726577], [-96.9092269882494, 39.203789148262494], [-96.9092198017271, 39.203819080854096], [-96.90924136129394, 39.203846925113865], [-96.9093114298861, 39.20386084723962], [-96.90936443048787, 39.20383439519832], [-96.90943629571059, 39.2038030703997], [-96.90953331376132, 39.20377940276482], [-96.90963392507314, 39.20377104948], [-96.90970848524174, 39.20375503901469], [-96.9097902319326, 39.20371118424314], [-96.90986658873175, 39.2036624566871], [-96.90994114890034, 39.20364366176362], [-96.90999145455628, 39.20361164077124], [-96.91005613325673, 39.20358518863608], [-96.91019896538693, 39.20356291314614], [-96.9102636440874, 39.203558736491], [-96.91031754300444, 39.203562217036975], [-96.91036245876866, 39.203583100309224], [-96.91039120485777, 39.20361164077124], [-96.91042264589271, 39.20362486683507], [-96.91045049366652, 39.20365758392965], [-96.91046576502636, 39.203703527058], [-96.91046127344993, 39.203735548008495], [-96.91045408692766, 39.203768265051515], [-96.91047205323335, 39.2038009820793], [-96.91052954541155, 39.20382256138714], [-96.91061937693996, 39.20384414068839], [-96.91068764890157, 39.20383996404993], [-96.91071908993652, 39.203818384747436], [-96.91092031256018, 39.20375921565815], [-96.9111925020913, 39.20367846717355], [-96.91122753638739, 39.20369169322478], [-96.91127604541273, 39.20369238933269], [-96.91132185949223, 39.2036735944172], [-96.91134521568962, 39.203646446197034], [-96.9113694702023, 39.203601199140145], [-96.91140630112895, 39.203554559835595], [-96.91150421749495, 39.20349330219452], [-96.91163357489586, 39.2034069845187], [-96.91166591424611, 39.20338540508318], [-96.91172430473958, 39.20338679730504], [-96.91172520305486, 39.203349207305465], [-96.91169645696577, 39.20332623562918], [-96.91166501593081, 39.203297695051205], [-96.91162549005831, 39.20323713329853], [-96.91159404902336, 39.203186317074945], [-96.91156709956483, 39.203117401863736], [-96.91156620124954, 39.20304222155617], [-96.91155362483559, 39.20300463137222], [-96.91151050570193, 39.202980963468285], [-96.91145840341544, 39.20298026735334], [-96.9114036061831, 39.202976786778535], [-96.91136587694118, 39.202958687786726], [-96.91135689378834, 39.20292527425113], [-96.91138384324685, 39.20289325293129], [-96.91143594553333, 39.20288211507748], [-96.91148086129753, 39.20289255681547], [-96.91151589559364, 39.20289812574177], [-96.91156709956483, 39.20289673351024], [-96.91162549005831, 39.20289534127868], [-96.91168028729065, 39.202906479130405], [-96.9117341862077, 39.202937108213504], [-96.9117853901789, 39.20296077613219], [-96.91183569583482, 39.20298931684705], [-96.91194798524535, 39.20301646532118], [-96.9122525141267, 39.20308746897314], [-96.91237827826652, 39.20310974461386], [-96.91243936370583, 39.20311600963653], [-96.9125040424063, 39.20310417570434], [-96.91257231436789, 39.20307285058005], [-96.91260914529457, 39.203028299268155], [-96.91265046779765, 39.20296356059268], [-96.91270257008411, 39.202937108213504], [-96.91277982519857, 39.202900214089006], [-96.91297655624581, 39.20284939762172], [-96.9130798625035, 39.20283338694632], [-96.91314543951925, 39.2028020617013], [-96.91322808452539, 39.20275054904578], [-96.91329006828002, 39.20270182082335], [-96.91334037393592, 39.202637081846994], [-96.91337181497087, 39.20257512728685], [-96.91342212062682, 39.20251317267208], [-96.91347512122857, 39.20246653264511], [-96.91359369884609, 39.202393440003256], [-96.91366915732998, 39.2023419270481], [-96.91370958151776, 39.202294590785705], [-96.91372305624702, 39.20225212734672], [-96.91375988717368, 39.20222776306685], [-96.91382456587415, 39.20222637082202], [-96.91387936310647, 39.20221732123004], [-96.91393146539296, 39.20219852591985], [-96.91403926322708, 39.20214770894495], [-96.91417041725857, 39.202101764798996], [-96.91426384204814, 39.202083665581725], [-96.91431324938878, 39.20205164387823], [-96.91432133422634, 39.20200430742022], [-96.91438062303509, 39.20197298180549], [-96.91440397923247, 39.20193051817208], [-96.91446326804125, 39.20190615378067], [-96.9144992006526, 39.20188457388407], [-96.91454052315568, 39.201807303877395], [-96.91457735408234, 39.20175787887359], [-96.91460789680201, 39.20170079643156], [-96.91465820245793, 39.20164371394314], [-96.91470132159155, 39.201611692039094], [-96.9147390508335, 39.201632575891225], [-96.91503998645372, 39.20172933765839], [-96.9156059250828, 39.20193330267343], [-96.9159427933144, 39.20206835085578], [-96.91626888176256, 39.20219991816522], [-96.91644135829715, 39.20224307775804], [-96.91655454602297, 39.20224238163576], [-96.91670725962129, 39.20221244837231], [-96.91688602436284, 39.202148405068115], [-96.91698483904412, 39.20209480356214], [-96.91706748405026, 39.20202867177758], [-96.91710790823805, 39.20197158955562], [-96.91711599307561, 39.20195905930555], [-96.91736482640935, 39.20204816325742], [-96.91731182580759, 39.202187387955895], [-96.91730913086172, 39.202298071394324], [-96.91737830113861, 39.20241293138185], [-96.9174762175046, 39.20248254340412], [-96.91761096479722, 39.20255424371494], [-96.91779871269163, 39.20261828664912], [-96.91813468260794, 39.202738018934674], [-96.91858563688062, 39.20292040144253], [-96.91870062123702, 39.20296912951335], [-96.9187419437401, 39.20302342646671], [-96.91873835047896, 39.20314733474155], [-96.9186970279759, 39.20322669161175], [-96.9186503155811, 39.20336661008556], [-96.91865390884223, 39.20353089211698], [-96.9186673835715, 39.20365828003788], [-96.91869612966062, 39.20383926794351], [-96.9187015195523, 39.203963870884444], [-96.91871589259686, 39.20404392293655], [-96.91877428309031, 39.204125367104666], [-96.91884075842137, 39.20419010470939], [-96.91896742087644, 39.20427294091227], [-96.91909947322324, 39.20433907058395], [-96.91921266094906, 39.20441773000708], [-96.91931866215256, 39.20446993754016], [-96.91968607310383, 39.20457713688648], [-96.91968427647326, 39.20464396237022], [-96.91963576744791, 39.204689904853424], [-96.91958276684615, 39.204729582428364], [-96.91950102015528, 39.20472122925656], [-96.91938962906003, 39.2047156604748], [-96.91926925481195, 39.20471357218152], [-96.91906713387299, 39.20468363997114], [-96.9189350815262, 39.20465440384631], [-96.91882458874625, 39.20461542232765], [-96.91875092689294, 39.204604284746935], [-96.91842483844476, 39.20459453936233], [-96.9183421934386, 39.204620295018685], [-96.91826583663943, 39.204729582428364], [-96.9181831916333, 39.205056051448445], [-96.9181319876621, 39.205322655087706], [-96.91813917418438, 39.20550711915442], [-96.91807988537562, 39.20591433056762], [-96.9180466477101, 39.20602431204868], [-96.91793076503842, 39.206162832782894], [-96.91784991666285, 39.206258892227126], [-96.91784003519471, 39.206312490555575], [-96.91786878128383, 39.20636260843609], [-96.91787866275195, 39.20646702057226], [-96.91788045938252, 39.206557510964736], [-96.91792537514672, 39.206631991431074], [-96.9179496296594, 39.206685589474795], [-96.91800891846816, 39.20673013846702], [-96.91809336010489, 39.20675728549532], [-96.91827571810757, 39.20679626582527], [-96.91841495697663, 39.206824804981686], [-96.9185254497566, 39.20687004996203], [-96.91861348465443, 39.20693200073396], [-96.91867277346321, 39.20698002994649], [-96.91871948585799, 39.20699116715053], [-96.91875721509992, 39.20702875520104], [-96.91877248645976, 39.20708931368457], [-96.91880482581, 39.20717980327526], [-96.91882369043095, 39.207267508459616], [-96.91883177526852, 39.20734964496151], [-96.91886321630348, 39.20738792889146], [-96.9189234034275, 39.20741646780745], [-96.91913899909572, 39.20745266348913], [-96.91929171269405, 39.20752366265669], [-96.91935549307924, 39.2075368879839], [-96.91946149428277, 39.207552201517544], [-96.91968427647326, 39.20757586788117], [-96.91981543050477, 39.20761275954972], [-96.92005887394679, 39.20768236641875], [-96.92010558634158, 39.207738747932105], [-96.92016846841149, 39.20777772771734], [-96.92034004663077, 39.20787378495292], [-96.92038945397141, 39.20794199943173], [-96.92045862424828, 39.20800603745356], [-96.9205376759933, 39.208072859674985], [-96.92059247322565, 39.208083996705696], [-96.92063649067458, 39.20812993693875], [-96.92069308453748, 39.20817866139553], [-96.92072991546414, 39.20821694487356], [-96.92073800030168, 39.208274718082734], [-96.92071194915846, 39.20828933539316], [-96.92070476263618, 39.20831230544629], [-96.92073979693227, 39.2083304030586], [-96.92074518682396, 39.208375647069005], [-96.9206742199165, 39.208364510084536], [-96.9206337957287, 39.20832831487281], [-96.9205888799645, 39.20830256057618], [-96.9205313877863, 39.20829351176702], [-96.92050174338193, 39.208310913322066], [-96.92043347142032, 39.20831717788083], [-96.92037867418797, 39.20831648181878], [-96.92032387695565, 39.20830256057618], [-96.92028255445258, 39.20830186451398], [-96.92022146901324, 39.208295599953864], [-96.92014331558352, 39.208267061395055], [-96.91997802557121, 39.20822112125172], [-96.91987921088996, 39.20819397478923], [-96.91977320968643, 39.208159867680486], [-96.91970314109423, 39.20813828970517], [-96.91963217418679, 39.208142466088034], [-96.91952976624438, 39.20811462353108], [-96.91941837514915, 39.20805545806094], [-96.91926745818138, 39.20801230203952], [-96.9191641519237, 39.20801090990934], [-96.91909677827738, 39.207999772867055], [-96.91902311642409, 39.20798793975766], [-96.91866289199507, 39.20803944857221], [-96.91858473856534, 39.20807077148153], [-96.91848322893821, 39.20812924087484], [-96.91843022833648, 39.208175877141755], [-96.91837004121241, 39.208222513377706], [-96.91832961702463, 39.208236434636184], [-96.9182972776744, 39.20830952119781], [-96.91828290462986, 39.20844734136427], [-96.91828290462986, 39.20856497553485], [-96.91826673495473, 39.20866520804542], [-96.91826314169359, 39.20879049848246], [-96.91827392147702, 39.20885871207087], [-96.91830446419667, 39.20892692559302], [-96.9183484816456, 39.20896312049626], [-96.91835656648315, 39.209028549697024], [-96.9183996856168, 39.20908214591185], [-96.91842034686833, 39.209155231593385], [-96.91843831317401, 39.20921091587111], [-96.91845178790328, 39.20930627509422], [-96.91848233062294, 39.209361959252206], [-96.91852814470245, 39.20944061305011], [-96.91856767057494, 39.20952692331104], [-96.91830356588137, 39.209602792727026], [-96.91829009115212, 39.20962993864495], [-96.91827122653115, 39.2097148565768], [-96.91825326022547, 39.20978237321988], [-96.91825775180187, 39.20985824235987], [-96.91827212484644, 39.20992575886507], [-96.91830715914251, 39.21003225383928], [-96.91829817598968, 39.21012273963817], [-96.91825056527962, 39.21021183323393], [-96.91820295456955, 39.210278653356575], [-96.91810683483413, 39.210377491338086], [-96.91801969825157, 39.21048189750551], [-96.91794693471353, 39.21055080549096], [-96.9178867475895, 39.21061762529107], [-96.91784093350999, 39.21063641834841], [-96.91781039079035, 39.21069418956719], [-96.91776367839554, 39.21072063902501], [-96.91769181317282, 39.21076936168435], [-96.91768372833526, 39.21081181997425], [-96.91762803278763, 39.21085915049664], [-96.91754538778149, 39.21090230476867], [-96.9175211332688, 39.21095520351755], [-96.91747262424346, 39.2109663400912], [-96.9174196236417, 39.211008102226586], [-96.91743489500152, 39.21103107139049], [-96.91742142027225, 39.21105891279117], [-96.91737560619276, 39.21107283348737], [-96.91731631738402, 39.21111946779957], [-96.91726062183638, 39.211158445708406], [-96.91724624879183, 39.21119881566259], [-96.91715462063284, 39.21123431336176], [-96.9171447391647, 39.21125728245164], [-96.91714923074112, 39.21130739680354], [-96.9171680953621, 39.211347766672084], [-96.91718606166778, 39.21138813651744], [-96.91718426503722, 39.21144103490035], [-96.91714114590357, 39.21148070866138], [-96.9170890436171, 39.211504373701175], [-96.91702975480833, 39.21153847918563], [-96.91696148284673, 39.211547527576684], [-96.91688332941699, 39.211571192593944], [-96.91686626142659, 39.21161852260451], [-96.91683841365278, 39.2116658525832], [-96.91676026022306, 39.21169438976083], [-96.91673870065623, 39.21165680420739], [-96.9167404972868, 39.21159624966235], [-96.91672522592698, 39.211560752146134], [-96.91670815793655, 39.21150506973163], [-96.91665785228065, 39.21144660314886], [-96.9166434792361, 39.21140344921132], [-96.91665695396537, 39.21137143175664]]]}}, {"type": "Feature", "properties": {"FID": 103, "AREA_ID": "Madison Cove North", "ACRES": 137.176, "area_name": "Madison Cove North", "area_type": null, "area_syskey": 103}, "geometry": {"type": "Polygon", "coordinates": [[[-96.91665695396537, 39.21137143175664], [-96.91669019163088, 39.21135194286406], [-96.91674498886323, 39.211350550800084], [-96.91681865071654, 39.21136168731104], [-96.91687344794887, 39.21135263889604], [-96.91692644855064, 39.211323405547276], [-96.91695339800917, 39.21128651582793], [-96.91693183844235, 39.211240577659744], [-96.91689051593927, 39.21122248079738], [-96.91682314229296, 39.21122108873083], [-96.9167521753855, 39.21121482443112], [-96.91668210679332, 39.21118350292409], [-96.91654915613125, 39.21118141482312], [-96.9164036290552, 39.21108536211162], [-96.91631379752678, 39.21106656917443], [-96.91618174518001, 39.211069353313604], [-96.91607125240003, 39.21108745021543], [-96.91595806467421, 39.2110825779731], [-96.91587541966807, 39.211053344511924], [-96.9157658252034, 39.21100879826197], [-96.91571012965578, 39.21098026080575], [-96.91569126503481, 39.210944762978144], [-96.91568318019725, 39.21088211970924], [-96.91564994253173, 39.210805555638025], [-96.91562658633434, 39.210724815254295], [-96.91558346720069, 39.21066147575032], [-96.91555561942688, 39.2106134490554], [-96.91548914409584, 39.21058699955725], [-96.9154118889814, 39.21057447084408], [-96.91534092207395, 39.21056959856616], [-96.91531217598484, 39.21055637381004], [-96.91529151473331, 39.210522963888806], [-96.91525558212194, 39.21050486684149], [-96.91523402255513, 39.21048189750551], [-96.91522683603283, 39.210394196335294], [-96.91519898825902, 39.210348257583384], [-96.91514868260313, 39.21030997526717], [-96.91508490221793, 39.21027099688742], [-96.91504807129128, 39.210220185752746], [-96.91503729150789, 39.21016937458129], [-96.91501573194105, 39.210119259417276], [-96.91495823976287, 39.21008306510993], [-96.91490883242223, 39.20999675553248], [-96.91482169583963, 39.20990696561756], [-96.91479115311999, 39.20985406607906], [-96.91478576322828, 39.20978863764741], [-96.9147794750213, 39.20967796601247], [-96.91478755985887, 39.20963272284107], [-96.91478755985887, 39.209522050960445], [-96.91478037333658, 39.209439220948276], [-96.91475971208503, 39.20938353685153], [-96.91471210137497, 39.209357782941886], [-96.91468515191646, 39.20931393166855], [-96.91467257550246, 39.209205347445334], [-96.91463394794525, 39.20913991840927], [-96.91456118440722, 39.209106507814134], [-96.91442823374516, 39.209020893091584], [-96.91438152135036, 39.20896520866317], [-96.91436355504467, 39.20891718080819], [-96.91433930053202, 39.208866368694], [-96.91435277526128, 39.20884131065154], [-96.91438421629623, 39.20882878162696], [-96.91436355504467, 39.20879397876918], [-96.9142548588953, 39.2087563916634], [-96.91419467177126, 39.20873829416085], [-96.91413358633193, 39.20870418731645], [-96.91396290642791, 39.208600474565365], [-96.91375988717368, 39.20847170348678], [-96.91363322471861, 39.20839374466501], [-96.91347871448971, 39.20823782676186], [-96.91336013687219, 39.20808260457694], [-96.9132397626241, 39.20794478369474], [-96.91320472832801, 39.207921813521416], [-96.91317418560834, 39.20787100068706], [-96.91313825299697, 39.20783967768865], [-96.91305560799084, 39.20772552264293], [-96.91292535227463, 39.20765034726757], [-96.91274838416362, 39.2075215744469], [-96.91264687453649, 39.20741229138145], [-96.91252739860369, 39.207315537442724], [-96.9123962445722, 39.20721878337071], [-96.91232437934946, 39.20712481346096], [-96.91228934505335, 39.207106715537975], [-96.91223364950574, 39.20704824529339], [-96.91220670004722, 39.20697237311773], [-96.91218693711097, 39.20687144211478], [-96.91212315672577, 39.20674684433184], [-96.91201715552224, 39.20659927572194], [-96.91186444192394, 39.206410638038], [-96.91170993169503, 39.206287431601936], [-96.91153925179101, 39.20617675444963], [-96.91135779210362, 39.20610018524848], [-96.91122753638739, 39.20605633194116], [-96.91116195937163, 39.20604171416597], [-96.91110806045458, 39.20601595903084], [-96.91104068680825, 39.20601665511569], [-96.91098499126063, 39.2060257042182], [-96.91085293891386, 39.20602083162471], [-96.91080173494267, 39.206007606012015], [-96.91073166635049, 39.20598602737545], [-96.91066429270417, 39.20595470353639], [-96.91055020666307, 39.20588787929968], [-96.91048732459316, 39.205848898465554], [-96.91047834144032, 39.20581618239166], [-96.91046307008051, 39.205770240645165], [-96.91036874697566, 39.20569088664858], [-96.91026813566381, 39.20562127780585], [-96.91017830413539, 39.205587169447725], [-96.91005972651787, 39.20556211023529], [-96.90998247140342, 39.20554610017821], [-96.90989174155973, 39.205549580625714], [-96.90980729992302, 39.20556767894991], [-96.90976148584352, 39.20559969905058], [-96.90971477344873, 39.20563937611159], [-96.90965907790111, 39.205673484444375], [-96.90950097441107, 39.20579599587039], [-96.9093967698381, 39.20582453543328], [-96.90932310798479, 39.205900408848905], [-96.90928627705814, 39.20593799748316], [-96.9092144118354, 39.205979066523525], [-96.90915152976551, 39.20602291987911], [-96.90908595274976, 39.20606955754468], [-96.90902127404928, 39.20608347922988], [-96.90897186670867, 39.20611062650812], [-96.90894132398898, 39.20615030328049], [-96.90889101833307, 39.206206686023755], [-96.9088326278396, 39.20624357841148], [-96.90881825479505, 39.20628603943756], [-96.90878142386839, 39.20631040230978], [-96.90874279631117, 39.20632710827441], [-96.90869608391638, 39.2063765300632], [-96.9086323035312, 39.20643848127045], [-96.90858648945172, 39.20646493233107], [-96.90854426863335, 39.20647467745614], [-96.90850294613027, 39.20647119705446], [-96.90847420004118, 39.20645031464091], [-96.90847509835646, 39.2064203831706], [-96.90847240341063, 39.206400196823], [-96.9084113179713, 39.206391843849865], [-96.90834394432497, 39.2063981085798], [-96.90827207910222, 39.20641203019989], [-96.90824512964369, 39.206451706802014], [-96.90824333301313, 39.20651435402287], [-96.90826399426466, 39.20657491294992], [-96.90829453698433, 39.20662572672198], [-96.90830621508304, 39.20667097183056], [-96.90829184203847, 39.20671621690998], [-96.9082559094271, 39.20675032471983], [-96.9082226717616, 39.206780256049505], [-96.90816068800697, 39.206791393285194], [-96.90808343289252, 39.206794873670994], [-96.90805917837987, 39.206824804981686], [-96.9080169575615, 39.20683663828706], [-96.90794688896933, 39.206815059905196], [-96.90788939679113, 39.206781648204064], [-96.90783819281994, 39.2067732952763], [-96.90781663325312, 39.20675519726273], [-96.90777441243475, 39.20673918747763], [-96.90775644612906, 39.206696030647386], [-96.90771692025656, 39.20663059927354], [-96.90770254721201, 39.20657073647388], [-96.90752018920931, 39.20640089290403], [-96.90748605322851, 39.2063598241103], [-96.90744473072543, 39.20623592150241], [-96.90742047621275, 39.206185803531525], [-96.90738813686254, 39.20616492103309], [-96.9073557975123, 39.20616144061607], [-96.90730010196468, 39.20620111735974], [-96.90725698283104, 39.206233137171644], [-96.90721476201269, 39.20626446088654], [-96.9071905075, 39.20631179447365], [-96.90713032037596, 39.206368873168636], [-96.90707192988248, 39.20637513790063], [-96.90701803096543, 39.20636678492452], [-96.9069668269942, 39.20635077505087], [-96.90692550449114, 39.20632502002905], [-96.90690035166318, 39.20630413757201], [-96.9069677253095, 39.20621225468728], [-96.90699826802916, 39.2061579601989], [-96.90703599727111, 39.206119675598515], [-96.90707372651303, 39.206098793080415], [-96.9070880995576, 39.206051459349766], [-96.90708001472004, 39.20599855690717], [-96.90706833662135, 39.20595539962185], [-96.90707282819776, 39.20592337968336], [-96.90706384504492, 39.20589762450483], [-96.907013539389, 39.20586421236725], [-96.90695964047194, 39.20581061369673], [-96.90691921628415, 39.20577998586662], [-96.90697670846235, 39.205775809343294], [-96.90701892928071, 39.20577163281975], [-96.90703959053226, 39.2057444854105], [-96.90705935346851, 39.20571942625417], [-96.90715996478033, 39.20571107320008], [-96.90722733842665, 39.20572012234197], [-96.90727944071314, 39.20571107320008], [-96.90733154299964, 39.20569923970507], [-96.90741598463634, 39.20567278835611], [-96.9075040195342, 39.205637287845775], [-96.90754713866785, 39.20561292474007], [-96.90758666454033, 39.205578120288706], [-96.907629783674, 39.20552382531011], [-96.90766751291592, 39.20545143194004], [-96.90770793710372, 39.20540479386403], [-96.90774476803037, 39.205352587025814], [-96.9077726158042, 39.20528019347924], [-96.90788939679113, 39.20517647567191], [-96.9079486855999, 39.205115219445325], [-96.90801965250735, 39.20502333500527], [-96.90809600930652, 39.204937019209645], [-96.90811667055804, 39.2048994300397], [-96.90817775599737, 39.20481311409182], [-96.90829363866905, 39.20470173851848], [-96.90842928427698, 39.20458131348107], [-96.90851552254425, 39.20452492943307], [-96.90859906586569, 39.20449847764186], [-96.90870596538453, 39.204490124442586], [-96.90879669522822, 39.204479682942065], [-96.90884250930773, 39.20445740773576], [-96.90888562844137, 39.20440311189088], [-96.90890718800819, 39.20433837448246], [-96.90891437453047, 39.204248577333324], [-96.9089574936641, 39.204170613823926], [-96.90901678247288, 39.20401329433608], [-96.90903834203971, 39.20392906561593], [-96.90904373193139, 39.20387964210501], [-96.9090545117148, 39.203828826346246], [-96.90909763084845, 39.203784275513826], [-96.90914793650437, 39.2037223219655], [-96.90917488596288, 39.203697958195576], [-96.90913985166681, 39.20366176057892], [-96.90907966454276, 39.203642965655234], [-96.90901498584229, 39.2036346123542], [-96.90892784925971, 39.20363530846266], [-96.90890269643175, 39.20362486683507], [-96.90887395034267, 39.20360676801026], [-96.90887484865794, 39.2035615209278], [-96.90880208511993, 39.203520450473874], [-96.9087805255531, 39.203475899445856], [-96.90876615250856, 39.203441790045915], [-96.90881645816447, 39.203472418895586], [-96.90886766213569, 39.203486341095584], [-96.90891527284575, 39.20352741156945], [-96.90894940882654, 39.20356778591016], [-96.90897725660035, 39.20360607190152], [-96.90901857910343, 39.20360955244515], [-96.9090670881288, 39.2036130329886], [-96.90910571568601, 39.20361860185777], [-96.90914434324321, 39.203626955160715], [-96.90918925900745, 39.20364992673868], [-96.90923327645638, 39.203668721660506], [-96.90925214107733, 39.2036965659799], [-96.90926741243717, 39.20372928304106], [-96.90925303939262, 39.20376965726577], [-96.9092269882494, 39.203789148262494], [-96.9092198017271, 39.203819080854096], [-96.90924136129394, 39.203846925113865], [-96.9093114298861, 39.20386084723962], [-96.90936443048787, 39.20383439519832], [-96.90943629571059, 39.2038030703997], [-96.90953331376132, 39.20377940276482], [-96.90963392507314, 39.20377104948], [-96.90970848524174, 39.20375503901469], [-96.9097902319326, 39.20371118424314], [-96.90986658873175, 39.2036624566871], [-96.90994114890034, 39.20364366176362], [-96.90999145455628, 39.20361164077124], [-96.91005613325673, 39.20358518863608], [-96.91019896538693, 39.20356291314614], [-96.9102636440874, 39.203558736491], [-96.91031754300444, 39.203562217036975], [-96.91036245876866, 39.203583100309224], [-96.91039120485777, 39.20361164077124], [-96.91042264589271, 39.20362486683507], [-96.91045049366652, 39.20365758392965], [-96.91046576502636, 39.203703527058], [-96.91046127344993, 39.203735548008495], [-96.91045408692766, 39.203768265051515], [-96.91047205323335, 39.2038009820793], [-96.91052954541155, 39.20382256138714], [-96.91061937693996, 39.20384414068839], [-96.91068764890157, 39.20383996404993], [-96.91071908993652, 39.203818384747436], [-96.91092031256018, 39.20375921565815], [-96.9111925020913, 39.20367846717355], [-96.91122753638739, 39.20369169322478], [-96.91127604541273, 39.20369238933269], [-96.91132185949223, 39.2036735944172], [-96.91134521568962, 39.203646446197034], [-96.9113694702023, 39.203601199140145], [-96.91140630112895, 39.203554559835595], [-96.91150421749495, 39.20349330219452], [-96.91163357489586, 39.2034069845187], [-96.91166591424611, 39.20338540508318], [-96.91172430473958, 39.20338679730504], [-96.91172520305486, 39.203349207305465], [-96.91169645696577, 39.20332623562918], [-96.91166501593081, 39.203297695051205], [-96.91162549005831, 39.20323713329853], [-96.91159404902336, 39.203186317074945], [-96.91156709956483, 39.203117401863736], [-96.91156620124954, 39.20304222155617], [-96.91155362483559, 39.20300463137222], [-96.91151050570193, 39.202980963468285], [-96.91145840341544, 39.20298026735334], [-96.9114036061831, 39.202976786778535], [-96.91136587694118, 39.202958687786726], [-96.91135689378834, 39.20292527425113], [-96.91138384324685, 39.20289325293129], [-96.91143594553333, 39.20288211507748], [-96.91148086129753, 39.20289255681547], [-96.91151589559364, 39.20289812574177], [-96.91156709956483, 39.20289673351024], [-96.91162549005831, 39.20289534127868], [-96.91168028729065, 39.202906479130405], [-96.9117341862077, 39.202937108213504], [-96.9117853901789, 39.20296077613219], [-96.91183569583482, 39.20298931684705], [-96.91194798524535, 39.20301646532118], [-96.9122525141267, 39.20308746897314], [-96.91237827826652, 39.20310974461386], [-96.91243936370583, 39.20311600963653], [-96.9125040424063, 39.20310417570434], [-96.91257231436789, 39.20307285058005], [-96.91260914529457, 39.203028299268155], [-96.91265046779765, 39.20296356059268], [-96.91270257008411, 39.202937108213504], [-96.91277982519857, 39.202900214089006], [-96.91297655624581, 39.20284939762172], [-96.9130798625035, 39.20283338694632], [-96.91314543951925, 39.2028020617013], [-96.91322808452539, 39.20275054904578], [-96.91329006828002, 39.20270182082335], [-96.91334037393592, 39.202637081846994], [-96.91337181497087, 39.20257512728685], [-96.91342212062682, 39.20251317267208], [-96.91347512122857, 39.20246653264511], [-96.91359369884609, 39.202393440003256], [-96.91366915732998, 39.2023419270481], [-96.91370958151776, 39.202294590785705], [-96.91372305624702, 39.20225212734672], [-96.91375988717368, 39.20222776306685], [-96.91382456587415, 39.20222637082202], [-96.91387936310647, 39.20221732123004], [-96.91393146539296, 39.20219852591985], [-96.91403926322708, 39.20214770894495], [-96.91417041725857, 39.202101764798996], [-96.91426384204814, 39.202083665581725], [-96.91431324938878, 39.20205164387823], [-96.91432133422634, 39.20200430742022], [-96.91438062303509, 39.20197298180549], [-96.91440397923247, 39.20193051817208], [-96.91446326804125, 39.20190615378067], [-96.9144992006526, 39.20188457388407], [-96.91454052315568, 39.201807303877395], [-96.91457735408234, 39.20175787887359], [-96.91460789680201, 39.20170079643156], [-96.91465820245793, 39.20164371394314], [-96.91470132159155, 39.201611692039094], [-96.9147390508335, 39.201632575891225], [-96.91503998645372, 39.20172933765839], [-96.9156059250828, 39.20193330267343], [-96.9159427933144, 39.20206835085578], [-96.91626888176256, 39.20219991816522], [-96.91644135829715, 39.20224307775804], [-96.91655454602297, 39.20224238163576], [-96.91670725962129, 39.20221244837231], [-96.91688602436284, 39.202148405068115], [-96.91698483904412, 39.20209480356214], [-96.91706748405026, 39.20202867177758], [-96.91710790823805, 39.20197158955562], [-96.91711599307561, 39.20195905930555], [-96.91736482640935, 39.20204816325742], [-96.91731182580759, 39.202187387955895], [-96.91730913086172, 39.202298071394324], [-96.91737830113861, 39.20241293138185], [-96.9174762175046, 39.20248254340412], [-96.91761096479722, 39.20255424371494], [-96.91779871269163, 39.20261828664912], [-96.91813468260794, 39.202738018934674], [-96.91858563688062, 39.20292040144253], [-96.91870062123702, 39.20296912951335], [-96.9187419437401, 39.20302342646671], [-96.91873835047896, 39.20314733474155], [-96.9186970279759, 39.20322669161175], [-96.9186503155811, 39.20336661008556], [-96.91865390884223, 39.20353089211698], [-96.9186673835715, 39.20365828003788], [-96.91869612966062, 39.20383926794351], [-96.9187015195523, 39.203963870884444], [-96.91871589259686, 39.20404392293655], [-96.91877428309031, 39.204125367104666], [-96.91884075842137, 39.20419010470939], [-96.91896742087644, 39.20427294091227], [-96.91909947322324, 39.20433907058395], [-96.91921266094906, 39.20441773000708], [-96.91931866215256, 39.20446993754016], [-96.91968607310383, 39.20457713688648], [-96.91968427647326, 39.20464396237022], [-96.91963576744791, 39.204689904853424], [-96.91958276684615, 39.204729582428364], [-96.91950102015528, 39.20472122925656], [-96.91938962906003, 39.2047156604748], [-96.91926925481195, 39.20471357218152], [-96.91906713387299, 39.20468363997114], [-96.9189350815262, 39.20465440384631], [-96.91882458874625, 39.20461542232765], [-96.91875092689294, 39.204604284746935], [-96.91842483844476, 39.20459453936233], [-96.9183421934386, 39.204620295018685], [-96.91826583663943, 39.204729582428364], [-96.9181831916333, 39.205056051448445], [-96.9181319876621, 39.205322655087706], [-96.91813917418438, 39.20550711915442], [-96.91807988537562, 39.20591433056762], [-96.9180466477101, 39.20602431204868], [-96.91793076503842, 39.206162832782894], [-96.91784991666285, 39.206258892227126], [-96.91784003519471, 39.206312490555575], [-96.91786878128383, 39.20636260843609], [-96.91787866275195, 39.20646702057226], [-96.91788045938252, 39.206557510964736], [-96.91792537514672, 39.206631991431074], [-96.9179496296594, 39.206685589474795], [-96.91800891846816, 39.20673013846702], [-96.91809336010489, 39.20675728549532], [-96.91827571810757, 39.20679626582527], [-96.91841495697663, 39.206824804981686], [-96.9185254497566, 39.20687004996203], [-96.91861348465443, 39.20693200073396], [-96.91867277346321, 39.20698002994649], [-96.91871948585799, 39.20699116715053], [-96.91875721509992, 39.20702875520104], [-96.91877248645976, 39.20708931368457], [-96.91880482581, 39.20717980327526], [-96.91882369043095, 39.207267508459616], [-96.91883177526852, 39.20734964496151], [-96.91886321630348, 39.20738792889146], [-96.9189234034275, 39.20741646780745], [-96.91913899909572, 39.20745266348913], [-96.91929171269405, 39.20752366265669], [-96.91935549307924, 39.2075368879839], [-96.91946149428277, 39.207552201517544], [-96.91968427647326, 39.20757586788117], [-96.91981543050477, 39.20761275954972], [-96.92005887394679, 39.20768236641875], [-96.92010558634158, 39.207738747932105], [-96.92016846841149, 39.20777772771734], [-96.92034004663077, 39.20787378495292], [-96.92038945397141, 39.20794199943173], [-96.92045862424828, 39.20800603745356], [-96.9205376759933, 39.208072859674985], [-96.92059247322565, 39.208083996705696], [-96.92063649067458, 39.20812993693875], [-96.92069308453748, 39.20817866139553], [-96.92072991546414, 39.20821694487356], [-96.92073800030168, 39.208274718082734], [-96.92071194915846, 39.20828933539316], [-96.92070476263618, 39.20831230544629], [-96.92073979693227, 39.2083304030586], [-96.92074518682396, 39.208375647069005], [-96.9206742199165, 39.208364510084536], [-96.9206337957287, 39.20832831487281], [-96.9205888799645, 39.20830256057618], [-96.9205313877863, 39.20829351176702], [-96.92050174338193, 39.208310913322066], [-96.92043347142032, 39.20831717788083], [-96.92037867418797, 39.20831648181878], [-96.92032387695565, 39.20830256057618], [-96.92028255445258, 39.20830186451398], [-96.92022146901324, 39.208295599953864], [-96.92014331558352, 39.208267061395055], [-96.91997802557121, 39.20822112125172], [-96.91987921088996, 39.20819397478923], [-96.91977320968643, 39.208159867680486], [-96.91970314109423, 39.20813828970517], [-96.91963217418679, 39.208142466088034], [-96.91952976624438, 39.20811462353108], [-96.91941837514915, 39.20805545806094], [-96.91926745818138, 39.20801230203952], [-96.9191641519237, 39.20801090990934], [-96.91909677827738, 39.207999772867055], [-96.91902311642409, 39.20798793975766], [-96.91866289199507, 39.20803944857221], [-96.91858473856534, 39.20807077148153], [-96.91848322893821, 39.20812924087484], [-96.91843022833648, 39.208175877141755], [-96.91837004121241, 39.208222513377706], [-96.91832961702463, 39.208236434636184], [-96.9182972776744, 39.20830952119781], [-96.91828290462986, 39.20844734136427], [-96.91828290462986, 39.20856497553485], [-96.91826673495473, 39.20866520804542], [-96.91826314169359, 39.20879049848246], [-96.91827392147702, 39.20885871207087], [-96.91830446419667, 39.20892692559302], [-96.9183484816456, 39.20896312049626], [-96.91835656648315, 39.209028549697024], [-96.9183996856168, 39.20908214591185], [-96.91842034686833, 39.209155231593385], [-96.91843831317401, 39.20921091587111], [-96.91845178790328, 39.20930627509422], [-96.91848233062294, 39.209361959252206], [-96.91852814470245, 39.20944061305011], [-96.91856767057494, 39.20952692331104], [-96.91830356588137, 39.209602792727026], [-96.91829009115212, 39.20962993864495], [-96.91827122653115, 39.2097148565768], [-96.91825326022547, 39.20978237321988], [-96.91825775180187, 39.20985824235987], [-96.91827212484644, 39.20992575886507], [-96.91830715914251, 39.21003225383928], [-96.91829817598968, 39.21012273963817], [-96.91825056527962, 39.21021183323393], [-96.91820295456955, 39.210278653356575], [-96.91810683483413, 39.210377491338086], [-96.91801969825157, 39.21048189750551], [-96.91794693471353, 39.21055080549096], [-96.9178867475895, 39.21061762529107], [-96.91784093350999, 39.21063641834841], [-96.91781039079035, 39.21069418956719], [-96.91776367839554, 39.21072063902501], [-96.91769181317282, 39.21076936168435], [-96.91768372833526, 39.21081181997425], [-96.91762803278763, 39.21085915049664], [-96.91754538778149, 39.21090230476867], [-96.9175211332688, 39.21095520351755], [-96.91747262424346, 39.2109663400912], [-96.9174196236417, 39.211008102226586], [-96.91743489500152, 39.21103107139049], [-96.91742142027225, 39.21105891279117], [-96.91737560619276, 39.21107283348737], [-96.91731631738402, 39.21111946779957], [-96.91726062183638, 39.211158445708406], [-96.91724624879183, 39.21119881566259], [-96.91715462063284, 39.21123431336176], [-96.9171447391647, 39.21125728245164], [-96.91714923074112, 39.21130739680354], [-96.9171680953621, 39.211347766672084], [-96.91718606166778, 39.21138813651744], [-96.91718426503722, 39.21144103490035], [-96.91714114590357, 39.21148070866138], [-96.9170890436171, 39.211504373701175], [-96.91702975480833, 39.21153847918563], [-96.91696148284673, 39.211547527576684], [-96.91688332941699, 39.211571192593944], [-96.91686626142659, 39.21161852260451], [-96.91683841365278, 39.2116658525832], [-96.91676026022306, 39.21169438976083], [-96.91673870065623, 39.21165680420739], [-96.9167404972868, 39.21159624966235], [-96.91672522592698, 39.211560752146134], [-96.91670815793655, 39.21150506973163], [-96.91665785228065, 39.21144660314886], [-96.9166434792361, 39.21140344921132], [-96.91665695396537, 39.21137143175664]]]}}, {"type": "Feature", "properties": {"FID": 104, "AREA_ID": "18A", "ACRES": 83.1415, "area_name": "18A", "area_type": null, "area_syskey": 104}, "geometry": {"type": "Polygon", "coordinates": [[[-96.81385824441284, 39.069503866396076], [-96.80593151034465, 39.06679148645947], [-96.80400462405997, 39.06613726350855], [-96.8020067708678, 39.065452345564154], [-96.80153785028944, 39.06533795943498], [-96.80102042068572, 39.06520404373118], [-96.80095664030051, 39.06486367350719], [-96.80105276003593, 39.06376582885526], [-96.80227626545307, 39.06273841493234], [-96.80286645859483, 39.061894431684415], [-96.80331112466054, 39.06114041828229], [-96.80342431238635, 39.061199009806565], [-96.80355995799425, 39.061323167875834], [-96.80368123055763, 39.061496151788106], [-96.80398306449314, 39.06185258101287], [-96.80417620227925, 39.062098802107435], [-96.80431454283303, 39.06231781958321], [-96.8045157654567, 39.06251939876138], [-96.80466129253274, 39.06260658680894], [-96.80485622694943, 39.062681917195306], [-96.80510326365261, 39.062746087461036], [-96.80534311383349, 39.06278863510506], [-96.80560182863535, 39.0628353677337], [-96.80581383104243, 39.06291069787595], [-96.80665914572491, 39.06323852255892], [-96.80712806630328, 39.06359843045774], [-96.8074128322484, 39.0637581564374], [-96.80777126004679, 39.064019018177255], [-96.8080281782181, 39.06422198747382], [-96.8083066559562, 39.064583982811946], [-96.80840816558333, 39.06479043789609], [-96.8085635741275, 39.0649745730022], [-96.80874233886907, 39.06512313620366], [-96.8089121204578, 39.06522775798889], [-96.80910974982034, 39.065291228463025], [-96.80922563249197, 39.06534702663492], [-96.8092597684728, 39.06541049700183], [-96.8092534802658, 39.065508143608696], [-96.80925437858109, 39.065607185029094], [-96.80938463429729, 39.06578783064226], [-96.80940439723355, 39.06581433459293], [-96.80945829615061, 39.06588408178404], [-96.80948973718554, 39.06599218979402], [-96.80954633104847, 39.06607170138604], [-96.80961011143364, 39.06614493566787], [-96.80967119687298, 39.06622863189691], [-96.80982750373242, 39.066413460717826], [-96.80994518303469, 39.066528542569394], [-96.81003770950895, 39.066604566235085], [-96.81015538881117, 39.06669244670075], [-96.8102856445274, 39.066771957503946], [-96.81059107172403, 39.066963062050625], [-96.8107132426027, 39.067027925885], [-96.81082912527437, 39.06706000904986], [-96.811134552471, 39.06718485426996], [-96.81116779013652, 39.067198105984275], [-96.8113797925436, 39.0673152789289], [-96.81146692912618, 39.0673773526124], [-96.81163850734548, 39.067497315081994], [-96.81171935572107, 39.067590076619304], [-96.81182625523986, 39.06769887947011], [-96.81199513851331, 39.06775676809802], [-96.81222780217193, 39.067779086592466], [-96.81272457052413, 39.067828605726866], [-96.8130228111985, 39.067869755403656], [-96.81316654164397, 39.06791508976557], [-96.81332913671042, 39.06799041448714], [-96.81347556210174, 39.06807131872819], [-96.81353395259522, 39.06810758611649], [-96.81356719026074, 39.06810549376768], [-96.81440621673623, 39.068643922817856], [-96.81385824441284, 39.069503866396076]]]}}, {"type": "Feature", "properties": {"FID": 105, "AREA_ID": "2", "ACRES": 126.525, "area_name": "2", "area_type": null, "area_syskey": 105}, "geometry": {"type": "Polygon", "coordinates": [[[-96.78019657408163, 39.05249275269856], [-96.78019837071218, 39.05249275269856], [-96.7802774224572, 39.05230788743241], [-96.78037533882319, 39.05212162646727], [-96.780494814756, 39.05196257177113], [-96.78052445916038, 39.05193676022965], [-96.78367844412337, 39.05338428481046], [-96.78609760718383, 39.05357403041139], [-96.78964415592603, 39.0531798891626], [-96.79248013727839, 39.05106195267799], [-96.79469538276933, 39.05021224884491], [-96.79715227507174, 39.05049827508612], [-96.79908365293286, 39.051843978124225], [-96.79906209336605, 39.05188792755775], [-96.79892734607343, 39.05207907239507], [-96.79890398987601, 39.0521627852996], [-96.79886985389523, 39.05228347122898], [-96.7988653623188, 39.052542980158954], [-96.79894621069438, 39.05279132652158], [-96.7990818563023, 39.05296014574137], [-96.7990818563023, 39.05296014574137], [-96.79915102657918, 39.05304664799514], [-96.79939716496708, 39.053604026911934], [-96.7996864224886, 39.05442718172182], [-96.79984362766335, 39.05515266614161], [-96.80009964751936, 39.056014169209455], [-96.79788799528954, 39.055946504976376], [-96.79783409637247, 39.05571351629634], [-96.7977254002231, 39.05553075218296], [-96.79753585569811, 39.055382168795624], [-96.79730409035479, 39.055281020301436], [-96.79697440864547, 39.05520707717264], [-96.79589104041267, 39.05513452912194], [-96.7935688954029, 39.05499222311376], [-96.79221603258482, 39.055033380273066], [-96.79068530334047, 39.055178476507706], [-96.7885293466583, 39.055194520784575], [-96.78683781897804, 39.05532915305121], [-96.78499627264534, 39.0553193869887], [-96.78481301632736, 39.05527125423226], [-96.78470342186267, 39.05514987583119], [-96.7846800656653, 39.055067561624405], [-96.78456328467834, 39.05469296101377], [-96.78444830032197, 39.05453181935772], [-96.78432163786688, 39.05446554887299], [-96.78408538094712, 39.054406254176016], [-96.78335235567516, 39.054194885615914], [-96.78302986048813, 39.05402327899288], [-96.78208752775495, 39.0534198621495], [-96.7811613646969, 39.05287922418226], [-96.78019657408163, 39.05249414790628], [-96.78019657408163, 39.05249275269856]]]}}, {"type": "Feature", "properties": {"FID": 106, "AREA_ID": "7A", "ACRES": 367.003, "area_name": "7A", "area_type": null, "area_syskey": 106}, "geometry": {"type": "Polygon", "coordinates": [[[-96.73522601263706, 39.086805824658235], [-96.73462414139662, 39.08780499803308], [-96.73434027376679, 39.08790888893937], [-96.73068053729878, 39.089356373164414], [-96.72560325931224, 39.091335808559464], [-96.7246366720664, 39.09170603141463], [-96.7141730956355, 39.095531553779274], [-96.71471208480604, 39.09611997000433], [-96.71483425568469, 39.09620502502406], [-96.71496990129262, 39.096274742176824], [-96.7151136317381, 39.09637862060656], [-96.71532383751462, 39.09657103930704], [-96.7156274680807, 39.09683735707688], [-96.71613681284687, 39.097351166266876], [-96.71637037482077, 39.097618178248084], [-96.71651769852738, 39.097849634290924], [-96.71692822861226, 39.098489620237515], [-96.71775108541266, 39.09973611213731], [-96.7179478164599, 39.10006237147881], [-96.71810861489578, 39.100415120264735], [-96.71817958180324, 39.10073579944765], [-96.71827749816923, 39.10117359389021], [-96.71830983751944, 39.10150890913265], [-96.7182837863762, 39.10176963131671], [-96.71824605713428, 39.102157227219884], [-96.71816431044341, 39.10255109497444], [-96.71806010587042, 39.10283063517838], [-96.71794062993762, 39.103096232200556], [-96.71785798493146, 39.10325517167225], [-96.7177762382406, 39.10338762095826], [-96.71739625087537, 39.10398294257077], [-96.71729653787881, 39.104141880043244], [-96.7172111979268, 39.10437470885155], [-96.71718874004472, 39.104528068724356], [-96.71719233330585, 39.10470234090208], [-96.71722107939495, 39.10485709423475], [-96.717268690105, 39.10498535800075], [-96.71737738625441, 39.1050996798563], [-96.71732438565265, 39.105211213195254], [-96.71715370574863, 39.10559739601794], [-96.71689948252317, 39.10641367079806], [-96.71668298853967, 39.107400716317386], [-96.71653925809422, 39.10859477197695], [-96.71651230863569, 39.10878297505153], [-96.71652937662608, 39.10896699534967], [-96.71659585195711, 39.109350369427546], [-96.71681504088646, 39.11041056215615], [-96.71702345003241, 39.11153974397264], [-96.71717077373903, 39.11244725846701], [-96.71573616423008, 39.113186086521836], [-96.71099485615984, 39.107043123033165], [-96.71319303366039, 39.10637881724318], [-96.71508039407259, 39.105136625294364], [-96.71638295123473, 39.10383306699431], [-96.71735043679587, 39.102407490348924], [-96.71688960105506, 39.101098304593656], [-96.7123090914207, 39.10047158779189], [-96.70887573040432, 39.09958483325512], [-96.70777170091998, 39.09905361175191], [-96.70634876950975, 39.098367619007384], [-96.71120326530578, 39.09233422055078], [-96.71086819370475, 39.09184617176233], [-96.71114936638874, 39.09149756341699], [-96.71195246025285, 39.09140343886831], [-96.71241958420067, 39.090821955537834], [-96.71260823041037, 39.08967849711562], [-96.71501212211098, 39.09030461262126], [-96.7182442605037, 39.09133371689938], [-96.71929708601684, 39.09152336049359], [-96.72011006134908, 39.09153172711099], [-96.72101107157916, 39.0914752524242], [-96.72192825148439, 39.09128491148013], [-96.72269002284541, 39.09100462827564], [-96.72329548734702, 39.0906553185437], [-96.72393059625296, 39.09028369571192], [-96.7252286618387, 39.08951952703785], [-96.72594911069666, 39.0891492927046], [-96.72779964018221, 39.08800022913997], [-96.72878868531018, 39.087056839537965], [-96.72963759325377, 39.08588821821891], [-96.73047841635983, 39.085209767484436], [-96.73151776714371, 39.084422533325146], [-96.73185912695172, 39.084596157911704], [-96.73198039951508, 39.084605919923966], [-96.73216635077893, 39.08462753580343], [-96.7324690830297, 39.08465891368121], [-96.7327601371818, 39.08463171952129], [-96.73284907039495, 39.08462614123076], [-96.73292273224824, 39.08465682182312], [-96.73300986883083, 39.08471330196964], [-96.73310958182738, 39.08480255445464], [-96.73321468471563, 39.084888320408034], [-96.73343297532972, 39.08505287918113], [-96.7337527755709, 39.08529274382377], [-96.73408605054135, 39.08565811746777], [-96.73422079783398, 39.08578432433633], [-96.73440764741312, 39.08598444194681], [-96.73450197051797, 39.08611204277483], [-96.73457383574069, 39.08623406520868], [-96.73462414139662, 39.08633028846479], [-96.73465648074684, 39.08642651158963], [-96.73468792178178, 39.08652552365353], [-96.73475978700452, 39.08658479137176], [-96.7348810595679, 39.08664963717112], [-96.73497717930333, 39.086690078607205], [-96.73508767208327, 39.08674655712572], [-96.73521253790778, 39.086798154745075], [-96.73522601263706, 39.086805824658235]]]}}, {"type": "Feature", "properties": {"FID": 107, "AREA_ID": "5A", "ACRES": 501.492, "area_name": "5A", "area_type": null, "area_syskey": 107}, "geometry": {"type": "Polygon", "coordinates": [[[-96.7537887996707, 39.08945817006991], [-96.75212332313369, 39.08819476245544], [-96.75298121423016, 39.08833281803124], [-96.75556656561821, 39.08816268889913], [-96.75672269738902, 39.08774085055145], [-96.7565933399881, 39.08669356493685], [-96.75570939774842, 39.08567624664511], [-96.75555488751951, 39.08514073667397], [-96.75626455659406, 39.08537711462338], [-96.75703441279268, 39.0855953625872], [-96.75761113120514, 39.08560163807779], [-96.75833247837839, 39.08549704649538], [-96.75896668896908, 39.085293441103545], [-96.75960269619031, 39.08496362701286], [-96.76096813542237, 39.08408016391232], [-96.76157000666282, 39.08363807956483], [-96.76204791039403, 39.083110224435885], [-96.76258869619515, 39.08215421784019], [-96.76270727381267, 39.081566382407296], [-96.76266415467903, 39.08092066429374], [-96.76259408608684, 39.07877357420403], [-96.76262373049123, 39.07811458086731], [-96.76308456623205, 39.0774381474431], [-96.76364421665413, 39.07635026153099], [-96.76407540799057, 39.07537254462506], [-96.76443473410427, 39.074380866421315], [-96.7646323634668, 39.07338708208904], [-96.76499887610278, 39.0719880889889], [-96.76539323651257, 39.06997812114565], [-96.76555852652487, 39.06874574961164], [-96.76567261256596, 39.06737177295766], [-96.7657381895817, 39.06717997205878], [-96.76535371064006, 39.06699933000838], [-96.76537527020689, 39.0666854720646], [-96.765397728089, 39.06620491797542], [-96.7653905415667, 39.06593639213214], [-96.76541659270997, 39.0656246218845], [-96.76542737249335, 39.06526263188287], [-96.76541479607938, 39.064913194686866], [-96.76550642423838, 39.064540041280296], [-96.76552439054406, 39.06422826486546], [-96.7656366799546, 39.06370584447511], [-96.7657732238778, 39.0634526540299], [-96.76600319259055, 39.06300974294066], [-96.76618375396271, 39.062618444375076], [-96.76636162038898, 39.062076481816966], [-96.76663560655068, 39.06130433492432], [-96.76683772748962, 39.060506371177475], [-96.76706410294126, 39.05996299734553], [-96.76717639235179, 39.0597265342565], [-96.76726802051077, 39.059381952408025], [-96.76750158248467, 39.0588894904099], [-96.76788606142634, 39.05819892176598], [-96.76812411497667, 39.057825732869425], [-96.76856249283536, 39.057217465618116], [-96.76888947959885, 39.05683380812033], [-96.7692964164226, 39.05625971309838], [-96.76969077683238, 39.055800015177454], [-96.7702261727418, 39.05526706877362], [-96.77065556744765, 39.05500408195873], [-96.77114874253871, 39.05478573937622], [-96.77152872990395, 39.054547166197956], [-96.77195812460982, 39.05427092256355], [-96.77280793086871, 39.054034440411925], [-96.77365683881233, 39.053823768329664], [-96.77386075638185, 39.0537833080565], [-96.77489112401287, 39.05370727058385], [-96.77548670704633, 39.053649370435075], [-96.77596550909284, 39.05366471746708], [-96.77633741162052, 39.05373517425302], [-96.77660331294464, 39.05379098155834], [-96.77683148502683, 39.053806328559595], [-96.77721506565322, 39.054874332134865], [-96.77743874615899, 39.05549657105581], [-96.77847630031229, 39.058344011496054], [-96.77856972510186, 39.05862302936979], [-96.77862003075778, 39.058802297771855], [-96.77866853978313, 39.059006677145796], [-96.77870986228619, 39.05919222241324], [-96.77877004941026, 39.059536107653386], [-96.7788077786522, 39.060055768783606], [-96.77883472811071, 39.06044080382527], [-96.778390062045, 39.06068075213702], [-96.77729950728992, 39.06127992183154], [-96.7764523959769, 39.061748651737894], [-96.77558192846645, 39.06224458133092], [-96.77514714386889, 39.06249777610894], [-96.77474380030625, 39.06275654999881], [-96.77450934001708, 39.062916277883275], [-96.7742398454318, 39.06310599787038], [-96.77399370704391, 39.063308969792075], [-96.77358138032845, 39.06364934751233], [-96.77329661438334, 39.06393671430994], [-96.77299118718669, 39.064243609598186], [-96.77265701390097, 39.06462164696018], [-96.77232014566937, 39.06506594289553], [-96.77195453134868, 39.06560300018315], [-96.7717317491582, 39.0659719631467], [-96.77157005240703, 39.066246068598794], [-96.77138050788206, 39.06661991045126], [-96.77123587912129, 39.06696445697242], [-96.77112269139548, 39.06732434587483], [-96.77102118176835, 39.06768493039605], [-96.77101938513779, 39.067690510026004], [-96.77097626600414, 39.06784464712915], [-96.770881044584, 39.068239403967006], [-96.77083972208094, 39.06853163419689], [-96.77081187430713, 39.06881828367649], [-96.77080019620843, 39.069296727659996], [-96.77078402653332, 39.070020664430665], [-96.77075977202063, 39.071186061494544], [-96.77078672147915, 39.07213384778957], [-96.77077953495689, 39.072778948914674], [-96.77075438212893, 39.07317507295355], [-96.7706888051132, 39.07352865362421], [-96.77061693989044, 39.07379017664911], [-96.770539684776, 39.07402659262952], [-96.77046153134627, 39.074302758966525], [-96.77030522448682, 39.0746026353307], [-96.77019113844572, 39.074803482043414], [-96.77005639115308, 39.07502943391191], [-96.76978779488309, 39.075373939380654], [-96.76882749584422, 39.07667732643068], [-96.76771717815289, 39.07818361855313], [-96.76671016671928, 39.07953855663299], [-96.76486951870184, 39.082007085113105], [-96.76377626900091, 39.08342819312394], [-96.7631169055823, 39.08427679990856], [-96.76280608849395, 39.08467983225866], [-96.76255006863794, 39.08497896723731], [-96.7622320650273, 39.08528507374609], [-96.7619985030534, 39.08550541382769], [-96.76176673771008, 39.085676943921065], [-96.76143166610905, 39.08589519095723], [-96.76112713722769, 39.08607369282346], [-96.76069864083708, 39.08630518675844], [-96.75974283337467, 39.08679606295042], [-96.75862353253048, 39.087407561609965], [-96.7574206883649, 39.0880413670543], [-96.75635438812249, 39.088621478816506], [-96.75564292241738, 39.08900008283816], [-96.75506710232017, 39.08934173113169], [-96.7546781318021, 39.08959064527482], [-96.75428736465344, 39.08986047558057], [-96.7541355493704, 39.08972381746689], [-96.75398822566378, 39.08960877344143], [-96.7537887996707, 39.08945817006991]]]}}, {"type": "Feature", "properties": {"FID": 108, "AREA_ID": "10A", "ACRES": 567.27, "area_name": "10A", "area_type": null, "area_syskey": 108}, "geometry": {"type": "Polygon", "coordinates": [[[-96.74485595248414, 39.09255174977973], [-96.74223556680003, 39.09000968362677], [-96.74176215464522, 39.090312282153135], [-96.73962416426872, 39.091855235556324], [-96.73937712756555, 39.09204069446998], [-96.73930526234281, 39.091973064772255], [-96.73914176896108, 39.09172415903749], [-96.73907080205362, 39.09164885965053], [-96.7389755806335, 39.091543579817284], [-96.73874561192075, 39.09127096706843], [-96.73865847533816, 39.09116010889733], [-96.73859200000713, 39.09103879220843], [-96.73854618592762, 39.090941878151874], [-96.73851115163154, 39.090835202813366], [-96.73848779543414, 39.09078012201984], [-96.73846174429092, 39.09073828847705], [-96.73839616727517, 39.09069575768307], [-96.738319810476, 39.090658804677325], [-96.73826860650479, 39.09061697106256], [-96.73817069013882, 39.090494956211074], [-96.73815182551786, 39.0904370862363], [-96.73815362214842, 39.09037712452556], [-96.73817338508466, 39.09031995168417], [-96.73820752106548, 39.09024116464383], [-96.73821291095716, 39.09017841384075], [-96.7382111143266, 39.09013239654973], [-96.73819135139036, 39.0900773152073], [-96.73815811372484, 39.09001665595767], [-96.73808085861039, 39.089953904954854], [-96.73792814501208, 39.089880695381], [-96.73786616125744, 39.08984165024389], [-96.73779788929585, 39.08977750461454], [-96.7377547701622, 39.08970499209374], [-96.73771254934385, 39.08959761764715], [-96.73767392178662, 39.08947699550893], [-96.73762810770714, 39.08938007930622], [-96.73754366607041, 39.08927200712455], [-96.73738017268867, 39.08908305471874], [-96.73729123947555, 39.08894709234236], [-96.73712235620211, 39.08870445114247], [-96.73693011673127, 39.08841160720337], [-96.73676033514255, 39.08812085380381], [-96.73659953670666, 39.08788866857364], [-96.73645221300005, 39.08762928957482], [-96.7363704663092, 39.08753864615141], [-96.73626895668207, 39.087444516319195], [-96.7361710403161, 39.087355964436426], [-96.73588268110984, 39.08714120822751], [-96.73574074729494, 39.08707984919056], [-96.73560959326345, 39.08700245305646], [-96.73547125270966, 39.08693969937191], [-96.73539848917164, 39.08689786355119], [-96.73529877617509, 39.086846266004784], [-96.73521253790778, 39.086798154745075], [-96.73508767208327, 39.08674655712572], [-96.73497717930333, 39.086690078607205], [-96.7348810595679, 39.08664963717112], [-96.73475978700452, 39.08658479137176], [-96.73468792178178, 39.08652552365353], [-96.73465648074684, 39.08642651158963], [-96.73462414139662, 39.08633028846479], [-96.73457383574069, 39.08623406520868], [-96.73450197051797, 39.08611204277483], [-96.73440764741312, 39.08598444194681], [-96.73422079783398, 39.08578432433633], [-96.73408605054135, 39.08565811746777], [-96.7337527755709, 39.08529274382377], [-96.73343297532972, 39.08505287918113], [-96.73321468471563, 39.084888320408034], [-96.73310958182738, 39.08480255445464], [-96.73300986883083, 39.08471330196964], [-96.73292273224824, 39.08465682182312], [-96.73284907039495, 39.08462614123076], [-96.7327601371818, 39.08463171952129], [-96.7324690830297, 39.08465891368121], [-96.73216635077893, 39.08462753580343], [-96.73198039951508, 39.084605919923966], [-96.73185912695172, 39.084596157911704], [-96.73151597051313, 39.084421836036775], [-96.7318303808626, 39.08399021322068], [-96.73201184055004, 39.082912190581304], [-96.73330361792877, 39.08211865498166], [-96.73376086040847, 39.08174489522746], [-96.73422169614929, 39.081118703738746], [-96.73477326173379, 39.08047925747399], [-96.7352116395925, 39.08014732888356], [-96.73560959326345, 39.080025295920954], [-96.73620517629688, 39.07996183869696], [-96.73672619916175, 39.0800092572873], [-96.73735232491488, 39.08022682452854], [-96.73779699098058, 39.0805685153159], [-96.73816799519295, 39.080936702720194], [-96.73887676595224, 39.08156219850766], [-96.73942833153676, 39.08196036517824], [-96.74007152528027, 39.08223440853379], [-96.74043085139397, 39.08226578747606], [-96.74079287245353, 39.08218559681811], [-96.74129772564328, 39.08185367625573], [-96.74166962817095, 39.0813739227671], [-96.74198403852043, 39.080953438465635], [-96.74207117510299, 39.08012083031533], [-96.74219424429695, 39.07914595501863], [-96.74252572263683, 39.07834121948172], [-96.74309525452703, 39.07773312900175], [-96.74411753732052, 39.07732378073876], [-96.74506525994539, 39.0773419120579], [-96.74603184719123, 39.07771778720168], [-96.74693285742134, 39.07823591978527], [-96.74748621963643, 39.07910481191659], [-96.74763803491948, 39.08010897568948], [-96.74833153431891, 39.08138577718039], [-96.75005719797993, 39.082897547210834], [-96.75152235020853, 39.08395046752974], [-96.75309440195596, 39.08455292612688], [-96.75555488751951, 39.08514073667397], [-96.75570939774842, 39.08567624664511], [-96.7565933399881, 39.08669356493685], [-96.75672269738902, 39.08774085055145], [-96.75556656561821, 39.08816268889913], [-96.75298121423016, 39.08833281803124], [-96.75212332313369, 39.08819476245544], [-96.75428736465344, 39.08986047558057], [-96.75337287969408, 39.09025092587484], [-96.75281143264142, 39.09062533778749], [-96.75199845730917, 39.09126608652369], [-96.75223561254423, 39.09141250271918], [-96.75219429004115, 39.09144806089224], [-96.7518044212078, 39.0918315302465], [-96.75121153312018, 39.09237744756638], [-96.75043269376874, 39.09309905592949], [-96.74975356741388, 39.09375233172184], [-96.74929722324946, 39.09415321835253], [-96.74889926957854, 39.09452342641698], [-96.7484743664491, 39.0949633509872], [-96.74806024310307, 39.09532100554855], [-96.74761917029849, 39.09572885502751], [-96.74725535260838, 39.0960802311485], [-96.74701011253579, 39.09627404500565], [-96.74664809147623, 39.096561976119155], [-96.74621061193281, 39.09686733519219], [-96.74553328220847, 39.09723822616897], [-96.74505627679255, 39.097478746530264], [-96.74470234057056, 39.0976293327736], [-96.74422803010046, 39.09781826228142], [-96.7435758532041, 39.098080392420655], [-96.74297847354009, 39.0983195156072], [-96.74243409447784, 39.09851750620334], [-96.74211249760607, 39.09805459774271], [-96.742169091469, 39.09789216077037], [-96.74212148075891, 39.09754567378921], [-96.74203524249162, 39.09730097069014], [-96.74183132492212, 39.096849906056924], [-96.7417576630688, 39.09658358833449], [-96.7417468832854, 39.09651805449988], [-96.74173161192556, 39.096425330991515], [-96.74168220458495, 39.09631796677692], [-96.74165525512639, 39.0961778353158], [-96.74162830566787, 39.09611369544964], [-96.74160764441635, 39.09601469684607], [-96.74157710169666, 39.095899663082804], [-96.74156272865211, 39.09579299524374], [-96.74158069495779, 39.09572327761463], [-96.74159776294822, 39.09566889781612], [-96.741631898929, 39.09557896190343], [-96.74170196752118, 39.09546532178773], [-96.74172532371857, 39.09537817433562], [-96.74172532371857, 39.09535656175083], [-96.7441929958044, 39.09425709990766], [-96.74506166668426, 39.09324965152615], [-96.7451452100057, 39.09300632792528], [-96.74502303912703, 39.092749756571436], [-96.74485595248414, 39.09255174977973]]]}}, {"type": "Feature", "properties": {"FID": 109, "AREA_ID": "64B", "ACRES": 477.522, "area_name": "64B", "area_type": null, "area_syskey": 109}, "geometry": {"type": "Polygon", "coordinates": [[[-96.94664720972987, 39.20639950074194], [-96.94663822657702, 39.20645518720463], [-96.9468960430636, 39.2090793616939], [-96.94731286135548, 39.209824832106484], [-96.94682866941729, 39.2103364248697], [-96.94701911225756, 39.210704630143844], [-96.94737125184898, 39.210684445027596], [-96.94753833849184, 39.211347766672084], [-96.94706941791347, 39.21233194904656], [-96.94698138301561, 39.21295001409465], [-96.9471870972157, 39.21320127546991], [-96.94798120792697, 39.213086433124644], [-96.9482758553402, 39.213200579456284], [-96.9482758553402, 39.2134525359461], [-96.94783478253565, 39.21368152324244], [-96.9475455250141, 39.214310016452245], [-96.94674871935698, 39.215763950944186], [-96.94607318626323, 39.216908842268424], [-96.94589711646753, 39.21759507213163], [-96.94560696063071, 39.219896607496175], [-96.94540483969176, 39.219888952075756], [-96.94511648048551, 39.219877816917226], [-96.94327493415283, 39.21976785713223], [-96.94253382404332, 39.2198284046301], [-96.93912651417017, 39.21972401235982], [-96.9348999407578, 39.21957438316834], [-96.9348711946687, 39.21951174759816], [-96.93484783847131, 39.21945815934375], [-96.93481280417522, 39.219411530569616], [-96.93400252378886, 39.21863623566725], [-96.93394413329538, 39.21862649222978], [-96.9339423366648, 39.21862579626992], [-96.93392796362026, 39.217260309719855], [-96.93389562427002, 39.21562684112655], [-96.93387136975734, 39.21398289444261], [-96.93381208094858, 39.212333341091075], [-96.93366745218782, 39.211503677670706], [-96.93343389021392, 39.21067957275728], [-96.93306737757793, 39.20988886841152], [-96.9327790183717, 39.20936891976883], [-96.93262450814281, 39.209124605221795], [-96.93207114592772, 39.20838469586758], [-96.93167229394152, 39.20795313648318], [-96.93124110260509, 39.20751461374718], [-96.93071199490265, 39.20704754921875], [-96.93021432823518, 39.2067203933774], [-96.92991788419138, 39.206551246249006], [-96.92958640585148, 39.20637026533134], [-96.92904382341982, 39.20606746929165], [-96.92838805326232, 39.205764671946575], [-96.92768287576419, 39.20547788337238], [-96.92410219104119, 39.20415390734637], [-96.9241183607163, 39.203601199140145], [-96.9241120725093, 39.203352687861845], [-96.92449026324398, 39.203475899445856], [-96.92477682581966, 39.2035719625648], [-96.92514333845563, 39.20370979202772], [-96.92556285169337, 39.20386363166443], [-96.92606231499141, 39.204044619040964], [-96.9264899130667, 39.20419219301824], [-96.92713670007136, 39.20444000522593], [-96.92728492209325, 39.20449778154195], [-96.9274996194462, 39.204574352489935], [-96.92777001234676, 39.204680855578815], [-96.9280862193268, 39.20479153508827], [-96.92824522113213, 39.20484443844002], [-96.92834852738982, 39.204875066678056], [-96.9284689016379, 39.20490987147781], [-96.92858208936372, 39.204936323114104], [-96.92867192089214, 39.20495372550096], [-96.92876804062755, 39.20496973569307], [-96.92887044856995, 39.20498504978644], [-96.92898004303463, 39.20499409902187], [-96.92906628130194, 39.2049975794967], [-96.92917497745131, 39.205002452161224], [-96.9292944533841, 39.205003844351005], [-96.92941123437106, 39.205003844351005], [-96.93076409718915, 39.20498992245181], [-96.93127793353173, 39.20498853026173], [-96.93170553160702, 39.204981569310945], [-96.93190855086127, 39.20497948102559], [-96.93235501355754, 39.20496903959781], [-96.9326361862415, 39.20496903959781], [-96.93339526265667, 39.204955117691696], [-96.93366116398084, 39.20495094111935], [-96.93437712126239, 39.20492796996686], [-96.93475890525818, 39.20494467626034], [-96.93522962246713, 39.20494119578286], [-96.93593479996527, 39.20491961681865], [-96.93648187397336, 39.20490847928615], [-96.93667231681361, 39.20490639099863], [-96.93682503041194, 39.20492657777559], [-96.93693103161547, 39.20496416693099], [-96.9370046934688, 39.20500105997138], [-96.9371699834811, 39.205115219445325], [-96.9373002391973, 39.20521684906479], [-96.93744935953448, 39.20536302839657], [-96.93758320851185, 39.20552869793813], [-96.93761554786208, 39.205564894592676], [-96.93771526085862, 39.20573195583344], [-96.93786258456524, 39.2060257042182], [-96.9381042313767, 39.206412726280824], [-96.93819316458985, 39.20654567761235], [-96.93825963992087, 39.206629903194795], [-96.93834947144929, 39.20668489339656], [-96.9384698456974, 39.206740579633], [-96.93863693234026, 39.20677955997221], [-96.93887408757531, 39.20680740305841], [-96.93921005749162, 39.206825501058525], [-96.9394319413668, 39.206823412827994], [-96.93964663871975, 39.20680949128945], [-96.93983079335302, 39.20678234428133], [-96.94006884690334, 39.2067510207974], [-96.94023862849207, 39.20670647181842], [-96.94047039383541, 39.20660345219628], [-96.94073629515954, 39.20641759884716], [-96.9409321278915, 39.20625471573228], [-96.94118006290996, 39.20604380241976], [-96.94132918324715, 39.205920595340174], [-96.94147201537736, 39.20575562281043], [-96.94160047446299, 39.20558508118035], [-96.94173522175562, 39.20543820622015], [-96.9417990021408, 39.205367204944416], [-96.94195530900025, 39.2052746247418], [-96.94222929516195, 39.20519387799927], [-96.94257873980753, 39.205161161620275], [-96.94318150936326, 39.20508041474732], [-96.94342764775114, 39.20507275771144], [-96.9446448649613, 39.20514027881722], [-96.94586837037842, 39.20514236709779], [-96.94586837037842, 39.20514236709779], [-96.94594113391645, 39.20526418335791], [-96.94608845762306, 39.20545282412094], [-96.94608755930778, 39.205705504496805], [-96.94602198229205, 39.20586142802175], [-96.94608935593837, 39.20606329278541], [-96.94625734089651, 39.20617605836636], [-96.9462977650843, 39.206281166862105], [-96.94664720972987, 39.20639950074194]]]}}, {"type": "Feature", "properties": {"FID": 110, "AREA_ID": "64A", "ACRES": 530.074, "area_name": "64A", "area_type": null, "area_syskey": 110}, "geometry": {"type": "Polygon", "coordinates": [[[-96.94560696063071, 39.219896607496175], [-96.94589711646753, 39.21759507213163], [-96.94607318626323, 39.216908842268424], [-96.94674871935698, 39.215763950944186], [-96.9475455250141, 39.214310016452245], [-96.94783478253565, 39.21368152324244], [-96.9482758553402, 39.2134525359461], [-96.9482758553402, 39.213200579456284], [-96.94798120792697, 39.213086433124644], [-96.9471870972157, 39.21320127546991], [-96.94698138301561, 39.21295001409465], [-96.94706941791347, 39.21233194904656], [-96.94753833849184, 39.211347766672084], [-96.94737125184898, 39.210684445027596], [-96.94701911225756, 39.210704630143844], [-96.94682866941729, 39.2103364248697], [-96.94731286135548, 39.209824832106484], [-96.9468960430636, 39.2090793616939], [-96.94663822657702, 39.20645518720463], [-96.94664720972987, 39.20639950074194], [-96.94678914354478, 39.20644753031864], [-96.9472266230882, 39.20655959920318], [-96.94734340407517, 39.20635216721393], [-96.94741257435204, 39.20608626356658], [-96.9473811333171, 39.20589066364415], [-96.94729758999567, 39.205812701957385], [-96.94741167603677, 39.20569088664858], [-96.94746108337739, 39.20545769675387], [-96.94707660443574, 39.20521267250798], [-96.94676399071683, 39.20499270683187], [-96.94644958036733, 39.20464396237022], [-96.94642622416995, 39.20419080081233], [-96.94670380359277, 39.20369030100898], [-96.94672446484432, 39.203413945625535], [-96.94688436496492, 39.20317378704157], [-96.9470846892733, 39.203043613784814], [-96.94733352260704, 39.20312923579369], [-96.94768745882901, 39.20316891425023], [-96.94797671635057, 39.20311183295482], [-96.94875645401729, 39.203349207305465], [-96.94952271695475, 39.20368264382158], [-96.95012638482575, 39.20378357940684], [-96.95045516821978, 39.20387546546869], [-96.95145768807701, 39.20395482151627], [-96.95347350757486, 39.204390582074545], [-96.95501771154845, 39.20479919215481], [-96.95671552743566, 39.20543472576713], [-96.95731739867611, 39.20579808413148], [-96.95825434151759, 39.206262372639316], [-96.95916702984638, 39.206698118881704], [-96.95982729158031, 39.20708026471905], [-96.96044263755, 39.20749790806498], [-96.96065733490295, 39.20770672880664], [-96.96096905030657, 39.20773596366092], [-96.96172992335234, 39.2079162449934], [-96.96258152624179, 39.208574720368524], [-96.9627297482637, 39.20895407177218], [-96.9622796923063, 39.210929450184246], [-96.96169219411038, 39.21204866741478], [-96.96152959904394, 39.21325278046073], [-96.9616293120405, 39.216881699164325], [-96.96167332948943, 39.21977412066892], [-96.96112805211189, 39.21979639101705], [-96.96056121516754, 39.21985833038561], [-96.95693561468032, 39.21988547233889], [-96.95621696245293, 39.219873641232354], [-96.95395320793664, 39.21985624254263], [-96.95283660203833, 39.21984997901327], [-96.95243415679099, 39.21984719522228], [-96.9498955177977, 39.21995367514954], [-96.948663927543, 39.21995158730938], [-96.94830460142931, 39.21988060070702], [-96.94823004126071, 39.2198715533898], [-96.94812134511132, 39.21989173586507], [-96.94803870010517, 39.21994393189492], [-96.94797222477413, 39.21995506704294], [-96.94739370973109, 39.21996620218918], [-96.94686550034393, 39.21994810757565], [-96.94664181983818, 39.21993697242653], [-96.94560696063071, 39.219896607496175]]]}}]}