{"type": "FeatureCollection", "features": [{"type": "Feature", "properties": {"FID": 0, "Shape_Leng": 4095.6131329, "coordinate": 0, "coordina_1": 0, "facilityNu": " ", "featureNam": " ", "_Area_ID": "*ORV Area", "_label": "ORV Area", "_Parent_ID": "*ORV Parent Area", "_ClosedSta": "_closed", "_OpenSta": "_open", "Status": " ", "featureAre": 0, "featureA_1": 0, "featureA_2": 0, "featureDes": " ", "featurePer": 0, "Shape_Le_1": 0, "Shape_Le_2": 4095.6131329, "coordina_2": 0, "coordina_3": 0, "facility_1": " ", "featureA_3": 0, "featureA_4": 0, "featureA_5": " ", "featureA_6": 0, "featureA_7": " ", "featureA_8": " ", "featureD_1": " ", "featureN_1": " ", "featureP_1": 0, "featureP_2": " ", "installati": " ", "mediaId": " ", "metadataId": " ", "militaryGr": " ", "militaryTr": " ", "mimCode": " ", "operationa": " ", "regionalTr": " ", "rfmssFacil": " ", "rpaPredomC": " ", "rpaPredo_1": 0, "rpaPredo_2": " ", "rpaPredo_3": " ", "rpInterest": " ", "rpsuid": 0, "rpuid": " ", "SDSFIE_PRE": " ", "SDSFIE_P_1": 0, "sdsId": "{00000000-0000-0000-0000-000000000000}", "siteType": " ", "trainingSu": " ", "created_us": " ", "created_da": null, "last_edite": " ", "last_edi_1": null, "Type": " ", "Descriptio": " ", "Acres": 0, "Comment": " ", "Access": " ", "Shape_Le_3": 4095.6131329, "Shape_Area": 599466.767902, "area_name": "*ORV Area", "area_type": " ", "area_syskey": 0}, "geometry": {"type": "Polygon", "coordinates": [[[-122.61319113691758, 47.05307763509418], [-122.61326300214031, 47.05403240999145], [-122.61472725605363, 47.056963951730886], [-122.61407148589613, 47.05703739120832], [-122.61500573379176, 47.06007892072147], [-122.61492488541617, 47.06248387051626], [-122.61383792392223, 47.06222073880132], [-122.61379300815803, 47.06228193233929], [-122.60771141368369, 47.05844496164471], [-122.60373187697448, 47.056768112629925], [-122.60220474099127, 47.056908872056454], [-122.60067760500804, 47.05671303275318], [-122.59880910921682, 47.05614387069536], [-122.59816232221216, 47.055495140941645], [-122.59815333905932, 47.05531765689821], [-122.59889894074524, 47.05450367078727], [-122.60175558334913, 47.05572770534576], [-122.6022945725197, 47.05544005975001], [-122.6024652524237, 47.05457099341814], [-122.60286051114878, 47.0546627968687], [-122.60344441608352, 47.05432618344394], [-122.60498053521958, 47.05421601858892], [-122.60531291187475, 47.054007928797375], [-122.60528596241622, 47.05369579258759], [-122.60714547505461, 47.053726394257566], [-122.60972363992039, 47.05357338573211], [-122.61085551717855, 47.053481580406114], [-122.61319113691758, 47.05307763509418]]]}}, {"type": "Feature", "properties": {"FID": 1, "Shape_Leng": 11064.1435114, "coordinate": 538969.491211, "coordina_1": 5207796.43236, "facilityNu": "UTA13B", "featureNam": "TA 13B", "_Area_ID": "*TA 13B", "_label": "TA 13B", "_Parent_ID": "*Training Areas", "_ClosedSta": "_closed", "_OpenSta": "_open", "Status": "_closed", "featureAre": 1467.7316896, "featureA_1": 1467.7316896, "featureA_2": 5.93969941441, "featureDes": "Training Area 13B", "featurePer": 11064.1435114, "Shape_Le_1": 11064.1435114, "Shape_Le_2": 11064.1435114, "coordina_2": 0, "coordina_3": 0, "facility_1": " ", "featureA_3": 0, "featureA_4": 0, "featureA_5": " ", "featureA_6": 0, "featureA_7": " ", "featureA_8": " ", "featureD_1": " ", "featureN_1": " ", "featureP_1": 0, "featureP_2": " ", "installati": " ", "mediaId": " ", "metadataId": " ", "militaryGr": " ", "militaryTr": " ", "mimCode": " ", "operationa": " ", "regionalTr": " ", "rfmssFacil": " ", "rpaPredomC": " ", "rpaPredo_1": 0, "rpaPredo_2": " ", "rpaPredo_3": " ", "rpInterest": " ", "rpsuid": 0, "rpuid": " ", "SDSFIE_PRE": " ", "SDSFIE_P_1": 0, "sdsId": "{00000000-0000-0000-0000-000000000000}", "siteType": " ", "trainingSu": " ", "created_us": " ", "created_da": null, "last_edite": " ", "last_edi_1": null, "Type": " ", "Descriptio": " ", "Acres": 0, "Comment": " ", "Access": " ", "Shape_Le_3": 11064.1435114, "Shape_Area": 5939699.41441, "area_name": "*TA 13B", "area_type": " ", "area_syskey": 1}, "geometry": {"type": "Polygon", "coordinates": [[[-122.46551708734061, 47.03247848974772], [-122.4654542052707, 47.023814066468724], [-122.46557996941051, 47.02352012497211], [-122.4669364254897, 47.02175644200464], [-122.46991883223342, 47.02012130887307], [-122.47070036653069, 47.01985796814374], [-122.47279344114298, 47.01973548364104], [-122.47405108254092, 47.01954563210658], [-122.47557821852413, 47.015472847914594], [-122.47564110059405, 47.015099238621865], [-122.47526380817466, 47.01399064484388], [-122.47526380817466, 47.0129861532604], [-122.47604534247196, 47.01109349278242], [-122.47754552899664, 47.01143037900409], [-122.47846181058657, 47.011510006345965], [-122.4791624965083, 47.0115161315212], [-122.48018657593232, 47.011320125565454], [-122.48202812226502, 47.011307875169344], [-122.48360017401247, 47.01192651666127], [-122.4874180139705, 47.01251452569413], [-122.49035550494997, 47.01375177355764], [-122.4941913112137, 47.01430301337522], [-122.50338107657153, 47.01479912434605], [-122.51062149776253, 47.014639879351485], [-122.5120318527588, 47.01434588734477], [-122.51777208742512, 47.01393552079574], [-122.49272705730037, 47.033464246670576], [-122.49145144959675, 47.0326805407869], [-122.49083161205063, 47.03253359465245], [-122.46551708734061, 47.03247848974772]]]}}, {"type": "Feature", "properties": {"FID": 2, "Shape_Leng": 12198.9817229, "coordinate": 541894.752439, "coordina_1": 5214952.00181, "facilityNu": "UTA09A", "featureNam": "TA 9", "_Area_ID": "*TA 09", "_label": "TA 09", "_Parent_ID": "*Training Areas", "_ClosedSta": "_closed", "_OpenSta": "_open", "Status": "_full", "featureAre": 1087.6004661, "featureA_1": 1087.6004661, "featureA_2": 4.40136293125, "featureDes": "Training Area 9A- predominantDesignUse was 17502", "featurePer": 8707.39123593, "Shape_Le_1": 12198.9817229, "Shape_Le_2": 12198.9817229, "coordina_2": 0, "coordina_3": 0, "facility_1": " ", "featureA_3": 0, "featureA_4": 0, "featureA_5": " ", "featureA_6": 0, "featureA_7": " ", "featureA_8": " ", "featureD_1": " ", "featureN_1": " ", "featureP_1": 0, "featureP_2": " ", "installati": " ", "mediaId": " ", "metadataId": " ", "militaryGr": " ", "militaryTr": " ", "mimCode": " ", "operationa": " ", "regionalTr": " ", "rfmssFacil": " ", "rpaPredomC": " ", "rpaPredo_1": 0, "rpaPredo_2": " ", "rpaPredo_3": " ", "rpInterest": " ", "rpsuid": 0, "rpuid": " ", "SDSFIE_PRE": " ", "SDSFIE_P_1": 0, "sdsId": "{00000000-0000-0000-0000-000000000000}", "siteType": " ", "trainingSu": " ", "created_us": " ", "created_da": null, "last_edite": " ", "last_edi_1": null, "Type": " ", "Descriptio": " ", "Acres": 0, "Comment": " ", "Access": " ", "Shape_Le_3": 12198.9817229, "Shape_Area": 6475652.01869, "area_name": "*TA 09", "area_type": " ", "area_syskey": 2}, "geometry": {"type": "Polygon", "coordinates": [[[-122.4570729236687, 47.09754831502821], [-122.45336288154479, 47.09748104667269], [-122.45336288154479, 47.0974015475975], [-122.43517199703884, 47.097211972400764], [-122.43531572748431, 47.08534689150937], [-122.43648353735382, 47.08536524161327], [-122.43649252050666, 47.08452724708875], [-122.43533369379, 47.084515013494396], [-122.4353786095542, 47.08386051210174], [-122.43562115468094, 47.08310813140713], [-122.44229563724289, 47.06902502986348], [-122.44295140740039, 47.06815006627715], [-122.44362514386357, 47.06763609495652], [-122.45338983100332, 47.06168835205718], [-122.45683037854197, 47.06103357026566], [-122.45832158191381, 47.06051953032743], [-122.45960617277028, 47.05990757155801], [-122.46069313426423, 47.0592405284987], [-122.46430436170688, 47.05643763251605], [-122.46432232801257, 47.05663959282902], [-122.46234603438722, 47.060654160314094], [-122.46126805604612, 47.062018799627644], [-122.46090872993244, 47.06307744194123], [-122.46052245436022, 47.06558627908525], [-122.46082788155685, 47.07092175475415], [-122.4613848370331, 47.07415826813529], [-122.4613668707274, 47.07601810371789], [-122.46099856146085, 47.07714987978618], [-122.45921091404523, 47.07835504192834], [-122.45773767697906, 47.078954554059635], [-122.45736038455968, 47.07976816687703], [-122.45770174436768, 47.08066129145434], [-122.45989363366124, 47.082319037799195], [-122.46055838697158, 47.08354855066422], [-122.46124110658761, 47.0883929221873], [-122.46133992126889, 47.090007614793564], [-122.46121415712908, 47.091463242686686], [-122.46023499346924, 47.09405024785506], [-122.45915701512816, 47.09509602278554], [-122.4570729236687, 47.09754831502821]]]}}, {"type": "Feature", "properties": {"FID": 3, "Shape_Leng": 11982.1468522, "coordinate": 530623.798549, "coordina_1": 5209473.39451, "facilityNu": "UTA05B", "featureNam": "TA 5B", "_Area_ID": "*TA 05B", "_label": "TA 05B", "_Parent_ID": "*Training Areas", "_ClosedSta": "_closed", "_OpenSta": "_open", "Status": "_selected", "featureAre": 1903.19152923, "featureA_1": 1903.19152923, "featureA_2": 7.70194286314, "featureDes": "Training Area 5B", "featurePer": 11730.8083951, "Shape_Le_1": 11982.1468522, "Shape_Le_2": 11982.1468522, "coordina_2": 0, "coordina_3": 0, "facility_1": " ", "featureA_3": 0, "featureA_4": 0, "featureA_5": " ", "featureA_6": 0, "featureA_7": " ", "featureA_8": " ", "featureD_1": " ", "featureN_1": " ", "featureP_1": 0, "featureP_2": " ", "installati": " ", "mediaId": " ", "metadataId": " ", "militaryGr": " ", "militaryTr": " ", "mimCode": " ", "operationa": " ", "regionalTr": " ", "rfmssFacil": " ", "rpaPredomC": " ", "rpaPredo_1": 0, "rpaPredo_2": " ", "rpaPredo_3": " ", "rpInterest": " ", "rpsuid": 0, "rpuid": " ", "SDSFIE_PRE": " ", "SDSFIE_P_1": 0, "sdsId": "{00000000-0000-0000-0000-000000000000}", "siteType": " ", "trainingSu": " ", "created_us": " ", "created_da": null, "last_edite": " ", "last_edi_1": null, "Type": " ", "Descriptio": " ", "Acres": 0, "Comment": " ", "Access": " ", "Shape_Le_3": 11982.1468522, "Shape_Area": 7367928.26104, "area_name": "*TA 05B", "area_type": " ", "area_syskey": 3}, "geometry": {"type": "Polygon", "coordinates": [[[-122.61348758096138, 47.04486341680273], [-122.61314622115337, 47.04396357086147], [-122.61326300214031, 47.044122728391386], [-122.61348758096138, 47.04486341680273]], [[-122.61314622115337, 47.04396357086147], [-122.61260723198282, 47.04318614071799], [-122.61143043896044, 47.04245155064493], [-122.61076568565011, 47.042176076759766], [-122.60973262307323, 47.04201691342223], [-122.6082234533957, 47.042041400120446], [-122.60715445820745, 47.04228626648451], [-122.60652563750848, 47.042610712685786], [-122.60511528251222, 47.04374319811313], [-122.60491765314967, 47.04560409492996], [-122.60432476506209, 47.04639373218533], [-122.60320187095677, 47.04666306314944], [-122.60037217781141, 47.04773425238744], [-122.59617704543399, 47.0479729716293], [-122.59439838117117, 47.048297383245476], [-122.59102071570241, 47.04790564066924], [-122.59031104662787, 47.04792400366678], [-122.58880187695034, 47.04804642348878], [-122.58719389259154, 47.048389197495595], [-122.58581048705379, 47.04828514133351], [-122.58489420546387, 47.047703647279185], [-122.58404978909668, 47.048450406907904], [-122.58226214168104, 47.04953992269368], [-122.58077093830919, 47.049772513068596], [-122.579755842038, 47.05019484563013], [-122.57883956044806, 47.05018872489228], [-122.57795022831667, 47.050507002330576], [-122.57548884443783, 47.0508069158709], [-122.57125777944904, 47.05079467453492], [-122.570404379929, 47.051149672137576], [-122.57024268317784, 47.05137001428868], [-122.56859876620769, 47.04677324360643], [-122.56858079990198, 47.04602033928108], [-122.56890419340432, 47.04541433539789], [-122.57575833902311, 47.036764256896966], [-122.57747412121601, 47.03524591019152], [-122.58477742447693, 47.03241726200905], [-122.59257480114417, 47.02720040072925], [-122.59494635349456, 47.026422726329734], [-122.59737180476203, 47.026232898574904], [-122.60220474099127, 47.02548582795147], [-122.60760361584957, 47.02540009786694], [-122.61271502981694, 47.02550419866598], [-122.61402657013193, 47.025645040600345], [-122.61864391069294, 47.02729225128815], [-122.61991053524373, 47.02806991301964], [-122.62075495161092, 47.02904962820663], [-122.62260548109647, 47.03025587782937], [-122.62353074583923, 47.03103961931851], [-122.62371040889607, 47.031486591733064], [-122.62250666641519, 47.03283973197594], [-122.62269531262488, 47.03458468118709], [-122.62249768326235, 47.035454073182414], [-122.62133885654568, 47.03691731364358], [-122.6174491513649, 47.03934167395673], [-122.61633524041244, 47.04069461502866], [-122.61569743656062, 47.04125169843952], [-122.61464640767805, 47.042629077506085], [-122.61458352560817, 47.04284333327597], [-122.614763188665, 47.04333917904339], [-122.6146553908309, 47.04354731046143], [-122.61437691309278, 47.04370034775078], [-122.61310130538914, 47.04384114166923], [-122.61314622115337, 47.04396357086147]]]}}, {"type": "Feature", "properties": {"FID": 4, "Shape_Leng": 14254.3882953, "coordinate": 532183.557569, "coordina_1": 5202891.74579, "facilityNu": "UTA16A", "featureNam": "TA 16B", "_Area_ID": "*TA 16B", "_label": "TA 16B", "_Parent_ID": "*Training Areas", "_ClosedSta": "_closed", "_OpenSta": "_open", "Status": "_open", "featureAre": 1075.33352659, "featureA_1": 1075.33352659, "featureA_2": 4.35172038831, "featureDes": "Training Area 16A- predominantDesignUse was 17502", "featurePer": 14254.3882953, "Shape_Le_1": 14254.3882953, "Shape_Le_2": 14254.3882953, "coordina_2": 0, "coordina_3": 0, "facility_1": " ", "featureA_3": 0, "featureA_4": 0, "featureA_5": " ", "featureA_6": 0, "featureA_7": " ", "featureA_8": " ", "featureD_1": " ", "featureN_1": " ", "featureP_1": 0, "featureP_2": " ", "installati": " ", "mediaId": " ", "metadataId": " ", "militaryGr": " ", "militaryTr": " ", "mimCode": " ", "operationa": " ", "regionalTr": " ", "rfmssFacil": " ", "rpaPredomC": " ", "rpaPredo_1": 0, "rpaPredo_2": " ", "rpaPredo_3": " ", "rpInterest": " ", "rpsuid": 0, "rpuid": " ", "SDSFIE_PRE": " ", "SDSFIE_P_1": 0, "sdsId": "{00000000-0000-0000-0000-000000000000}", "siteType": " ", "trainingSu": " ", "created_us": " ", "created_da": null, "last_edite": " ", "last_edi_1": null, "Type": " ", "Descriptio": " ", "Acres": 0, "Comment": " ", "Access": " ", "Shape_Le_3": 14254.3882953, "Shape_Area": 4351720.38831, "area_name": "*TA 16B", "area_type": " ", "area_syskey": 4}, "geometry": {"type": "Polygon", "coordinates": [[[-122.57439289979105, 46.98887881477719], [-122.57445578186095, 46.98886655923456], [-122.57436595033252, 46.988891070316996], [-122.57439289979105, 46.98887881477719]], [[-122.56189733418722, 46.98942418357916], [-122.55939103454418, 46.989044264327596], [-122.55839390457867, 46.98907490307701], [-122.55839390457867, 46.98871949250388], [-122.5569655832767, 46.988725620292406], [-122.56025341721706, 46.98254845291041], [-122.56867961458326, 46.9690701909167], [-122.5634604027818, 46.967531528444034], [-122.56436770121887, 46.96676524576236], [-122.56547262901852, 46.96675911545664], [-122.56547262901852, 46.9664955116463], [-122.56660450627665, 46.96650777231746], [-122.56706264707161, 46.96640968686962], [-122.56889521025148, 46.96563112724771], [-122.57051217776312, 46.964588943088636], [-122.57129371206041, 46.96434372033574], [-122.57248847138845, 46.96419658614445], [-122.57309932578174, 46.96427015329067], [-122.57354848342386, 46.96453989862798], [-122.57382696116197, 46.96490160046826], [-122.574339000874, 46.966280949446364], [-122.57497680472582, 46.96693076375108], [-122.57614461459532, 46.96747635645766], [-122.57976482519084, 46.968567525176105], [-122.58099551713026, 46.968598175661384], [-122.58238790582082, 46.968144546685615], [-122.58325927164654, 46.96754378887772], [-122.58459776142007, 46.96615221171327], [-122.58567573976117, 46.96596216973154], [-122.58649320666983, 46.96617060283699], [-122.58756220185808, 46.967151453606014], [-122.58746338717681, 46.9671943654165], [-122.58802034265304, 46.968077115022936], [-122.58815508994569, 46.96880046842369], [-122.5880742415701, 46.96951155206229], [-122.58778678067914, 46.970130677531486], [-122.58725677466143, 46.970725276433505], [-122.5865920213511, 46.97117888352199], [-122.5849211549224, 46.971571189252835], [-122.5829089286857, 46.97157731900702], [-122.57987262302494, 46.97103789794708], [-122.57728547500632, 46.97040039331654], [-122.57661173854315, 46.97035748407805], [-122.57583918739869, 46.97054138057192], [-122.57528223192244, 46.97091530149288], [-122.57502172049003, 46.97141181539673], [-122.5751025688656, 46.97194510297403], [-122.57563257488331, 46.9730484397001], [-122.57828260497185, 46.97659122261986], [-122.57907312242196, 46.97722252434875], [-122.58018703337444, 46.97768220538424], [-122.58077992146204, 46.97766994727457], [-122.58129196117406, 46.977467688059455], [-122.58213637754125, 46.97665864354834], [-122.58330418741077, 46.9750834232842], [-122.58466064348997, 46.97415175366371], [-122.58555895877421, 46.973992387497674], [-122.58742745456544, 46.97425595436165], [-122.58962832701185, 46.9741027179709], [-122.58950256287204, 46.97432337823446], [-122.58960137755332, 46.97520601018378], [-122.58929595035667, 46.97567183783931], [-122.58977205745731, 46.97571474281405], [-122.59013138357102, 46.975874103847296], [-122.59117342930074, 46.97682413092144], [-122.5912273282178, 46.97772510874593], [-122.592413104393, 46.98059955556034], [-122.5931137903147, 46.981169523456344], [-122.593895324612, 46.982395240282926], [-122.59399413929326, 46.9827568213791], [-122.5940390550575, 46.983884448414], [-122.593895324612, 46.984840461399514], [-122.59347311642841, 46.986237680393856], [-122.59288921149364, 46.98726105885473], [-122.59215259296057, 46.987469408955235], [-122.59020324879376, 46.98888494254745], [-122.57465341122348, 46.98880528147928], [-122.57417730412283, 46.98893396468423], [-122.57408747259441, 46.98512235940054], [-122.5727759322794, 46.98504882093489], [-122.57201236428781, 46.9848772307883], [-122.57117693107347, 46.98499979523493], [-122.56947911518624, 46.9834125639076], [-122.56893114286285, 46.983289995821885], [-122.56827537270534, 46.98344933427851], [-122.56795197920302, 46.983418692304475], [-122.56699078184889, 46.98297744593137], [-122.56531991542019, 46.98392734679894], [-122.56401735825804, 46.9844298681734], [-122.56378379628413, 46.98468725534067], [-122.56272378424873, 46.98531846148104], [-122.56230157606512, 46.98591901962743], [-122.56224767714806, 46.98618865578421], [-122.56241835705207, 46.98664825973461], [-122.5632268408079, 46.98776354889103], [-122.56380176258982, 46.988143477245835], [-122.5650683871406, 46.9894303112869], [-122.56329870603062, 46.989411928161594], [-122.56259802010892, 46.98954060990601], [-122.56189733418722, 46.98942418357916]]]}}, {"type": "Feature", "properties": {"FID": 5, "Shape_Leng": 6252.29153138, "coordinate": 536953.355536, "coordina_1": 5216580.15906, "facilityNu": "UTA7S", "featureNam": "TA 7 South B", "_Area_ID": "*TA 07C South", "_label": "TA 07C South", "_Parent_ID": "*Training Areas", "_ClosedSta": "_closed", "_OpenSta": "_open", "Status": " ", "featureAre": 892.096098463, "featureA_1": 892.096098463, "featureA_2": 3.61018482546, "featureDes": "Training Area 7 South- predominantDesignUse was 17502", "featurePer": 9093.19436299, "Shape_Le_1": 6252.29153138, "Shape_Le_2": 6252.29153138, "coordina_2": 0, "coordina_3": 0, "facility_1": " ", "featureA_3": 0, "featureA_4": 0, "featureA_5": " ", "featureA_6": 0, "featureA_7": " ", "featureA_8": " ", "featureD_1": " ", "featureN_1": " ", "featureP_1": 0, "featureP_2": " ", "installati": " ", "mediaId": " ", "metadataId": " ", "militaryGr": " ", "militaryTr": " ", "mimCode": " ", "operationa": " ", "regionalTr": " ", "rfmssFacil": " ", "rpaPredomC": " ", "rpaPredo_1": 0, "rpaPredo_2": " ", "rpaPredo_3": " ", "rpInterest": " ", "rpsuid": 0, "rpuid": " ", "SDSFIE_PRE": " ", "SDSFIE_P_1": 0, "sdsId": "{00000000-0000-0000-0000-000000000000}", "siteType": " ", "trainingSu": " ", "created_us": " ", "created_da": null, "last_edite": " ", "last_edi_1": null, "Type": " ", "Descriptio": " ", "Acres": 0, "Comment": " ", "Access": " ", "Shape_Le_3": 6252.29153138, "Shape_Area": 1987948.57177, "area_name": "*TA 07C South", "area_type": " ", "area_syskey": 5}, "geometry": {"type": "Polygon", "coordinates": [[[-122.50470160003935, 47.0939218179389], [-122.50510584191727, 47.092184925797746], [-122.50576161207476, 47.090558066993744], [-122.51060353145684, 47.09053360257231], [-122.53059104653128, 47.09420314020852], [-122.53204631729176, 47.094521154897656], [-122.53198343522186, 47.09468627716028], [-122.53281886843621, 47.09506544486268], [-122.53036646771022, 47.09535287664447], [-122.52873153389291, 47.095897158108485], [-122.52643184676525, 47.09680224305694], [-122.52585692498332, 47.097163049659805], [-122.52512030645023, 47.097878540268184], [-122.52466216565527, 47.09922388118886], [-122.52406927756766, 47.103761098542755], [-122.5241141933319, 47.10423191970788], [-122.52485081186497, 47.10468439326741], [-122.52278468671119, 47.1054242403968], [-122.52240739429183, 47.10522857934613], [-122.52115873604673, 47.105161320693874], [-122.52044906697216, 47.10526526584791], [-122.51888599837758, 47.10572384498685], [-122.51849972280536, 47.10564435821913], [-122.51743072761711, 47.105112405257046], [-122.51564308020146, 47.104659935335484], [-122.51087302604213, 47.10159649051751], [-122.50900453025089, 47.099755892991915], [-122.50470160003935, 47.0939218179389]]]}}, {"type": "Feature", "properties": {"FID": 6, "Shape_Leng": 5109.60498219, "coordinate": 536852.154973, "coordina_1": 5218244.13032, "facilityNu": "UTA7N", "featureNam": "TA 7 North", "_Area_ID": "*TA 07A North", "_label": "TA 07A North", "_Parent_ID": "*Training Areas", "_ClosedSta": "_closed", "_OpenSta": "_open", "Status": " ", "featureAre": 265.059900749, "featureA_1": 265.059900749, "featureA_2": 1.07265936167, "featureDes": "Training Area 7 North- predominantDesignUse was 17502", "featurePer": 5109.60498219, "Shape_Le_1": 5109.60498219, "Shape_Le_2": 5109.60498219, "coordina_2": 0, "coordina_3": 0, "facility_1": " ", "featureA_3": 0, "featureA_4": 0, "featureA_5": " ", "featureA_6": 0, "featureA_7": " ", "featureA_8": " ", "featureD_1": " ", "featureN_1": " ", "featureP_1": 0, "featureP_2": " ", "installati": " ", "mediaId": " ", "metadataId": " ", "militaryGr": " ", "militaryTr": " ", "mimCode": " ", "operationa": " ", "regionalTr": " ", "rfmssFacil": " ", "rpaPredomC": " ", "rpaPredo_1": 0, "rpaPredo_2": " ", "rpaPredo_3": " ", "rpInterest": " ", "rpsuid": 0, "rpuid": " ", "SDSFIE_PRE": " ", "SDSFIE_P_1": 0, "sdsId": "{00000000-0000-0000-0000-000000000000}", "siteType": " ", "trainingSu": " ", "created_us": " ", "created_da": null, "last_edite": " ", "last_edi_1": null, "Type": " ", "Descriptio": " ", "Acres": 0, "Comment": " ", "Access": " ", "Shape_Le_3": 5109.60498219, "Shape_Area": 1072659.36167, "area_name": "*TA 07A North", "area_type": " ", "area_syskey": 6}, "geometry": {"type": "Polygon", "coordinates": [[[-122.51312779740557, 47.11101861928603], [-122.514529169249, 47.110339988267334], [-122.52733914520232, 47.118275150505625], [-122.52594675651174, 47.11945493105476], [-122.50103647367965, 47.11955884829513], [-122.50141376609903, 47.11672244608041], [-122.51180727393773, 47.11411820229271], [-122.51320864578116, 47.1137208299445], [-122.5136847528818, 47.11340292992952], [-122.51399018007844, 47.11301777929039], [-122.51402611268983, 47.11241253694001], [-122.51312779740557, 47.11101861928603]]]}}, {"type": "Feature", "properties": {"FID": 7, "Shape_Leng": 7157.27748013, "coordinate": 537550.189892, "coordina_1": 5209040.16273, "facilityNu": "UTA12B", "featureNam": "TA 12B", "_Area_ID": "*TA 12B", "_label": "TA 12B", "_Parent_ID": "*Training Areas", "_ClosedSta": "_closed", "_OpenSta": "_open", "Status": " ", "featureAre": 654.842885272, "featureA_1": 654.842885272, "featureA_2": 2.65005513593, "featureDes": "Training Area 12B", "featurePer": 7157.27748013, "Shape_Le_1": 7157.27748013, "Shape_Le_2": 7157.27748013, "coordina_2": 0, "coordina_3": 0, "facility_1": " ", "featureA_3": 0, "featureA_4": 0, "featureA_5": " ", "featureA_6": 0, "featureA_7": " ", "featureA_8": " ", "featureD_1": " ", "featureN_1": " ", "featureP_1": 0, "featureP_2": " ", "installati": " ", "mediaId": " ", "metadataId": " ", "militaryGr": " ", "militaryTr": " ", "mimCode": " ", "operationa": " ", "regionalTr": " ", "rfmssFacil": " ", "rpaPredomC": " ", "rpaPredo_1": 0, "rpaPredo_2": " ", "rpaPredo_3": " ", "rpInterest": " ", "rpsuid": 0, "rpuid": " ", "SDSFIE_PRE": " ", "SDSFIE_P_1": 0, "sdsId": "{00000000-0000-0000-0000-000000000000}", "siteType": " ", "trainingSu": " ", "created_us": " ", "created_da": null, "last_edite": " ", "last_edi_1": null, "Type": " ", "Descriptio": " ", "Acres": 0, "Comment": " ", "Access": " ", "Shape_Le_3": 7157.27748013, "Shape_Area": 2650055.13593, "area_name": "*TA 12B", "area_type": " ", "area_syskey": 7}, "geometry": {"type": "Polygon", "coordinates": [[[-122.50390209943637, 47.02558380502237], [-122.50535737019685, 47.026134922695384], [-122.51094489126486, 47.027328991467485], [-122.51276847129188, 47.02791070760325], [-122.51373865179886, 47.027861721225726], [-122.5144662871791, 47.02765352861977], [-122.51611918730212, 47.027629035318625], [-122.51811344723313, 47.02889654889406], [-122.5192902402555, 47.02949049417392], [-122.52103297190693, 47.03064775001254], [-122.5226768888771, 47.03132127360499], [-122.52425792377736, 47.03227643794357], [-122.52260502365435, 47.033256075917706], [-122.52141026432632, 47.03378262389836], [-122.51872430162642, 47.03558264403582], [-122.51634376612317, 47.03675201233827], [-122.5156520633543, 47.03684996872918], [-122.51295711750157, 47.0377621789847], [-122.51225643157986, 47.03856417646099], [-122.51090895865349, 47.03923760014557], [-122.51051369992842, 47.0399293810804], [-122.48572019808327, 47.03975796717137], [-122.50390209943637, 47.02558380502237]]]}}, {"type": "Feature", "properties": {"FID": 8, "Shape_Leng": 3338.79608926, "coordinate": 527250.70775, "coordina_1": 5219633.32672, "facilityNu": "UTA01", "featureNam": "TA 1", "_Area_ID": "*TA 01", "_label": "TA 01", "_Parent_ID": "*Training Areas", "_ClosedSta": "_closed", "_OpenSta": "_open", "Status": " ", "featureAre": 111.236565442, "featureA_1": 111.236565442, "featureA_2": 0.450158409266, "featureDes": "Training Area 1- predominantDesignUse was 17502", "featurePer": 3338.79608926, "Shape_Le_1": 3338.79608926, "Shape_Le_2": 3338.79608926, "coordina_2": 0, "coordina_3": 0, "facility_1": " ", "featureA_3": 0, "featureA_4": 0, "featureA_5": " ", "featureA_6": 0, "featureA_7": " ", "featureA_8": " ", "featureD_1": " ", "featureN_1": " ", "featureP_1": 0, "featureP_2": " ", "installati": " ", "mediaId": " ", "metadataId": " ", "militaryGr": " ", "militaryTr": " ", "mimCode": " ", "operationa": " ", "regionalTr": " ", "rfmssFacil": " ", "rpaPredomC": " ", "rpaPredo_1": 0, "rpaPredo_2": " ", "rpaPredo_3": " ", "rpInterest": " ", "rpsuid": 0, "rpuid": " ", "SDSFIE_PRE": " ", "SDSFIE_P_1": 0, "sdsId": "{00000000-0000-0000-0000-000000000000}", "siteType": " ", "trainingSu": " ", "created_us": " ", "created_da": null, "last_edite": " ", "last_edi_1": null, "Type": " ", "Descriptio": " ", "Acres": 0, "Comment": " ", "Access": " ", "Shape_Le_3": 3338.79608926, "Shape_Area": 450158.409266, "area_name": "*TA 01", "area_type": " ", "area_syskey": 8}, "geometry": {"type": "Polygon", "coordinates": [[[-122.63729293599387, 47.124852246264794], [-122.63705937401997, 47.12392930138886], [-122.63760734634334, 47.1236909222958], [-122.63785887462292, 47.124705554109745], [-122.64339249677388, 47.124705554109745], [-122.64338351362105, 47.134600255660864], [-122.63821820073663, 47.13492414003723], [-122.63779599255304, 47.13334747676578], [-122.6377241273303, 47.13210689102171], [-122.63794870615136, 47.13207022302247], [-122.63856854369749, 47.13058514780655], [-122.6387392236015, 47.129051137686986], [-122.63729293599387, 47.124852246264794]]]}}, {"type": "Feature", "properties": {"FID": 9, "Shape_Leng": 13204.4626117, "coordinate": 522971.326109, "coordina_1": 5199038.01316, "facilityNu": "UTA20B", "featureNam": "TA 20B", "_Area_ID": "*TA 20B", "_label": "TA 20B", "_Parent_ID": "*Training Areas", "_ClosedSta": "_closed", "_OpenSta": "_open", "Status": " ", "featureAre": 1296.81780718, "featureA_1": 1296.81780718, "featureA_2": 5.24803547168, "featureDes": "Training Area 20B- predominantDesignUse was 17502", "featurePer": 13204.4626117, "Shape_Le_1": 13204.4364734, "Shape_Le_2": 13204.4364734, "coordina_2": 0, "coordina_3": 0, "facility_1": " ", "featureA_3": 0, "featureA_4": 0, "featureA_5": " ", "featureA_6": 0, "featureA_7": " ", "featureA_8": " ", "featureD_1": " ", "featureN_1": " ", "featureP_1": 0, "featureP_2": " ", "installati": " ", "mediaId": " ", "metadataId": " ", "militaryGr": " ", "militaryTr": " ", "mimCode": " ", "operationa": " ", "regionalTr": " ", "rfmssFacil": " ", "rpaPredomC": " ", "rpaPredo_1": 0, "rpaPredo_2": " ", "rpaPredo_3": " ", "rpInterest": " ", "rpsuid": 0, "rpuid": " ", "SDSFIE_PRE": " ", "SDSFIE_P_1": 0, "sdsId": "{00000000-0000-0000-0000-000000000000}", "siteType": " ", "trainingSu": " ", "created_us": " ", "created_da": null, "last_edite": " ", "last_edi_1": null, "Type": " ", "Descriptio": " ", "Acres": 0, "Comment": " ", "Access": " ", "Shape_Le_3": 13204.4364734, "Shape_Area": 5248032.78467, "area_name": "*TA 20B", "area_type": " ", "area_syskey": 9}, "geometry": {"type": "Polygon", "coordinates": [[[-122.67783390477182, 46.954521625039725], [-122.67845374231796, 46.953552806345016], [-122.67918137769819, 46.95325234635125], [-122.67995392884264, 46.952620761680926], [-122.68056478323592, 46.95162124837913], [-122.68025037288643, 46.95052973400303], [-122.67995392884264, 46.950033026271164], [-122.68007070982958, 46.94953631392958], [-122.679989861454, 46.94899053826395], [-122.67934307444935, 46.94778858571417], [-122.67935205760219, 46.94707108076614], [-122.67978324893862, 46.946611136638275], [-122.68085224412687, 46.9459917389681], [-122.68226259912315, 46.94486944572405], [-122.68218175074755, 46.9442193634659], [-122.68272073991811, 46.94342208199414], [-122.68269379045958, 46.942661587064336], [-122.68339447638128, 46.94199921171044], [-122.6838436340234, 46.94104856609479], [-122.68475991561334, 46.94035550413625], [-122.68456228625081, 46.93841120279161], [-122.68472398300197, 46.938000253090614], [-122.68502941019861, 46.93793891704381], [-122.68624213583234, 46.93804318828154], [-122.68723926579787, 46.937926649826046], [-122.68894606483792, 46.938908018368025], [-122.69020370623586, 46.939239226191305], [-122.69263814065616, 46.93952136457293], [-122.69350052332904, 46.93938029556795], [-122.69546783380154, 46.93777330936658], [-122.69664462682388, 46.93736848844369], [-122.69787531876331, 46.93715994313748], [-122.69831549325258, 46.93677965254697], [-122.69836040901681, 46.93628895102], [-122.69801006605596, 46.93508671327485], [-122.69816277965428, 46.93434450200822], [-122.69879160035325, 46.93312381813249], [-122.69983364608298, 46.931762017357], [-122.6998605955415, 46.929786731270944], [-122.70015703958529, 46.92958429100367], [-122.70092959072974, 46.92941865748863], [-122.7011541695508, 46.929222350437136], [-122.70127095053775, 46.92829601683024], [-122.70151349566451, 46.92784818093129], [-122.70149552935881, 46.927216296513514], [-122.70205248483505, 46.92651078568632], [-122.70273520445107, 46.9262960631554], [-122.70345385667848, 46.92630219809679], [-122.70662490963186, 46.92667642819352], [-122.70719983141377, 46.926498515850604], [-122.7081610287679, 46.92581753556145], [-122.71011037293471, 46.926725507356544], [-122.71123326704003, 46.92671937246362], [-122.7125178578965, 46.926498515850604], [-122.71383838136433, 46.926565999912306], [-122.71450313467467, 46.92724697068652], [-122.71479059556565, 46.92793406755825], [-122.71491635970543, 46.92888494601141], [-122.71448516836898, 46.92927756186808], [-122.7144043199934, 46.929553618169166], [-122.71445821891047, 46.92986034572387], [-122.71502415753955, 46.930424719835024], [-122.71509602276228, 46.93063942581573], [-122.71496127546965, 46.93094614715226], [-122.71351498786201, 46.93210553793547], [-122.71215853178279, 46.934277027746624], [-122.71152072793099, 46.93474321181864], [-122.71046071589558, 46.93515418651628], [-122.70968816475111, 46.935718504842825], [-122.70850238857592, 46.93734395374396], [-122.70743339338767, 46.937656770323706], [-122.70700220205124, 46.93795731786524], [-122.70615778568406, 46.93892641885639], [-122.7048372622162, 46.94086456821947], [-122.70321131155173, 46.94191948079116], [-122.70286096859087, 46.94242853000388], [-122.70296876642497, 46.94369806538577], [-122.70369640180522, 46.94432362247277], [-122.70441505403261, 46.945525652827314], [-122.70498099266169, 46.945942677460174], [-122.70598710578004, 46.946157321225385], [-122.70657101071481, 46.946568208318034], [-122.70726271348367, 46.947794718193634], [-122.70979596258523, 46.95030897558019], [-122.71023613707452, 46.95121653216227], [-122.71038885067284, 46.95227124074695], [-122.7094725690829, 46.95297641221797], [-122.70917612503911, 46.95342403798283], [-122.70885273153677, 46.954208906998296], [-122.70860120325719, 46.95550882098432], [-122.70849340542308, 46.95775293779708], [-122.70861916956287, 46.95897306017387], [-122.7094276533187, 46.960438396506554], [-122.70791848364117, 46.9605242308634], [-122.70586134164024, 46.960377086167355], [-122.70498997581453, 46.96045678959461], [-122.70204350168221, 46.961762682684764], [-122.70148654620597, 46.96185464578551], [-122.70106433802238, 46.96178107531757], [-122.70065111299162, 46.961572625109], [-122.70003127544548, 46.96059780305963], [-122.69916889277262, 46.95972719225259], [-122.69976178086023, 46.95862971196635], [-122.69956415149768, 46.95797979682701], [-122.69933957267662, 46.95776520047194], [-122.69845024054523, 46.95734213656539], [-122.69771362201215, 46.9563856319248], [-122.69553071587143, 46.955478162999164], [-122.69450663644739, 46.954809814557926], [-122.69233271345952, 46.9542947513485], [-122.69131761718833, 46.954478703063806], [-122.69037438613987, 46.954405122453565], [-122.68990726219205, 46.95412306251039], [-122.68954793607837, 46.95346696080465], [-122.68914369420047, 46.953270741909556], [-122.68845199143158, 46.953283005611574], [-122.68752672668882, 46.953583465433184], [-122.68596365809422, 46.953552806345016], [-122.6851731406441, 46.95392684602091], [-122.68488567975312, 46.953902318909144], [-122.68435567373544, 46.95352214723926], [-122.6840322802331, 46.95347309263352], [-122.68377176880067, 46.95369996980814], [-122.6835471899796, 46.9543192782804], [-122.68257700947262, 46.95468718091009], [-122.68201107084356, 46.954380595561], [-122.68116665447637, 46.954472571350166], [-122.68068156422287, 46.954380595561], [-122.6802234234279, 46.95390845068815], [-122.67990002992559, 46.9537919467671], [-122.67783390477182, 46.954521625039725]]]}}, {"type": "Feature", "properties": {"FID": 10, "Shape_Leng": 6993.85759557, "coordinate": 522181.176045, "coordina_1": 5195776.88534, "facilityNu": "UTA21", "featureNam": "TA 21 B", "_Area_ID": "*TA 21B", "_label": "TA 21B", "_Parent_ID": "*Training Areas", "_ClosedSta": "_closed", "_OpenSta": "_open", "Status": " ", "featureAre": 1177.97994694, "featureA_1": 1177.97994694, "featureA_2": 4.76711571372, "featureDes": "Training Area 21- predominantDesignUse was 17502", "featurePer": 10570.1709805, "Shape_Le_1": 6993.85759557, "Shape_Le_2": 6993.85759557, "coordina_2": 0, "coordina_3": 0, "facility_1": " ", "featureA_3": 0, "featureA_4": 0, "featureA_5": " ", "featureA_6": 0, "featureA_7": " ", "featureA_8": " ", "featureD_1": " ", "featureN_1": " ", "featureP_1": 0, "featureP_2": " ", "installati": " ", "mediaId": " ", "metadataId": " ", "militaryGr": " ", "militaryTr": " ", "mimCode": " ", "operationa": " ", "regionalTr": " ", "rfmssFacil": " ", "rpaPredomC": " ", "rpaPredo_1": 0, "rpaPredo_2": " ", "rpaPredo_3": " ", "rpInterest": " ", "rpsuid": 0, "rpuid": " ", "SDSFIE_PRE": " ", "SDSFIE_P_1": 0, "sdsId": "{00000000-0000-0000-0000-000000000000}", "siteType": " ", "trainingSu": " ", "created_us": " ", "created_da": null, "last_edite": " ", "last_edi_1": null, "Type": " ", "Descriptio": " ", "Acres": 0, "Comment": " ", "Access": " ", "Shape_Le_3": 6993.85759557, "Shape_Area": 2569112.05089, "area_name": "*TA 21B", "area_type": " ", "area_syskey": 10}, "geometry": {"type": "Polygon", "coordinates": [[[-122.71563501193283, 46.90880248865394], [-122.71380244875297, 46.910741728182614], [-122.71235616114534, 46.91321477046642], [-122.71170039098783, 46.91731375546231], [-122.71093682299622, 46.919553337854595], [-122.7102990191444, 46.92065161939327], [-122.70967019844544, 46.92092772014942], [-122.70638236450512, 46.92328372206101], [-122.70493607689748, 46.92524697784331], [-122.70484624536904, 46.92648624601207], [-122.70273520445107, 46.9262960631554], [-122.70110027063376, 46.92682366554767], [-122.70038161840635, 46.92695249790056], [-122.69947431996927, 46.92695249790056], [-122.69910601070272, 46.92690955381737], [-122.69719259914729, 46.9261794991353], [-122.69621343548745, 46.92486046754929], [-122.69507257507647, 46.92235115035977], [-122.69447968698887, 46.92054731429288], [-122.69411137772232, 46.91825868657231], [-122.69383289998422, 46.917743271668975], [-122.69414731033369, 46.916025186184726], [-122.69253034282207, 46.916276766430364], [-122.6924584775993, 46.9157858770501], [-122.69217101670836, 46.91605586676574], [-122.69183864005318, 46.91612950008845], [-122.69123676881276, 46.91618472501409], [-122.69098524053315, 46.9160742751059], [-122.6910571057559, 46.90883317337], [-122.71563501193283, 46.90880248865394]]]}}, {"type": "Feature", "properties": {"FID": 11, "Shape_Leng": 13805.4325791, "coordinate": 518395.732896, "coordina_1": 5196278.93212, "facilityNu": "UTA23A", "featureNam": "TA 23B", "_Area_ID": "*TA 23B", "_label": "TA 23B", "_Parent_ID": "*Training Areas", "_ClosedSta": "_closed", "_OpenSta": "_open", "Status": " ", "featureAre": 1958.86955387, "featureA_1": 1958.86955387, "featureA_2": 7.92726383474, "featureDes": "Training Area 23A", "featurePer": 13805.4325791, "Shape_Le_1": 13805.2786106, "Shape_Le_2": 13805.2786106, "coordina_2": 0, "coordina_3": 0, "facility_1": " ", "featureA_3": 0, "featureA_4": 0, "featureA_5": " ", "featureA_6": 0, "featureA_7": " ", "featureA_8": " ", "featureD_1": " ", "featureN_1": " ", "featureP_1": 0, "featureP_2": " ", "installati": " ", "mediaId": " ", "metadataId": " ", "militaryGr": " ", "militaryTr": " ", "mimCode": " ", "operationa": " ", "regionalTr": " ", "rfmssFacil": " ", "rpaPredomC": " ", "rpaPredo_1": 0, "rpaPredo_2": " ", "rpaPredo_3": " ", "rpInterest": " ", "rpsuid": 0, "rpuid": " ", "SDSFIE_PRE": " ", "SDSFIE_P_1": 0, "sdsId": "{00000000-0000-0000-0000-000000000000}", "siteType": " ", "trainingSu": " ", "created_us": " ", "created_da": null, "last_edite": " ", "last_edi_1": null, "Type": " ", "Descriptio": " ", "Acres": 0, "Comment": " ", "Access": " ", "Shape_Le_3": 13805.2786106, "Shape_Area": 7927259.44598, "area_name": "*TA 23B", "area_type": " ", "area_syskey": 11}, "geometry": {"type": "Polygon", "coordinates": [[[-122.73073569186099, 46.90724981908839], [-122.73260418765221, 46.90690000195066], [-122.73442776767922, 46.90709025365962], [-122.73555066178453, 46.90667292644635], [-122.73661965697279, 46.90663610330097], [-122.73754492171555, 46.90619422358317], [-122.73811984349747, 46.90562345688989], [-122.73995240667733, 46.90446963039079], [-122.74403974122063, 46.901566542173704], [-122.74934878455052, 46.90151130218463], [-122.74927691932778, 46.90521839296911], [-122.75994890490462, 46.905163156742766], [-122.75975127554207, 46.90893750127323], [-122.7676923826548, 46.90895591205861], [-122.76765645004343, 46.9093241264381], [-122.76797086039292, 46.90938549525541], [-122.76927341755507, 46.910250788099496], [-122.77101614920652, 46.912091790223755], [-122.77115089649914, 46.912306569685626], [-122.77122276172189, 46.913362044818435], [-122.77200429601916, 46.91404931977657], [-122.77221989168739, 46.91447886214958], [-122.7730912575131, 46.91549747744214], [-122.7730463417489, 46.915908599816746], [-122.7726241335653, 46.91670629094924], [-122.77266904932951, 46.91747329045526], [-122.77284871238636, 46.91765736870308], [-122.7735134656967, 46.917835310408186], [-122.77425008422979, 46.91765736870308], [-122.77466330926053, 46.91777395126628], [-122.77495975330433, 46.918442762122], [-122.77663061973303, 46.919976700443804], [-122.77678333333135, 46.92044300898942], [-122.77727740673768, 46.92111178652972], [-122.7774480866417, 46.92224071316225], [-122.77805894103498, 46.92440033261078], [-122.77764571600423, 46.92534513874376], [-122.7788225090266, 46.92682366554767], [-122.77924471721019, 46.92792179804855], [-122.77819368832762, 46.929038311922945], [-122.77726842358484, 46.92965790573485], [-122.77690909747116, 46.93019774400522], [-122.77586705174143, 46.93086026535507], [-122.77545382671067, 46.93185403201372], [-122.77510348374982, 46.93232023717813], [-122.77336973525124, 46.93410527469708], [-122.77312719012448, 46.934792283590134], [-122.77324397111143, 46.93606200004301], [-122.7710341155122, 46.94331168823913], [-122.77041427796607, 46.94405990812147], [-122.76907578819252, 46.9449185082156], [-122.76842001803503, 46.944397216943614], [-122.76774628157186, 46.94359993812065], [-122.76361403126432, 46.937166076834565], [-122.76296724425967, 46.9366569775868], [-122.75944584834542, 46.93488429304051], [-122.75545732848337, 46.930737576834524], [-122.75331035495404, 46.928835868826965], [-122.75201678094473, 46.92747395902084], [-122.74958234652442, 46.924289899637444], [-122.74719282786833, 46.92021599086232], [-122.7452794163129, 46.91939380905469], [-122.74112919969969, 46.91788439767112], [-122.73959308056364, 46.91712354004224], [-122.73727542713029, 46.915270438361], [-122.7353979481862, 46.91333749912121], [-122.73346657032509, 46.910146462752486], [-122.73295453061306, 46.90902341821756], [-122.73073569186099, 46.90724981908839]], [[-122.76907578819252, 46.9449185082156], [-122.7691746028738, 46.944998234668475], [-122.76906680503969, 46.94492464102389], [-122.76907578819252, 46.9449185082156]]]}}, {"type": "Feature", "properties": {"FID": 12, "Shape_Leng": 9574.18138003, "coordinate": 530735.902351, "coordina_1": 5202106.84344, "facilityNu": "UTA17", "featureNam": "TA 17", "_Area_ID": "*TA 17", "_label": "TA 17", "_Parent_ID": "*Training Areas", "_ClosedSta": "_closed", "_OpenSta": "_open", "Status": " ", "featureAre": 508.414325606, "featureA_1": 508.414325606, "featureA_2": 2.05747977882, "featureDes": "Training Area 17- predominantDesignUse was 17502", "featurePer": 9574.18138003, "Shape_Le_1": 9574.18138003, "Shape_Le_2": 9574.18138003, "coordina_2": 0, "coordina_3": 0, "facility_1": " ", "featureA_3": 0, "featureA_4": 0, "featureA_5": " ", "featureA_6": 0, "featureA_7": " ", "featureA_8": " ", "featureD_1": " ", "featureN_1": " ", "featureP_1": 0, "featureP_2": " ", "installati": " ", "mediaId": " ", "metadataId": " ", "militaryGr": " ", "militaryTr": " ", "mimCode": " ", "operationa": " ", "regionalTr": " ", "rfmssFacil": " ", "rpaPredomC": " ", "rpaPredo_1": 0, "rpaPredo_2": " ", "rpaPredo_3": " ", "rpInterest": " ", "rpsuid": 0, "rpuid": " ", "SDSFIE_PRE": " ", "SDSFIE_P_1": 0, "sdsId": "{00000000-0000-0000-0000-000000000000}", "siteType": " ", "trainingSu": " ", "created_us": " ", "created_da": null, "last_edite": " ", "last_edi_1": null, "Type": " ", "Descriptio": " ", "Acres": 0, "Comment": " ", "Access": " ", "Shape_Le_3": 9574.18138003, "Shape_Area": 2057479.77882, "area_name": "*TA 17", "area_type": " ", "area_syskey": 12}, "geometry": {"type": "Polygon", "coordinates": [[[-122.57632427765218, 46.97396174010362], [-122.57540799606225, 46.97267453369282], [-122.57500375418434, 46.97154667022893], [-122.57528223192244, 46.97091530149288], [-122.57604579991407, 46.9704616921689], [-122.57714174456083, 46.970375873755884], [-122.58219027645829, 46.971485372620094], [-122.58411267116657, 46.97161409751754], [-122.58523556527189, 46.9715344107128], [-122.58630456046014, 46.971283090012406], [-122.58687049908922, 46.97101337867871], [-122.58747237032965, 46.970522990950975], [-122.58800237634736, 46.969707711402414], [-122.58815508994569, 46.96880046842369], [-122.58798441004167, 46.967972902286164], [-122.58746338717681, 46.9671943654165], [-122.59001460258408, 46.96720662592749], [-122.589960703667, 46.95992951856288], [-122.59008646780681, 46.95993564965125], [-122.5901493498767, 46.96720662592749], [-122.61161908517013, 46.96705336933846], [-122.61161908517013, 46.96756217952298], [-122.61033449431368, 46.969603501842535], [-122.61005601657557, 46.970645588304464], [-122.61054110682905, 46.97230062507138], [-122.61077466880295, 46.97371043080976], [-122.61111602861097, 46.97420078931156], [-122.61194247867247, 46.97486276615676], [-122.61221197325774, 46.97541440726813], [-122.61201434389521, 46.97626024591985], [-122.61120586013939, 46.976529930792935], [-122.61031652800798, 46.976585093440335], [-122.60893312247026, 46.976339925683014], [-122.6075676832382, 46.97630315042247], [-122.6063998733687, 46.97642573452591], [-122.60495358576107, 46.97675671020163], [-122.60384865796142, 46.976818001768635], [-122.60188134748894, 46.976346054890634], [-122.59888097443957, 46.974746307861324], [-122.5977490971814, 46.974347895985325], [-122.59662620307611, 46.9741027179709], [-122.59526076384404, 46.97397399906336], [-122.5935809142625, 46.97407207064007], [-122.59131715974623, 46.9739556106227], [-122.5874993197882, 46.974262083808135], [-122.58546014409295, 46.973992387497674], [-122.58461572772576, 46.97416401257989], [-122.58385215973415, 46.974617590502895], [-122.58306164228401, 46.9753347261259], [-122.5822351922225, 46.97654218916394], [-122.58154348945364, 46.97726542807928], [-122.5810045002831, 46.977608656684126], [-122.58030381436137, 46.977700592543464], [-122.57928871809018, 46.977332848157666], [-122.57847125118154, 46.976787355993906], [-122.57632427765218, 46.97396174010362]]]}}, {"type": "Feature", "properties": {"FID": 13, "Shape_Leng": 10214.8123838, "coordinate": 529260.44485, "coordina_1": 5203264.52102, "facilityNu": "UTA18C", "featureNam": "TA 18C", "_Area_ID": "*TA 18C", "_label": "TA 18C", "_Parent_ID": "*Training Areas", "_ClosedSta": "_closed", "_OpenSta": "_open", "Status": " ", "featureAre": 669.420211859, "featureA_1": 669.420211859, "featureA_2": 2.70904748365, "featureDes": "Training Area 18C", "featurePer": 8502.3809636, "Shape_Le_1": 10214.7816856, "Shape_Le_2": 10214.7816856, "coordina_2": 0, "coordina_3": 0, "facility_1": " ", "featureA_3": 0, "featureA_4": 0, "featureA_5": " ", "featureA_6": 0, "featureA_7": " ", "featureA_8": " ", "featureD_1": " ", "featureN_1": " ", "featureP_1": 0, "featureP_2": " ", "installati": " ", "mediaId": " ", "metadataId": " ", "militaryGr": " ", "militaryTr": " ", "mimCode": " ", "operationa": " ", "regionalTr": " ", "rfmssFacil": " ", "rpaPredomC": " ", "rpaPredo_1": 0, "rpaPredo_2": " ", "rpaPredo_3": " ", "rpInterest": " ", "rpsuid": 0, "rpuid": " ", "SDSFIE_PRE": " ", "SDSFIE_P_1": 0, "sdsId": "{00000000-0000-0000-0000-000000000000}", "siteType": " ", "trainingSu": " ", "created_us": " ", "created_da": null, "last_edite": " ", "last_edi_1": null, "Type": " ", "Descriptio": " ", "Acres": 0, "Comment": " ", "Access": " ", "Shape_Le_3": 10214.7816856, "Shape_Area": 4073476.6607, "area_name": "*TA 18C", "area_type": " ", "area_syskey": 13}, "geometry": {"type": "Polygon", "coordinates": [[[-122.61804203945249, 46.98865821457998], [-122.59020324879376, 46.98888494254745], [-122.59215259296057, 46.987469408955235], [-122.59288921149364, 46.98726105885473], [-122.59347311642841, 46.986237680393856], [-122.59367074579094, 46.98562486954162], [-122.59401210559896, 46.98428891753284], [-122.59403007190464, 46.983455462671195], [-122.593895324612, 46.982395240282926], [-122.5931137903147, 46.981169523456344], [-122.592413104393, 46.98059955556034], [-122.59212564350204, 46.97997442249417], [-122.5912273282178, 46.97772510874593], [-122.59117342930074, 46.97682413092144], [-122.59013138357102, 46.975874103847296], [-122.58977205745731, 46.97571474281405], [-122.58929595035667, 46.97567183783931], [-122.58960137755332, 46.97520601018378], [-122.58950256287204, 46.97432337823446], [-122.58962832701185, 46.9741027179709], [-122.5912093619121, 46.97396174010362], [-122.5935809142625, 46.97407207064007], [-122.59516194916279, 46.97397399906336], [-122.59690468081422, 46.97415175366371], [-122.59897080596798, 46.97478308419255], [-122.60196219586452, 46.97637670091827], [-122.6032288204153, 46.97672606439179], [-122.6042439166865, 46.976818001768635], [-122.60747785170979, 46.97630927963431], [-122.60884329094183, 46.97633379647466], [-122.61047822475916, 46.97659122261986], [-122.61131365797351, 46.9765054140425], [-122.61201434389521, 46.97626024591985], [-122.61247248469017, 46.97637057171414], [-122.61279587819251, 46.97603959364841], [-122.61293062548515, 46.97548795898636], [-122.6127509624283, 46.97442757859799], [-122.61282282765103, 46.97370430130002], [-122.61412538481318, 46.97291358865461], [-122.61444877831552, 46.97308521719895], [-122.61593998168736, 46.973213938245756], [-122.61722457254383, 46.97362461760969], [-122.61756593235185, 46.97387592730678], [-122.61841933187188, 46.97421304821649], [-122.6192906976976, 46.97425595436165], [-122.62127597447576, 46.97394948114108], [-122.6224437843453, 46.97289519984934], [-122.62315345341985, 46.97257032991356], [-122.62419549914956, 46.9729503662462], [-122.62445601058201, 46.973244586068375], [-122.6257226351328, 46.97383302085675], [-122.62622569169197, 46.97423143656863], [-122.62669281563977, 46.97436015485654], [-122.62673773140398, 46.974482743414114], [-122.62638738844313, 46.974452096301064], [-122.62627060745618, 46.97454403758755], [-122.627591130924, 46.97508955263583], [-122.62842656413835, 46.97586797458556], [-122.62914521636576, 46.97616217835606], [-122.62939674464535, 46.97651767241913], [-122.6290284353788, 46.9768547766751], [-122.6292619973527, 46.97724091166606], [-122.62862419350088, 46.97754123695346], [-122.62738451840863, 46.97777414111712], [-122.62670179879261, 46.97822768841922], [-122.62620772538628, 46.9787302633687], [-122.62500398290538, 46.980709872401505], [-122.62457279156895, 46.98230944101976], [-122.62473448832012, 46.98327161058478], [-122.62541720793614, 46.9844237398924], [-122.62608196124648, 46.98501817987769], [-122.62733061949159, 46.985575844369954], [-122.62817503585877, 46.98631734528865], [-122.62813012009457, 46.986636003680545], [-122.62757316461833, 46.98713849959274], [-122.627079091212, 46.98727331476549], [-122.62657603465283, 46.98763486286829], [-122.62578551720269, 46.988915581388206], [-122.62500398290538, 46.98932614015988], [-122.62431228013652, 46.98934452331468], [-122.6220215761617, 46.988682725757954], [-122.61804203945249, 46.98865821457998]]]}}, {"type": "Feature", "properties": {"FID": 14, "Shape_Leng": 10283.5592668, "coordinate": 540287.976224, "coordina_1": 5214697.50116, "facilityNu": "UTA08C", "featureNam": "TA 8B", "_Area_ID": "*TA 08B", "_label": "TA 08B", "_Parent_ID": "*Training Areas", "_ClosedSta": "_closed", "_OpenSta": "_open", "Status": " ", "featureAre": 1002.41586434, "featureA_1": 1002.41586434, "featureA_2": 4.05663307851, "featureDes": "Training Area 8C", "featurePer": 10283.5592668, "Shape_Le_1": 10283.5592668, "Shape_Le_2": 10283.5592668, "coordina_2": 0, "coordina_3": 0, "facility_1": " ", "featureA_3": 0, "featureA_4": 0, "featureA_5": " ", "featureA_6": 0, "featureA_7": " ", "featureA_8": " ", "featureD_1": " ", "featureN_1": " ", "featureP_1": 0, "featureP_2": " ", "installati": " ", "mediaId": " ", "metadataId": " ", "militaryGr": " ", "militaryTr": " ", "mimCode": " ", "operationa": " ", "regionalTr": " ", "rfmssFacil": " ", "rpaPredomC": " ", "rpaPredo_1": 0, "rpaPredo_2": " ", "rpaPredo_3": " ", "rpInterest": " ", "rpsuid": 0, "rpuid": " ", "SDSFIE_PRE": " ", "SDSFIE_P_1": 0, "sdsId": "{00000000-0000-0000-0000-000000000000}", "siteType": " ", "trainingSu": " ", "created_us": " ", "created_da": null, "last_edite": " ", "last_edi_1": null, "Type": " ", "Descriptio": " ", "Acres": 0, "Comment": " ", "Access": " ", "Shape_Le_3": 10283.5592668, "Shape_Area": 4056633.07851, "area_name": "*TA 08B", "area_type": " ", "area_syskey": 14}, "geometry": {"type": "Polygon", "coordinates": [[[-122.47847079373942, 47.06723837565235], [-122.47729400071707, 47.068131710243904], [-122.4771323039659, 47.068829235063625], [-122.4764765338084, 47.07010800685872], [-122.47662026425387, 47.07035886279778], [-122.47649450011409, 47.071044121784105], [-122.47677297785219, 47.07329562499118], [-122.47651246641976, 47.076226107609095], [-122.47654839903113, 47.07648305247135], [-122.47719518603579, 47.07701529145901], [-122.4775365458438, 47.07760870107392], [-122.47943199109356, 47.08154828392202], [-122.48013267701526, 47.08372594072527], [-122.48016860962663, 47.08746934494038], [-122.47969250252599, 47.08915746077291], [-122.47910859759122, 47.089805780894764], [-122.47876723778323, 47.090539718678734], [-122.47565906689974, 47.09050302202974], [-122.47594652779068, 47.097646159757254], [-122.46395401874602, 47.09771342790418], [-122.46395401874602, 47.10032458938572], [-122.4611333087535, 47.09954186589417], [-122.45825869984391, 47.098508408658354], [-122.45754903076937, 47.09810480452803], [-122.45712682258578, 47.09754831502821], [-122.45915701512816, 47.09509602278554], [-122.46023499346924, 47.09405024785506], [-122.46121415712908, 47.091463242686686], [-122.46133992126889, 47.090007614793564], [-122.46055838697158, 47.08354855066422], [-122.45989363366124, 47.082319037799195], [-122.45770174436768, 47.08066129145434], [-122.45736038455968, 47.07976816687703], [-122.45773767697906, 47.078954554059635], [-122.45921091404523, 47.07835504192834], [-122.46099856146085, 47.07714987978618], [-122.4613668707274, 47.07601810371789], [-122.46135788757456, 47.073962492192784], [-122.46433131116541, 47.07301419229207], [-122.46562488517472, 47.0724023769493], [-122.46708913908805, 47.07189456488064], [-122.46876000551673, 47.07200469321002], [-122.46942475882707, 47.07216376706183], [-122.4701254447488, 47.07182726412285], [-122.47210173837412, 47.071215435154045], [-122.4724341150293, 47.07092787311233], [-122.47274852537878, 47.070334389099614], [-122.47326954824364, 47.067103762292646], [-122.47355700913461, 47.06697526740485], [-122.47508414511782, 47.06698750502655], [-122.47631483705723, 47.066559186595185], [-122.47679094415787, 47.06655306773552], [-122.47847079373942, 47.06723837565235]]]}}, {"type": "Feature", "properties": {"FID": 15, "Shape_Leng": 14149.2180164, "coordinate": 525087.419787, "coordina_1": 5202106.97457, "facilityNu": "UTA19B", "featureNam": "TA 19B", "_Area_ID": "*TA 19B", "_label": "TA 19B", "_Parent_ID": "*Training Areas", "_ClosedSta": "_closed", "_OpenSta": "_open", "Status": " ", "featureAre": 1616.63197754, "featureA_1": 1616.63197754, "featureA_2": 6.54227750098, "featureDes": "Training Area 19B", "featurePer": 14149.2180164, "Shape_Le_1": 14149.2180164, "Shape_Le_2": 14149.2180164, "coordina_2": 0, "coordina_3": 0, "facility_1": " ", "featureA_3": 0, "featureA_4": 0, "featureA_5": " ", "featureA_6": 0, "featureA_7": " ", "featureA_8": " ", "featureD_1": " ", "featureN_1": " ", "featureP_1": 0, "featureP_2": " ", "installati": " ", "mediaId": " ", "metadataId": " ", "militaryGr": " ", "militaryTr": " ", "mimCode": " ", "operationa": " ", "regionalTr": " ", "rfmssFacil": " ", "rpaPredomC": " ", "rpaPredo_1": 0, "rpaPredo_2": " ", "rpaPredo_3": " ", "rpInterest": " ", "rpsuid": 0, "rpuid": " ", "SDSFIE_PRE": " ", "SDSFIE_P_1": 0, "sdsId": "{00000000-0000-0000-0000-000000000000}", "siteType": " ", "trainingSu": " ", "created_us": " ", "created_da": null, "last_edite": " ", "last_edi_1": null, "Type": " ", "Descriptio": " ", "Acres": 0, "Comment": " ", "Access": " ", "Shape_Le_3": 14149.2180164, "Shape_Area": 6542277.50098, "area_name": "*TA 19B", "area_type": " ", "area_syskey": 15}, "geometry": {"type": "Polygon", "coordinates": [[[-122.65402854973932, 46.967114672026746], [-122.65422617910187, 46.967034978518264], [-122.65467533674398, 46.96639129582811], [-122.65526822483159, 46.96606025599997], [-122.65652586622953, 46.965931517735754], [-122.65760384457062, 46.96563112724771], [-122.65865487345319, 46.96552690974548], [-122.65997539692104, 46.96523877794737], [-122.66176304433668, 46.965392039735306], [-122.66396391678309, 46.965263299862954], [-122.66550901907198, 46.96536751787873], [-122.66614682292379, 46.96518973408249], [-122.66641631750906, 46.96499968868138], [-122.66755717792006, 46.96507325472318], [-122.66893160030494, 46.96482803419039], [-122.67040483737111, 46.96523877794737], [-122.67210265325832, 46.96526943034009], [-122.67256079405331, 46.96536138741284], [-122.6736836881586, 46.96599282170972], [-122.6741058963422, 46.96667942141843], [-122.67463590235991, 46.96700432713721], [-122.67537252089298, 46.96637903513028], [-122.67600134159196, 46.96603573444972], [-122.67728593244843, 46.965937648136304], [-122.67816628142698, 46.96541043112037], [-122.678678321139, 46.964815773134234], [-122.67941493967209, 46.96431919799862], [-122.67956765327041, 46.96401879845671], [-122.67856154015205, 46.96246159828581], [-122.67857052330488, 46.96151744697666], [-122.67832797817815, 46.96128447201273], [-122.67759135964508, 46.9610453650738], [-122.67761830910361, 46.96014410623771], [-122.67645948238692, 46.959273488048105], [-122.67651338130396, 46.95905889688151], [-122.6771511851558, 46.95832928047743], [-122.67718711776716, 46.95766096764609], [-122.67751051126949, 46.95680257194717], [-122.67745661235243, 46.95656344497871], [-122.67842679285943, 46.955416846976185], [-122.67832797817815, 46.955098002524124], [-122.67745661235243, 46.95460746888829], [-122.67836391078951, 46.95439285900868], [-122.67990002992559, 46.9537919467671], [-122.6802234234279, 46.95390845068815], [-122.68068156422287, 46.954380595561], [-122.68116665447637, 46.954472571350166], [-122.68201107084356, 46.954380595561], [-122.68285548721074, 46.954950842905525], [-122.68294531873917, 46.9554658998002], [-122.68327769539434, 46.95596868865377], [-122.6833315943114, 46.95693746361178], [-122.68421194328995, 46.95780198847964], [-122.68446347156953, 46.95944516036173], [-122.68542466892369, 46.9601992857864], [-122.68548755099357, 46.96146839970014], [-122.68590975917716, 46.961879169252335], [-122.68619722006814, 46.96240642107033], [-122.6867631586972, 46.96273135274236], [-122.68769740659283, 46.96400653721509], [-122.68811961477643, 46.96530008271525], [-122.68864962079411, 46.96596216973154], [-122.68853283980718, 46.966654900152015], [-122.68863165448843, 46.967102411494714], [-122.6895748855369, 46.96840201225208], [-122.69048218397398, 46.96883111877551], [-122.69132660034117, 46.969591241881], [-122.69141643186958, 46.9699099999684], [-122.69108405521443, 46.97079883460109], [-122.69113795413148, 46.971246311274264], [-122.6914793139395, 46.971522151193845], [-122.69192847158162, 46.97166313549221], [-122.6927728879488, 46.971516021433295], [-122.69304238253407, 46.97193284354922], [-122.69267407326753, 46.97245386662582], [-122.69211711779131, 46.97276034841745], [-122.6920722020271, 46.9731219946725], [-122.69341069180062, 46.97456855523724], [-122.69447070383603, 46.97519375150645], [-122.695099524535, 46.97645025131289], [-122.69547681695438, 46.97692832641216], [-122.69646496376704, 46.977498333444274], [-122.69791125137468, 46.97789672184842], [-122.69793820083322, 46.97990700574647], [-122.69773158831784, 46.98008474062519], [-122.69700395293759, 46.98009699818126], [-122.6968781887978, 46.98018892976214], [-122.69641106484998, 46.981028564219635], [-122.69652784583695, 46.981071464896246], [-122.69560258109416, 46.98119403806825], [-122.69391374835979, 46.980955020122515], [-122.6932400118966, 46.98075277333383], [-122.69159609492644, 46.97961282257998], [-122.68877538493392, 46.978129624463676], [-122.68533483739525, 46.97693445555234], [-122.68423889274847, 46.9766892893968], [-122.68340345953412, 46.97662186850697], [-122.6826758241539, 46.976738322717836], [-122.68217276759471, 46.977014134310885], [-122.68073546313994, 46.97881606837577], [-122.6801785076637, 46.97925734909424], [-122.67901968094701, 46.9798395889138], [-122.67845374231796, 46.98030537620439], [-122.67763627540928, 46.981598527542154], [-122.65744214781947, 46.98141466906975], [-122.65358837525005, 46.98147595529747], [-122.65064190111772, 46.98164142776143], [-122.64905188306463, 46.981592398936606], [-122.64818051723891, 46.97807446340964], [-122.64763254491551, 46.97661573933096], [-122.64372487342904, 46.97190219497489], [-122.6434823283023, 46.97181024914647], [-122.64341944623241, 46.967114672026746], [-122.65402854973932, 46.967114672026746]]]}}, {"type": "Feature", "properties": {"FID": 16, "Shape_Leng": 16608.722635, "coordinate": 528203.741125, "coordina_1": 5211401.84655, "facilityNu": "UTA04C", "featureNam": "TA 4C", "_Area_ID": "*TA 04C", "_label": "TA 04C", "_Parent_ID": "*Training Areas", "_ClosedSta": "_closed", "_OpenSta": "_open", "Status": " ", "featureAre": 2264.2674006, "featureA_1": 2264.2674006, "featureA_2": 9.16316507216, "featureDes": "Training Area 4C", "featurePer": 16608.722635, "Shape_Le_1": 16608.722635, "Shape_Le_2": 19290.966711, "coordina_2": 0, "coordina_3": 0, "facility_1": " ", "featureA_3": 0, "featureA_4": 0, "featureA_5": " ", "featureA_6": 0, "featureA_7": " ", "featureA_8": " ", "featureD_1": " ", "featureN_1": " ", "featureP_1": 0, "featureP_2": " ", "installati": " ", "mediaId": " ", "metadataId": " ", "militaryGr": " ", "militaryTr": " ", "mimCode": " ", "operationa": " ", "regionalTr": " ", "rfmssFacil": " ", "rpaPredomC": " ", "rpaPredo_1": 0, "rpaPredo_2": " ", "rpaPredo_3": " ", "rpInterest": " ", "rpsuid": 0, "rpuid": " ", "SDSFIE_PRE": " ", "SDSFIE_P_1": 0, "sdsId": "{00000000-0000-0000-0000-000000000000}", "siteType": " ", "trainingSu": " ", "created_us": " ", "created_da": null, "last_edite": " ", "last_edi_1": null, "Type": " ", "Descriptio": " ", "Acres": 0, "Comment": " ", "Access": " ", "Shape_Le_3": 19290.966711, "Shape_Area": 8564553.32753, "area_name": "*TA 04C", "area_type": " ", "area_syskey": 16}, "geometry": {"type": "Polygon", "coordinates": [[[-122.59995895278065, 47.056468232612644], [-122.59989607071077, 47.05642539247249], [-122.6004350598813, 47.056627352831825], [-122.59995895278065, 47.056468232612644]], [[-122.60329170248521, 47.05681707247261], [-122.60373187697448, 47.056768112629925], [-122.60384865796142, 47.05681707247261], [-122.60329170248521, 47.05681707247261]], [[-122.60480985531558, 47.05725158910646], [-122.60423493353365, 47.05698843156796], [-122.60701971091481, 47.05821240909147], [-122.60480985531558, 47.05725158910646]], [[-122.60781921151779, 47.05851839908238], [-122.61038839323075, 47.06014623631358], [-122.60758564954389, 47.058426602269485], [-122.60781921151779, 47.05851839908238]], [[-122.61405351959046, 47.06272864303861], [-122.6134067325858, 47.062024919007776], [-122.61379300815803, 47.06228193233929], [-122.61383792392223, 47.06222073880132], [-122.61492488541617, 47.06248387051626], [-122.61500573379176, 47.06007892072147], [-122.61407148589613, 47.05703739120832], [-122.61472725605363, 47.056963951730886], [-122.61326300214031, 47.05403240999145], [-122.61319113691758, 47.05307763509418], [-122.61085551717855, 47.053481580406114], [-122.60972363992039, 47.05357338573211], [-122.60714547505461, 47.053726394257566], [-122.60528596241622, 47.05369579258759], [-122.60531291187475, 47.054007928797375], [-122.60498053521958, 47.05421601858892], [-122.60344441608352, 47.05432618344394], [-122.60286051114878, 47.0546627968687], [-122.6024652524237, 47.05457099341814], [-122.6022945725197, 47.05544005975001], [-122.60175558334913, 47.05572770534576], [-122.59889894074524, 47.05450367078727], [-122.59815333905932, 47.05531765689821], [-122.59816232221216, 47.055495140941645], [-122.59879114291113, 47.05612551052782], [-122.59629382642093, 47.05620507120812], [-122.5959255171544, 47.0560887901738], [-122.59337430174715, 47.0559602687356], [-122.59251191907425, 47.05571546513926], [-122.59312277346754, 47.05523809489388], [-122.5938504088478, 47.054883124505274], [-122.59558415734638, 47.054356784752194], [-122.61202332704805, 47.05252067517679], [-122.61349656411421, 47.05221465076816], [-122.61422419949446, 47.05184129861162], [-122.61514946423722, 47.050917087768255], [-122.62527347749065, 47.036035700764536], [-122.6256417867572, 47.03503162391154], [-122.62449194319338, 47.03309076327081], [-122.62596518025954, 47.03388670834932], [-122.62680061347389, 47.03409487664222], [-122.63446324284848, 47.03446835301476], [-122.63661021637782, 47.03444386284089], [-122.64263791193511, 47.034915296713486], [-122.64372487342904, 47.035166318245125], [-122.64337453046821, 47.03550917501468], [-122.64258401301807, 47.03563774573534], [-122.64167671458098, 47.036115291414234], [-122.64107484334053, 47.03613365847039], [-122.64063466885126, 47.0363112063539], [-122.63931414538341, 47.03724179249452], [-122.63883803828276, 47.038049919923864], [-122.63864939207306, 47.04014976958276], [-122.63917939809077, 47.04084153869077], [-122.64118264117464, 47.042365847810856], [-122.64170366403951, 47.04304534507087], [-122.64292537282608, 47.04680384924853], [-122.64381470495748, 47.04816272205943], [-122.64440759304509, 47.04858506736766], [-122.64588981326409, 47.04916655181299], [-122.64653660026875, 47.05046415740146], [-122.64711152205064, 47.050947691032704], [-122.64733610087173, 47.05154751147061], [-122.6469138926881, 47.053475460045405], [-122.6471025388978, 47.05424661996038], [-122.64768644383257, 47.05454039223284], [-122.64854882650543, 47.0546015945859], [-122.64920459666293, 47.05452203151321], [-122.64836916344859, 47.05619895115999], [-122.64766847752688, 47.05708635080376], [-122.64565625129019, 47.05886722553002], [-122.64458725610191, 47.05953427325956], [-122.64384165441601, 47.05973622184389], [-122.64316791795282, 47.05977905932405], [-122.641218573786, 47.06061132353704], [-122.64026635958471, 47.06118043790911], [-122.63938601060616, 47.06195760578763], [-122.63892786981117, 47.06294281807378], [-122.63902668449245, 47.06377503290023], [-122.63890990350549, 47.06441754281311], [-122.63839786379349, 47.06482752128177], [-122.63818226812526, 47.065298686672655], [-122.63792175669283, 47.06789308123634], [-122.64054483732282, 47.06873133739397], [-122.64297927174313, 47.06999787461008], [-122.64414708161264, 47.070787150696724], [-122.64530590832932, 47.07202916614121], [-122.64265587824079, 47.074243919884005], [-122.6416407819696, 47.07483736036157], [-122.6415778998997, 47.07511266555555], [-122.6404100900302, 47.076103752477316], [-122.63858651000318, 47.07719882091179], [-122.6358196989277, 47.07796963771051], [-122.63531664236851, 47.07826327927219], [-122.63362780963413, 47.07975593218983], [-122.63307983731076, 47.079774284219575], [-122.63325051721475, 47.07737623211523], [-122.63289119110107, 47.07660540673221], [-122.63254983129305, 47.0762934028118], [-122.63044777352792, 47.07480065289492], [-122.62865114295944, 47.07327727073002], [-122.6281391032474, 47.07300195605406], [-122.62278514415331, 47.071239908447644], [-122.62062918747111, 47.07003458538491], [-122.61842831502473, 47.068394812783175], [-122.61737728614216, 47.067415820016265], [-122.61701796002846, 47.066045199934536], [-122.61638913932948, 47.06554344627109], [-122.61405351959046, 47.06272864303861]]]}}, {"type": "Feature", "properties": {"FID": 17, "Shape_Leng": 7332.58400499, "coordinate": 529567.619579, "coordina_1": 5217468.67507, "facilityNu": "UTA02", "featureNam": "TA 2B", "_Area_ID": "*TA 02B", "_label": "TA 02B", "_Parent_ID": "*Training Areas", "_ClosedSta": "_closed", "_OpenSta": "_open", "Status": " ", "featureAre": 803.054639064, "featureA_1": 803.054639064, "featureA_2": 3.24984682363, "featureDes": "Training Area 2- predominantDesignUse was 17502", "featurePer": 9908.35611319, "Shape_Le_1": 7332.58400499, "Shape_Le_2": 7332.58400499, "coordina_2": 0, "coordina_3": 0, "facility_1": " ", "featureA_3": 0, "featureA_4": 0, "featureA_5": " ", "featureA_6": 0, "featureA_7": " ", "featureA_8": " ", "featureD_1": " ", "featureN_1": " ", "featureP_1": 0, "featureP_2": " ", "installati": " ", "mediaId": " ", "metadataId": " ", "militaryGr": " ", "militaryTr": " ", "mimCode": " ", "operationa": " ", "regionalTr": " ", "rfmssFacil": " ", "rpaPredomC": " ", "rpaPredo_1": 0, "rpaPredo_2": " ", "rpaPredo_3": " ", "rpInterest": " ", "rpsuid": 0, "rpuid": " ", "SDSFIE_PRE": " ", "SDSFIE_P_1": 0, "sdsId": "{00000000-0000-0000-0000-000000000000}", "siteType": " ", "trainingSu": " ", "created_us": " ", "created_da": null, "last_edite": " ", "last_edi_1": null, "Type": " ", "Descriptio": " ", "Acres": 0, "Comment": " ", "Access": " ", "Shape_Le_3": 7332.58400499, "Shape_Area": 1658903.40088, "area_name": "*TA 02B", "area_type": " ", "area_syskey": 17}, "geometry": {"type": "Polygon", "coordinates": [[[-122.60243830296517, 47.10727075614183], [-122.6075676832382, 47.10783325814344], [-122.60944516218228, 47.108762596252895], [-122.61060398889896, 47.10951461455579], [-122.61432301417572, 47.111324306107335], [-122.61823068566218, 47.11306057394352], [-122.61931764715612, 47.11317061717919], [-122.62165326689515, 47.113152276655704], [-122.62230903705266, 47.11353131285647], [-122.62164428374231, 47.1134885185819], [-122.62124902501725, 47.11365358202276], [-122.62000934992498, 47.113702489610624], [-122.6193984955317, 47.113910346357606], [-122.61918289986347, 47.114167109453554], [-122.61912900094643, 47.11490071147286], [-122.61901221995949, 47.11490071147286], [-122.61913798409927, 47.11527973522048], [-122.61890442212537, 47.11527973522048], [-122.61890442212537, 47.115389773867356], [-122.61806000575818, 47.11561596370469], [-122.61807797206386, 47.115695435581465], [-122.61895832104241, 47.11578102054677], [-122.6186798433043, 47.11596441643752], [-122.61586811646464, 47.11598275599183], [-122.6107836519558, 47.1173582045513], [-122.61039737638359, 47.11671633298131], [-122.60560935591856, 47.11739488269285], [-122.60502545098379, 47.11769441990262], [-122.60156693713947, 47.12024958714641], [-122.60170168443209, 47.120329052102804], [-122.60133337516554, 47.12078750145674], [-122.60075845338363, 47.12105034397129], [-122.6003272620472, 47.121019780954924], [-122.59823418743491, 47.122419549092534], [-122.59678789982728, 47.121276509746764], [-122.59593450030724, 47.120102882299726], [-122.59403007190464, 47.11398370736856], [-122.59498228610593, 47.1138003046515], [-122.59629382642093, 47.113763624032245], [-122.59606026444703, 47.11295664401197], [-122.59555720788785, 47.11291996281119], [-122.59553025842933, 47.11260817158393], [-122.59610518021125, 47.1121007427399], [-122.59613212966978, 47.11138544326091], [-122.59588060139018, 47.1112326002453], [-122.59588958454302, 47.109722487659376], [-122.59601534868281, 47.10944736131905], [-122.59637467479652, 47.109263942968745], [-122.59733587215065, 47.109551298103646], [-122.59743468683193, 47.109771398859884], [-122.59774011402857, 47.10994258770767], [-122.59862944615998, 47.110156572993134], [-122.59906962064926, 47.110132117575475], [-122.59950081198569, 47.10994258770767], [-122.6018094822662, 47.10983865168717], [-122.60188134748894, 47.1093373103847], [-122.60410018624103, 47.109587981626234], [-122.60525002980485, 47.10958186770755], [-122.60559138961287, 47.10840798230984], [-122.60616631139477, 47.10839575420069], [-122.6063190249931, 47.10821844630245], [-122.60605851356068, 47.10801668142393], [-122.60574410321118, 47.1079799968184], [-122.60575308636402, 47.10787605696543], [-122.60219575783843, 47.10749086632866], [-122.60243830296517, 47.10727075614183]]]}}, {"type": "Feature", "properties": {"FID": 18, "Shape_Leng": 16607.6889609, "coordinate": 525581.630204, "coordina_1": 5207304.11686, "facilityNu": "UTA03C", "featureNam": "TA 3C", "_Area_ID": "*TA 03C", "_label": "TA 03C", "_Parent_ID": "*Training Areas", "_ClosedSta": "_closed", "_OpenSta": "_open", "Status": " ", "featureAre": 942.179121827, "featureA_1": 942.179121827, "featureA_2": 3.81286363022, "featureDes": "Training Area 3C - predominantDesignUse was 17502", "featurePer": 16607.6889609, "Shape_Le_1": 16607.6272341, "Shape_Le_2": 16607.6272341, "coordina_2": 0, "coordina_3": 0, "facility_1": " ", "featureA_3": 0, "featureA_4": 0, "featureA_5": " ", "featureA_6": 0, "featureA_7": " ", "featureA_8": " ", "featureD_1": " ", "featureN_1": " ", "featureP_1": 0, "featureP_2": " ", "installati": " ", "mediaId": " ", "metadataId": " ", "militaryGr": " ", "militaryTr": " ", "mimCode": " ", "operationa": " ", "regionalTr": " ", "rfmssFacil": " ", "rpaPredomC": " ", "rpaPredo_1": 0, "rpaPredo_2": " ", "rpaPredo_3": " ", "rpInterest": " ", "rpsuid": 0, "rpuid": " ", "SDSFIE_PRE": " ", "SDSFIE_P_1": 0, "sdsId": "{00000000-0000-0000-0000-000000000000}", "siteType": " ", "trainingSu": " ", "created_us": " ", "created_da": null, "last_edite": " ", "last_edi_1": null, "Type": " ", "Descriptio": " ", "Acres": 0, "Comment": " ", "Access": " ", "Shape_Le_3": 16607.6272341, "Shape_Area": 3812864.47033, "area_name": "*TA 03C", "area_type": " ", "area_syskey": 18}, "geometry": {"type": "Polygon", "coordinates": [[[-122.67795068575876, 47.03429692156174], [-122.67666609490229, 47.0344010050096], [-122.67671101066651, 47.03486019426798], [-122.67652236445683, 47.03520917546177], [-122.67621693726018, 47.035545909537895], [-122.67557913340836, 47.0357479489636], [-122.6753096388231, 47.03569896977915], [-122.67490539694518, 47.035154073319745], [-122.67411487949504, 47.0347193766488], [-122.67404301427231, 47.03452957840025], [-122.67381843545125, 47.034486720637766], [-122.67357589032449, 47.034909174222335], [-122.67221045109244, 47.035686724976], [-122.67172536083896, 47.036213248973986], [-122.67128518634968, 47.037180570220855], [-122.67159959669915, 47.0381356296909], [-122.67141993364231, 47.03840500234817], [-122.67096179284735, 47.03861927508171], [-122.66920109489023, 47.03615814786877], [-122.66647021642613, 47.0332070944461], [-122.6680961670906, 47.03227031514971], [-122.66787158826953, 47.03185396351759], [-122.66418849560415, 47.02919658393368], [-122.66461070378774, 47.02893941114583], [-122.66388306840749, 47.02830872025391], [-122.6639908662416, 47.02778211826639], [-122.66350577598813, 47.027028945929715], [-122.66343391076538, 47.026410479398194], [-122.66306560149883, 47.025994082053515], [-122.66274220799652, 47.02521026647551], [-122.66213135360321, 47.0244876762941], [-122.66221220197879, 47.02395491286229], [-122.66271525853799, 47.02363647700804], [-122.66294882051189, 47.023262924834924], [-122.66285898898344, 47.02250968873354], [-122.66213135360321, 47.02197078158651], [-122.66149354975141, 47.02170744997939], [-122.66083777959392, 47.02117465880181], [-122.65966098657154, 47.02063573817877], [-122.65940945829196, 47.0200171975772], [-122.65861894084182, 47.019447643953676], [-122.65740621520808, 47.01903119229762], [-122.6572355353041, 47.018498374413056], [-122.65760384457062, 47.01826564769168], [-122.65766672664053, 47.01805741766011], [-122.65724451845693, 47.01772669770558], [-122.65708282170577, 47.017261236521605], [-122.6560317928232, 47.01648341733006], [-122.65605874228173, 47.01615881226942], [-122.65578924769646, 47.015632090425164], [-122.65508856177473, 47.01530135544904], [-122.65297752085677, 47.01345777666167], [-122.65143241856786, 47.01292490316246], [-122.65114495767692, 47.012122520391564], [-122.65059698535352, 47.01167538583055], [-122.65041732229666, 47.01102611528306], [-122.64876442217366, 47.01009507204449], [-122.64884527054924, 47.00951928718275], [-122.64755169653994, 47.009213016110344], [-122.64727321880181, 47.00890061780723], [-122.64655456657442, 47.008839363023746], [-122.64632100460052, 47.008698476755114], [-122.6462132067664, 47.00836769883787], [-122.64704863998075, 47.0082574390769], [-122.64705762313359, 47.00791440725392], [-122.64672524647844, 47.00762650384498], [-122.646294055142, 47.0073508501908], [-122.6457460828186, 47.00720995999599], [-122.64501844743835, 47.0073508501908], [-122.64459623925475, 47.007559121972], [-122.64434471097518, 47.007473363101624], [-122.64438962673938, 47.00720995999599], [-122.64385962072168, 47.00649325194721], [-122.64101196127062, 47.00406127347506], [-122.64077839929672, 47.00347929747384], [-122.64001483130512, 47.00305046899498], [-122.6392063475493, 47.0028973151326], [-122.63599037883169, 47.00173945772648], [-122.63370865800972, 47.00138413137412], [-122.6320737241924, 47.00096753884806], [-122.63069031865466, 47.00022624117337], [-122.62908233429587, 46.99876812152082], [-122.62894758700322, 46.9985046754907], [-122.62865114295944, 46.99767756904859], [-122.62865114295944, 46.997162918578546], [-122.62892962069755, 46.9966543900311], [-122.62998963273296, 46.99602331775497], [-122.63119337521384, 46.99604169860626], [-122.63005251480284, 46.99658699431825], [-122.62963030661925, 46.99695460626479], [-122.62952250878514, 46.9973712300802], [-122.62961234031357, 46.997775597147545], [-122.63033099254098, 46.998835514482685], [-122.6316066002446, 46.99969323566265], [-122.63302593839369, 47.00043454073253], [-122.6348674847264, 47.0007592413669], [-122.6367090310591, 47.00069797724729], [-122.63743666643933, 47.00045904650962], [-122.63820023443094, 47.0003610233338], [-122.63980821878975, 47.00044066717787], [-122.64191925970772, 47.001733331430096], [-122.6431230021886, 47.0033874059467], [-122.64393148594442, 47.00384686200169], [-122.64530590832932, 47.004122533737956], [-122.64721033673192, 47.00406127347506], [-122.64778525851384, 47.00416541588018], [-122.64820746669744, 47.004422708010715], [-122.64937527656694, 47.005819415096646], [-122.64954595647096, 47.00660351534986], [-122.64911476513451, 47.0077551417301], [-122.64933036080274, 47.00842895416228], [-122.64995019834886, 47.00890674328171], [-122.65166598054176, 47.009396778964536], [-122.65265412735444, 47.00926814503297], [-122.65301345346815, 47.0089741234547], [-122.65285175671698, 47.00761425260167], [-122.65297752085677, 47.00706294374432], [-122.65320209967783, 47.00687917286071], [-122.65536703951287, 47.00615020879453], [-122.65807096851844, 47.0059358057054], [-122.65870877237026, 47.005457990010875], [-122.65926572784647, 47.004177667914504], [-122.65970590233576, 47.003748845041535], [-122.66048743663305, 47.00350380185436], [-122.66135880245876, 47.00385298805574], [-122.66197864000489, 47.00482702171215], [-122.66275119114935, 47.00765100632317], [-122.6635866243637, 47.009341650174676], [-122.66362255697507, 47.0098500579684], [-122.66339797815401, 47.01057897154279], [-122.66351475914097, 47.011050616201736], [-122.66378425372623, 47.011387502693886], [-122.66444900703657, 47.01207351952644], [-122.66508681088838, 47.01250227557198], [-122.66606597454822, 47.01294327819921], [-122.6674403969331, 47.01333527747735], [-122.66883278562369, 47.01399676973459], [-122.66941669055845, 47.01409476789066], [-122.67045873628817, 47.01393552079574], [-122.67092586023598, 47.01405801860321], [-122.67316266529376, 47.016514040347126], [-122.67487844748666, 47.01913530551616], [-122.6751209926134, 47.01995595554361], [-122.67473471704118, 47.02062348991956], [-122.67423166048201, 47.02086233046714], [-122.67288418755562, 47.021229775377094], [-122.67247994567771, 47.02142574496172], [-122.67221943424529, 47.02172582199411], [-122.67203977118844, 47.02268728194255], [-122.67211163641119, 47.023575239126], [-122.67294706962552, 47.02429171794882], [-122.67305486745964, 47.02459790254721], [-122.67299198538974, 47.02520414287102], [-122.67254282774762, 47.02642884979444], [-122.67270452449877, 47.0271881539761], [-122.67404301427231, 47.027629035318625], [-122.67474370019401, 47.02765965194329], [-122.6752287904475, 47.02754330867612], [-122.67600134159196, 47.02713304355224], [-122.67790576999455, 47.02577363508548], [-122.6782111971912, 47.025706276108096], [-122.67901069779417, 47.025938970396844], [-122.67951375435335, 47.02647171402785], [-122.67998087830117, 47.02829035050459], [-122.68051986747172, 47.029600710096766], [-122.68104089033656, 47.03174375224777], [-122.68038512017907, 47.03323770787112], [-122.67960358588178, 47.03372139765593], [-122.6784447591651, 47.03404589594049], [-122.67795068575876, 47.03429692156174]]]}}, {"type": "Feature", "properties": {"FID": 19, "Shape_Leng": 6506.42920308, "coordinate": 522947.57091, "coordina_1": 5212674.48927, "facilityNu": "UTA03A", "featureNam": "TA 3A", "_Area_ID": "*TA 03A", "_label": "TA 03A", "_Parent_ID": "*Training Areas", "_ClosedSta": "_closed", "_OpenSta": "_open", "Status": " ", "featureAre": 180.673625216, "featureA_1": 180.673625216, "featureA_2": 0.731160220565, "featureDes": "Training Area 3A - predominantDesignUse was 17502", "featurePer": 6506.42920308, "Shape_Le_1": 6506.42920308, "Shape_Le_2": 6506.42920308, "coordina_2": 0, "coordina_3": 0, "facility_1": " ", "featureA_3": 0, "featureA_4": 0, "featureA_5": " ", "featureA_6": 0, "featureA_7": " ", "featureA_8": " ", "featureD_1": " ", "featureN_1": " ", "featureP_1": 0, "featureP_2": " ", "installati": " ", "mediaId": " ", "metadataId": " ", "militaryGr": " ", "militaryTr": " ", "mimCode": " ", "operationa": " ", "regionalTr": " ", "rfmssFacil": " ", "rpaPredomC": " ", "rpaPredo_1": 0, "rpaPredo_2": " ", "rpaPredo_3": " ", "rpInterest": " ", "rpsuid": 0, "rpuid": " ", "SDSFIE_PRE": " ", "SDSFIE_P_1": 0, "sdsId": "{00000000-0000-0000-0000-000000000000}", "siteType": " ", "trainingSu": " ", "created_us": " ", "created_da": null, "last_edite": " ", "last_edi_1": null, "Type": " ", "Descriptio": " ", "Acres": 0, "Comment": " ", "Access": " ", "Shape_Le_3": 6506.42920308, "Shape_Area": 731160.220565, "area_name": "*TA 03A", "area_type": " ", "area_syskey": 19}, "geometry": {"type": "Polygon", "coordinates": [[[-122.69178474113613, 47.058169570352625], [-122.69364425377452, 47.05854287820576], [-122.69432697339055, 47.05878154907008], [-122.69580919360955, 47.059460837221046], [-122.69633021647441, 47.05991981080223], [-122.69633919962726, 47.06037878043244], [-122.69587207567945, 47.06081326804186], [-122.69571037892828, 47.06126611051432], [-122.69583614306806, 47.06173730738203], [-122.69609665450051, 47.061939247621936], [-122.695099524535, 47.06431351792402], [-122.69442578807181, 47.06272864303861], [-122.69221593247256, 47.05996876775104], [-122.69187457266456, 47.05908141607755], [-122.69178474113613, 47.058169570352625]], [[-122.6941652766394, 47.07295912919886], [-122.69560258109416, 47.07079326907035], [-122.69589902513798, 47.070040703844924], [-122.69594394090218, 47.06925753525419], [-122.69543190119018, 47.06729344465611], [-122.69530613705037, 47.06536599567426], [-122.69553071587143, 47.064240088468345], [-122.69645598061419, 47.06206775464907], [-122.69797413344459, 47.062288051689215], [-122.70080382658995, 47.0631814692423], [-122.70240282779591, 47.06379339043378], [-122.70343589037279, 47.064521567499206], [-122.70363351973532, 47.064956021346845], [-122.70359758712394, 47.06529256766828], [-122.7030585979534, 47.06609415125858], [-122.70123501792638, 47.06717106901499], [-122.70021093850234, 47.067966505660124], [-122.69940245474652, 47.06893936972704], [-122.69911499385557, 47.0698999790869], [-122.699204825384, 47.07021813887978], [-122.69951025258064, 47.07040781016041], [-122.70170214187418, 47.069991756145136], [-122.70270825499254, 47.06992445298452], [-122.70344487352563, 47.070273204804984], [-122.70390301432059, 47.07103800343928], [-122.70399284584902, 47.071441812691106], [-122.69771362201215, 47.0738646039518], [-122.69767768940078, 47.07286123911485], [-122.69607868819483, 47.072867357250374], [-122.69614157026471, 47.07446416660564], [-122.69181169059465, 47.076091516948665], [-122.6941652766394, 47.07295912919886]]]}}, {"type": "Feature", "properties": {"FID": 20, "Shape_Leng": 21401.3996569, "coordinate": 524065.062952, "coordina_1": 5212275.37116, "facilityNu": "UTA03B", "featureNam": "TA 3B", "_Area_ID": "*TA 03B", "_label": "TA 03B", "_Parent_ID": "*Training Areas", "_ClosedSta": "_closed", "_OpenSta": "_open", "Status": " ", "featureAre": 920.430180834, "featureA_1": 920.430180834, "featureA_2": 3.72484878868, "featureDes": "Training Area 3B - predominantDesignUse was 17502", "featurePer": 21401.3996569, "Shape_Le_1": 21401.3379301, "Shape_Le_2": 21401.3379301, "coordina_2": 0, "coordina_3": 0, "facility_1": " ", "featureA_3": 0, "featureA_4": 0, "featureA_5": " ", "featureA_6": 0, "featureA_7": " ", "featureA_8": " ", "featureD_1": " ", "featureN_1": " ", "featureP_1": 0, "featureP_2": " ", "installati": " ", "mediaId": " ", "metadataId": " ", "militaryGr": " ", "militaryTr": " ", "mimCode": " ", "operationa": " ", "regionalTr": " ", "rfmssFacil": " ", "rpaPredomC": " ", "rpaPredo_1": 0, "rpaPredo_2": " ", "rpaPredo_3": " ", "rpInterest": " ", "rpsuid": 0, "rpuid": " ", "SDSFIE_PRE": " ", "SDSFIE_P_1": 0, "sdsId": "{00000000-0000-0000-0000-000000000000}", "siteType": " ", "trainingSu": " ", "created_us": " ", "created_da": null, "last_edite": " ", "last_edi_1": null, "Type": " ", "Descriptio": " ", "Acres": 0, "Comment": " ", "Access": " ", "Shape_Le_3": 21401.3379301, "Shape_Area": 3724847.94856, "area_name": "*TA 03B", "area_type": " ", "area_syskey": 20}, "geometry": {"type": "Polygon", "coordinates": [[[-122.67885798419586, 47.079419477190875], [-122.6858738265658, 47.07744352586547], [-122.68588280971865, 47.07924207279051], [-122.68371786988362, 47.07923595538685], [-122.67840882655372, 47.081260777636224], [-122.67620795410733, 47.08177461756618], [-122.6777261069377, 47.0800067427159], [-122.67885798419586, 47.079419477190875]], [[-122.67719610092001, 47.072763348851055], [-122.67787882053602, 47.072065875516905], [-122.67857950645774, 47.07100741170462], [-122.67993596253696, 47.068394812783175], [-122.68069953052854, 47.06643680926835], [-122.68096004196099, 47.06474185439967], [-122.6816607278827, 47.06203715776596], [-122.68173259310544, 47.06099685329157], [-122.68262192523684, 47.057949256294854], [-122.68258599262546, 47.05763714315475], [-122.68181344148103, 47.05581950680501], [-122.68062766530582, 47.053836560124054], [-122.67787882053602, 47.05215956618811], [-122.67727694929559, 47.05148018502289], [-122.6758216785351, 47.04864015563957], [-122.67672897697219, 47.04766080009808], [-122.67690864002904, 47.047305779273636], [-122.67684575795914, 47.04669978999373], [-122.67620795410733, 47.04542657796872], [-122.67096179284735, 47.03861927508171], [-122.67141993364231, 47.03840500234817], [-122.67159959669915, 47.0381356296909], [-122.67128518634968, 47.037180570220855], [-122.67172536083896, 47.036213248973986], [-122.67221045109244, 47.035686724976], [-122.67357589032449, 47.034909174222335], [-122.67381843545125, 47.034486720637766], [-122.67404301427231, 47.03452957840025], [-122.67411487949504, 47.0347193766488], [-122.67490539694518, 47.035154073319745], [-122.6753096388231, 47.03569896977915], [-122.67557913340836, 47.0357479489636], [-122.67621693726018, 47.035545909537895], [-122.67652236445683, 47.03520917546177], [-122.67671101066651, 47.03486019426798], [-122.67666609490229, 47.0344010050096], [-122.67795068575876, 47.03429692156174], [-122.67743864604675, 47.034701009105866], [-122.6754623524214, 47.03704588097148], [-122.67506709369636, 47.037921355015165], [-122.67614507203744, 47.03948247937812], [-122.67792373630023, 47.043877870456406], [-122.68113970501784, 47.046546761309024], [-122.68162479527133, 47.047140510152765], [-122.6822536159703, 47.04830350420041], [-122.68348430790972, 47.04980311698979], [-122.68457126940365, 47.05076407118266], [-122.68582891080159, 47.05166380240745], [-122.68643976519488, 47.05198819157524], [-122.68818249684631, 47.05237378367978], [-122.68921555942319, 47.05252067517679], [-122.69265610696185, 47.05253903658545], [-122.69323102874377, 47.052698168529176], [-122.69354543909326, 47.05291850428276], [-122.69354543909326, 47.053230645042035], [-122.69332984342505, 47.05348770076609], [-122.69070676279505, 47.05555022207639], [-122.69012285786027, 47.05648047264635], [-122.68999709372049, 47.05697619165084], [-122.69061693126662, 47.057759540682355], [-122.69061693126662, 47.058836626810134], [-122.69092235846325, 47.05991369118047], [-122.69189253897025, 47.06137626080444], [-122.69155117916223, 47.06151700806616], [-122.69281780371301, 47.06297341443717], [-122.6933028939665, 47.063799509610234], [-122.69351848963471, 47.06453992477567], [-122.69364425377452, 47.06589834569262], [-122.69404849565242, 47.06588610782087], [-122.69411137772232, 47.06670603901653], [-122.69371611899726, 47.06671827670004], [-122.6939406978183, 47.07002234846278], [-122.69365323692736, 47.07109306851741], [-122.69297051731134, 47.07213929419246], [-122.6931950961324, 47.07213929419246], [-122.69148829709233, 47.07436016132273], [-122.69018573993019, 47.07540632286144], [-122.68920657627035, 47.07573056759017], [-122.6859367086357, 47.07614045904633], [-122.68052885062455, 47.07777387577036], [-122.67401606481378, 47.08009850236948], [-122.66993771342331, 47.082123291839096], [-122.66994669657615, 47.08163392379235], [-122.6723092657737, 47.078618094000156], [-122.67422267732915, 47.07552256176466], [-122.67630676878859, 47.07380954173723], [-122.67719610092001, 47.072763348851055]], [[-122.69066184703082, 47.07546138342616], [-122.69126371827127, 47.07500254364863], [-122.69088642585189, 47.07551032610255], [-122.69034743668134, 47.07585292357884], [-122.68928742464593, 47.07626893183883], [-122.687859103344, 47.0764952879101], [-122.68793995171957, 47.07675834916321], [-122.68588280971865, 47.07714376214232], [-122.67824712980257, 47.079321598974076], [-122.67739373028255, 47.07985380960877], [-122.67557913340836, 47.0819275451598], [-122.67452810452579, 47.08246584679726], [-122.66036167249327, 47.08447219589211], [-122.65799012014284, 47.0849187206241], [-122.65984064962839, 47.08431927560298], [-122.66860820680263, 47.08305307874398], [-122.67436640777463, 47.080282021202514], [-122.6807085136814, 47.07802469562659], [-122.68590975917716, 47.07644022841369], [-122.6869967206711, 47.076226107609095], [-122.68944912139709, 47.07596916150784], [-122.69066184703082, 47.07546138342616]]]}}, {"type": "Feature", "properties": {"FID": 21, "Shape_Leng": 12831.5910045, "coordinate": 525566.468805, "coordina_1": 5210899.28582, "facilityNu": "UTA04A", "featureNam": "TA 4A", "_Area_ID": "*TA 04A", "_label": "TA 04A", "_Parent_ID": "*Training Areas", "_ClosedSta": "_closed", "_OpenSta": "_open", "Status": " ", "featureAre": 1848.11155962, "featureA_1": 1848.11155962, "featureA_2": 7.47904213434, "featureDes": "Training Area 4A", "featurePer": 13529.8763743, "Shape_Le_1": 12831.572973, "Shape_Le_2": 12831.572973, "coordina_2": 0, "coordina_3": 0, "facility_1": " ", "featureA_3": 0, "featureA_4": 0, "featureA_5": " ", "featureA_6": 0, "featureA_7": " ", "featureA_8": " ", "featureD_1": " ", "featureN_1": " ", "featureP_1": 0, "featureP_2": " ", "installati": " ", "mediaId": " ", "metadataId": " ", "militaryGr": " ", "militaryTr": " ", "mimCode": " ", "operationa": " ", "regionalTr": " ", "rfmssFacil": " ", "rpaPredomC": " ", "rpaPredo_1": 0, "rpaPredo_2": " ", "rpaPredo_3": " ", "rpInterest": " ", "rpsuid": 0, "rpuid": " ", "SDSFIE_PRE": " ", "SDSFIE_P_1": 0, "sdsId": "{00000000-0000-0000-0000-000000000000}", "siteType": " ", "trainingSu": " ", "created_us": " ", "created_da": null, "last_edite": " ", "last_edi_1": null, "Type": " ", "Descriptio": " ", "Acres": 0, "Comment": " ", "Access": " ", "Shape_Le_3": 12831.572973, "Shape_Area": 7152417.34635, "area_name": "*TA 04A", "area_type": " ", "area_syskey": 21}, "geometry": {"type": "Polygon", "coordinates": [[[-122.66029879042335, 47.03864988540195], [-122.66325424770852, 47.03916413615665], [-122.66753921161438, 47.039329429989486], [-122.67141993364231, 47.03928657608201], [-122.67620795410733, 47.04542657796872], [-122.67684575795914, 47.04669978999373], [-122.67690864002904, 47.047305779273636], [-122.67672897697219, 47.04766080009808], [-122.6758216785351, 47.04864015563957], [-122.67727694929559, 47.05148018502289], [-122.67787882053602, 47.05215956618811], [-122.68062766530582, 47.053836560124054], [-122.68181344148103, 47.05581950680501], [-122.68244226217999, 47.05719650972911], [-122.68262192523684, 47.057949256294854], [-122.68173259310544, 47.06099685329157], [-122.68150801428438, 47.06282043244476], [-122.68052885062455, 47.06690796043524], [-122.67993596253696, 47.068394812783175], [-122.67835492763668, 47.07139898458218], [-122.67630676878859, 47.07380954173723], [-122.6756509986311, 47.074372397248894], [-122.67396216589671, 47.073626000611135], [-122.67283028863858, 47.07357093815004], [-122.67190502389582, 47.07322220790863], [-122.66884176877653, 47.07299583793398], [-122.67027009007847, 47.071417339490225], [-122.67064738249786, 47.07029156010075], [-122.67083602870754, 47.06848047379478], [-122.67067433195639, 47.06681617806699], [-122.67017127539721, 47.06558016011391], [-122.6695155052397, 47.06455828204582], [-122.66848244266282, 47.06348131150375], [-122.66773684097691, 47.06310803822731], [-122.66603902508969, 47.06254506375222], [-122.66256254493966, 47.06209835151462], [-122.66150253290425, 47.06185357609842], [-122.66050540293874, 47.06143133586414], [-122.65897826695553, 47.06042161739634], [-122.65628332110279, 47.05925888759367], [-122.65554670256972, 47.05874483054511], [-122.654846016648, 47.05797985552399], [-122.65282480725845, 47.055213614253304], [-122.65190852566852, 47.05426498077481], [-122.6509922440786, 47.0541058535063], [-122.64854882650543, 47.0546015945859], [-122.64756067969279, 47.05452203151321], [-122.64720135357908, 47.054344544231], [-122.64690490953527, 47.05357950608155], [-122.64733610087173, 47.05166992297604], [-122.64711152205064, 47.050947691032704], [-122.64653660026875, 47.05046415740146], [-122.64588981326409, 47.04916655181299], [-122.64440759304509, 47.04858506736766], [-122.64381470495748, 47.04816272205943], [-122.64292537282608, 47.04680384924853], [-122.64170366403951, 47.04304534507087], [-122.64118264117464, 47.042365847810856], [-122.63917939809077, 47.04084153869077], [-122.63864939207306, 47.04014976958276], [-122.63883803828276, 47.038049919923864], [-122.63931414538341, 47.03724179249452], [-122.64063466885126, 47.0363112063539], [-122.64107484334053, 47.03613365847039], [-122.64167671458098, 47.036115291414234], [-122.64258401301807, 47.03563774573534], [-122.64337453046821, 47.03550917501468], [-122.64372487342904, 47.035166318245125], [-122.64567421759587, 47.036421408191394], [-122.64662643179716, 47.03683160191958], [-122.6478391574309, 47.03718669245138], [-122.6525193800618, 47.03820909509593], [-122.65418126333765, 47.03850295570458], [-122.65816080004686, 47.03833765931137], [-122.66029879042335, 47.03864988540195]]]}}, {"type": "Feature", "properties": {"FID": 22, "Shape_Leng": 12727.4523247, "coordinate": 526315.167886, "coordina_1": 5213326.46664, "facilityNu": "UTA04B", "featureNam": "TA 4B", "_Area_ID": "*TA 04B", "_label": "TA 04B", "_Parent_ID": "*Training Areas", "_ClosedSta": "_closed", "_OpenSta": "_open", "Status": " ", "featureAre": 1743.63986516, "featureA_1": 1743.63986516, "featureA_2": 7.05626018667, "featureDes": "Training Area 4B", "featurePer": 12727.4523247, "Shape_Le_1": 12727.4342931, "Shape_Le_2": 12727.4342931, "coordina_2": 0, "coordina_3": 0, "facility_1": " ", "featureA_3": 0, "featureA_4": 0, "featureA_5": " ", "featureA_6": 0, "featureA_7": " ", "featureA_8": " ", "featureD_1": " ", "featureN_1": " ", "featureP_1": 0, "featureP_2": " ", "installati": " ", "mediaId": " ", "metadataId": " ", "militaryGr": " ", "militaryTr": " ", "mimCode": " ", "operationa": " ", "regionalTr": " ", "rfmssFacil": " ", "rpaPredomC": " ", "rpaPredo_1": 0, "rpaPredo_2": " ", "rpaPredo_3": " ", "rpInterest": " ", "rpsuid": 0, "rpuid": " ", "SDSFIE_PRE": " ", "SDSFIE_P_1": 0, "sdsId": "{00000000-0000-0000-0000-000000000000}", "siteType": " ", "trainingSu": " ", "created_us": " ", "created_da": null, "last_edite": " ", "last_edi_1": null, "Type": " ", "Descriptio": " ", "Acres": 0, "Comment": " ", "Access": " ", "Shape_Le_3": 12727.4342931, "Shape_Area": 7056257.1333, "area_name": "*TA 04B", "area_type": " ", "area_syskey": 22}, "geometry": {"type": "Polygon", "coordinates": [[[-122.63307983731076, 47.079774284219575], [-122.63362780963413, 47.07975593218983], [-122.63531664236851, 47.07826327927219], [-122.6358196989277, 47.07796963771051], [-122.63858651000318, 47.07719882091179], [-122.6404100900302, 47.076103752477316], [-122.6415778998997, 47.07511266555555], [-122.6416407819696, 47.07483736036157], [-122.64265587824079, 47.074243919884005], [-122.64530590832932, 47.07202916614121], [-122.64414708161264, 47.070787150696724], [-122.64297927174313, 47.06999787461008], [-122.64054483732282, 47.06873133739397], [-122.63792175669283, 47.06789308123634], [-122.63818226812526, 47.065298686672655], [-122.63839786379349, 47.06482752128177], [-122.63885600458845, 47.06448485292728], [-122.6389727855754, 47.06420337370258], [-122.6389727855754, 47.06278983599362], [-122.63953872420446, 47.06178626266195], [-122.64116467486895, 47.06063580169956], [-122.64316791795282, 47.05977905932405], [-122.64441657619793, 47.05960158953932], [-122.64547658823334, 47.058995739961794], [-122.64766847752688, 47.05708635080376], [-122.64836916344859, 47.05619895115999], [-122.64920459666293, 47.05452203151321], [-122.6509922440786, 47.0541058535063], [-122.65164801423609, 47.05416705635807], [-122.65220496971233, 47.05444858857152], [-122.654846016648, 47.05797985552399], [-122.65554670256972, 47.05874483054511], [-122.65628332110279, 47.05925888759367], [-122.65897826695553, 47.06042161739634], [-122.66050540293874, 47.06143133586414], [-122.66150253290425, 47.06185357609842], [-122.66256254493966, 47.06209835151462], [-122.66603902508969, 47.06254506375222], [-122.66773684097691, 47.06310803822731], [-122.6685812573441, 47.063554742004584], [-122.6695155052397, 47.06455828204582], [-122.67017127539721, 47.06558016011391], [-122.67067433195639, 47.06681617806699], [-122.67083602870754, 47.06848047379478], [-122.67064738249786, 47.07029156010075], [-122.67027009007847, 47.071417339490225], [-122.66884176877653, 47.07299583793398], [-122.67190502389582, 47.07322220790863], [-122.67283028863858, 47.07357093815004], [-122.67396216589671, 47.073626000611135], [-122.67567794808961, 47.07435404335858], [-122.67422267732915, 47.07552256176466], [-122.6723092657737, 47.078618094000156], [-122.66994669657615, 47.08163392379235], [-122.66993771342331, 47.082123291839096], [-122.66878786985949, 47.08267994252759], [-122.6679075208809, 47.08290627136412], [-122.65962505396018, 47.08407460222727], [-122.65788232230875, 47.08464958287757], [-122.65380397091826, 47.08566495908202], [-122.65331888066478, 47.08534689150937], [-122.6526900599658, 47.0852000904507], [-122.65115394082976, 47.085866808671916], [-122.64879137163219, 47.08606254087714], [-122.64791102265363, 47.08591574179064], [-122.64708457259212, 47.085359124912664], [-122.6469138926881, 47.08554874230452], [-122.64614134154367, 47.08527960774103], [-122.64531489148216, 47.08518785701089], [-122.64360809244211, 47.085414175192746], [-122.64345537884378, 47.08555485898334], [-122.64241333311405, 47.085811758859606], [-122.64143416945421, 47.08624603916633], [-122.63882007197708, 47.08850913275956], [-122.6387392236015, 47.088466318367686], [-122.63790379038716, 47.088937274785415], [-122.63643055332099, 47.08944492444225], [-122.63579274946918, 47.08905348417001], [-122.63555918749526, 47.088405154891056], [-122.63544240650832, 47.08839903853952], [-122.63539749074411, 47.08562825907441], [-122.63492138364344, 47.08562825907441], [-122.6349124004906, 47.085169506845894], [-122.63269356173853, 47.08513280649692], [-122.63301695524085, 47.08249031492427], [-122.63307983731076, 47.079774284219575]]]}}, {"type": "Feature", "properties": {"FID": 23, "Shape_Leng": 8388.17148422, "coordinate": 527145.584976, "coordina_1": 5203989.40927, "facilityNu": "UTA18A", "featureNam": "TA 18A", "_Area_ID": "*TA 18A", "_label": "TA 18A", "_Parent_ID": "*Training Areas", "_ClosedSta": "_closed", "_OpenSta": "_open", "Status": " ", "featureAre": 618.908990781, "featureA_1": 618.908990781, "featureA_2": 2.50463582422, "featureDes": "Training Area 18A", "featurePer": 8388.17148422, "Shape_Le_1": 8388.15710563, "Shape_Le_2": 8388.15710563, "coordina_2": 0, "coordina_3": 0, "facility_1": " ", "featureA_3": 0, "featureA_4": 0, "featureA_5": " ", "featureA_6": 0, "featureA_7": " ", "featureA_8": " ", "featureD_1": " ", "featureN_1": " ", "featureP_1": 0, "featureP_2": " ", "installati": " ", "mediaId": " ", "metadataId": " ", "militaryGr": " ", "militaryTr": " ", "mimCode": " ", "operationa": " ", "regionalTr": " ", "rfmssFacil": " ", "rpaPredomC": " ", "rpaPredo_1": 0, "rpaPredo_2": " ", "rpaPredo_3": " ", "rpInterest": " ", "rpsuid": 0, "rpuid": " ", "SDSFIE_PRE": " ", "SDSFIE_P_1": 0, "sdsId": "{00000000-0000-0000-0000-000000000000}", "siteType": " ", "trainingSu": " ", "created_us": " ", "created_da": null, "last_edite": " ", "last_edi_1": null, "Type": " ", "Descriptio": " ", "Acres": 0, "Comment": " ", "Access": " ", "Shape_Le_3": 8388.15710563, "Shape_Area": 2504684.63674, "area_name": "*TA 18A", "area_type": " ", "area_syskey": 23}, "geometry": {"type": "Polygon", "coordinates": [[[-122.63221745463788, 46.987432641349464], [-122.6338523884552, 46.98625606461089], [-122.63555918749526, 46.98468725534067], [-122.63674496367047, 46.98327773899784], [-122.63789480723432, 46.98150659838498], [-122.64360809244211, 46.98151272700041], [-122.6435631766779, 46.977908979906104], [-122.64487471699289, 46.97790285087759], [-122.64482980122868, 46.97430498991393], [-122.64351826091367, 46.97431111935482], [-122.64349131145514, 46.972459996278864], [-122.64717440412055, 46.97696510124274], [-122.64892611892482, 46.98350448978745], [-122.65297752085677, 46.990839665403556], [-122.65420821279618, 46.99253696863989], [-122.65522330906738, 46.99357860819406], [-122.65662468091081, 46.994797913408625], [-122.65827758103381, 46.995998809943444], [-122.63126524043658, 46.99600493689737], [-122.63120235836669, 46.99589465161899], [-122.63173236438438, 46.99552703238044], [-122.63209169049809, 46.99500010706154], [-122.63235220193052, 46.994062657312675], [-122.63219050517934, 46.99295362689789], [-122.63127422358941, 46.990919323439634], [-122.63125625728374, 46.99023303492619], [-122.63136405511784, 46.98844986911331], [-122.63221745463788, 46.987432641349464]]]}}, {"type": "Feature", "properties": {"FID": 24, "Shape_Leng": 8604.87512042, "coordinate": 528026.9891, "coordina_1": 5203026.2752, "facilityNu": "UTA18B", "featureNam": "TA 18B", "_Area_ID": "*TA 18B", "_label": "TA 18B", "_Parent_ID": "*Training Areas", "_ClosedSta": "_closed", "_OpenSta": "_open", "Status": " ", "featureAre": 428.298427061, "featureA_1": 428.298427061, "featureA_2": 1.73326224026, "featureDes": "Training Area 18B", "featurePer": 8604.87512042, "Shape_Le_1": 8604.83004367, "Shape_Le_2": 8604.83004367, "coordina_2": 0, "coordina_3": 0, "facility_1": " ", "featureA_3": 0, "featureA_4": 0, "featureA_5": " ", "featureA_6": 0, "featureA_7": " ", "featureA_8": " ", "featureD_1": " ", "featureN_1": " ", "featureP_1": 0, "featureP_2": " ", "installati": " ", "mediaId": " ", "metadataId": " ", "militaryGr": " ", "militaryTr": " ", "mimCode": " ", "operationa": " ", "regionalTr": " ", "rfmssFacil": " ", "rpaPredomC": " ", "rpaPredo_1": 0, "rpaPredo_2": " ", "rpaPredo_3": " ", "rpInterest": " ", "rpsuid": 0, "rpuid": " ", "SDSFIE_PRE": " ", "SDSFIE_P_1": 0, "sdsId": "{00000000-0000-0000-0000-000000000000}", "siteType": " ", "trainingSu": " ", "created_us": " ", "created_da": null, "last_edite": " ", "last_edi_1": null, "Type": " ", "Descriptio": " ", "Acres": 0, "Comment": " ", "Access": " ", "Shape_Le_3": 8604.83004367, "Shape_Area": 1733218.61299, "area_name": "*TA 18B", "area_type": " ", "area_syskey": 24}, "geometry": {"type": "Polygon", "coordinates": [[[-122.61247248469017, 46.97637057171414], [-122.61201434389521, 46.97626024591985], [-122.61222993956343, 46.97563506211931], [-122.61204129335374, 46.974997612287275], [-122.61108907915245, 46.97417014203691], [-122.61077466880295, 46.97371043080976], [-122.61052314052337, 46.972208679927945], [-122.61005601657557, 46.97081109428584], [-122.61026262909094, 46.969762881087185], [-122.61097229816549, 46.96875755790168], [-122.61125975905645, 46.96810163563739], [-122.61161908517013, 46.96756217952298], [-122.61227485532766, 46.967470226233466], [-122.61399063752056, 46.968077115022936], [-122.61575133547767, 46.969297001960314], [-122.61803305629965, 46.97032070470341], [-122.62214734030151, 46.97071301672908], [-122.62468058940307, 46.97067010774143], [-122.62602806232942, 46.97078657491353], [-122.62733061949159, 46.97101337867871], [-122.62903741853164, 46.97157731900702], [-122.63007048110853, 46.972214809609106], [-122.63314271938064, 46.97454403758755], [-122.63518189507589, 46.97562280354037], [-122.63748158220356, 46.97714897501636], [-122.63854159423897, 46.97861381349598], [-122.6386583752259, 46.97947185923911], [-122.63846972901621, 46.9803666637037], [-122.63734683491091, 46.982395240282926], [-122.63606224405444, 46.98413570989331], [-122.63415781565185, 46.98600481309759], [-122.63221745463788, 46.987432641349464], [-122.63113947629678, 46.98691176421722], [-122.63022319470686, 46.986758564094714], [-122.62939674464535, 46.986776948132565], [-122.62757316461833, 46.98713849959274], [-122.62805825487183, 46.98676469210802], [-122.62817503585877, 46.98631734528865], [-122.6273126531859, 46.98556358807002], [-122.62608196124648, 46.98501817987769], [-122.62544415739467, 46.98446050956782], [-122.62473448832012, 46.98327773899784], [-122.62457279156895, 46.98232782658776], [-122.62500398290538, 46.98069761498596], [-122.62635145583177, 46.97856478189479], [-122.6273935015615, 46.97776801207319], [-122.62862419350088, 46.97754123695346], [-122.62928894681124, 46.97721026613372], [-122.62901945222596, 46.97688542241115], [-122.62939674464535, 46.9765483183484], [-122.62919013212996, 46.976198953713556], [-122.62842656413835, 46.97586797458556], [-122.6274384173257, 46.974997612287275], [-122.62627060745618, 46.97454403758755], [-122.62639637159597, 46.974452096301064], [-122.62673773140398, 46.974482743414114], [-122.62669281563977, 46.9743662842911], [-122.62622569169197, 46.97423143656863], [-122.6257226351328, 46.97383302085675], [-122.62444702742916, 46.97323845650525], [-122.62419549914956, 46.9729503662462], [-122.62325226810113, 46.97256420027313], [-122.6224437843453, 46.97289519984934], [-122.62127597447576, 46.97394948114108], [-122.61930866400328, 46.97425595436165], [-122.61841933187188, 46.97421304821649], [-122.61756593235185, 46.97387592730678], [-122.61722457254383, 46.97362461760969], [-122.61593998168736, 46.973213938245756], [-122.61444877831552, 46.97308521719895], [-122.61414335111887, 46.97291358865461], [-122.61282282765103, 46.97370430130002], [-122.6127509624283, 46.97442757859799], [-122.61293062548515, 46.97548795898636], [-122.61279587819251, 46.97603959364841], [-122.61247248469017, 46.97637057171414]]]}}, {"type": "Feature", "properties": {"FID": 25, "Shape_Leng": 12787.4494953, "coordinate": 524462.764577, "coordina_1": 5204217.91953, "facilityNu": "UTA19A", "featureNam": "TA 19A", "_Area_ID": "*TA 19A", "_label": "TA 19A", "_Parent_ID": "*Training Areas", "_ClosedSta": "_closed", "_OpenSta": "_open", "Status": " ", "featureAre": 1913.10374525, "featureA_1": 1913.10374525, "featureA_2": 7.74205617817, "featureDes": "Training Area 19A", "featurePer": 12787.4494953, "Shape_Le_1": 12787.4494953, "Shape_Le_2": 12787.4494953, "coordina_2": 0, "coordina_3": 0, "facility_1": " ", "featureA_3": 0, "featureA_4": 0, "featureA_5": " ", "featureA_6": 0, "featureA_7": " ", "featureA_8": " ", "featureD_1": " ", "featureN_1": " ", "featureP_1": 0, "featureP_2": " ", "installati": " ", "mediaId": " ", "metadataId": " ", "militaryGr": " ", "militaryTr": " ", "mimCode": " ", "operationa": " ", "regionalTr": " ", "rfmssFacil": " ", "rpaPredomC": " ", "rpaPredo_1": 0, "rpaPredo_2": " ", "rpaPredo_3": " ", "rpInterest": " ", "rpsuid": 0, "rpuid": " ", "SDSFIE_PRE": " ", "SDSFIE_P_1": 0, "sdsId": "{00000000-0000-0000-0000-000000000000}", "siteType": " ", "trainingSu": " ", "created_us": " ", "created_da": null, "last_edite": " ", "last_edi_1": null, "Type": " ", "Descriptio": " ", "Acres": 0, "Comment": " ", "Access": " ", "Shape_Le_3": 12787.4494953, "Shape_Area": 7742056.17817, "area_name": "*TA 19A", "area_type": " ", "area_syskey": 25}, "geometry": {"type": "Polygon", "coordinates": [[[-122.64905188306463, 46.981592398936606], [-122.65064190111772, 46.98164142776143], [-122.65358837525005, 46.98147595529747], [-122.65744214781947, 46.98141466906975], [-122.67763627540928, 46.981598527542154], [-122.67845374231796, 46.98030537620439], [-122.67901968094701, 46.9798395889138], [-122.6801785076637, 46.97925734909424], [-122.68073546313994, 46.97881606837577], [-122.68217276759471, 46.977014134310885], [-122.6826758241539, 46.976738322717836], [-122.68340345953412, 46.97662186850697], [-122.68423889274847, 46.9766892893968], [-122.68533483739525, 46.97693445555234], [-122.68877538493392, 46.978129624463676], [-122.69159609492644, 46.97961282257998], [-122.69311424775682, 46.98067922885734], [-122.69356340539895, 46.98086921854803], [-122.69579122730386, 46.98118790941632], [-122.69760582417804, 46.980783416835855], [-122.69824362802986, 46.98074051592811], [-122.69846820685092, 46.981083722226096], [-122.698234644877, 46.981984628276145], [-122.69824362802986, 46.982787463732485], [-122.69862990360208, 46.98322871167366], [-122.69921380853684, 46.9834125639076], [-122.69940245474652, 46.983718982892434], [-122.69899821286863, 46.985545203614834], [-122.69729141382854, 46.987524560316494], [-122.69630326701589, 46.98784321151177], [-122.69620445233461, 47.005537626256775], [-122.69271898903176, 47.00731409626276], [-122.69060794811378, 47.007877653713656], [-122.6884789408901, 47.0079205328415], [-122.68639484943067, 47.007693885632975], [-122.67517489153045, 47.00374271897557], [-122.67506709369636, 46.995992682988806], [-122.65878962074584, 46.995992682988806], [-122.65650789992385, 46.99431999809697], [-122.65674146189775, 46.9942403451295], [-122.65519635960885, 46.99280657141304], [-122.65374108884838, 46.990986726300534], [-122.64959087223517, 46.98354126009514], [-122.64905188306463, 46.981592398936606]]]}}, {"type": "Feature", "properties": {"FID": 26, "Shape_Leng": 9976.22808782, "coordinate": 525549.822488, "coordina_1": 5200061.23151, "facilityNu": "UTA19C", "featureNam": "TA 19C", "_Area_ID": "*TA 19C", "_label": "TA 19C", "_Parent_ID": "*Training Areas", "_ClosedSta": "_closed", "_OpenSta": "_open", "Status": " ", "featureAre": 1104.79160123, "featureA_1": 1104.79160123, "featureA_2": 4.47093298683, "featureDes": "Training Area 19C", "featurePer": 9976.22808782, "Shape_Le_1": 9976.22808782, "Shape_Le_2": 9976.22808782, "coordina_2": 0, "coordina_3": 0, "facility_1": " ", "featureA_3": 0, "featureA_4": 0, "featureA_5": " ", "featureA_6": 0, "featureA_7": " ", "featureA_8": " ", "featureD_1": " ", "featureN_1": " ", "featureP_1": 0, "featureP_2": " ", "installati": " ", "mediaId": " ", "metadataId": " ", "militaryGr": " ", "militaryTr": " ", "mimCode": " ", "operationa": " ", "regionalTr": " ", "rfmssFacil": " ", "rpaPredomC": " ", "rpaPredo_1": 0, "rpaPredo_2": " ", "rpaPredo_3": " ", "rpInterest": " ", "rpsuid": 0, "rpuid": " ", "SDSFIE_PRE": " ", "SDSFIE_P_1": 0, "sdsId": "{00000000-0000-0000-0000-000000000000}", "siteType": " ", "trainingSu": " ", "created_us": " ", "created_da": null, "last_edite": " ", "last_edi_1": null, "Type": " ", "Descriptio": " ", "Acres": 0, "Comment": " ", "Access": " ", "Shape_Le_3": 9976.22808782, "Shape_Area": 4470932.98683, "area_name": "*TA 19C", "area_type": " ", "area_syskey": 26}, "geometry": {"type": "Polygon", "coordinates": [[[-122.65402854973932, 46.967114672026746], [-122.65413634757344, 46.93801252029153], [-122.66497002990143, 46.93801865389093], [-122.66524850763955, 46.938386668569656], [-122.66531138970944, 46.938944819338445], [-122.66634445228632, 46.939312827651584], [-122.66688344145689, 46.93982803504062], [-122.6676290431428, 46.940073370150095], [-122.66883278562369, 46.94101789982615], [-122.66918312858455, 46.94172321956097], [-122.66890465084641, 46.943642868821264], [-122.66975805036645, 46.94567897108468], [-122.66983889874204, 46.946433290515984], [-122.66926397696012, 46.9476904659471], [-122.66886871823505, 46.94825465215157], [-122.66838362798157, 46.94862872885632], [-122.66830277960597, 46.94879430295656], [-122.66842854374578, 46.94915611124497], [-122.66956042100392, 46.95009434846276], [-122.67193197335433, 46.951228796335016], [-122.67598337528628, 46.95244906747228], [-122.67670202751366, 46.954104667245055], [-122.67692660633472, 46.95434993692948], [-122.67840882655372, 46.95518997708025], [-122.67839086024804, 46.95549655779238], [-122.67745661235243, 46.95656344497871], [-122.67751051126949, 46.95680257194717], [-122.67718711776716, 46.95766096764609], [-122.6771511851558, 46.95832928047743], [-122.67651338130396, 46.95905889688151], [-122.67645948238692, 46.959273488048105], [-122.67761830910361, 46.96014410623771], [-122.67759135964508, 46.9610453650738], [-122.67832797817815, 46.96128447201273], [-122.67857052330488, 46.96151744697666], [-122.67856154015205, 46.96246159828581], [-122.679477821742, 46.96378583438533], [-122.6795227375062, 46.96418432494357], [-122.678678321139, 46.964815773134234], [-122.67811238250992, 46.96545947478291], [-122.67742067974106, 46.96587021369153], [-122.67706135362737, 46.96598669131551], [-122.6763247350943, 46.96594990893532], [-122.67600134159196, 46.96603573444972], [-122.67537252089298, 46.96637903513028], [-122.67463590235991, 46.96700432713721], [-122.6741058963422, 46.96667942141843], [-122.6736836881586, 46.96599282170972], [-122.67256079405331, 46.96536138741284], [-122.67210265325832, 46.96526943034009], [-122.67040483737111, 46.96523877794737], [-122.66878786985949, 46.964815773134234], [-122.66755717792006, 46.96507325472318], [-122.66641631750906, 46.96499968868138], [-122.66614682292379, 46.96518973408249], [-122.66550901907198, 46.96536751787873], [-122.66396391678309, 46.965263299862954], [-122.66176304433668, 46.965392039735306], [-122.66065811653706, 46.96524490842731], [-122.65985861593408, 46.96525103890656], [-122.65865487345319, 46.96552690974548], [-122.65760384457062, 46.96563112724771], [-122.65652586622953, 46.965931517735754], [-122.65526822483159, 46.96606025599997], [-122.65467533674398, 46.96639129582811], [-122.65422617910187, 46.967034978518264], [-122.65402854973932, 46.967114672026746]]]}}, {"type": "Feature", "properties": {"FID": 27, "Shape_Leng": 11782.2851905, "coordinate": 522951.898451, "coordina_1": 5201719.41741, "facilityNu": "UTA20A", "featureNam": "TA 20A", "_Area_ID": "*TA 20A", "_label": "TA 20A", "_Parent_ID": "*Training Areas", "_ClosedSta": "_closed", "_OpenSta": "_open", "Status": " ", "featureAre": 1014.77255497, "featureA_1": 1014.77255497, "featureA_2": 4.10663883134, "featureDes": "Training Area 20A- predominantDesignUse was 17502", "featurePer": 11782.2851905, "Shape_Le_1": 11782.2851905, "Shape_Le_2": 11782.2851905, "coordina_2": 0, "coordina_3": 0, "facility_1": " ", "featureA_3": 0, "featureA_4": 0, "featureA_5": " ", "featureA_6": 0, "featureA_7": " ", "featureA_8": " ", "featureD_1": " ", "featureN_1": " ", "featureP_1": 0, "featureP_2": " ", "installati": " ", "mediaId": " ", "metadataId": " ", "militaryGr": " ", "militaryTr": " ", "mimCode": " ", "operationa": " ", "regionalTr": " ", "rfmssFacil": " ", "rpaPredomC": " ", "rpaPredo_1": 0, "rpaPredo_2": " ", "rpaPredo_3": " ", "rpInterest": " ", "rpsuid": 0, "rpuid": " ", "SDSFIE_PRE": " ", "SDSFIE_P_1": 0, "sdsId": "{00000000-0000-0000-0000-000000000000}", "siteType": " ", "trainingSu": " ", "created_us": " ", "created_da": null, "last_edite": " ", "last_edi_1": null, "Type": " ", "Descriptio": " ", "Acres": 0, "Comment": " ", "Access": " ", "Shape_Le_3": 11782.2851905, "Shape_Area": 4106638.83134, "area_name": "*TA 20A", "area_type": " ", "area_syskey": 27}, "geometry": {"type": "Polygon", "coordinates": [[[-122.68257700947262, 46.95468718091009], [-122.6835471899796, 46.9543192782804], [-122.68377176880067, 46.95369996980814], [-122.6840322802331, 46.95347309263352], [-122.68435567373544, 46.95352214723926], [-122.68488567975312, 46.953902318909144], [-122.6851731406441, 46.95392684602091], [-122.68596365809422, 46.953552806345016], [-122.68752672668882, 46.953583465433184], [-122.68845199143158, 46.953283005611574], [-122.68914369420047, 46.953270741909556], [-122.68954793607837, 46.95346696080465], [-122.68990726219205, 46.95412306251039], [-122.69037438613987, 46.954405122453565], [-122.69131761718833, 46.954478703063806], [-122.69233271345952, 46.9542947513485], [-122.69450663644739, 46.954809814557926], [-122.69553071587143, 46.955478162999164], [-122.69771362201215, 46.9563856319248], [-122.69845024054523, 46.95734213656539], [-122.69933957267662, 46.95776520047194], [-122.69956415149768, 46.95797979682701], [-122.69976178086023, 46.95862971196635], [-122.69916889277262, 46.95972719225259], [-122.70003127544548, 46.96059780305963], [-122.70042653417056, 46.961327388529675], [-122.7009206075769, 46.961732028282725], [-122.70148654620597, 46.96185464578551], [-122.70204350168221, 46.961762682684764], [-122.70468454861789, 46.960554885957436], [-122.70586134164024, 46.960377086167355], [-122.70766695536157, 46.9605242308634], [-122.70941867016585, 46.96042613444432], [-122.7103349517558, 46.961541970598056], [-122.71113445235875, 46.964368242661614], [-122.7122214138527, 46.96518973408249], [-122.71216751493564, 46.96694302432247], [-122.70681355584155, 46.96694302432247], [-122.70690338736996, 46.987837083622075], [-122.69630326701589, 46.98784321151177], [-122.69715666653592, 46.987610351209796], [-122.69768667255362, 46.9871446275625], [-122.69899821286863, 46.985545203614834], [-122.6993126232181, 46.98434407217557], [-122.69936652213515, 46.98353513171228], [-122.69862990360208, 46.98322871167366], [-122.69824362802986, 46.982787463732485], [-122.69844125739239, 46.98091824803603], [-122.69824362802986, 46.98074051592811], [-122.69796515029174, 46.98072825851956], [-122.69656377844832, 46.981083722226096], [-122.69641106484998, 46.981028564219635], [-122.69700395293759, 46.98009699818126], [-122.69773158831784, 46.98008474062519], [-122.69793820083322, 46.97990700574647], [-122.69798311659743, 46.97798865721248], [-122.69771362201215, 46.977780270160366], [-122.69688717195065, 46.97762704386864], [-122.69609665450051, 46.97733897725149], [-122.69547681695438, 46.97692832641216], [-122.695099524535, 46.97645025131289], [-122.69447070383603, 46.97519375150645], [-122.69341069180062, 46.97456855523724], [-122.6920722020271, 46.9731219946725], [-122.69211711779131, 46.97276034841745], [-122.69267407326753, 46.97245386662582], [-122.69304238253407, 46.97193284354922], [-122.6927728879488, 46.971516021433295], [-122.69192847158162, 46.97166313549221], [-122.6914793139395, 46.971522151193845], [-122.69113795413148, 46.971246311274264], [-122.69108405521443, 46.97079883460109], [-122.69141643186958, 46.9699099999684], [-122.69132660034117, 46.969591241881], [-122.69048218397398, 46.96883111877551], [-122.6895748855369, 46.96840201225208], [-122.68863165448843, 46.967102411494714], [-122.68853283980718, 46.966654900152015], [-122.68864962079411, 46.96596216973154], [-122.68811961477643, 46.96530008271525], [-122.68769740659283, 46.96400653721509], [-122.6867631586972, 46.96273135274236], [-122.68619722006814, 46.96240642107033], [-122.68590975917716, 46.961879169252335], [-122.68548755099357, 46.96146839970014], [-122.68542466892369, 46.9601992857864], [-122.68446347156953, 46.95944516036173], [-122.68421194328995, 46.95780198847964], [-122.6833315943114, 46.95693746361178], [-122.68327769539434, 46.95596868865377], [-122.68294531873917, 46.9554658998002], [-122.68285548721074, 46.954950842905525], [-122.68257700947262, 46.95468718091009]]]}}, {"type": "Feature", "properties": {"FID": 28, "Shape_Leng": 13271.6928862, "coordinate": 524106.92994, "coordina_1": 5197924.30299, "facilityNu": "UTA20C", "featureNam": "TA 20C", "_Area_ID": "*TA 20C", "_label": "TA 20C", "_Parent_ID": "*Training Areas", "_ClosedSta": "_closed", "_OpenSta": "_open", "Status": " ", "featureAre": 1204.35273767, "featureA_1": 1204.35273767, "featureA_2": 4.87384261127, "featureDes": "Training Area 20C- predominantDesignUse was 17502", "featurePer": 13696.2076951, "Shape_Le_1": 13271.666748, "Shape_Le_2": 13271.666748, "coordina_2": 0, "coordina_3": 0, "facility_1": " ", "featureA_3": 0, "featureA_4": 0, "featureA_5": " ", "featureA_6": 0, "featureA_7": " ", "featureA_8": " ", "featureD_1": " ", "featureN_1": " ", "featureP_1": 0, "featureP_2": " ", "installati": " ", "mediaId": " ", "metadataId": " ", "militaryGr": " ", "militaryTr": " ", "mimCode": " ", "operationa": " ", "regionalTr": " ", "rfmssFacil": " ", "rpaPredomC": " ", "rpaPredo_1": 0, "rpaPredo_2": " ", "rpaPredo_3": " ", "rpInterest": " ", "rpsuid": 0, "rpuid": " ", "SDSFIE_PRE": " ", "SDSFIE_P_1": 0, "sdsId": "{00000000-0000-0000-0000-000000000000}", "siteType": " ", "trainingSu": " ", "created_us": " ", "created_da": null, "last_edite": " ", "last_edi_1": null, "Type": " ", "Descriptio": " ", "Acres": 0, "Comment": " ", "Access": " ", "Shape_Le_3": 13271.666748, "Shape_Area": 5119401.00899, "area_name": "*TA 20C", "area_type": " ", "area_syskey": 28}, "geometry": {"type": "Polygon", "coordinates": [[[-122.69244051129363, 46.915798149339416], [-122.69253034282207, 46.916276766430364], [-122.6941652766394, 46.916043594535445], [-122.69386883259558, 46.917915077187615], [-122.6941652766394, 46.918344588574186], [-122.69430900708485, 46.919565609281065], [-122.69499172670088, 46.92201370265239], [-122.69617750287608, 46.92473163016489], [-122.69721954860582, 46.92613041947203], [-122.69910601070272, 46.92690955381737], [-122.69947431996927, 46.92695249790056], [-122.70038161840635, 46.92695249790056], [-122.70205248483505, 46.92651078568632], [-122.70149552935881, 46.927216296513514], [-122.70151349566451, 46.92784818093129], [-122.70127095053775, 46.92829601683024], [-122.7011541695508, 46.929222350437136], [-122.70092959072974, 46.92941865748863], [-122.70015703958529, 46.92958429100367], [-122.6998605955415, 46.929786731270944], [-122.69983364608298, 46.931762017357], [-122.69879160035325, 46.93312381813249], [-122.69816277965428, 46.93434450200822], [-122.69801006605596, 46.93508671327485], [-122.69836040901681, 46.93628895102], [-122.69831549325258, 46.93677965254697], [-122.69787531876331, 46.93715994313748], [-122.69664462682388, 46.93736848844369], [-122.6955666484828, 46.93771810669368], [-122.69511749084067, 46.93797571868031], [-122.6936622200802, 46.939312827651584], [-122.69304238253407, 46.93951523114566], [-122.69044625136262, 46.939288293842736], [-122.68912572789478, 46.93896935330469], [-122.68723926579787, 46.937926649826046], [-122.68624213583234, 46.93804318828154], [-122.68502941019861, 46.93793891704381], [-122.68472398300197, 46.938000253090614], [-122.68456228625081, 46.93841120279161], [-122.68475991561334, 46.94035550413625], [-122.6838436340234, 46.94104856609479], [-122.68339447638128, 46.94199921171044], [-122.68269379045958, 46.942661587064336], [-122.68272073991811, 46.94342208199414], [-122.68218175074755, 46.9442193634659], [-122.68226259912315, 46.94486944572405], [-122.68085224412687, 46.9459917389681], [-122.67962155218746, 46.94673992139243], [-122.67931612499082, 46.9471875993178], [-122.67940595651923, 46.948003222077595], [-122.679989861454, 46.94899053826395], [-122.68007070982958, 46.94953631392958], [-122.67995392884264, 46.950033026271164], [-122.68025037288643, 46.95052973400303], [-122.6805378337774, 46.95169483281703], [-122.67984613100852, 46.952725004324556], [-122.67918137769819, 46.95325234635125], [-122.67845374231796, 46.953552806345016], [-122.67784288792467, 46.95450936162156], [-122.67745661235243, 46.95460746888829], [-122.67692660633472, 46.95434993692948], [-122.67670202751366, 46.954104667245055], [-122.67598337528628, 46.95244906747228], [-122.67193197335433, 46.951228796335016], [-122.66956042100392, 46.95009434846276], [-122.66842854374578, 46.94915611124497], [-122.66830277960597, 46.94879430295656], [-122.66838362798157, 46.94862872885632], [-122.66886871823505, 46.94825465215157], [-122.66926397696012, 46.9476904659471], [-122.66983889874204, 46.946433290515984], [-122.66975805036645, 46.94567897108468], [-122.66890465084641, 46.943642868821264], [-122.66918312858455, 46.94172321956097], [-122.66883278562369, 46.94101789982615], [-122.6676290431428, 46.940073370150095], [-122.66688344145689, 46.93982803504062], [-122.66634445228632, 46.939312827651584], [-122.66531138970944, 46.938944819338445], [-122.66524850763955, 46.938386668569656], [-122.66497002990143, 46.93801865389093], [-122.67506709369636, 46.93801865389093], [-122.67506709369636, 46.92336961600652], [-122.68563128143906, 46.92330826320236], [-122.6857031466618, 46.9160988195496], [-122.69098524053315, 46.9160742751059], [-122.69123676881276, 46.91618472501409], [-122.69217101670836, 46.91605586676574], [-122.69244051129363, 46.915798149339416]]]}}, {"type": "Feature", "properties": {"FID": 29, "Shape_Leng": 14573.9611206, "coordinate": 519912.904199, "coordina_1": 5199344.07209, "facilityNu": "UTA22A", "featureNam": "TA 22A", "_Area_ID": "*TA 22A", "_label": "TA 22A", "_Parent_ID": "*Training Areas", "_ClosedSta": "_closed", "_OpenSta": "_open", "Status": " ", "featureAre": 2014.20461653, "featureA_1": 2014.20461653, "featureA_2": 8.15119688843, "featureDes": "Training Area 22A- predominantDesignUse was 17502", "featurePer": 16755.5292209, "Shape_Le_1": 14573.9611206, "Shape_Le_2": 14573.9611206, "coordina_2": 0, "coordina_3": 0, "facility_1": " ", "featureA_3": 0, "featureA_4": 0, "featureA_5": " ", "featureA_6": 0, "featureA_7": " ", "featureA_8": " ", "featureD_1": " ", "featureN_1": " ", "featureP_1": 0, "featureP_2": " ", "installati": " ", "mediaId": " ", "metadataId": " ", "militaryGr": " ", "militaryTr": " ", "mimCode": " ", "operationa": " ", "regionalTr": " ", "rfmssFacil": " ", "rpaPredomC": " ", "rpaPredo_1": 0, "rpaPredo_2": " ", "rpaPredo_3": " ", "rpInterest": " ", "rpsuid": 0, "rpuid": " ", "SDSFIE_PRE": " ", "SDSFIE_P_1": 0, "sdsId": "{00000000-0000-0000-0000-000000000000}", "siteType": " ", "trainingSu": " ", "created_us": " ", "created_da": null, "last_edite": " ", "last_edi_1": null, "Type": " ", "Descriptio": " ", "Acres": 0, "Comment": " ", "Access": " ", "Shape_Le_3": 14573.9611206, "Shape_Area": 7961472.66551, "area_name": "*TA 22A", "area_type": " ", "area_syskey": 29}, "geometry": {"type": "Polygon", "coordinates": [[[-122.73350250293646, 46.93074371126723], [-122.73390674481436, 46.93082345882843], [-122.73423912146953, 46.9307130390967], [-122.73440081822069, 46.92965790573485], [-122.73458946443039, 46.929375715382605], [-122.73559557754875, 46.92890334994396], [-122.73652084229151, 46.928099705664216], [-122.7370238988507, 46.92788498950256], [-122.73842527069411, 46.927713215953524], [-122.73965596263352, 46.92733899310015], [-122.7414076774378, 46.92712427388913], [-122.7421712454294, 46.92643716662983], [-122.74270125144712, 46.92554759503288], [-122.74377024663536, 46.925694835489836], [-122.74397685915075, 46.92550464982337], [-122.74398584230359, 46.92511200631149], [-122.74344685313304, 46.9241303849407], [-122.74280904928122, 46.92374386659039], [-122.7420005655254, 46.92343710400995], [-122.73869476527939, 46.923430968740426], [-122.73872171473792, 46.921700794697195], [-122.73841628754127, 46.92021599086232], [-122.73936850174258, 46.91964537348465], [-122.74072495782177, 46.91978035878942], [-122.74129987960369, 46.92000124310003], [-122.74184785192709, 46.91990920808126], [-122.74148852581338, 46.919406080517675], [-122.74141666059066, 46.918596157930345], [-122.74167717202307, 46.91835072442621], [-122.74159632364749, 46.91805006685155], [-122.74679756914327, 46.91998283610891], [-122.74719282786833, 46.92021599086232], [-122.74753418767635, 46.92064548380475], [-122.74958234652442, 46.924289899637444], [-122.75131609502303, 46.926670293294976], [-122.75275339947783, 46.928289882117184], [-122.75545732848337, 46.930737576834524], [-122.75944584834542, 46.93488429304051], [-122.76296724425967, 46.9366569775868], [-122.76361403126432, 46.937166076834565], [-122.76774628157186, 46.94359993812065], [-122.76842001803503, 46.944397216943614], [-122.76927341755507, 46.94506569542048], [-122.77859793020554, 46.950701434369094], [-122.77951421179546, 46.95141275858902], [-122.78055625752518, 46.95252878270907], [-122.75976025869493, 46.95225897681308], [-122.7255344463652, 46.95243067163155], [-122.72432172073147, 46.951302381312495], [-122.72438460280136, 46.95074435937453], [-122.7233335739188, 46.94919903748978], [-122.72345933805859, 46.94843249222245], [-122.72433968703716, 46.94826078457762], [-122.72654055948357, 46.94654981045594], [-122.72722327909958, 46.94642715788052], [-122.72785209979855, 46.945783227248874], [-122.72804074600825, 46.94518221833731], [-122.7289210949868, 46.94467319530818], [-122.72905584227945, 46.94372873011924], [-122.7298104271182, 46.94279038132036], [-122.72999907332789, 46.941845882914144], [-122.72906482543229, 46.94124482979816], [-122.72944211785168, 46.94081550201259], [-122.73000805648074, 46.94064376993438], [-122.73151722615826, 46.93953363142536], [-122.73271198548632, 46.93833760009194], [-122.73253232242946, 46.93713540834218], [-122.73290961484885, 46.93684098992165], [-122.73316114312843, 46.93576757572058], [-122.73347555347793, 46.93520939183237], [-122.73347555347793, 46.934700273981676], [-122.73398759318994, 46.93384151001278], [-122.73367318284046, 46.93349800056929], [-122.7335564018535, 46.93259627779681], [-122.73311622736422, 46.93220982053226], [-122.73305334529434, 46.93152277850966], [-122.73343063771372, 46.93105656640341], [-122.73350250293646, 46.93074371126723]]]}}, {"type": "Feature", "properties": {"FID": 30, "Shape_Leng": 14763.9452277, "coordinate": 516372.428409, "coordina_1": 5197970.11023, "facilityNu": "UTA23B", "featureNam": "TA 23A", "_Area_ID": "*TA 23A", "_label": "TA 23A", "_Parent_ID": "*Training Areas", "_ClosedSta": "_closed", "_OpenSta": "_open", "Status": " ", "featureAre": 1713.43211736, "featureA_1": 1713.43211736, "featureA_2": 6.93401376848, "featureDes": "Training Area 23B", "featurePer": 14763.9452277, "Shape_Le_1": 14763.9452277, "Shape_Le_2": 14763.9452277, "coordina_2": 0, "coordina_3": 0, "facility_1": " ", "featureA_3": 0, "featureA_4": 0, "featureA_5": " ", "featureA_6": 0, "featureA_7": " ", "featureA_8": " ", "featureD_1": " ", "featureN_1": " ", "featureP_1": 0, "featureP_2": " ", "installati": " ", "mediaId": " ", "metadataId": " ", "militaryGr": " ", "militaryTr": " ", "mimCode": " ", "operationa": " ", "regionalTr": " ", "rfmssFacil": " ", "rpaPredomC": " ", "rpaPredo_1": 0, "rpaPredo_2": " ", "rpaPredo_3": " ", "rpInterest": " ", "rpsuid": 0, "rpuid": " ", "SDSFIE_PRE": " ", "SDSFIE_P_1": 0, "sdsId": "{00000000-0000-0000-0000-000000000000}", "siteType": " ", "trainingSu": " ", "created_us": " ", "created_da": null, "last_edite": " ", "last_edi_1": null, "Type": " ", "Descriptio": " ", "Acres": 0, "Comment": " ", "Access": " ", "Shape_Le_3": 14763.9452277, "Shape_Area": 6934013.76848, "area_name": "*TA 23A", "area_type": " ", "area_syskey": 30}, "geometry": {"type": "Polygon", "coordinates": [[[-122.7691746028738, 46.944998234668475], [-122.76906680503969, 46.94492464102389], [-122.77041427796607, 46.94405990812147], [-122.7710341155122, 46.94331168823913], [-122.77324397111143, 46.93606200004301], [-122.77312719012448, 46.934792283590134], [-122.77336973525124, 46.93410527469708], [-122.77510348374982, 46.93232023717813], [-122.77545382671067, 46.93185403201372], [-122.77586705174143, 46.93086026535507], [-122.77690909747116, 46.93019774400522], [-122.77726842358484, 46.92965790573485], [-122.77819368832762, 46.929038311922945], [-122.77924471721019, 46.92792179804855], [-122.7788225090266, 46.92682366554767], [-122.77764571600423, 46.92534513874376], [-122.77805894103498, 46.92462733300772], [-122.77802300842362, 46.92411811455975], [-122.7774480866417, 46.92224071316225], [-122.77727740673768, 46.92111178652972], [-122.77678333333135, 46.92044300898942], [-122.77663061973303, 46.919976700443804], [-122.77495975330433, 46.918442762122], [-122.7747621239418, 46.91785371813705], [-122.77453754512074, 46.91768804834955], [-122.77425008422979, 46.91765736870308], [-122.7735134656967, 46.917835310408186], [-122.77284871238636, 46.91765736870308], [-122.77266904932951, 46.91747329045526], [-122.7726241335653, 46.91670629094924], [-122.7730463417489, 46.915908599816746], [-122.77301939229037, 46.915374753733964], [-122.77221989168739, 46.91447886214958], [-122.77200429601916, 46.91404931977657], [-122.77122276172189, 46.913362044818435], [-122.77115089649914, 46.912306569685626], [-122.77101614920652, 46.912091790223755], [-122.7691925691795, 46.91017714669919], [-122.76797086039292, 46.90938549525541], [-122.76765645004343, 46.9093241264381], [-122.7676923826548, 46.90895591205861], [-122.77032444643763, 46.90896818591202], [-122.77032444643763, 46.9088515841912], [-122.77620841154943, 46.90898045976261], [-122.77884945848513, 46.910741728182614], [-122.78090660048605, 46.91150881305976], [-122.78088863418036, 46.91619699721206], [-122.79146180507591, 46.916203133310006], [-122.79146180507591, 46.93804318828154], [-122.80207989173569, 46.93806158906712], [-122.80195412759589, 46.95255944238391], [-122.78055625752518, 46.95252878270907], [-122.77951421179546, 46.95141275858902], [-122.77859793020554, 46.950701434369094], [-122.7691746028738, 46.944998234668475]]]}}, {"type": "Feature", "properties": {"FID": 31, "Shape_Leng": 3904.77571449, "coordinate": 520336.745169, "coordina_1": 5194501.58617, "facilityNu": "UTA23NA", "featureNam": "TA 23NA", "_Area_ID": "*TA 23C", "_label": "TA 23C", "_Parent_ID": "*Training Areas", "_ClosedSta": "_closed", "_OpenSta": "_open", "Status": " ", "featureAre": 158.303618397, "featureA_1": 158.303618397, "featureA_2": 0.640632014801, "featureDes": "Training Area 23NA", "featurePer": 3904.77571449, "Shape_Le_1": 3904.62174607, "Shape_Le_2": 3904.62174607, "coordina_2": 0, "coordina_3": 0, "facility_1": " ", "featureA_3": 0, "featureA_4": 0, "featureA_5": " ", "featureA_6": 0, "featureA_7": " ", "featureA_8": " ", "featureD_1": " ", "featureN_1": " ", "featureP_1": 0, "featureP_2": " ", "installati": " ", "mediaId": " ", "metadataId": " ", "militaryGr": " ", "militaryTr": " ", "mimCode": " ", "operationa": " ", "regionalTr": " ", "rfmssFacil": " ", "rpaPredomC": " ", "rpaPredo_1": 0, "rpaPredo_2": " ", "rpaPredo_3": " ", "rpInterest": " ", "rpsuid": 0, "rpuid": " ", "SDSFIE_PRE": " ", "SDSFIE_P_1": 0, "sdsId": "{00000000-0000-0000-0000-000000000000}", "siteType": " ", "trainingSu": " ", "created_us": " ", "created_da": null, "last_edite": " ", "last_edi_1": null, "Type": " ", "Descriptio": " ", "Acres": 0, "Comment": " ", "Access": " ", "Shape_Le_3": 3904.62174607, "Shape_Area": 640636.403564, "area_name": "*TA 23C", "area_type": " ", "area_syskey": 31}, "geometry": {"type": "Polygon", "coordinates": [[[-122.74403974122063, 46.901566542173704], [-122.73995240667733, 46.90446963039079], [-122.73811984349747, 46.90562345688989], [-122.73754492171555, 46.90619422358317], [-122.73661965697279, 46.90663610330097], [-122.73555066178453, 46.90667292644635], [-122.73442776767922, 46.90709025365962], [-122.73260418765221, 46.90690000195066], [-122.73073569186099, 46.90724981908839], [-122.72787904925708, 46.90518770618373], [-122.7239264620064, 46.903303503909235], [-122.72177050532422, 46.901584955490776], [-122.74403974122063, 46.901566542173704]]]}}, {"type": "Feature", "properties": {"FID": 32, "Shape_Leng": 4860.91574021, "coordinate": 520090.967612, "coordina_1": 5196740.44149, "facilityNu": "UTA22NA", "featureNam": "TA 22NA", "_Area_ID": "*TA 22NA", "_label": "TA 22NA", "_Parent_ID": "*Training Areas", "_ClosedSta": "_closed", "_OpenSta": "_open", "Status": " ", "featureAre": 221.822171827, "featureA_1": 221.822171827, "featureA_2": 0.89768248069, "featureDes": "Training Area 22NA- predominantDesignUse was 17502", "featurePer": 4860.91574021, "Shape_Le_1": 4860.91574021, "Shape_Le_2": 4860.91574021, "coordina_2": 0, "coordina_3": 0, "facility_1": " ", "featureA_3": 0, "featureA_4": 0, "featureA_5": " ", "featureA_6": 0, "featureA_7": " ", "featureA_8": " ", "featureD_1": " ", "featureN_1": " ", "featureP_1": 0, "featureP_2": " ", "installati": " ", "mediaId": " ", "metadataId": " ", "militaryGr": " ", "militaryTr": " ", "mimCode": " ", "operationa": " ", "regionalTr": " ", "rfmssFacil": " ", "rpaPredomC": " ", "rpaPredo_1": 0, "rpaPredo_2": " ", "rpaPredo_3": " ", "rpInterest": " ", "rpsuid": 0, "rpuid": " ", "SDSFIE_PRE": " ", "SDSFIE_P_1": 0, "sdsId": "{00000000-0000-0000-0000-000000000000}", "siteType": " ", "trainingSu": " ", "created_us": " ", "created_da": null, "last_edite": " ", "last_edi_1": null, "Type": " ", "Descriptio": " ", "Acres": 0, "Comment": " ", "Access": " ", "Shape_Le_3": 4860.91574021, "Shape_Area": 897682.48069, "area_name": "*TA 22NA", "area_type": " ", "area_syskey": 32}, "geometry": {"type": "Polygon", "coordinates": [[[-122.73905409139307, 46.9166940188679], [-122.73988952460742, 46.91730761949154], [-122.74159632364749, 46.91805006685155], [-122.74167717202307, 46.91835072442621], [-122.74141666059066, 46.918596157930345], [-122.74148852581338, 46.919406080517675], [-122.74184785192709, 46.91990920808126], [-122.74129987960369, 46.92000124310003], [-122.74072495782177, 46.91978035878942], [-122.73936850174258, 46.91964537348465], [-122.73841628754127, 46.92021599086232], [-122.73872171473792, 46.921700794697195], [-122.73869476527939, 46.923430968740426], [-122.7420005655254, 46.92343710400995], [-122.74280904928122, 46.92374386659039], [-122.74344685313304, 46.9241303849407], [-122.74398584230359, 46.92511200631149], [-122.74397685915075, 46.92550464982337], [-122.74377024663536, 46.925694835489836], [-122.74270125144712, 46.92554759503288], [-122.7421712454294, 46.92643716662983], [-122.7414076774378, 46.92712427388913], [-122.73965596263352, 46.92733899310015], [-122.73842527069411, 46.927713215953524], [-122.7370238988507, 46.92788498950256], [-122.73652084229151, 46.928099705664216], [-122.73559557754875, 46.92890334994396], [-122.73458946443039, 46.929375715382605], [-122.73440081822069, 46.92965790573485], [-122.73423912146953, 46.9307130390967], [-122.73390674481436, 46.93082345882843], [-122.73333182303244, 46.9307130390967], [-122.73250537297093, 46.93014253352281], [-122.73136451255995, 46.92958429100367], [-122.7304841635814, 46.9293082348607], [-122.72999907332789, 46.92889108065629], [-122.72990924179948, 46.928222400227284], [-122.73011585431486, 46.92780523756614], [-122.73002602278642, 46.92740034128805], [-122.72972957874262, 46.927154948114826], [-122.7296217809085, 46.92679299113225], [-122.73009788800917, 46.92571937552664], [-122.73014280377338, 46.924737765285464], [-122.73060094456834, 46.923700919934866], [-122.73167892290942, 46.9230137687643], [-122.73274791809769, 46.9220198380842], [-122.73302639583581, 46.92074978871402], [-122.7336821659933, 46.920209855223895], [-122.73431098669228, 46.91891521980502], [-122.73552371232601, 46.91749783425818], [-122.73677237057109, 46.91655902578778], [-122.73905409139307, 46.9166940188679]]]}}, {"type": "Feature", "properties": {"FID": 33, "Shape_Leng": 9604.92522095, "coordinate": 529970.639296, "coordina_1": 5210573.12224, "facilityNu": "UTA05A", "featureNam": "TA 5A", "_Area_ID": "*TA 05A", "_label": "TA 05A", "_Parent_ID": "*Training Areas", "_ClosedSta": "_closed", "_OpenSta": "_open", "Status": " ", "featureAre": 526.114288793, "featureA_1": 526.114288793, "featureA_2": 2.12910898852, "featureDes": "Training Area 5A", "featurePer": 9616.91839656, "Shape_Le_1": 9604.92522095, "Shape_Le_2": 9604.92522095, "coordina_2": 0, "coordina_3": 0, "facility_1": " ", "featureA_3": 0, "featureA_4": 0, "featureA_5": " ", "featureA_6": 0, "featureA_7": " ", "featureA_8": " ", "featureD_1": " ", "featureN_1": " ", "featureP_1": 0, "featureP_2": " ", "installati": " ", "mediaId": " ", "metadataId": " ", "militaryGr": " ", "militaryTr": " ", "mimCode": " ", "operationa": " ", "regionalTr": " ", "rfmssFacil": " ", "rpaPredomC": " ", "rpaPredo_1": 0, "rpaPredo_2": " ", "rpaPredo_3": " ", "rpInterest": " ", "rpsuid": 0, "rpuid": " ", "SDSFIE_PRE": " ", "SDSFIE_P_1": 0, "sdsId": "{00000000-0000-0000-0000-000000000000}", "siteType": " ", "trainingSu": " ", "created_us": " ", "created_da": null, "last_edite": " ", "last_edi_1": null, "Type": " ", "Descriptio": " ", "Acres": 0, "Comment": " ", "Access": " ", "Shape_Le_3": 9604.92522095, "Shape_Area": 2130390.94873, "area_name": "*TA 05A", "area_type": " ", "area_syskey": 33}, "geometry": {"type": "Polygon", "coordinates": [[[-122.61348758096138, 47.04486341680273], [-122.61310130538914, 47.04384114166923], [-122.61437691309278, 47.04370034775078], [-122.61471827290079, 47.0434922169298], [-122.61464640767805, 47.042629077506085], [-122.61569743656062, 47.04125169843952], [-122.61633524041244, 47.04069461502866], [-122.6174491513649, 47.03934167395673], [-122.6215095364497, 47.03675201233827], [-122.62262344740215, 47.035154073319745], [-122.62269531262488, 47.03458468118709], [-122.62250666641519, 47.03283973197594], [-122.62371040889607, 47.031486591733064], [-122.6242404149138, 47.032729522741796], [-122.6256417867572, 47.03503162391154], [-122.62556093838162, 47.03543570589235], [-122.6251746628094, 47.0362193713155], [-122.61514946423722, 47.050917087768255], [-122.61461047506668, 47.05155975263382], [-122.61378402500519, 47.05210448155117], [-122.61202332704805, 47.05252067517679], [-122.59558415734638, 47.054356784752194], [-122.5938504088478, 47.054883124505274], [-122.59312277346754, 47.05523809489388], [-122.59251191907425, 47.05571546513926], [-122.59111054723085, 47.05523809489388], [-122.58873001172759, 47.054754600161246], [-122.58795746058316, 47.05427722131426], [-122.58683456647783, 47.05390388359711], [-122.58621472893171, 47.05337141380629], [-122.58607099848624, 47.052698168529176], [-122.58561285769127, 47.05215956618811], [-122.5853882788702, 47.05137613489101], [-122.58554099246852, 47.05064165759812], [-122.58622371208455, 47.04898292583089], [-122.58614286370897, 47.04864627655515], [-122.58581048705379, 47.04828514133351], [-122.58740948825975, 47.04838307655052], [-122.58880187695034, 47.04804642348878], [-122.59102071570241, 47.04790564066924], [-122.59439838117117, 47.048297383245476], [-122.59617704543399, 47.0479729716293], [-122.60037217781141, 47.04773425238744], [-122.6041361188524, 47.04638148983648], [-122.60494460260821, 47.04641209570338], [-122.6056812211413, 47.046614093984395], [-122.60597766518511, 47.04692015052841], [-122.60671428371818, 47.047299658204196], [-122.60773836314222, 47.047630194947665], [-122.60862769527361, 47.047838309624225], [-122.60950804425217, 47.04781382558676], [-122.61083755087286, 47.047568984594164], [-122.61187061344974, 47.047140510152765], [-122.61275994558115, 47.04651615551942], [-122.61328096844599, 47.04583670246774], [-122.61348758096138, 47.04486341680273]]]}}, {"type": "Feature", "properties": {"FID": 34, "Shape_Leng": 7152.1298698, "coordinate": 534234.39465, "coordina_1": 5207230.0208, "facilityNu": "UTA06B", "featureNam": "TA 6B", "_Area_ID": "*TA 06B", "_label": "TA 06B", "_Parent_ID": "*Training Areas", "_ClosedSta": "_closed", "_OpenSta": "_open", "Status": " ", "featureAre": 988.445185547, "featureA_1": 988.445185547, "featureA_2": 4.00009574732, "featureDes": "Training Area 6B", "featurePer": 9031.63690596, "Shape_Le_1": 7152.08845873, "Shape_Le_2": 7152.08845873, "coordina_2": 0, "coordina_3": 0, "facility_1": " ", "featureA_3": 0, "featureA_4": 0, "featureA_5": " ", "featureA_6": 0, "featureA_7": " ", "featureA_8": " ", "featureD_1": " ", "featureN_1": " ", "featureP_1": 0, "featureP_2": " ", "installati": " ", "mediaId": " ", "metadataId": " ", "militaryGr": " ", "militaryTr": " ", "mimCode": " ", "operationa": " ", "regionalTr": " ", "rfmssFacil": " ", "rpaPredomC": " ", "rpaPredo_1": 0, "rpaPredo_2": " ", "rpaPredo_3": " ", "rpInterest": " ", "rpsuid": 0, "rpuid": " ", "SDSFIE_PRE": " ", "SDSFIE_P_1": 0, "sdsId": "{00000000-0000-0000-0000-000000000000}", "siteType": " ", "trainingSu": " ", "created_us": " ", "created_da": null, "last_edite": " ", "last_edi_1": null, "Type": " ", "Descriptio": " ", "Acres": 0, "Comment": " ", "Access": " ", "Shape_Le_3": 7152.08845873, "Shape_Area": 3257051.52896, "area_name": "*TA 06B", "area_type": " ", "area_syskey": 34}, "geometry": {"type": "Polygon", "coordinates": [[[-122.5478027673774, 47.010627973779165], [-122.5541089406728, 47.01059734738669], [-122.55836695512014, 47.009127259895344], [-122.56038816450967, 47.01497061842447], [-122.56142122708656, 47.01674677470295], [-122.56051392864947, 47.01904344092211], [-122.56055884441368, 47.02116241066624], [-122.56029833298126, 47.024010026567304], [-122.5596066302124, 47.02432846019335], [-122.55909459050037, 47.02476936515519], [-122.55880712960942, 47.02528987327024], [-122.55877119699805, 47.02585324104005], [-122.55842983719003, 47.02640435593135], [-122.55755847136432, 47.0268881076467], [-122.55647150987038, 47.0277759949569], [-122.55503420541558, 47.027469828587236], [-122.5540640249086, 47.02780048819062], [-122.55362385041931, 47.02783110471697], [-122.55136009590302, 47.02878020832286], [-122.550677376287, 47.028602635383194], [-122.5481171777269, 47.02867611391264], [-122.54706614884434, 47.02836995270596], [-122.54569172645944, 47.02848629417138], [-122.54245779143616, 47.02731062138098], [-122.53797519816779, 47.026741145563875], [-122.53651094425447, 47.026330874274606], [-122.5349568588127, 47.02631862732196], [-122.53987962657038, 47.01282077783473], [-122.54094862175863, 47.010621848502055], [-122.5478027673774, 47.010627973779165]]]}}, {"type": "Feature", "properties": {"FID": 35, "Shape_Leng": 7045.2541014, "coordinate": 533034.369979, "coordina_1": 5204438.10585, "facilityNu": "UTA16B", "featureNam": "TA 16A", "_Area_ID": "*TA 16A", "_label": "TA 16A", "_Parent_ID": "*Training Areas", "_ClosedSta": "_closed", "_OpenSta": "_open", "Status": " ", "featureAre": 429.359156588, "featureA_1": 429.359156588, "featureA_2": 1.73755486035, "featureDes": "Training Area 16B- predominantDesignUse was 17502", "featurePer": 7045.2541014, "Shape_Le_1": 7045.2541014, "Shape_Le_2": 7045.2541014, "coordina_2": 0, "coordina_3": 0, "facility_1": " ", "featureA_3": 0, "featureA_4": 0, "featureA_5": " ", "featureA_6": 0, "featureA_7": " ", "featureA_8": " ", "featureD_1": " ", "featureN_1": " ", "featureP_1": 0, "featureP_2": " ", "installati": " ", "mediaId": " ", "metadataId": " ", "militaryGr": " ", "militaryTr": " ", "mimCode": " ", "operationa": " ", "regionalTr": " ", "rfmssFacil": " ", "rpaPredomC": " ", "rpaPredo_1": 0, "rpaPredo_2": " ", "rpaPredo_3": " ", "rpInterest": " ", "rpsuid": 0, "rpuid": " ", "SDSFIE_PRE": " ", "SDSFIE_P_1": 0, "sdsId": "{00000000-0000-0000-0000-000000000000}", "siteType": " ", "trainingSu": " ", "created_us": " ", "created_da": null, "last_edite": " ", "last_edi_1": null, "Type": " ", "Descriptio": " ", "Acres": 0, "Comment": " ", "Access": " ", "Shape_Le_3": 7045.2541014, "Shape_Area": 1737554.86035, "area_name": "*TA 16A", "area_type": " ", "area_syskey": 35}, "geometry": {"type": "Polygon", "coordinates": [[[-122.5609630862916, 46.96679589728038], [-122.56384667835403, 46.96677137606737], [-122.56308311036241, 46.96742118441442], [-122.5609630862916, 46.96679589728038]], [[-122.55841187088434, 47.001837478373325], [-122.55839390457867, 46.98907490307701], [-122.55939103454418, 46.989044264327596], [-122.56259802010892, 46.98954060990601], [-122.56329870603062, 46.989411928161594], [-122.5650683871406, 46.9894303112869], [-122.56380176258982, 46.988143477245835], [-122.5632268408079, 46.98776354889103], [-122.56241835705207, 46.98664825973461], [-122.56224767714806, 46.98618865578421], [-122.5624902222748, 46.98559422881461], [-122.5630381945982, 46.98506107735286], [-122.56378379628413, 46.98468725534067], [-122.56401735825804, 46.9844298681734], [-122.56531991542019, 46.98392734679894], [-122.56579602252083, 46.98357803037756], [-122.56644280952548, 46.98335127989985], [-122.56687400086192, 46.98300808815832], [-122.56715247860005, 46.98300195971432], [-122.56795197920302, 46.983418692304475], [-122.56827537270534, 46.98344933427851], [-122.56893114286285, 46.983289995821885], [-122.56930843528224, 46.98335127989985], [-122.57109608269786, 46.9849752823681], [-122.57201236428781, 46.9848772307883], [-122.5727759322794, 46.98504882093489], [-122.57408747259441, 46.98512235940054], [-122.57417730412283, 46.98893396468423], [-122.57459951230643, 46.98882366481323], [-122.57427611880411, 46.988915581388206], [-122.57418628727568, 46.98905651982946], [-122.57415035466431, 46.990962216179135], [-122.57248847138845, 46.992242854972574], [-122.57203931374633, 46.99235927515942], [-122.56942521626917, 46.992383784640154], [-122.56897605862706, 46.99256760538716], [-122.56908385646118, 46.99680143492775], [-122.56894910916853, 47.00167206842747], [-122.56855385044346, 47.00186810978858], [-122.55841187088434, 47.001837478373325]]]}}, {"type": "Feature", "properties": {"FID": 36, "Shape_Leng": 8901.11520209, "coordinate": 535928.323184, "coordina_1": 5208516.86416, "facilityNu": "UTA12A", "featureNam": "TA 12A", "_Area_ID": "*TA 12A", "_label": "TA 12A", "_Parent_ID": "*Training Areas", "_ClosedSta": "_closed", "_OpenSta": "_open", "Status": " ", "featureAre": 484.776360452, "featureA_1": 484.776360452, "featureA_2": 1.96182032772, "featureDes": "Training Area 12A", "featurePer": 9366.7261232, "Shape_Le_1": 8901.11513654, "Shape_Le_2": 8901.11513654, "coordina_2": 0, "coordina_3": 0, "facility_1": " ", "featureA_3": 0, "featureA_4": 0, "featureA_5": " ", "featureA_6": 0, "featureA_7": " ", "featureA_8": " ", "featureD_1": " ", "featureN_1": " ", "featureP_1": 0, "featureP_2": " ", "installati": " ", "mediaId": " ", "metadataId": " ", "militaryGr": " ", "militaryTr": " ", "mimCode": " ", "operationa": " ", "regionalTr": " ", "rfmssFacil": " ", "rpaPredomC": " ", "rpaPredo_1": 0, "rpaPredo_2": " ", "rpaPredo_3": " ", "rpInterest": " ", "rpsuid": 0, "rpuid": " ", "SDSFIE_PRE": " ", "SDSFIE_P_1": 0, "sdsId": "{00000000-0000-0000-0000-000000000000}", "siteType": " ", "trainingSu": " ", "created_us": " ", "created_da": null, "last_edite": " ", "last_edi_1": null, "Type": " ", "Descriptio": " ", "Acres": 0, "Comment": " ", "Access": " ", "Shape_Le_3": 8901.11513654, "Shape_Area": 1814077.03799, "area_name": "*TA 12A", "area_type": " ", "area_syskey": 36}, "geometry": {"type": "Polygon", "coordinates": [[[-122.53857706940823, 47.01194489204155], [-122.52821051102804, 47.03994162490996], [-122.51051369992842, 47.0399293810804], [-122.51090895865349, 47.03923760014557], [-122.51225643157986, 47.03856417646099], [-122.51295711750157, 47.0377621789847], [-122.5156520633543, 47.03684996872918], [-122.51634376612317, 47.03675201233827], [-122.51872430162642, 47.03558264403582], [-122.52141026432632, 47.03378262389836], [-122.52260502365435, 47.033256075917706], [-122.52425792377736, 47.03227643794357], [-122.52276672040551, 47.03137637970456], [-122.52296434976805, 47.030813070226884], [-122.52365605253691, 47.03013341718208], [-122.52520115482582, 47.02939252427369], [-122.52498555915761, 47.028333213243165], [-122.52501250861613, 47.026998328943286], [-122.5262342174027, 47.024279470528384], [-122.52677320657324, 47.023887551589986], [-122.52770745446887, 47.02359361049799], [-122.52896509586681, 47.02301184731529], [-122.52946815242598, 47.022491316988535], [-122.53029460248749, 47.0222647316138], [-122.53042036662728, 47.0217809380004], [-122.53012392258347, 47.0211134180959], [-122.52962984917716, 47.02072760003322], [-122.52960289971863, 47.02022541996596], [-122.53002510790222, 47.01966199280456], [-122.53085155796373, 47.01905568954378], [-122.53161512595533, 47.01878009487652], [-122.53215411512588, 47.01836976240297], [-122.53231581187704, 47.01776344446833], [-122.53238767709978, 47.015730085580266], [-122.53312429563287, 47.01387427178662], [-122.5334297228295, 47.01373339879907], [-122.53494787565987, 47.01353127603741], [-122.53565754473443, 47.013120903228625], [-122.53655586001868, 47.012845277930104], [-122.53724756278754, 47.01244714998754], [-122.53857706940823, 47.01194489204155]]]}}, {"type": "Feature", "properties": {"FID": 37, "Shape_Leng": 7971.84626371, "coordinate": 536407.199259, "coordina_1": 5207487.28736, "facilityNu": "UTA12C", "featureNam": "TA 12C", "_Area_ID": "*TA 12C", "_label": "TA 12C", "_Parent_ID": "*Training Areas", "_ClosedSta": "_closed", "_OpenSta": "_open", "Status": " ", "featureAre": 645.640956114, "featureA_1": 645.640956114, "featureA_2": 2.61281624981, "featureDes": "Training Area 12C", "featurePer": 8446.69176817, "Shape_Le_1": 7971.84625006, "Shape_Le_2": 7971.84625006, "coordina_2": 0, "coordina_3": 0, "facility_1": " ", "featureA_3": 0, "featureA_4": 0, "featureA_5": " ", "featureA_6": 0, "featureA_7": " ", "featureA_8": " ", "featureD_1": " ", "featureN_1": " ", "featureP_1": 0, "featureP_2": " ", "installati": " ", "mediaId": " ", "metadataId": " ", "militaryGr": " ", "militaryTr": " ", "mimCode": " ", "operationa": " ", "regionalTr": " ", "rfmssFacil": " ", "rpaPredomC": " ", "rpaPredo_1": 0, "rpaPredo_2": " ", "rpaPredo_3": " ", "rpInterest": " ", "rpsuid": 0, "rpuid": " ", "SDSFIE_PRE": " ", "SDSFIE_P_1": 0, "sdsId": "{00000000-0000-0000-0000-000000000000}", "siteType": " ", "trainingSu": " ", "created_us": " ", "created_da": null, "last_edite": " ", "last_edi_1": null, "Type": " ", "Descriptio": " ", "Acres": 0, "Comment": " ", "Access": " ", "Shape_Le_3": 7971.84625006, "Shape_Area": 2763029.54911, "area_name": "*TA 12C", "area_type": " ", "area_syskey": 37}, "geometry": {"type": "Polygon", "coordinates": [[[-122.50390209943637, 47.02558380502237], [-122.52376385037103, 47.01008894670629], [-122.53187563738777, 47.01008282136738], [-122.53187563738777, 47.010627973779165], [-122.53466939792176, 47.011938766915506], [-122.53857706940823, 47.01194489204155], [-122.53724756278754, 47.01244714998754], [-122.53655586001868, 47.012845277930104], [-122.53565754473443, 47.013120903228625], [-122.53494787565987, 47.01353127603741], [-122.5334297228295, 47.01373339879907], [-122.53312429563287, 47.01387427178662], [-122.53238767709978, 47.015730085580266], [-122.53231581187704, 47.01776344446833], [-122.53215411512588, 47.01836976240297], [-122.53183072162354, 47.01866985661132], [-122.53067189490687, 47.01923329424227], [-122.53003409105506, 47.01967424128432], [-122.52963883233, 47.02022541996596], [-122.52965679863567, 47.02055000030537], [-122.53034850140453, 47.021413496883746], [-122.53042934978014, 47.021701325973076], [-122.53029460248749, 47.0222647316138], [-122.52946815242598, 47.022491316988535], [-122.52896509586681, 47.02301184731529], [-122.52759965663475, 47.02364872457603], [-122.52681812233747, 47.02386918031916], [-122.52624320055556, 47.02432846019335], [-122.52501250861613, 47.026998328943286], [-122.52500352546329, 47.028357706221165], [-122.52524607059003, 47.02931292359731], [-122.52490471078201, 47.029625202493165], [-122.52363808623123, 47.030127294142325], [-122.52302723183794, 47.030702856807544], [-122.52276672040551, 47.03137637970456], [-122.52103297190693, 47.03064775001254], [-122.5192902402555, 47.02949049417392], [-122.51811344723313, 47.02889654889406], [-122.51611918730212, 47.027629035318625], [-122.5144662871791, 47.02765352861977], [-122.51373865179886, 47.027861721225726], [-122.51276847129188, 47.02791070760325], [-122.51094489126486, 47.027328991467485], [-122.50535737019685, 47.026134922695384], [-122.50390209943637, 47.02558380502237]]]}}, {"type": "Feature", "properties": {"FID": 38, "Shape_Leng": 7712.68237702, "coordinate": 540081.040792, "coordina_1": 5212366.31442, "facilityNu": "UTA10A", "featureNam": "TA 10C", "_Area_ID": "*TA 10C", "_label": "TA 10C", "_Parent_ID": "*Training Areas", "_ClosedSta": "_closed", "_OpenSta": "_open", "Status": " ", "featureAre": 696.181249402, "featureA_1": 696.181249402, "featureA_2": 2.8173455603, "featureDes": "Training Area 10A- predominantDesignUse was 17502", "featurePer": 7712.68237702, "Shape_Le_1": 7712.68237702, "Shape_Le_2": 7712.68237702, "coordina_2": 0, "coordina_3": 0, "facility_1": " ", "featureA_3": 0, "featureA_4": 0, "featureA_5": " ", "featureA_6": 0, "featureA_7": " ", "featureA_8": " ", "featureD_1": " ", "featureN_1": " ", "featureP_1": 0, "featureP_2": " ", "installati": " ", "mediaId": " ", "metadataId": " ", "militaryGr": " ", "militaryTr": " ", "mimCode": " ", "operationa": " ", "regionalTr": " ", "rfmssFacil": " ", "rpaPredomC": " ", "rpaPredo_1": 0, "rpaPredo_2": " ", "rpaPredo_3": " ", "rpInterest": " ", "rpsuid": 0, "rpuid": " ", "SDSFIE_PRE": " ", "SDSFIE_P_1": 0, "sdsId": "{00000000-0000-0000-0000-000000000000}", "siteType": " ", "trainingSu": " ", "created_us": " ", "created_da": null, "last_edite": " ", "last_edi_1": null, "Type": " ", "Descriptio": " ", "Acres": 0, "Comment": " ", "Access": " ", "Shape_Le_3": 7712.68237702, "Shape_Area": 2817345.5603, "area_name": "*TA 10C", "area_type": " ", "area_syskey": 38}, "geometry": {"type": "Polygon", "coordinates": [[[-122.46702625701815, 47.0543200631802], [-122.47420379613926, 47.054369025270574], [-122.4790367323685, 47.05698843156796], [-122.47955775523334, 47.0577044618297], [-122.48217185271051, 47.05988309306114], [-122.48315101637034, 47.060868343683154], [-122.48638495139362, 47.064662306457265], [-122.48994227991922, 47.06947168405883], [-122.4890888803992, 47.06955122482425], [-122.48821751457348, 47.06926365380338], [-122.48518120891272, 47.06931872071473], [-122.48208202118207, 47.06868238849173], [-122.48054590204602, 47.06762385748372], [-122.47941402478789, 47.067568788821355], [-122.47679094415787, 47.06655306773552], [-122.47631483705723, 47.066559186595185], [-122.47508414511782, 47.06698750502655], [-122.47355700913461, 47.06697526740485], [-122.47326954824364, 47.067103762292646], [-122.47274852537878, 47.070334389099614], [-122.4724341150293, 47.07092787311233], [-122.47210173837412, 47.071215435154045], [-122.4701254447488, 47.07182726412285], [-122.46942475882707, 47.07216376706183], [-122.46876000551673, 47.07200469321002], [-122.46708913908805, 47.07189456488064], [-122.46562488517472, 47.0724023769493], [-122.46433131116541, 47.07301419229207], [-122.46135788757456, 47.073962492192784], [-122.46082788155685, 47.07092175475415], [-122.46073805002844, 47.06825408367952], [-122.46051347120738, 47.06671827670004], [-122.46052245436022, 47.06558627908525], [-122.46090872993244, 47.06307744194123], [-122.46126805604612, 47.062018799627644], [-122.46234603438722, 47.060654160314094], [-122.46432232801257, 47.05663959282902], [-122.46430436170688, 47.05643763251605], [-122.46702625701815, 47.0543200631802]]]}}, {"type": "Feature", "properties": {"FID": 39, "Shape_Leng": 7959.53938177, "coordinate": 538801.197694, "coordina_1": 5210600.9947, "facilityNu": "UTA10D", "featureNam": "TA 10B", "_Area_ID": "*TA 10B", "_label": "TA 10B", "_Parent_ID": "*Training Areas", "_ClosedSta": "_closed", "_OpenSta": "_open", "Status": " ", "featureAre": 864.764735145, "featureA_1": 864.764735145, "featureA_2": 3.49957872229, "featureDes": "Training Area 10D- predominantDesignUse was 17502", "featurePer": 7959.53938177, "Shape_Le_1": 7959.51420458, "Shape_Le_2": 7959.51420458, "coordina_2": 0, "coordina_3": 0, "facility_1": " ", "featureA_3": 0, "featureA_4": 0, "featureA_5": " ", "featureA_6": 0, "featureA_7": " ", "featureA_8": " ", "featureD_1": " ", "featureN_1": " ", "featureP_1": 0, "featureP_2": " ", "installati": " ", "mediaId": " ", "metadataId": " ", "militaryGr": " ", "militaryTr": " ", "mimCode": " ", "operationa": " ", "regionalTr": " ", "rfmssFacil": " ", "rpaPredomC": " ", "rpaPredo_1": 0, "rpaPredo_2": " ", "rpaPredo_3": " ", "rpInterest": " ", "rpsuid": 0, "rpuid": " ", "SDSFIE_PRE": " ", "SDSFIE_P_1": 0, "sdsId": "{00000000-0000-0000-0000-000000000000}", "siteType": " ", "trainingSu": " ", "created_us": " ", "created_da": null, "last_edite": " ", "last_edi_1": null, "Type": " ", "Descriptio": " ", "Acres": 0, "Comment": " ", "Access": " ", "Shape_Le_3": 7959.51420458, "Shape_Area": 3499576.36669, "area_name": "*TA 10B", "area_type": " ", "area_syskey": 39}, "geometry": {"type": "Polygon", "coordinates": [[[-122.5060850055771, 47.03991101533076], [-122.5060400898129, 47.04026608536981], [-122.50683959041585, 47.04302698039385], [-122.50664196105332, 47.04466141189227], [-122.50565381424066, 47.04684057599591], [-122.5053034712798, 47.04807090741945], [-122.50326429558456, 47.049509318621475], [-122.50281513794245, 47.05043355385956], [-122.50254564335718, 47.05062329553619], [-122.50150359762745, 47.05096605298293], [-122.5004795182034, 47.05107010391486], [-122.49880865177471, 47.051859660254195], [-122.49627540267315, 47.05274101166368], [-122.49450572156319, 47.05301031057808], [-122.49310434971976, 47.05350606184184], [-122.49084059520347, 47.05384880076186], [-122.48950210542995, 47.054344544231], [-122.48784920530693, 47.055195253765476], [-122.48617833887823, 47.05561142327048], [-122.48486679856325, 47.056101030294606], [-122.48310610060611, 47.05633359205629], [-122.4813903184132, 47.05674975267732], [-122.47913554704975, 47.05698843156796], [-122.4787402883247, 47.05689663212106], [-122.4766292474067, 47.055623663500874], [-122.47420379613926, 47.054369025270574], [-122.46702625701815, 47.0543200631802], [-122.48572019808327, 47.03975796717137], [-122.5060850055771, 47.03991101533076]]]}}, {"type": "Feature", "properties": {"FID": 40, "Shape_Leng": 12308.8430276, "coordinate": 536843.415582, "coordina_1": 5210798.9247, "facilityNu": "UTA10B", "featureNam": "TA 10A", "_Area_ID": "*TA 10A", "_label": "TA 10A", "_Parent_ID": "*Training Areas", "_ClosedSta": "_closed", "_OpenSta": "_open", "Status": " ", "featureAre": 819.273062581, "featureA_1": 819.273062581, "featureA_2": 3.315480455, "featureDes": "Training Area 10B- predominantDesignUse was 17502", "featurePer": 8157.71706086, "Shape_Le_1": 12308.8178505, "Shape_Le_2": 12308.8178505, "coordina_2": 0, "coordina_3": 0, "facility_1": " ", "featureA_3": 0, "featureA_4": 0, "featureA_5": " ", "featureA_6": 0, "featureA_7": " ", "featureA_8": " ", "featureD_1": " ", "featureN_1": " ", "featureP_1": 0, "featureP_2": " ", "installati": " ", "mediaId": " ", "metadataId": " ", "militaryGr": " ", "militaryTr": " ", "mimCode": " ", "operationa": " ", "regionalTr": " ", "rfmssFacil": " ", "rpaPredomC": " ", "rpaPredo_1": 0, "rpaPredo_2": " ", "rpaPredo_3": " ", "rpInterest": " ", "rpsuid": 0, "rpuid": " ", "SDSFIE_PRE": " ", "SDSFIE_P_1": 0, "sdsId": "{00000000-0000-0000-0000-000000000000}", "siteType": " ", "trainingSu": " ", "created_us": " ", "created_da": null, "last_edite": " ", "last_edi_1": null, "Type": " ", "Descriptio": " ", "Acres": 0, "Comment": " ", "Access": " ", "Shape_Le_3": 12308.8178505, "Shape_Area": 7275137.27384, "area_name": "*TA 10A", "area_type": " ", "area_syskey": 40}, "geometry": {"type": "Polygon", "coordinates": [[[-122.49888051699745, 47.06901279270958], [-122.49606879015776, 47.06924529815363], [-122.49295163612143, 47.06922694249755], [-122.48994227991922, 47.06947168405883], [-122.48638495139362, 47.064662306457265], [-122.48315101637034, 47.060868343683154], [-122.48217185271051, 47.05988309306114], [-122.47955775523334, 47.0577044618297], [-122.4790367323685, 47.05698843156796], [-122.4813903184132, 47.05674975267732], [-122.48310610060611, 47.05633359205629], [-122.48486679856325, 47.056101030294606], [-122.48617833887823, 47.05561142327048], [-122.48784920530693, 47.055195253765476], [-122.48950210542995, 47.054344544231], [-122.49084059520347, 47.05384880076186], [-122.49310434971976, 47.05350606184184], [-122.49450572156319, 47.05301031057808], [-122.49627540267315, 47.05274101166368], [-122.49880865177471, 47.051859660254195], [-122.5004795182034, 47.05107010391486], [-122.50173715960135, 47.050917087768255], [-122.50268039064981, 47.05056208861749], [-122.50326429558456, 47.049509318621475], [-122.5053034712798, 47.04807090741945], [-122.50565381424066, 47.04684057599591], [-122.50664196105332, 47.04466141189227], [-122.50683959041585, 47.04302698039385], [-122.5060400898129, 47.04026608536981], [-122.5060850055771, 47.03991101533076], [-122.52821051102804, 47.03994162490996], [-122.51964956636918, 47.06308356119984], [-122.52026940391531, 47.06307744194123], [-122.51955973484077, 47.0649804975146], [-122.51871531847358, 47.06641233376927], [-122.51545443399176, 47.070328270673315], [-122.5147627312229, 47.070328270673315], [-122.51301101641863, 47.072432967883245], [-122.51149286358826, 47.07187009188764], [-122.50781875407569, 47.07010800685872], [-122.5068485735687, 47.06974701697197], [-122.50522262290423, 47.069355431957334], [-122.49888051699745, 47.06901279270958]]]}}, {"type": "Feature", "properties": {"FID": 41, "Shape_Leng": 12186.1777951, "coordinate": 538587.241516, "coordina_1": 5205860.64965, "facilityNu": "UTA13C", "featureNam": "TA 13C", "_Area_ID": "*TA 13C", "_label": "TA 13C", "_Parent_ID": "*Training Areas", "_ClosedSta": "_closed", "_OpenSta": "_open", "Status": " ", "featureAre": 1677.39608694, "featureA_1": 1677.39608694, "featureA_2": 6.78818112735, "featureDes": "Training Area 13C", "featurePer": 12186.1777951, "Shape_Le_1": 12186.1777951, "Shape_Le_2": 12186.1777951, "coordina_2": 0, "coordina_3": 0, "facility_1": " ", "featureA_3": 0, "featureA_4": 0, "featureA_5": " ", "featureA_6": 0, "featureA_7": " ", "featureA_8": " ", "featureD_1": " ", "featureN_1": " ", "featureP_1": 0, "featureP_2": " ", "installati": " ", "mediaId": " ", "metadataId": " ", "militaryGr": " ", "militaryTr": " ", "mimCode": " ", "operationa": " ", "regionalTr": " ", "rfmssFacil": " ", "rpaPredomC": " ", "rpaPredo_1": 0, "rpaPredo_2": " ", "rpaPredo_3": " ", "rpInterest": " ", "rpsuid": 0, "rpuid": " ", "SDSFIE_PRE": " ", "SDSFIE_P_1": 0, "sdsId": "{00000000-0000-0000-0000-000000000000}", "siteType": " ", "trainingSu": " ", "created_us": " ", "created_da": null, "last_edite": " ", "last_edi_1": null, "Type": " ", "Descriptio": " ", "Acres": 0, "Comment": " ", "Access": " ", "Shape_Le_3": 12186.1777951, "Shape_Area": 6788181.12735, "area_name": "*TA 13C", "area_type": " ", "area_syskey": 41}, "geometry": {"type": "Polygon", "coordinates": [[[-122.47604534247196, 47.01109349278242], [-122.47621602237598, 47.010242079950665], [-122.47232631719518, 47.00766325755806], [-122.47067341707218, 47.00729571928925], [-122.46758321249436, 47.006958806987896], [-122.46662201514023, 47.00696493268507], [-122.46503199708711, 47.00598481220163], [-122.46423249648413, 47.00523133235354], [-122.46436724377678, 46.995943667326365], [-122.48394153382046, 46.99622550677135], [-122.50513279137579, 46.99621325291335], [-122.50508787561158, 47.00345479308204], [-122.51605630523221, 47.003485423570034], [-122.51605630523221, 47.003405784264764], [-122.52124856757514, 47.003399658159466], [-122.52126653388083, 47.009341650174676], [-122.52367401884261, 47.00932327389873], [-122.51777208742512, 47.01393552079574], [-122.5120318527588, 47.01434588734477], [-122.51062149776253, 47.014639879351485], [-122.50256360966286, 47.01480524914404], [-122.49387690086422, 47.01428463880631], [-122.49035550494997, 47.01375177355764], [-122.4874180139705, 47.01251452569413], [-122.48360017401247, 47.01192651666127], [-122.48202812226502, 47.011307875169344], [-122.48018657593232, 47.011320125565454], [-122.4791624965083, 47.0115161315212], [-122.47846181058657, 47.011510006345965], [-122.47754552899664, 47.01143037900409], [-122.47604534247196, 47.01109349278242]]]}}, {"type": "Feature", "properties": {"FID": 42, "Shape_Leng": 8711.46981141, "coordinate": 540561.62637, "coordina_1": 5209299.18461, "facilityNu": "UTA13A", "featureNam": "TA 13A", "_Area_ID": "*TA 13A", "_label": "TA 13A", "_Parent_ID": "*Training Areas", "_ClosedSta": "_closed", "_OpenSta": "_open", "Status": " ", "featureAre": 699.479649711, "featureA_1": 699.479649711, "featureA_2": 2.83069371277, "featureDes": "Training Area 13A", "featurePer": 8711.46981141, "Shape_Le_1": 8711.46981141, "Shape_Le_2": 8711.46981141, "coordina_2": 0, "coordina_3": 0, "facility_1": " ", "featureA_3": 0, "featureA_4": 0, "featureA_5": " ", "featureA_6": 0, "featureA_7": " ", "featureA_8": " ", "featureD_1": " ", "featureN_1": " ", "featureP_1": 0, "featureP_2": " ", "installati": " ", "mediaId": " ", "metadataId": " ", "militaryGr": " ", "militaryTr": " ", "mimCode": " ", "operationa": " ", "regionalTr": " ", "rfmssFacil": " ", "rpaPredomC": " ", "rpaPredo_1": 0, "rpaPredo_2": " ", "rpaPredo_3": " ", "rpInterest": " ", "rpsuid": 0, "rpuid": " ", "SDSFIE_PRE": " ", "SDSFIE_P_1": 0, "sdsId": "{00000000-0000-0000-0000-000000000000}", "siteType": " ", "trainingSu": " ", "created_us": " ", "created_da": null, "last_edite": " ", "last_edi_1": null, "Type": " ", "Descriptio": " ", "Acres": 0, "Comment": " ", "Access": " ", "Shape_Le_3": 8711.46981141, "Shape_Area": 2830693.71277, "area_name": "*TA 13A", "area_type": " ", "area_syskey": 42}, "geometry": {"type": "Polygon", "coordinates": [[[-122.46551708734061, 47.03247848974772], [-122.49083161205063, 47.03253359465245], [-122.49145144959675, 47.0326805407869], [-122.49272705730037, 47.033464246670576], [-122.48466916920071, 47.039745723299646], [-122.46441215954098, 47.03979469876967], [-122.44690399465107, 47.03967226001035], [-122.44459532437055, 47.03913964813786], [-122.44296937370606, 47.03895598763871], [-122.44321191883282, 47.03179885791113], [-122.45320118479363, 47.03250910359071], [-122.46551708734061, 47.03247848974772]]]}}, {"type": "Feature", "properties": {"FID": 43, "Shape_Leng": 6685.78949505, "coordinate": 543094.991485, "coordina_1": 5205453.59653, "facilityNu": "UTA15B", "featureNam": "TA 15C", "_Area_ID": "*TA 15C", "_label": "TA 15C", "_Parent_ID": "*Training Areas", "_ClosedSta": "_closed", "_OpenSta": "_open", "Status": " ", "featureAre": 538.972788278, "featureA_1": 538.972788278, "featureA_2": 2.18114548974, "featureDes": "Training Area 15B- predominantDesignUse was 17502", "featurePer": 6685.78949505, "Shape_Le_1": 6685.78949505, "Shape_Le_2": 6685.78949505, "coordina_2": 0, "coordina_3": 0, "facility_1": " ", "featureA_3": 0, "featureA_4": 0, "featureA_5": " ", "featureA_6": 0, "featureA_7": " ", "featureA_8": " ", "featureD_1": " ", "featureN_1": " ", "featureP_1": 0, "featureP_2": " ", "installati": " ", "mediaId": " ", "metadataId": " ", "militaryGr": " ", "militaryTr": " ", "mimCode": " ", "operationa": " ", "regionalTr": " ", "rfmssFacil": " ", "rpaPredomC": " ", "rpaPredo_1": 0, "rpaPredo_2": " ", "rpaPredo_3": " ", "rpInterest": " ", "rpsuid": 0, "rpuid": " ", "SDSFIE_PRE": " ", "SDSFIE_P_1": 0, "sdsId": "{00000000-0000-0000-0000-000000000000}", "siteType": " ", "trainingSu": " ", "created_us": " ", "created_da": null, "last_edite": " ", "last_edi_1": null, "Type": " ", "Descriptio": " ", "Acres": 0, "Comment": " ", "Access": " ", "Shape_Le_3": 6685.78949505, "Shape_Area": 2181145.48974, "area_name": "*TA 15C", "area_type": " ", "area_syskey": 43}, "geometry": {"type": "Polygon", "coordinates": [[[-122.42199371181896, 47.00558050726306], [-122.42199371181896, 46.99487756554504], [-122.4430592052345, 46.995104267129626], [-122.44315801991576, 47.00970304898324], [-122.44162190077971, 47.00958666658301], [-122.44057985504999, 47.009629544338914], [-122.43996001750386, 47.00977655352639], [-122.43735490317954, 47.009660171286335], [-122.43627692483844, 47.00909050718964], [-122.43562115468094, 47.00827581571953], [-122.43828915107517, 47.006352359490364], [-122.43828016792231, 47.00625434712734], [-122.43570200305655, 47.005929679890215], [-122.43285434360548, 47.005770408448655], [-122.43174941580587, 47.00591130244041], [-122.43124635924667, 47.00613795721263], [-122.43049177440793, 47.00629110178456], [-122.42960244227652, 47.006144083003925], [-122.42836276718427, 47.00649325194721], [-122.42783276116656, 47.00641974288566], [-122.42681766489535, 47.00654225793204], [-122.42474255658874, 47.00654225793204], [-122.42275727981057, 47.005666269172394], [-122.42199371181896, 47.00558050726306]]]}}, {"type": "Feature", "properties": {"FID": 44, "Shape_Leng": 8324.8456979, "coordinate": 543033.918407, "coordina_1": 5206794.59922, "facilityNu": "UTA15NA", "featureNam": "TA 15NA", "_Area_ID": "*TA 15NA", "_label": "TA 15NA", "_Parent_ID": "*Training Areas", "_ClosedSta": "_closed", "_OpenSta": "_open", "Status": " ", "featureAre": 481.544598719, "featureA_1": 481.544598719, "featureA_2": 1.948741852, "featureDes": "Training Area 15NA- predominantDesignUse was 17502", "featurePer": 8324.8456979, "Shape_Le_1": 8324.8456979, "Shape_Le_2": 8324.8456979, "coordina_2": 0, "coordina_3": 0, "facility_1": " ", "featureA_3": 0, "featureA_4": 0, "featureA_5": " ", "featureA_6": 0, "featureA_7": " ", "featureA_8": " ", "featureD_1": " ", "featureN_1": " ", "featureP_1": 0, "featureP_2": " ", "installati": " ", "mediaId": " ", "metadataId": " ", "militaryGr": " ", "militaryTr": " ", "mimCode": " ", "operationa": " ", "regionalTr": " ", "rfmssFacil": " ", "rpaPredomC": " ", "rpaPredo_1": 0, "rpaPredo_2": " ", "rpaPredo_3": " ", "rpInterest": " ", "rpsuid": 0, "rpuid": " ", "SDSFIE_PRE": " ", "SDSFIE_P_1": 0, "sdsId": "{00000000-0000-0000-0000-000000000000}", "siteType": " ", "trainingSu": " ", "created_us": " ", "created_da": null, "last_edite": " ", "last_edi_1": null, "Type": " ", "Descriptio": " ", "Acres": 0, "Comment": " ", "Access": " ", "Shape_Le_3": 8324.8456979, "Shape_Area": 1948741.852, "area_name": "*TA 15NA", "area_type": " ", "area_syskey": 44}, "geometry": {"type": "Polygon", "coordinates": [[[-122.42190388029054, 47.015521845660736], [-122.42187693083201, 47.005899050803706], [-122.42199371181896, 47.005899050803706], [-122.42199371181896, 47.00558050726306], [-122.42275727981057, 47.005666269172394], [-122.42474255658874, 47.00654225793204], [-122.42681766489535, 47.00654225793204], [-122.42783276116656, 47.00641974288566], [-122.42836276718427, 47.00649325194721], [-122.42960244227652, 47.006144083003925], [-122.43049177440793, 47.00629110178456], [-122.43124635924667, 47.00613795721263], [-122.43174941580587, 47.00591130244041], [-122.43285434360548, 47.005770408448655], [-122.43570200305655, 47.005929679890215], [-122.43828016792231, 47.00625434712734], [-122.43828915107517, 47.006352359490364], [-122.43562115468094, 47.00827581571953], [-122.43627692483844, 47.00909050718964], [-122.43735490317954, 47.009660171286335], [-122.43996001750386, 47.00977655352639], [-122.44057985504999, 47.009629544338914], [-122.44162190077971, 47.00958666658301], [-122.44315801991576, 47.00970304898324], [-122.44325683459704, 47.02876796193221], [-122.44293344109471, 47.02828422725339], [-122.44228665409005, 47.02792295419058], [-122.44192732797634, 47.027004452341984], [-122.4416398670854, 47.026704404979945], [-122.44164885023824, 47.02640435593135], [-122.44081341702389, 47.0256389170457], [-122.44019357947776, 47.024205985946594], [-122.44016663001923, 47.02269340583576], [-122.43978035444701, 47.02205039321204], [-122.44011273110219, 47.021682953949885], [-122.4396905229186, 47.0206724829395], [-122.43898983699687, 47.02004781856764], [-122.4379388081143, 47.01973548364104], [-122.43618709331002, 47.01900669504022], [-122.43406706923922, 47.01789818238215], [-122.43384249041816, 47.01742659819639], [-122.4347857214666, 47.01618943547264], [-122.43443537850575, 47.01584032991483], [-122.43297112459244, 47.015050240487945], [-122.43161466851322, 47.014639879351485], [-122.43068940377046, 47.014523507709015], [-122.42971024011062, 47.014737876327395], [-122.42851548078256, 47.01478687474793], [-122.42793157584782, 47.014995117533566], [-122.42763513180401, 47.01530748018943], [-122.42190388029054, 47.015521845660736]]]}}, {"type": "Feature", "properties": {"FID": 45, "Shape_Leng": 15466.0243055, "coordinate": 543198.6064, "coordina_1": 5208430.1579, "facilityNu": "UTA15A", "featureNam": "TA 15B", "_Area_ID": "*TA 15B", "_label": "TA 15B", "_Parent_ID": "*Training Areas", "_ClosedSta": "_closed", "_OpenSta": "_open", "Status": " ", "featureAre": 930.876310092, "featureA_1": 930.876310092, "featureA_2": 3.76712277396, "featureDes": "Training Area 15A- predominantDesignUse was 17502", "featurePer": 8141.44266896, "Shape_Le_1": 15466.0243055, "Shape_Le_2": 15466.0243055, "coordina_2": 0, "coordina_3": 0, "facility_1": " ", "featureA_3": 0, "featureA_4": 0, "featureA_5": " ", "featureA_6": 0, "featureA_7": " ", "featureA_8": " ", "featureD_1": " ", "featureN_1": " ", "featureP_1": 0, "featureP_2": " ", "installati": " ", "mediaId": " ", "metadataId": " ", "militaryGr": " ", "militaryTr": " ", "mimCode": " ", "operationa": " ", "regionalTr": " ", "rfmssFacil": " ", "rpaPredomC": " ", "rpaPredo_1": 0, "rpaPredo_2": " ", "rpaPredo_3": " ", "rpInterest": " ", "rpsuid": 0, "rpuid": " ", "SDSFIE_PRE": " ", "SDSFIE_P_1": 0, "sdsId": "{00000000-0000-0000-0000-000000000000}", "siteType": " ", "trainingSu": " ", "created_us": " ", "created_da": null, "last_edite": " ", "last_edi_1": null, "Type": " ", "Descriptio": " ", "Acres": 0, "Comment": " ", "Access": " ", "Shape_Le_3": 15466.0243055, "Shape_Area": 5642065.7425, "area_name": "*TA 15B", "area_type": " ", "area_syskey": 45}, "geometry": {"type": "Polygon", "coordinates": [[[-122.4216613351638, 47.02069697943261], [-122.42177811615073, 47.03864376333931], [-122.40345248435216, 47.038704983934174], [-122.40056889228973, 47.03866825158569], [-122.40032634716299, 47.03862539714717], [-122.40029041455162, 47.03844785696371], [-122.39989515582654, 47.038258071976415], [-122.3992932845861, 47.03820297298271], [-122.39047182849482, 47.03861315301553], [-122.38984300779585, 47.03857029853276], [-122.38988792356005, 47.0324050164529], [-122.37946746626282, 47.03242950756242], [-122.37561369369341, 47.02760454200625], [-122.37947644941568, 47.02764128197061], [-122.37947644941568, 47.0315294519049], [-122.38988792356005, 47.03151108326404], [-122.38995080562997, 47.02394266536455], [-122.3726043374912, 47.02394266536455], [-122.36981956011005, 47.02048875888291], [-122.37950339887419, 47.02043976569438], [-122.40073058904089, 47.02058062099025], [-122.40073957219373, 47.01996820395595], [-122.42154455417683, 47.020109060495855], [-122.42152658787116, 47.02069697943261], [-122.4216613351638, 47.02069697943261]]]}}, {"type": "Feature", "properties": {"FID": 46, "Shape_Leng": 18332.8451062, "coordinate": 541168.787702, "coordina_1": 5210729.80353, "facilityNu": "UTA11A", "featureNam": "TA 11B", "_Area_ID": "*TA 11B", "_label": "TA 11B", "_Parent_ID": "*Training Areas", "_ClosedSta": "_closed", "_OpenSta": "_open", "Status": " ", "featureAre": 1254.78991666, "featureA_1": 1254.78991666, "featureA_2": 5.07795463299, "featureDes": "Training Area 11A", "featurePer": 10039.6597277, "Shape_Le_1": 18332.8451062, "Shape_Le_2": 13339.3625398, "coordina_2": 0, "coordina_3": 0, "facility_1": " ", "featureA_3": 0, "featureA_4": 0, "featureA_5": " ", "featureA_6": 0, "featureA_7": " ", "featureA_8": " ", "featureD_1": " ", "featureN_1": " ", "featureP_1": 0, "featureP_2": " ", "installati": " ", "mediaId": " ", "metadataId": " ", "militaryGr": " ", "militaryTr": " ", "mimCode": " ", "operationa": " ", "regionalTr": " ", "rfmssFacil": " ", "rpaPredomC": " ", "rpaPredo_1": 0, "rpaPredo_2": " ", "rpaPredo_3": " ", "rpInterest": " ", "rpsuid": 0, "rpuid": " ", "SDSFIE_PRE": " ", "SDSFIE_P_1": 0, "sdsId": "{00000000-0000-0000-0000-000000000000}", "siteType": " ", "trainingSu": " ", "created_us": " ", "created_da": null, "last_edite": " ", "last_edi_1": null, "Type": " ", "Descriptio": " ", "Acres": 0, "Comment": " ", "Access": " ", "Shape_Le_3": 13339.3625398, "Shape_Area": 9495456.65002, "area_name": "*TA 11B", "area_type": " ", "area_syskey": 46}, "geometry": {"type": "Polygon", "coordinates": [[[-122.42173320038653, 47.06298565297759], [-122.4217691329979, 47.03864376333931], [-122.44331971666693, 47.03896210966554], [-122.44459532437055, 47.03913964813786], [-122.44690399465107, 47.03967226001035], [-122.46441215954098, 47.03979469876967], [-122.48466916920071, 47.039745723299646], [-122.4603517744562, 47.05868363294731], [-122.45900430152984, 47.05953427325956], [-122.45747716554662, 47.06021967140807], [-122.45600392848046, 47.060666399386946], [-122.4541084832307, 47.06105192874322], [-122.45320118479363, 47.06143133586414], [-122.44101104638642, 47.063224303954335], [-122.42173320038653, 47.06298565297759]]]}}, {"type": "Feature", "properties": {"FID": 47, "Shape_Leng": 9870.38973178, "coordinate": 543143.643, "coordina_1": 5212622.3263, "facilityNu": "UTA11D", "featureNam": "TA 11A", "_Area_ID": "*TA 11A", "_label": "TA 11A", "_Parent_ID": "*Training Areas", "_ClosedSta": "_closed", "_OpenSta": "_open", "Status": " ", "featureAre": 529.071069321, "featureA_1": 529.071069321, "featureA_2": 2.14107465479, "featureDes": "Training Area 11D", "featurePer": 9870.38973178, "Shape_Le_1": 9870.38973178, "Shape_Le_2": 9870.38973178, "coordina_2": 0, "coordina_3": 0, "facility_1": " ", "featureA_3": 0, "featureA_4": 0, "featureA_5": " ", "featureA_6": 0, "featureA_7": " ", "featureA_8": " ", "featureD_1": " ", "featureN_1": " ", "featureP_1": 0, "featureP_2": " ", "installati": " ", "mediaId": " ", "metadataId": " ", "militaryGr": " ", "militaryTr": " ", "mimCode": " ", "operationa": " ", "regionalTr": " ", "rfmssFacil": " ", "rpaPredomC": " ", "rpaPredo_1": 0, "rpaPredo_2": " ", "rpaPredo_3": " ", "rpInterest": " ", "rpsuid": 0, "rpuid": " ", "SDSFIE_PRE": " ", "SDSFIE_P_1": 0, "sdsId": "{00000000-0000-0000-0000-000000000000}", "siteType": " ", "trainingSu": " ", "created_us": " ", "created_da": null, "last_edite": " ", "last_edi_1": null, "Type": " ", "Descriptio": " ", "Acres": 0, "Comment": " ", "Access": " ", "Shape_Le_3": 9870.38973178, "Shape_Area": 2141074.65479, "area_name": "*TA 11A", "area_type": " ", "area_syskey": 47}, "geometry": {"type": "Polygon", "coordinates": [[[-122.42161641939957, 47.06784413156428], [-122.42155353732969, 47.06792979346087], [-122.41411548677614, 47.0679542682632], [-122.41107918111538, 47.06552508934019], [-122.41111511372675, 47.063603695615626], [-122.41376514381528, 47.06324878091718], [-122.4154629597025, 47.06316311149805], [-122.44057985504999, 47.06352414597485], [-122.44216987310308, 47.06337116556288], [-122.45259033040033, 47.06180462088034], [-122.4432927672084, 47.06747088883666], [-122.44230462039573, 47.06832750760604], [-122.43501030028766, 47.083505732285126], [-122.43356401268002, 47.08242914458566], [-122.43363587790277, 47.07903408067232], [-122.43236027019915, 47.079021845816555], [-122.43273756261851, 47.06800321783412], [-122.42161641939957, 47.06784413156428]]]}}, {"type": "Feature", "properties": {"FID": 48, "Shape_Leng": 9570.16139559, "coordinate": 537769.751516, "coordina_1": 5213900.35856, "facilityNu": "UTA08A", "featureNam": "TA 8A", "_Area_ID": "*TA 08A", "_label": "TA 08A", "_Parent_ID": "*Training Areas", "_ClosedSta": "_closed", "_OpenSta": "_open", "Status": " ", "featureAre": 524.225553211, "featureA_1": 524.225553211, "featureA_2": 2.1214655468, "featureDes": "Training Area 8A", "featurePer": 6945.14622227, "Shape_Le_1": 9570.16139559, "Shape_Le_2": 9570.16139559, "coordina_2": 0, "coordina_3": 0, "facility_1": " ", "featureA_3": 0, "featureA_4": 0, "featureA_5": " ", "featureA_6": 0, "featureA_7": " ", "featureA_8": " ", "featureD_1": " ", "featureN_1": " ", "featureP_1": 0, "featureP_2": " ", "installati": " ", "mediaId": " ", "metadataId": " ", "militaryGr": " ", "militaryTr": " ", "mimCode": " ", "operationa": " ", "regionalTr": " ", "rfmssFacil": " ", "rpaPredomC": " ", "rpaPredo_1": 0, "rpaPredo_2": " ", "rpaPredo_3": " ", "rpInterest": " ", "rpsuid": 0, "rpuid": " ", "SDSFIE_PRE": " ", "SDSFIE_P_1": 0, "sdsId": "{00000000-0000-0000-0000-000000000000}", "siteType": " ", "trainingSu": " ", "created_us": " ", "created_da": null, "last_edite": " ", "last_edi_1": null, "Type": " ", "Descriptio": " ", "Acres": 0, "Comment": " ", "Access": " ", "Shape_Le_3": 9570.16139559, "Shape_Area": 5487167.91473, "area_name": "*TA 08A", "area_type": " ", "area_syskey": 48}, "geometry": {"type": "Polygon", "coordinates": [[[-122.47876723778323, 47.090539718678734], [-122.47910859759122, 47.089805780894764], [-122.47969250252599, 47.08915746077291], [-122.48016860962663, 47.08746934494038], [-122.48017759277947, 47.08398284942167], [-122.47943199109356, 47.08154828392202], [-122.47737484909264, 47.077308938280005], [-122.47698857352042, 47.07678281991142], [-122.47654839903113, 47.07648305247135], [-122.47651246641976, 47.076226107609095], [-122.47677297785219, 47.07329562499118], [-122.47649450011409, 47.071044121784105], [-122.47662026425387, 47.07035886279778], [-122.4764765338084, 47.07010800685872], [-122.4771323039659, 47.068829235063625], [-122.47729400071707, 47.068131710243904], [-122.47847079373942, 47.06723837565235], [-122.47941402478789, 47.067568788821355], [-122.48054590204602, 47.06762385748372], [-122.48208202118207, 47.06868238849173], [-122.48518120891272, 47.06931872071473], [-122.48821751457348, 47.06926365380338], [-122.4890888803992, 47.06955122482425], [-122.48953803804132, 47.06956346185456], [-122.49048126908976, 47.069367669032594], [-122.49295163612143, 47.06922694249755], [-122.49606879015776, 47.06924529815363], [-122.49881763492755, 47.06901279270958], [-122.50522262290423, 47.069355431957334], [-122.5068485735687, 47.06974701697197], [-122.50781875407569, 47.07010800685872], [-122.51149286358826, 47.07187009188764], [-122.51301101641863, 47.072432967883245], [-122.51162761088088, 47.07441522296838], [-122.5040548130347, 47.09061311190087], [-122.47876723778323, 47.090539718678734]]]}}, {"type": "Feature", "properties": {"FID": 49, "Shape_Leng": 6970.51027624, "coordinate": 536953.355536, "coordina_1": 5216580.15906, "facilityNu": "UTA7S", "featureNam": "TA 7 South A", "_Area_ID": "*TA 07B South", "_label": "TA 07B South", "_Parent_ID": "*Training Areas", "_ClosedSta": "_closed", "_OpenSta": "_open", "Status": " ", "featureAre": 892.096098463, "featureA_1": 892.096098463, "featureA_2": 3.61018482546, "featureDes": "Training Area 7 South- predominantDesignUse was 17502", "featurePer": 9093.19436299, "Shape_Le_1": 6970.51027624, "Shape_Le_2": 6970.51027624, "coordina_2": 0, "coordina_3": 0, "facility_1": " ", "featureA_3": 0, "featureA_4": 0, "featureA_5": " ", "featureA_6": 0, "featureA_7": " ", "featureA_8": " ", "featureD_1": " ", "featureN_1": " ", "featureP_1": 0, "featureP_2": " ", "installati": " ", "mediaId": " ", "metadataId": " ", "militaryGr": " ", "militaryTr": " ", "mimCode": " ", "operationa": " ", "regionalTr": " ", "rfmssFacil": " ", "rpaPredomC": " ", "rpaPredo_1": 0, "rpaPredo_2": " ", "rpaPredo_3": " ", "rpInterest": " ", "rpsuid": 0, "rpuid": " ", "SDSFIE_PRE": " ", "SDSFIE_P_1": 0, "sdsId": "{00000000-0000-0000-0000-000000000000}", "siteType": " ", "trainingSu": " ", "created_us": " ", "created_da": null, "last_edite": " ", "last_edi_1": null, "Type": " ", "Descriptio": " ", "Acres": 0, "Comment": " ", "Access": " ", "Shape_Le_3": 6970.51027624, "Shape_Area": 1622236.25378, "area_name": "*TA 07B South", "area_type": " ", "area_syskey": 49}, "geometry": {"type": "Polygon", "coordinates": [[[-122.50470160003935, 47.0939218179389], [-122.50900453025089, 47.099755892991915], [-122.51045081785854, 47.101223484199856], [-122.51485256275133, 47.104189117955855], [-122.51564308020146, 47.104659935335484], [-122.51743072761711, 47.105112405257046], [-122.51849972280536, 47.10564435821913], [-122.51888599837758, 47.10572384498685], [-122.52044906697216, 47.10526526584791], [-122.52115873604673, 47.105161320693874], [-122.52240739429183, 47.10522857934613], [-122.52278468671119, 47.1054242403968], [-122.5130918647942, 47.109141663717374], [-122.51265169030492, 47.109722487659376], [-122.5126247408464, 47.11005263739051], [-122.51272355552766, 47.11040724037617], [-122.51402611268983, 47.11241253694001], [-122.51399018007844, 47.11301777929039], [-122.5136847528818, 47.11340292992952], [-122.51320864578116, 47.1137208299445], [-122.50141376609903, 47.11672244608041], [-122.50470160003935, 47.0939218179389]]]}}, {"type": "Feature", "properties": {"FID": 50, "Shape_Leng": 16591.7631191, "coordinate": 519912.904199, "coordina_1": 5199344.07209, "facilityNu": "UTA22A", "featureNam": "TA 22B", "_Area_ID": "*TA 22B", "_label": "TA 22B", "_Parent_ID": "*Training Areas", "_ClosedSta": "_closed", "_OpenSta": "_open", "Status": " ", "featureAre": 2014.20461653, "featureA_1": 2014.20461653, "featureA_2": 8.15119688843, "featureDes": "Training Area 22A- predominantDesignUse was 17502", "featurePer": 16755.5292209, "Shape_Le_1": 16591.7631191, "Shape_Le_2": 16591.7631191, "coordina_2": 0, "coordina_3": 0, "facility_1": " ", "featureA_3": 0, "featureA_4": 0, "featureA_5": " ", "featureA_6": 0, "featureA_7": " ", "featureA_8": " ", "featureD_1": " ", "featureN_1": " ", "featureP_1": 0, "featureP_2": " ", "installati": " ", "mediaId": " ", "metadataId": " ", "militaryGr": " ", "militaryTr": " ", "mimCode": " ", "operationa": " ", "regionalTr": " ", "rfmssFacil": " ", "rpaPredomC": " ", "rpaPredo_1": 0, "rpaPredo_2": " ", "rpaPredo_3": " ", "rpInterest": " ", "rpsuid": 0, "rpuid": " ", "SDSFIE_PRE": " ", "SDSFIE_P_1": 0, "sdsId": "{00000000-0000-0000-0000-000000000000}", "siteType": " ", "trainingSu": " ", "created_us": " ", "created_da": null, "last_edite": " ", "last_edi_1": null, "Type": " ", "Descriptio": " ", "Acres": 0, "Comment": " ", "Access": " ", "Shape_Le_3": 16591.7631191, "Shape_Area": 7705084.77126, "area_name": "*TA 22B", "area_type": " ", "area_syskey": 50}, "geometry": {"type": "Polygon", "coordinates": [[[-122.73350250293646, 46.93074371126723], [-122.73343063771372, 46.93105656640341], [-122.73305334529434, 46.93152277850966], [-122.73311622736422, 46.93220982053226], [-122.7335564018535, 46.93259627779681], [-122.73367318284046, 46.93349800056929], [-122.73398759318994, 46.93384151001278], [-122.73347555347793, 46.934700273981676], [-122.73347555347793, 46.93520939183237], [-122.73316114312843, 46.93576757572058], [-122.73290961484885, 46.93684098992165], [-122.73253232242946, 46.93713540834218], [-122.73271198548632, 46.93833760009194], [-122.73151722615826, 46.93953363142536], [-122.73000805648074, 46.94064376993438], [-122.72944211785168, 46.94081550201259], [-122.72906482543229, 46.94124482979816], [-122.72999907332789, 46.941845882914144], [-122.7298104271182, 46.94279038132036], [-122.72905584227945, 46.94372873011924], [-122.7289210949868, 46.94467319530818], [-122.72804074600825, 46.94518221833731], [-122.72785209979855, 46.945783227248874], [-122.72722327909958, 46.94642715788052], [-122.72654055948357, 46.94654981045594], [-122.72433968703716, 46.94826078457762], [-122.72345933805859, 46.94843249222245], [-122.7233335739188, 46.94919903748978], [-122.72438460280136, 46.95074435937453], [-122.72432172073147, 46.951302381312495], [-122.7255344463652, 46.95243067163155], [-122.72549851375383, 46.95968427445207], [-122.71237412745101, 46.959678143334905], [-122.7122214138527, 46.96518973408249], [-122.71113445235875, 46.964368242661614], [-122.71055953057686, 46.96199565556629], [-122.70869103478562, 46.9591999140308], [-122.70854730434013, 46.958433512001434], [-122.70860120325719, 46.95550882098432], [-122.70885273153677, 46.954208906998296], [-122.7094725690829, 46.95297641221797], [-122.71038885067284, 46.95227124074695], [-122.71023613707452, 46.95121653216227], [-122.70979596258523, 46.95030897558019], [-122.70726271348367, 46.947794718193634], [-122.70657101071481, 46.946568208318034], [-122.70598710578004, 46.946157321225385], [-122.70498099266169, 46.945942677460174], [-122.70441505403261, 46.945525652827314], [-122.70369640180522, 46.94432362247277], [-122.70289690120224, 46.94352634255376], [-122.70286096859087, 46.94242853000388], [-122.70300469903636, 46.94210347504109], [-122.7048372622162, 46.94086456821947], [-122.70615778568406, 46.93892641885639], [-122.7072267808723, 46.93776104211086], [-122.70850238857592, 46.93734395374396], [-122.70968816475111, 46.935718504842825], [-122.71046071589558, 46.93515418651628], [-122.71152072793099, 46.93474321181864], [-122.71215853178279, 46.934277027746624], [-122.71351498786201, 46.93210553793547], [-122.71392821289277, 46.93169453984159], [-122.71458398305026, 46.93134488226374], [-122.71506907330375, 46.930749845699225], [-122.71502415753955, 46.930424719835024], [-122.71441330314626, 46.92973152036484], [-122.71448516836898, 46.92927756186808], [-122.71491635970543, 46.92888494601141], [-122.71479059556565, 46.92793406755825], [-122.71450313467467, 46.92724697068652], [-122.71398211180981, 46.926670293294976], [-122.7135329541677, 46.926498515850604], [-122.7125178578965, 46.926498515850604], [-122.71123326704003, 46.92671937246362], [-122.71011037293471, 46.926725507356544], [-122.7081610287679, 46.92581753556145], [-122.7103349517558, 46.923964734560634], [-122.71221243069985, 46.92259656553928], [-122.7188240311919, 46.919093157332966], [-122.72371984949102, 46.91507407946109], [-122.72679208776314, 46.91338045408399], [-122.72885821291692, 46.91100560661911], [-122.7310590853633, 46.9095573275701], [-122.7313285799486, 46.90933640020717], [-122.73174180497934, 46.90861224302223], [-122.7321999457743, 46.9084035857465], [-122.73305334529434, 46.90917070408739], [-122.73346657032509, 46.910146462752486], [-122.73520930197651, 46.9131165873402], [-122.73710474722627, 46.915110896809615], [-122.73905409139307, 46.9166940188679], [-122.73677237057109, 46.91655902578778], [-122.73552371232601, 46.91749783425818], [-122.73431098669228, 46.91891521980502], [-122.7336821659933, 46.920209855223895], [-122.73302639583581, 46.92074978871402], [-122.73274791809769, 46.9220198380842], [-122.73167892290942, 46.9230137687643], [-122.73060094456834, 46.923700919934866], [-122.73014280377338, 46.924737765285464], [-122.73009788800917, 46.92571937552664], [-122.7296217809085, 46.92679299113225], [-122.72972957874262, 46.927154948114826], [-122.73002602278642, 46.92740034128805], [-122.73011585431486, 46.92780523756614], [-122.72990924179948, 46.928222400227284], [-122.72999907332789, 46.92889108065629], [-122.7304841635814, 46.9293082348607], [-122.73136451255995, 46.92958429100367], [-122.73350250293646, 46.93074371126723]]]}}, {"type": "Feature", "properties": {"FID": 51, "Shape_Leng": 6013.07074481, "coordinate": 529567.619579, "coordina_1": 5217468.67507, "facilityNu": "UTA02", "featureNam": "TA 2A", "_Area_ID": "*TA 02A", "_label": "TA 02A", "_Parent_ID": "*Training Areas", "_ClosedSta": "_closed", "_OpenSta": "_open", "Status": " ", "featureAre": 803.054639064, "featureA_1": 803.054639064, "featureA_2": 3.24984682363, "featureDes": "Training Area 2- predominantDesignUse was 17502", "featurePer": 9908.35611319, "Shape_Le_1": 6013.07074481, "Shape_Le_2": 6013.07074481, "coordina_2": 0, "coordina_3": 0, "facility_1": " ", "featureA_3": 0, "featureA_4": 0, "featureA_5": " ", "featureA_6": 0, "featureA_7": " ", "featureA_8": " ", "featureD_1": " ", "featureN_1": " ", "featureP_1": 0, "featureP_2": " ", "installati": " ", "mediaId": " ", "metadataId": " ", "militaryGr": " ", "militaryTr": " ", "mimCode": " ", "operationa": " ", "regionalTr": " ", "rfmssFacil": " ", "rpaPredomC": " ", "rpaPredo_1": 0, "rpaPredo_2": " ", "rpaPredo_3": " ", "rpInterest": " ", "rpsuid": 0, "rpuid": " ", "SDSFIE_PRE": " ", "SDSFIE_P_1": 0, "sdsId": "{00000000-0000-0000-0000-000000000000}", "siteType": " ", "trainingSu": " ", "created_us": " ", "created_da": null, "last_edite": " ", "last_edi_1": null, "Type": " ", "Descriptio": " ", "Acres": 0, "Comment": " ", "Access": " ", "Shape_Le_3": 6013.07074481, "Shape_Area": 1590943.42193, "area_name": "*TA 02A", "area_type": " ", "area_syskey": 51}, "geometry": {"type": "Polygon", "coordinates": [[[-122.62230903705266, 47.11353131285647], [-122.62165326689515, 47.113152276655704], [-122.61931764715612, 47.11317061717919], [-122.61823068566218, 47.11306057394352], [-122.61432301417572, 47.111324306107335], [-122.61060398889896, 47.10951461455579], [-122.60944516218228, 47.108762596252895], [-122.6075676832382, 47.10783325814344], [-122.60243830296517, 47.10727075614183], [-122.60653462066132, 47.10396287955195], [-122.6072083571245, 47.103773327716596], [-122.60866362788498, 47.10385281727812], [-122.60896007192879, 47.10365715045161], [-122.60991228613008, 47.102666576106316], [-122.61023567963241, 47.10135189650582], [-122.611457388419, 47.100550843251156], [-122.61233773739755, 47.09930337754323], [-122.61310130538914, 47.09904654273986], [-122.61354147987844, 47.099138269597574], [-122.61443081200984, 47.09954186589417], [-122.6150596327088, 47.09946848497689], [-122.61746711767057, 47.098655173038146], [-122.61938951237886, 47.09786019447525], [-122.62161733428378, 47.098257685240355], [-122.62268632947205, 47.09876524605753], [-122.6226773463192, 47.11142212551934], [-122.62288395883458, 47.112290264922386], [-122.62331515017101, 47.113115595589804], [-122.62313548711415, 47.11314004963654], [-122.62441109481779, 47.115236942351906], [-122.62380922357734, 47.115334754572366], [-122.62344091431082, 47.11521860254056], [-122.62326125125396, 47.114949617914576], [-122.62316243657268, 47.11419156301714], [-122.62275819469477, 47.113726943387704], [-122.62230903705266, 47.11353131285647]]]}}, {"type": "Feature", "properties": {"FID": 52, "Shape_Leng": 8146.12908536, "coordinate": 543198.6064, "coordina_1": 5208430.1579, "facilityNu": "UTA15A", "featureNam": "TA 15A", "_Area_ID": "*TA 15A", "_label": "TA 15A", "_Parent_ID": "*Training Areas", "_ClosedSta": "_closed", "_OpenSta": "_open", "Status": " ", "featureAre": 930.876310092, "featureA_1": 930.876310092, "featureA_2": 3.76712277396, "featureDes": "Training Area 15A- predominantDesignUse was 17502", "featurePer": 8141.44266896, "Shape_Le_1": 8146.12908536, "Shape_Le_2": 8146.12908536, "coordina_2": 0, "coordina_3": 0, "facility_1": " ", "featureA_3": 0, "featureA_4": 0, "featureA_5": " ", "featureA_6": 0, "featureA_7": " ", "featureA_8": " ", "featureD_1": " ", "featureN_1": " ", "featureP_1": 0, "featureP_2": " ", "installati": " ", "mediaId": " ", "metadataId": " ", "militaryGr": " ", "militaryTr": " ", "mimCode": " ", "operationa": " ", "regionalTr": " ", "rfmssFacil": " ", "rpaPredomC": " ", "rpaPredo_1": 0, "rpaPredo_2": " ", "rpaPredo_3": " ", "rpInterest": " ", "rpsuid": 0, "rpuid": " ", "SDSFIE_PRE": " ", "SDSFIE_P_1": 0, "sdsId": "{00000000-0000-0000-0000-000000000000}", "siteType": " ", "trainingSu": " ", "created_us": " ", "created_da": null, "last_edite": " ", "last_edi_1": null, "Type": " ", "Descriptio": " ", "Acres": 0, "Comment": " ", "Access": " ", "Shape_Le_3": 8146.12908536, "Shape_Area": 3770178.90034, "area_name": "*TA 15A", "area_type": " ", "area_syskey": 52}, "geometry": {"type": "Polygon", "coordinates": [[[-122.42177811615073, 47.03864376333931], [-122.4216613351638, 47.02069697943261], [-122.42176014984506, 47.02070310355416], [-122.42190388029054, 47.015521845660736], [-122.42763513180401, 47.01530748018943], [-122.42793157584782, 47.014995117533566], [-122.42851548078256, 47.01478687474793], [-122.42971024011062, 47.014737876327395], [-122.43040194287948, 47.01452963253863], [-122.43161466851322, 47.014639879351485], [-122.43310587188506, 47.015111488148335], [-122.43476775516092, 47.016097565810284], [-122.43384249041816, 47.01742659819639], [-122.43409401869773, 47.017916555707664], [-122.43618709331002, 47.01900669504022], [-122.43912458428952, 47.02011518468483], [-122.4396905229186, 47.0206724829395], [-122.43997798380954, 47.02118078286856], [-122.44011273110219, 47.021682953949885], [-122.43978035444701, 47.02205039321204], [-122.44016663001923, 47.02269340583576], [-122.44019357947776, 47.024205985946594], [-122.44084934963526, 47.02569402901218], [-122.44164885023824, 47.02640435593135], [-122.4416398670854, 47.026704404979945], [-122.44192732797634, 47.027004452341984], [-122.44228665409005, 47.02792295419058], [-122.44293344109471, 47.02828422725339], [-122.44325683459704, 47.02876796193221], [-122.44296937370606, 47.03895598763871], [-122.42177811615073, 47.03864376333931]]]}}, {"type": "Feature", "properties": {"FID": 53, "Shape_Leng": 7561.02620123, "coordinate": 522181.176045, "coordina_1": 5195776.88534, "facilityNu": "UTA21", "featureNam": "TA 21 A", "_Area_ID": "*TA 21A", "_label": "TA 21A", "_Parent_ID": "*Training Areas", "_ClosedSta": "_closed", "_OpenSta": "_open", "Status": " ", "featureAre": 1177.97994694, "featureA_1": 1177.97994694, "featureA_2": 4.76711571372, "featureDes": "Training Area 21- predominantDesignUse was 17502", "featurePer": 10570.1709805, "Shape_Le_1": 7561.02620123, "Shape_Le_2": 7561.02620123, "coordina_2": 0, "coordina_3": 0, "facility_1": " ", "featureA_3": 0, "featureA_4": 0, "featureA_5": " ", "featureA_6": 0, "featureA_7": " ", "featureA_8": " ", "featureD_1": " ", "featureN_1": " ", "featureP_1": 0, "featureP_2": " ", "installati": " ", "mediaId": " ", "metadataId": " ", "militaryGr": " ", "militaryTr": " ", "mimCode": " ", "operationa": " ", "regionalTr": " ", "rfmssFacil": " ", "rpaPredomC": " ", "rpaPredo_1": 0, "rpaPredo_2": " ", "rpaPredo_3": " ", "rpInterest": " ", "rpsuid": 0, "rpuid": " ", "SDSFIE_PRE": " ", "SDSFIE_P_1": 0, "sdsId": "{00000000-0000-0000-0000-000000000000}", "siteType": " ", "trainingSu": " ", "created_us": " ", "created_da": null, "last_edite": " ", "last_edi_1": null, "Type": " ", "Descriptio": " ", "Acres": 0, "Comment": " ", "Access": " ", "Shape_Le_3": 7561.02620123, "Shape_Area": 1954882.41649, "area_name": "*TA 21A", "area_type": " ", "area_syskey": 53}, "geometry": {"type": "Polygon", "coordinates": [[[-122.70484624536904, 46.92648624601207], [-122.70493607689748, 46.92524697784331], [-122.70638236450512, 46.92328372206101], [-122.70967019844544, 46.92092772014942], [-122.7102990191444, 46.92065161939327], [-122.71093682299622, 46.919553337854595], [-122.71170039098783, 46.91731375546231], [-122.71235616114534, 46.91321477046642], [-122.71380244875297, 46.910741728182614], [-122.71563501193283, 46.90880248865394], [-122.71858148606515, 46.90879021476258], [-122.71865335128788, 46.90157881771915], [-122.72177050532422, 46.901584955490776], [-122.7239264620064, 46.903303503909235], [-122.72828329113499, 46.9054209253121], [-122.7321999457743, 46.9084035857465], [-122.73174180497934, 46.90861224302223], [-122.7313285799486, 46.90933640020717], [-122.7310590853633, 46.9095573275701], [-122.72885821291692, 46.91100560661911], [-122.72679208776314, 46.91338045408399], [-122.72371984949102, 46.91507407946109], [-122.7188240311919, 46.919093157332966], [-122.71221243069985, 46.92259656553928], [-122.70719983141377, 46.926498515850604], [-122.70635541504659, 46.92670096778064], [-122.70484624536904, 46.92648624601207]]]}}, {"type": "Feature", "properties": {"FID": 54, "Shape_Leng": 3508.84172909, "coordinate": 534234.39465, "coordina_1": 5207230.0208, "facilityNu": "UTA06B", "featureNam": "TA 6NA", "_Area_ID": "*TA 06A", "_label": "TA 06A", "_Parent_ID": "*Training Areas", "_ClosedSta": "_closed", "_OpenSta": "_open", "Status": " ", "featureAre": 988.445185547, "featureA_1": 988.445185547, "featureA_2": 4.00009574732, "featureDes": "Training Area 6B", "featurePer": 9031.63690596, "Shape_Le_1": 3508.84172909, "Shape_Le_2": 3508.84172909, "coordina_2": 0, "coordina_3": 0, "facility_1": " ", "featureA_3": 0, "featureA_4": 0, "featureA_5": " ", "featureA_6": 0, "featureA_7": " ", "featureA_8": " ", "featureD_1": " ", "featureN_1": " ", "featureP_1": 0, "featureP_2": " ", "installati": " ", "mediaId": " ", "metadataId": " ", "militaryGr": " ", "militaryTr": " ", "mimCode": " ", "operationa": " ", "regionalTr": " ", "rfmssFacil": " ", "rpaPredomC": " ", "rpaPredo_1": 0, "rpaPredo_2": " ", "rpaPredo_3": " ", "rpInterest": " ", "rpsuid": 0, "rpuid": " ", "SDSFIE_PRE": " ", "SDSFIE_P_1": 0, "sdsId": "{00000000-0000-0000-0000-000000000000}", "siteType": " ", "trainingSu": " ", "created_us": " ", "created_da": null, "last_edite": " ", "last_edi_1": null, "Type": " ", "Descriptio": " ", "Acres": 0, "Comment": " ", "Access": " ", "Shape_Le_3": 3508.84172909, "Shape_Area": 620001.810879, "area_name": "*TA 06A", "area_type": " ", "area_syskey": 54}, "geometry": {"type": "Polygon", "coordinates": [[[-122.55836695512014, 47.009127259895344], [-122.5541089406728, 47.01059734738669], [-122.5478027673774, 47.010627973779165], [-122.54773988530751, 47.00357731492855], [-122.55324655799993, 47.00354055840409], [-122.55325554115277, 47.00200288780709], [-122.55869933177529, 47.00188036234979], [-122.55771118496264, 47.002437850911114], [-122.55755847136432, 47.00265226803955], [-122.55675897076134, 47.00505368108498], [-122.55836695512014, 47.009127259895344]]]}}, {"type": "Feature", "properties": {"FID": 55, "Shape_Leng": 18332.8451062, "coordinate": 541168.787702, "coordina_1": 5210729.80353, "facilityNu": "UTA11A", "featureNam": "TA 11B", "_Area_ID": "*TA 11C", "_label": "TA 11C", "_Parent_ID": "*Training Areas", "_ClosedSta": "_closed", "_OpenSta": "_open", "Status": " ", "featureAre": 1254.78991666, "featureA_1": 1254.78991666, "featureA_2": 5.07795463299, "featureDes": "Training Area 11A", "featurePer": 10039.6597277, "Shape_Le_1": 18332.8451062, "Shape_Le_2": 10403.1645035, "coordina_2": 0, "coordina_3": 0, "facility_1": " ", "featureA_3": 0, "featureA_4": 0, "featureA_5": " ", "featureA_6": 0, "featureA_7": " ", "featureA_8": " ", "featureD_1": " ", "featureN_1": " ", "featureP_1": 0, "featureP_2": " ", "installati": " ", "mediaId": " ", "metadataId": " ", "militaryGr": " ", "militaryTr": " ", "mimCode": " ", "operationa": " ", "regionalTr": " ", "rfmssFacil": " ", "rpaPredomC": " ", "rpaPredo_1": 0, "rpaPredo_2": " ", "rpaPredo_3": " ", "rpInterest": " ", "rpsuid": 0, "rpuid": " ", "SDSFIE_PRE": " ", "SDSFIE_P_1": 0, "sdsId": "{00000000-0000-0000-0000-000000000000}", "siteType": " ", "trainingSu": " ", "created_us": " ", "created_da": null, "last_edite": " ", "last_edi_1": null, "Type": " ", "Descriptio": " ", "Acres": 0, "Comment": " ", "Access": " ", "Shape_Le_3": 10403.1645035, "Shape_Area": 5104778.06897, "area_name": "*TA 11C", "area_type": " ", "area_syskey": 55}, "geometry": {"type": "Polygon", "coordinates": [[[-122.4217691329979, 47.03864376333931], [-122.42173320038653, 47.06298565297759], [-122.41491498737912, 47.062899983135594], [-122.41103426535118, 47.06333445019866], [-122.41104324850401, 47.06067863845697], [-122.40577013778551, 47.06067863845697], [-122.40567132310424, 47.06058684536327], [-122.40567132310424, 47.055195253765476], [-122.40039821238571, 47.055170773105225], [-122.40036227977434, 47.05333469155577], [-122.398215306245, 47.053322450799996], [-122.38983402464301, 47.04492463026096], [-122.38454294761881, 47.0386560074639], [-122.38984300779585, 47.038704983934174], [-122.38984300779585, 47.03857029853276], [-122.3992932845861, 47.03820297298271], [-122.39989515582654, 47.038258071976415], [-122.40029041455162, 47.03844785696371], [-122.40032634716299, 47.03862539714717], [-122.40093720155627, 47.0386866177631], [-122.4217691329979, 47.03864376333931]]]}}, {"type": "Feature", "properties": {"FID": 56, "Shape_Leng": 0, "coordinate": 0, "coordina_1": 0, "facilityNu": " ", "featureNam": " ", "_Area_ID": "*TA 14A", "_label": "TA 14A", "_Parent_ID": "*Training Areas", "_ClosedSta": "_closed", "_OpenSta": "_open", "Status": " ", "featureAre": 0, "featureA_1": 0, "featureA_2": 0, "featureDes": " ", "featurePer": 0, "Shape_Le_1": 0, "Shape_Le_2": 0, "coordina_2": 541320.89, "coordina_3": 5206878.83, "facility_1": "UTA14", "featureA_3": 1948.27, "featureA_4": 0, "featureA_5": " ", "featureA_6": 0, "featureA_7": " ", "featureA_8": "acre", "featureD_1": "Training Area 14", "featureN_1": "TA 14A", "featureP_1": 12435.61, "featureP_2": "metre", "installati": "53465", "mediaId": "NA", "metadataId": "NA", "militaryGr": "10TET4132106879", "militaryTr": "5026UTA14", "mimCode": "TA 14", "operationa": "inService", "regionalTr": "NA", "rfmssFacil": "TA14", "rpaPredomC": "17720", "rpaPredo_1": 1948.27, "rpaPredo_2": "AC", "rpaPredo_3": "MANEUVER/TRAINING AREA, HEAVY FORCES", "rpInterest": "tbd", "rpsuid": 5026, "rpuid": "1038675", "SDSFIE_PRE": " ", "SDSFIE_P_1": 0, "sdsId": "{A3268F5C-3D10-4B9E-8D4E-2DC5EEE1A062}", "siteType": "maneuverTrainingAreaHeavyForces", "trainingSu": "na", "created_us": " ", "created_da": null, "last_edite": " ", "last_edi_1": null, "Type": " ", "Descriptio": " ", "Acres": 0, "Comment": " ", "Access": " ", "Shape_Le_3": 8336.71338956, "Shape_Area": 4055004.26719, "area_name": "*TA 14A", "area_type": " ", "area_syskey": 56}, "geometry": {"type": "Polygon", "coordinates": [[[-122.44311310415155, 47.007136451920715], [-122.44713755662497, 47.0078409001481], [-122.45040742425962, 47.00913338534385], [-122.45097336288869, 47.00926201959994], [-122.4523927010378, 47.010052194662315], [-122.45388390440964, 47.01011344805488], [-122.45604884424466, 47.01087298428666], [-122.45930074557364, 47.0125329008721], [-122.46027990923348, 47.01277177761025], [-122.46296587193335, 47.01305965328523], [-122.46342401272832, 47.013304652637366], [-122.46408876603867, 47.01405801860321], [-122.46427741224836, 47.015086989092595], [-122.46418758071992, 47.01776344446833], [-122.46522962644966, 47.019190424196715], [-122.46537335689513, 47.01962524734837], [-122.46551708734061, 47.03247848974772], [-122.45320118479363, 47.03250910359071], [-122.44321191883282, 47.03179885791113], [-122.4433107335141, 47.023863056560806], [-122.44311310415155, 47.007136451920715]]]}}, {"type": "Feature", "properties": {"FID": 57, "Shape_Leng": 0, "coordinate": 0, "coordina_1": 0, "facilityNu": " ", "featureNam": " ", "_Area_ID": "*TA 14B", "_label": "TA 14B", "_Parent_ID": "*Training Areas", "_ClosedSta": "_closed", "_OpenSta": "_open", "Status": " ", "featureAre": 0, "featureA_1": 0, "featureA_2": 0, "featureDes": " ", "featurePer": 0, "Shape_Le_1": 0, "Shape_Le_2": 0, "coordina_2": 541320.89, "coordina_3": 5206878.83, "facility_1": "UTA14", "featureA_3": 1948.27, "featureA_4": 0, "featureA_5": " ", "featureA_6": 0, "featureA_7": " ", "featureA_8": "acre", "featureD_1": "Training Area 14", "featureN_1": "TA 14B", "featureP_1": 12435.61, "featureP_2": "metre", "installati": "53465", "mediaId": "NA", "metadataId": "NA", "militaryGr": "10TET4132106879", "militaryTr": "5026UTA14", "mimCode": "TA 14", "operationa": "inService", "regionalTr": "NA", "rfmssFacil": "TA14", "rpaPredomC": "17720", "rpaPredo_1": 1948.27, "rpaPredo_2": "AC", "rpaPredo_3": "MANEUVER/TRAINING AREA, HEAVY FORCES", "rpInterest": "tbd", "rpsuid": 5026, "rpuid": "1038675", "SDSFIE_PRE": " ", "SDSFIE_P_1": 0, "sdsId": "{A3268F5C-3D10-4B9E-8D4E-2DC5EEE1A062}", "siteType": "maneuverTrainingAreaHeavyForces", "trainingSu": "na", "created_us": " ", "created_da": null, "last_edite": " ", "last_edi_1": null, "Type": " ", "Descriptio": " ", "Acres": 0, "Comment": " ", "Access": " ", "Shape_Le_3": 9968.41491817, "Shape_Area": 3829371.48596, "area_name": "*TA 14B", "area_type": " ", "area_syskey": 57}, "geometry": {"type": "Polygon", "coordinates": [[[-122.44311310415155, 47.007136451920715], [-122.44314903676292, 46.99519004585677], [-122.45366830874143, 46.99571084231585], [-122.46436724377678, 46.995943667326365], [-122.46423249648413, 47.00523133235354], [-122.46503199708711, 47.00598481220163], [-122.46662201514023, 47.00696493268507], [-122.46819406688765, 47.00702006392803], [-122.47067341707218, 47.00729571928925], [-122.4720747889156, 47.007552996342966], [-122.47621602237598, 47.010242079950665], [-122.47609924138901, 47.01101999005164], [-122.47572194896962, 47.01165701035758], [-122.47526380817466, 47.0129861532604], [-122.47526380817466, 47.01399064484388], [-122.47564110059405, 47.015099238621865], [-122.47557821852413, 47.015472847914594], [-122.47405108254092, 47.01954563210658], [-122.47279344114298, 47.01973548364104], [-122.47070036653069, 47.01985796814374], [-122.46991883223342, 47.02012130887307], [-122.4669364254897, 47.02175644200464], [-122.4654542052707, 47.023814066468724], [-122.46534640743661, 47.01946601674603], [-122.46418758071992, 47.01776344446833], [-122.46420554702561, 47.01428463880631], [-122.46342401272832, 47.013304652637366], [-122.46279519202936, 47.01301065327992], [-122.46027990923348, 47.01277177761025], [-122.45930074557364, 47.0125329008721], [-122.45604884424466, 47.01087298428666], [-122.45388390440964, 47.01011344805488], [-122.4523927010378, 47.010052194662315], [-122.45097336288869, 47.00926201959994], [-122.45040742425962, 47.00913338534385], [-122.44713755662497, 47.0078409001481], [-122.44311310415155, 47.007136451920715]]]}}, {"type": "Feature", "properties": {"FID": 58, "Shape_Leng": 896.429033956, "coordinate": 0, "coordina_1": 0, "facilityNu": " ", "featureNam": " ", "_Area_ID": "*Solo Point", "_label": "Solo Point", "_Parent_ID": "*Training Areas", "_ClosedSta": "_closed", "_OpenSta": "_open", "Status": " ", "featureAre": 0, "featureA_1": 0, "featureA_2": 0, "featureDes": " ", "featurePer": 0, "Shape_Le_1": 0, "Shape_Le_2": 0, "coordina_2": 0, "coordina_3": 0, "facility_1": " ", "featureA_3": 0, "featureA_4": 0, "featureA_5": " ", "featureA_6": 0, "featureA_7": " ", "featureA_8": " ", "featureD_1": " ", "featureN_1": " ", "featureP_1": 0, "featureP_2": " ", "installati": " ", "mediaId": " ", "metadataId": " ", "militaryGr": " ", "militaryTr": " ", "mimCode": " ", "operationa": " ", "regionalTr": " ", "rfmssFacil": " ", "rpaPredomC": " ", "rpaPredo_1": 0, "rpaPredo_2": " ", "rpaPredo_3": " ", "rpInterest": " ", "rpsuid": 0, "rpuid": " ", "SDSFIE_PRE": " ", "SDSFIE_P_1": 0, "sdsId": "{00000000-0000-0000-0000-000000000000}", "siteType": " ", "trainingSu": " ", "created_us": " ", "created_da": null, "last_edite": " ", "last_edi_1": null, "Type": "TS", "Descriptio": "Solo Point", "Acres": 10.25, "Comment": "Solo Point", "Access": "Yes", "Shape_Le_3": 896.429033956, "Shape_Area": 41486.2278441, "area_name": "*Solo Point", "area_type": "TS", "area_syskey": 58}, "geometry": {"type": "Polygon", "coordinates": [[[-122.63100472900415, 47.1380956582765], [-122.6333672982017, 47.13668408103278], [-122.63423866402742, 47.13708739264047], [-122.63395120313648, 47.137350154617934], [-122.6331517025335, 47.138700608481045], [-122.63281034272548, 47.13890225701974], [-122.63156168448037, 47.13907946267996], [-122.6310586279212, 47.139055020555055], [-122.62987285174599, 47.1387556036129], [-122.63100472900415, 47.1380956582765]]]}}]}